atlas_master_sha256,master_version,binding_rule_version,atlas_row_id,reference,reference_rgb_r,reference_rgb_g,reference_rgb_b,identity_digest_v0_2,identity_digest_v0_3,migration_relation,migration_reason,migration_status
8283ab91b10f89ac758d09ecf5fb4d6343536600a06dd468b1cc1ecf4ec747c4,ACTIVE_MASTER_V2_ILLUMEXT,RGB_BINDING_3.4.0,0,H000_L095_C000,240,240,240,18e7499e680fd7faae9f166b2767902c12cea6e470176d8933d43293ac97e012,ec3a2b22cf88a90f9f4172b474ffc4f8980c801f54c1b27611e7673c928d1a3f,SUPERSEDED_BY,EXPLICIT_ROW_ID_AND_REFERENCE_BINDING,MIGRATED_VERIFIED
8283ab91b10f89ac758d09ecf5fb4d6343536600a06dd468b1cc1ecf4ec747c4,ACTIVE_MASTER_V2_ILLUMEXT,RGB_BINDING_3.4.0,1,H000_L090_C000,226,226,226,5061cf2e64ac089c5a8736af58d44679bcaeb895b3ed4183bb1fd31f9d89f187,422452e7aad77dcfa4187960b898131a775bae98646fa9664c00f509922060ed,SUPERSEDED_BY,EXPLICIT_ROW_ID_AND_REFERENCE_BINDING,MIGRATED_VERIFIED
8283ab91b10f89ac758d09ecf5fb4d6343536600a06dd468b1cc1ecf4ec747c4,ACTIVE_MASTER_V2_ILLUMEXT,RGB_BINDING_3.4.0,2,H000_L085_C000,212,212,212,d7d36e546ede3ca8d029fe1562164aaa9d2037a460ffc0eba83e7383c261222a,a9160bfc30a15d913793f575f32c54ffce6114e06c9883e10a1972f633e7b41c,SUPERSEDED_BY,EXPLICIT_ROW_ID_AND_REFERENCE_BINDING,MIGRATED_VERIFIED
8283ab91b10f89ac758d09ecf5fb4d6343536600a06dd468b1cc1ecf4ec747c4,ACTIVE_MASTER_V2_ILLUMEXT,RGB_BINDING_3.4.0,3,H000_L080_C000,199,199,199,67f1db1c0f5985df862e72abb842bb1108ef387f62e834b3175c5884bdea6ad9,93e2262f210af55ca279dd471e80c556692732d4904449712961b1062e9463de,SUPERSEDED_BY,EXPLICIT_ROW_ID_AND_REFERENCE_BINDING,MIGRATED_VERIFIED
8283ab91b10f89ac758d09ecf5fb4d6343536600a06dd468b1cc1ecf4ec747c4,ACTIVE_MASTER_V2_ILLUMEXT,RGB_BINDING_3.4.0,4,H000_L075_C000,184,184,184,e0de2303feeeecf1ca25d1f0284d2e237b49a2538342669f9b02902fa0af4c20,c0351f89f24cf6c1cf549e2224e0608ad7c4494eed470b67d6e80685667b7637,SUPERSEDED_BY,EXPLICIT_ROW_ID_AND_REFERENCE_BINDING,MIGRATED_VERIFIED
8283ab91b10f89ac758d09ecf5fb4d6343536600a06dd468b1cc1ecf4ec747c4,ACTIVE_MASTER_V2_ILLUMEXT,RGB_BINDING_3.4.0,5,H000_L070_C000,172,172,172,cb94bdbf75eee6d0a4898413a291ca66d4f9da2ebf4e0056574d3aa34124c90d,73be68c75925ea5320f35cdf757d7edb0301e6830479f6a00d3e9cd8f6cf7a72,SUPERSEDED_BY,EXPLICIT_ROW_ID_AND_REFERENCE_BINDING,MIGRATED_VERIFIED
8283ab91b10f89ac758d09ecf5fb4d6343536600a06dd468b1cc1ecf4ec747c4,ACTIVE_MASTER_V2_ILLUMEXT,RGB_BINDING_3.4.0,6,H000_L065_C000,158,158,158,c9324e2d6551d991deb602014a121a4fa36f5b33ac8053bfd2d13c9dba0bd52a,8d6f466d05f29ef8a3b2ffb8d1992360b90f121ebc1b2378822c9d1a2265615d,SUPERSEDED_BY,EXPLICIT_ROW_ID_AND_REFERENCE_BINDING,MIGRATED_VERIFIED
8283ab91b10f89ac758d09ecf5fb4d6343536600a06dd468b1cc1ecf4ec747c4,ACTIVE_MASTER_V2_ILLUMEXT,RGB_BINDING_3.4.0,7,H000_L060_C000,145,145,145,d932a7c3de8b6e22acb1b8337845d47f61a5b31ba2f1ce1441cb8dcf9285de70,7f3c9f3b6b94178b60be5044a011a54fb84ae9929b5f44129d8139af8a530a50,SUPERSEDED_BY,EXPLICIT_ROW_ID_AND_REFERENCE_BINDING,MIGRATED_VERIFIED
8283ab91b10f89ac758d09ecf5fb4d6343536600a06dd468b1cc1ecf4ec747c4,ACTIVE_MASTER_V2_ILLUMEXT,RGB_BINDING_3.4.0,8,H000_L055_C000,132,132,132,4fe512824ce5d5cf49662090f21885106dde0cacf4641369d4c5dc7f3610b8b2,2ea94ed311efb69d7d304144462b10c892dcf053bb5ada6f8f5cb2a3a422aeed,SUPERSEDED_BY,EXPLICIT_ROW_ID_AND_REFERENCE_BINDING,MIGRATED_VERIFIED
8283ab91b10f89ac758d09ecf5fb4d6343536600a06dd468b1cc1ecf4ec747c4,ACTIVE_MASTER_V2_ILLUMEXT,RGB_BINDING_3.4.0,9,H000_L050_C000,119,119,119,b272175b350fee5a468f1dcbe46c03e0ff0167bd49875168dcb97f6f188e979c,d35a5280415828a13d4327f72ec5a0a649fe508204526565834b37f5b79b1422,SUPERSEDED_BY,EXPLICIT_ROW_ID_AND_REFERENCE_BINDING,MIGRATED_VERIFIED
8283ab91b10f89ac758d09ecf5fb4d6343536600a06dd468b1cc1ecf4ec747c4,ACTIVE_MASTER_V2_ILLUMEXT,RGB_BINDING_3.4.0,10,H000_L045_C000,107,107,107,f34e78f3408afe64f9f5e31ca32d4a33f0f7ab377a3c0e0f7f6a106a42b8db88,50745620ecd6691574bb1864e109c1cd4428a6334c2d86422e4d0994f022af18,SUPERSEDED_BY,EXPLICIT_ROW_ID_AND_REFERENCE_BINDING,MIGRATED_VERIFIED
8283ab91b10f89ac758d09ecf5fb4d6343536600a06dd468b1cc1ecf4ec747c4,ACTIVE_MASTER_V2_ILLUMEXT,RGB_BINDING_3.4.0,11,H000_L040_C000,94,94,94,6b3a37f64a49b45d04dca62de971b772b67797e909019eb9c06dd5412aef75d8,46f6b8d13404f5b6d716f38613de945dc827d8820ba7c24407dedd8e1f04aab2,SUPERSEDED_BY,EXPLICIT_ROW_ID_AND_REFERENCE_BINDING,MIGRATED_VERIFIED
8283ab91b10f89ac758d09ecf5fb4d6343536600a06dd468b1cc1ecf4ec747c4,ACTIVE_MASTER_V2_ILLUMEXT,RGB_BINDING_3.4.0,12,H000_L035_C000,82,82,82,29f45681da8c75944749a82b20c5067032b164b14fba54065c3f8b11beec69e1,b6238a089d2d22ac0b7055538a08eac02d78dd5cf325ae9c0b3d17d150abd4b2,SUPERSEDED_BY,EXPLICIT_ROW_ID_AND_REFERENCE_BINDING,MIGRATED_VERIFIED
8283ab91b10f89ac758d09ecf5fb4d6343536600a06dd468b1cc1ecf4ec747c4,ACTIVE_MASTER_V2_ILLUMEXT,RGB_BINDING_3.4.0,13,H000_L030_C000,71,71,71,a7971a2986f6fedaa699cecdcc7ef82719e07f287e2e513dae064fdd29deeffd,418aa0132b758d808e5643f7583722a8c7acb6aa82f93cc4c6f69fcc9582e372,SUPERSEDED_BY,EXPLICIT_ROW_ID_AND_REFERENCE_BINDING,MIGRATED_VERIFIED
8283ab91b10f89ac758d09ecf5fb4d6343536600a06dd468b1cc1ecf4ec747c4,ACTIVE_MASTER_V2_ILLUMEXT,RGB_BINDING_3.4.0,14,H000_L025_C000,59,59,59,22d789abe72d56b1280e716289572434feb4cd8e6fdf7789ebf338f60a696a42,2734464df42b3db6c97f22ecaecb451015b0a1c87099319115e568544e0be5a4,SUPERSEDED_BY,EXPLICIT_ROW_ID_AND_REFERENCE_BINDING,MIGRATED_VERIFIED
8283ab91b10f89ac758d09ecf5fb4d6343536600a06dd468b1cc1ecf4ec747c4,ACTIVE_MASTER_V2_ILLUMEXT,RGB_BINDING_3.4.0,15,H000_L020_C000,48,48,48,b437ec0991f356d526dfeb147af4fc279daad3f1a09b3b1bb7bdd5fc2b22244a,dbb3413e70054fa2592b3c9316d83a0f2d71596e9d8ff898ada385dc7ba36473,SUPERSEDED_BY,EXPLICIT_ROW_ID_AND_REFERENCE_BINDING,MIGRATED_VERIFIED
8283ab91b10f89ac758d09ecf5fb4d6343536600a06dd468b1cc1ecf4ec747c4,ACTIVE_MASTER_V2_ILLUMEXT,RGB_BINDING_3.4.0,16,H000_L015_C000,37,37,37,fe5293f208fdf35f694b917d84e39d8706bff62611634bc1ffe90f9029ed0899,c8b56827418f374022e1a94af708d70fa3aef0f0561edf68ff66223bafd24bad,SUPERSEDED_BY,EXPLICIT_ROW_ID_AND_REFERENCE_BINDING,MIGRATED_VERIFIED
8283ab91b10f89ac758d09ecf5fb4d6343536600a06dd468b1cc1ecf4ec747c4,ACTIVE_MASTER_V2_ILLUMEXT,RGB_BINDING_3.4.0,17,H000_L010_C000,28,28,28,83b19fdee56f6447ff66335acbf643cbb6c7fb8474b924f29546cc6edf684625,847d9f97edf0d5096ba54def774dfb8469e672a6ba0e6e9580f9594544278e1e,SUPERSEDED_BY,EXPLICIT_ROW_ID_AND_REFERENCE_BINDING,MIGRATED_VERIFIED
8283ab91b10f89ac758d09ecf5fb4d6343536600a06dd468b1cc1ecf4ec747c4,ACTIVE_MASTER_V2_ILLUMEXT,RGB_BINDING_3.4.0,18,H000_L005_C000,17,17,17,568fe51fa82f7512f605144bc0c2896f77e110ff6a1f88a4c1ff70d4fcf0c493,cfae4bf653f3f4a0abd3ed5776edbb44545e2f7c0550c8c890fb673c57fa7ce4,SUPERSEDED_BY,EXPLICIT_ROW_ID_AND_REFERENCE_BINDING,MIGRATED_VERIFIED
8283ab91b10f89ac758d09ecf5fb4d6343536600a06dd468b1cc1ecf4ec747c4,ACTIVE_MASTER_V2_ILLUMEXT,RGB_BINDING_3.4.0,19,H005_L090_C005,237,224,227,0d6c8fdab88597c8ffc92a5fe33acd97723cd973656f190610a3c9ef56c0b7cd,a03074b1e9f3beb933b8be03b44b40c1d086e0838198afe1c8b5e248d397dbff,SUPERSEDED_BY,EXPLICIT_ROW_ID_AND_REFERENCE_BINDING,MIGRATED_VERIFIED
8283ab91b10f89ac758d09ecf5fb4d6343536600a06dd468b1cc1ecf4ec747c4,ACTIVE_MASTER_V2_ILLUMEXT,RGB_BINDING_3.4.0,20,H005_L090_C010,247,221,226,51a13fafb079bba0aaa32eab1d26b9f822193772f59620b27c3ba7f516c4d942,dd1495593c2471734e2bc8705f5006900932ca0e160ae8f9128c1693b95347fa,SUPERSEDED_BY,EXPLICIT_ROW_ID_AND_REFERENCE_BINDING,MIGRATED_VERIFIED
8283ab91b10f89ac758d09ecf5fb4d6343536600a06dd468b1cc1ecf4ec747c4,ACTIVE_MASTER_V2_ILLUMEXT,RGB_BINDING_3.4.0,21,H005_L085_C005,222,209,213,767634afe307ee557f0ab0e3806df44784247d0a930bc06fc2ee7ec45a9dc0e8,6cb473238a4975b4058bcd63ed57b2fb7243ebd792a8ecb83b4152f9ed058e69,SUPERSEDED_BY,EXPLICIT_ROW_ID_AND_REFERENCE_BINDING,MIGRATED_VERIFIED
8283ab91b10f89ac758d09ecf5fb4d6343536600a06dd468b1cc1ecf4ec747c4,ACTIVE_MASTER_V2_ILLUMEXT,RGB_BINDING_3.4.0,22,H005_L085_C010,232,206,211,ef340b5084fae290d599b8e1f37e38617cb58766174783618d28b224a8934cd9,9fbca0bd98cef4bac31f49f2ea22a6936e07e8304daa20571a7d89e751e9c54d,SUPERSEDED_BY,EXPLICIT_ROW_ID_AND_REFERENCE_BINDING,MIGRATED_VERIFIED
8283ab91b10f89ac758d09ecf5fb4d6343536600a06dd468b1cc1ecf4ec747c4,ACTIVE_MASTER_V2_ILLUMEXT,RGB_BINDING_3.4.0,23,H005_L085_C015,241,203,212,a3fce9500d101248f72c6267d76227b1cb826effa795cf1a3fed67f29646912b,355998dbf452ede1d56a07d4c16d17026af856e65bf77240a11b5fa8af97e579,SUPERSEDED_BY,EXPLICIT_ROW_ID_AND_REFERENCE_BINDING,MIGRATED_VERIFIED
8283ab91b10f89ac758d09ecf5fb4d6343536600a06dd468b1cc1ecf4ec747c4,ACTIVE_MASTER_V2_ILLUMEXT,RGB_BINDING_3.4.0,24,H005_L085_C020,250,199,209,620873f119b39cb0efa3b4ca1c4110fa240bda70feeeca85caba0cf8dac21c11,4a73da86face12db007d400492d3518c18dd5379fc51ef326a86dc83cdcfe112,SUPERSEDED_BY,EXPLICIT_ROW_ID_AND_REFERENCE_BINDING,MIGRATED_VERIFIED
8283ab91b10f89ac758d09ecf5fb4d6343536600a06dd468b1cc1ecf4ec747c4,ACTIVE_MASTER_V2_ILLUMEXT,RGB_BINDING_3.4.0,25,H005_L080_C005,208,195,198,16e03136c735a70a7233e6772a85ef7ae75d385681c4368dc4cbe333f0ba2c90,ba9724d466b547c13979a8b3bd78e283b8f0aa723fda9081eb5488040bc16980,SUPERSEDED_BY,EXPLICIT_ROW_ID_AND_REFERENCE_BINDING,MIGRATED_VERIFIED
8283ab91b10f89ac758d09ecf5fb4d6343536600a06dd468b1cc1ecf4ec747c4,ACTIVE_MASTER_V2_ILLUMEXT,RGB_BINDING_3.4.0,26,H005_L080_C010,218,192,197,f4dcabde521ecfeb50537450c3097e8ad8a971655e1d92af415570d831176b11,6f7d2122b6e60e854018ea873697db5e4648e6c8fd31a9420d2da288c9bcbccc,SUPERSEDED_BY,EXPLICIT_ROW_ID_AND_REFERENCE_BINDING,MIGRATED_VERIFIED
8283ab91b10f89ac758d09ecf5fb4d6343536600a06dd468b1cc1ecf4ec747c4,ACTIVE_MASTER_V2_ILLUMEXT,RGB_BINDING_3.4.0,27,H005_L080_C015,227,189,197,877157763141d3f93ee45a1caeee0dc7f09a9f7b2e1c37319e36b5349afc26ab,c00fea11d4e31a336b117d001e9c1f908bf44edacfbc0569a96a609d451332f5,SUPERSEDED_BY,EXPLICIT_ROW_ID_AND_REFERENCE_BINDING,MIGRATED_VERIFIED
8283ab91b10f89ac758d09ecf5fb4d6343536600a06dd468b1cc1ecf4ec747c4,ACTIVE_MASTER_V2_ILLUMEXT,RGB_BINDING_3.4.0,28,H005_L080_C020,236,185,196,a12758479e6dc75946340d450ad08bc4553b24c996937d4afe4fa6572e9a03c2,c9dcbb6d267d3b73c1adfa572c1ab81e7c82650b553818d392abf18eb7689557,SUPERSEDED_BY,EXPLICIT_ROW_ID_AND_REFERENCE_BINDING,MIGRATED_VERIFIED
8283ab91b10f89ac758d09ecf5fb4d6343536600a06dd468b1cc1ecf4ec747c4,ACTIVE_MASTER_V2_ILLUMEXT,RGB_BINDING_3.4.0,29,H005_L080_C025,244,181,196,5abbd7419569beb4105b56fd41311449e52978774d9601435df632e840653d53,aaca4b9b2be6fec862a81be02d5aa6707e93fe99121eb38c8c48e15a262799c0,SUPERSEDED_BY,EXPLICIT_ROW_ID_AND_REFERENCE_BINDING,MIGRATED_VERIFIED
8283ab91b10f89ac758d09ecf5fb4d6343536600a06dd468b1cc1ecf4ec747c4,ACTIVE_MASTER_V2_ILLUMEXT,RGB_BINDING_3.4.0,30,H005_L080_C030,253,177,194,9acdebea7fb262f81a904451952a05c492da8b922fd11408713b0fcfba561623,f20925b62ddeeab799778b8561503cbc4dccfbc263d84b2ade8f15d4230b793d,SUPERSEDED_BY,EXPLICIT_ROW_ID_AND_REFERENCE_BINDING,MIGRATED_VERIFIED
8283ab91b10f89ac758d09ecf5fb4d6343536600a06dd468b1cc1ecf4ec747c4,ACTIVE_MASTER_V2_ILLUMEXT,RGB_BINDING_3.4.0,31,H005_L075_C005,194,182,185,e67c173dd5f9918e1ea1bce14e84a1076684b71fa28e4e01ed1dcdfc0fe3f861,3e4328f984b5a0b18417f99f8e0cde0032478c447b47d6121a7713d31995a05c,SUPERSEDED_BY,EXPLICIT_ROW_ID_AND_REFERENCE_BINDING,MIGRATED_VERIFIED
8283ab91b10f89ac758d09ecf5fb4d6343536600a06dd468b1cc1ecf4ec747c4,ACTIVE_MASTER_V2_ILLUMEXT,RGB_BINDING_3.4.0,32,H005_L075_C010,203,178,183,27bb7f9954c9ac3a0746a1590020244bdd5110b83e942c0fc47c1b7cb3fac967,95e7f3d3cea286a77dbb8974b7060c449e139c3e2720d7ae18cd94a78bf8e0da,SUPERSEDED_BY,EXPLICIT_ROW_ID_AND_REFERENCE_BINDING,MIGRATED_VERIFIED
8283ab91b10f89ac758d09ecf5fb4d6343536600a06dd468b1cc1ecf4ec747c4,ACTIVE_MASTER_V2_ILLUMEXT,RGB_BINDING_3.4.0,33,H005_L075_C015,212,174,183,19f589ed61c820be5bd88b5df2ae77456b5f5c665cebedbca44c0ca070d401d8,a23607d747cee417ec621c1f8be53e8364641329276120551900975692508915,SUPERSEDED_BY,EXPLICIT_ROW_ID_AND_REFERENCE_BINDING,MIGRATED_VERIFIED
8283ab91b10f89ac758d09ecf5fb4d6343536600a06dd468b1cc1ecf4ec747c4,ACTIVE_MASTER_V2_ILLUMEXT,RGB_BINDING_3.4.0,34,H005_L075_C020,221,171,182,c1242d8e100ca47a1a8a17f71f45bf51268315aa3ab0b2e8f768ea09651b59c0,d46ee34c28378fbd525b53f0873643494351505a584716c7ee355e2bd47eb5e1,SUPERSEDED_BY,EXPLICIT_ROW_ID_AND_REFERENCE_BINDING,MIGRATED_VERIFIED
8283ab91b10f89ac758d09ecf5fb4d6343536600a06dd468b1cc1ecf4ec747c4,ACTIVE_MASTER_V2_ILLUMEXT,RGB_BINDING_3.4.0,35,H005_L075_C025,229,167,182,b687915c2b2dff0908a4c29310afce441b795cdf9699dcbbf032400106b6a0ba,9a92af9f46117554986c3a7047ac6f977e3cd48af78ec409cbe4181eb3ba783b,SUPERSEDED_BY,EXPLICIT_ROW_ID_AND_REFERENCE_BINDING,MIGRATED_VERIFIED
8283ab91b10f89ac758d09ecf5fb4d6343536600a06dd468b1cc1ecf4ec747c4,ACTIVE_MASTER_V2_ILLUMEXT,RGB_BINDING_3.4.0,36,H005_L075_C030,238,163,180,586b41e001e2c8f2f73d94177a26403f6d221bff3658e41a97445360d1585202,a0fafa41f13e00e1a07a0243df6a722ffcc92ccde3f17f1713613e21d9052992,SUPERSEDED_BY,EXPLICIT_ROW_ID_AND_REFERENCE_BINDING,MIGRATED_VERIFIED
8283ab91b10f89ac758d09ecf5fb4d6343536600a06dd468b1cc1ecf4ec747c4,ACTIVE_MASTER_V2_ILLUMEXT,RGB_BINDING_3.4.0,37,H005_L075_C035,246,159,181,0f37ab46e1964dfce793de78786ab9896ec591711aa7e5bb298d0d2d3d7a80e9,4bd7cedfed40823f4b79f191ce6c0f989e3ea50cd099a355685deaa0e5e9f108,SUPERSEDED_BY,EXPLICIT_ROW_ID_AND_REFERENCE_BINDING,MIGRATED_VERIFIED
8283ab91b10f89ac758d09ecf5fb4d6343536600a06dd468b1cc1ecf4ec747c4,ACTIVE_MASTER_V2_ILLUMEXT,RGB_BINDING_3.4.0,38,H005_L075_C040,253,154,180,2f2b1e8259ca9e86e9c7c69b197c4134c982b515f2f1069c00dc8f58c5ab7873,0cf6b182c7863f4bac10a678fe87991cc254415fbc7eb2bd7763360d965859ca,SUPERSEDED_BY,EXPLICIT_ROW_ID_AND_REFERENCE_BINDING,MIGRATED_VERIFIED
8283ab91b10f89ac758d09ecf5fb4d6343536600a06dd468b1cc1ecf4ec747c4,ACTIVE_MASTER_V2_ILLUMEXT,RGB_BINDING_3.4.0,39,H005_L070_C005,181,168,171,9e48e2460243f550e063207f076d67d35d4514ccecda16b9c4670fc930ee96f8,958ed815c3613fb398451d7dea95552efb0b0f29e77d0a13d38fe62ad8910d91,SUPERSEDED_BY,EXPLICIT_ROW_ID_AND_REFERENCE_BINDING,MIGRATED_VERIFIED
8283ab91b10f89ac758d09ecf5fb4d6343536600a06dd468b1cc1ecf4ec747c4,ACTIVE_MASTER_V2_ILLUMEXT,RGB_BINDING_3.4.0,40,H005_L070_C010,190,165,170,afd7f8cf68b1aa6f17b3c608e743f3ca19d8f1fb006bfc439b96f569acb96d5c,4538319db8cc2ee0f214f72b7426d7da17a509758d1d7ca3caaf0f67a4a8551d,SUPERSEDED_BY,EXPLICIT_ROW_ID_AND_REFERENCE_BINDING,MIGRATED_VERIFIED
8283ab91b10f89ac758d09ecf5fb4d6343536600a06dd468b1cc1ecf4ec747c4,ACTIVE_MASTER_V2_ILLUMEXT,RGB_BINDING_3.4.0,41,H005_L070_C015,198,161,170,4323c56d6d7738479e733995e733a46c91ecb90586fc24efddd86049f50809f8,cb381dce71e06e00b2dc7fda528ddee36dfd136aa1e27a3c80aa15877f4ae30b,SUPERSEDED_BY,EXPLICIT_ROW_ID_AND_REFERENCE_BINDING,MIGRATED_VERIFIED
8283ab91b10f89ac758d09ecf5fb4d6343536600a06dd468b1cc1ecf4ec747c4,ACTIVE_MASTER_V2_ILLUMEXT,RGB_BINDING_3.4.0,42,H005_L070_C020,208,158,169,39169d4aeb55f66ba91ea406132bf99ca79466a11b1ab0344ad23add54a547a6,ff692a82437feabefdd35fa48e69d10f320e0202aeb1a6678da575297fc04b80,SUPERSEDED_BY,EXPLICIT_ROW_ID_AND_REFERENCE_BINDING,MIGRATED_VERIFIED
8283ab91b10f89ac758d09ecf5fb4d6343536600a06dd468b1cc1ecf4ec747c4,ACTIVE_MASTER_V2_ILLUMEXT,RGB_BINDING_3.4.0,43,H005_L070_C025,216,155,169,277fd30ac131fa40fe15155443eff3fd5cd8c8dd94a36f76bd57dee4e7bba4ef,0a39177d402ff9593dfb49b56648c1ff73e717968b06b73bf749563234288b6e,SUPERSEDED_BY,EXPLICIT_ROW_ID_AND_REFERENCE_BINDING,MIGRATED_VERIFIED
8283ab91b10f89ac758d09ecf5fb4d6343536600a06dd468b1cc1ecf4ec747c4,ACTIVE_MASTER_V2_ILLUMEXT,RGB_BINDING_3.4.0,44,H005_L070_C030,224,151,168,21a76e11c8ac81b22ed696ca742041253eddc483542f87c8b939e9d61cf8b5a2,f96a5b8aecb9c56487ab32455174274e0467fb9a71f7a82d76ec71a8d0a30b3b,SUPERSEDED_BY,EXPLICIT_ROW_ID_AND_REFERENCE_BINDING,MIGRATED_VERIFIED
8283ab91b10f89ac758d09ecf5fb4d6343536600a06dd468b1cc1ecf4ec747c4,ACTIVE_MASTER_V2_ILLUMEXT,RGB_BINDING_3.4.0,45,H005_L070_C035,232,146,168,e4380e8698cffbcb7dcabe34d882171247fceb63b9c9cbb3df7aab42be3fb90d,7a7db74a7fee96dfd640bdbf3d6884a32c847b422e8e863b2b5407a5929f1d7e,SUPERSEDED_BY,EXPLICIT_ROW_ID_AND_REFERENCE_BINDING,MIGRATED_VERIFIED
8283ab91b10f89ac758d09ecf5fb4d6343536600a06dd468b1cc1ecf4ec747c4,ACTIVE_MASTER_V2_ILLUMEXT,RGB_BINDING_3.4.0,46,H005_L070_C040,239,142,168,4ab257fe005464bf5c26b94f90889bee7e0a400d3b1382459e55e38ee5f0f007,98d1316e6d35560884ddde30fa3fb7282f525f0e4dce4b8c46b6b4eeaa339812,SUPERSEDED_BY,EXPLICIT_ROW_ID_AND_REFERENCE_BINDING,MIGRATED_VERIFIED
8283ab91b10f89ac758d09ecf5fb4d6343536600a06dd468b1cc1ecf4ec747c4,ACTIVE_MASTER_V2_ILLUMEXT,RGB_BINDING_3.4.0,47,H005_L070_C045,247,137,166,cfe4d08c06dd46a66697ec0a922a5a2e7e52d792c19b83e904887f6a86c75aa4,222743899362e0c4f7c581e7e201040955f76068d1ca44a9fa7df624a3253240,SUPERSEDED_BY,EXPLICIT_ROW_ID_AND_REFERENCE_BINDING,MIGRATED_VERIFIED
8283ab91b10f89ac758d09ecf5fb4d6343536600a06dd468b1cc1ecf4ec747c4,ACTIVE_MASTER_V2_ILLUMEXT,RGB_BINDING_3.4.0,48,H005_L070_C050,254,132,167,b447cc7f5d382c2a693a283e8b0e0d4d5e4678ce5ca55abc94ffb1be7561eb37,19e036cd4bb6411d63f642a37f987d5537f11d8eb89b2f4b101d0e9fc5b4a643,SUPERSEDED_BY,EXPLICIT_ROW_ID_AND_REFERENCE_BINDING,MIGRATED_VERIFIED
8283ab91b10f89ac758d09ecf5fb4d6343536600a06dd468b1cc1ecf4ec747c4,ACTIVE_MASTER_V2_ILLUMEXT,RGB_BINDING_3.4.0,49,H005_L065_C005,167,155,158,93ac01c07243b73b4b1d52ae6ce206236c446c1bf321ed243ab44dab289f44b1,9954a8f459385e62ecf63fb31b023f03da556c9988679206ad7996869bffbe35,SUPERSEDED_BY,EXPLICIT_ROW_ID_AND_REFERENCE_BINDING,MIGRATED_VERIFIED
8283ab91b10f89ac758d09ecf5fb4d6343536600a06dd468b1cc1ecf4ec747c4,ACTIVE_MASTER_V2_ILLUMEXT,RGB_BINDING_3.4.0,50,H005_L065_C010,176,152,156,1512d853d1680e8e2b625ab79bbd115c7287d65dac3899f01b87fb580f47f8aa,554c4ed0b50fb9cade8fc7da6d763292bed4808ef35eb05729cd272e0a2b7d04,SUPERSEDED_BY,EXPLICIT_ROW_ID_AND_REFERENCE_BINDING,MIGRATED_VERIFIED
8283ab91b10f89ac758d09ecf5fb4d6343536600a06dd468b1cc1ecf4ec747c4,ACTIVE_MASTER_V2_ILLUMEXT,RGB_BINDING_3.4.0,51,H005_L065_C015,184,148,157,0340f2b0514b1142b2b72825308164294da5873e3b28110bd022214dd981cf78,3bd6d9ec4c3bb10b37fdef60ecbc8e04e521d4e7bb304b1bbebe79886023f458,SUPERSEDED_BY,EXPLICIT_ROW_ID_AND_REFERENCE_BINDING,MIGRATED_VERIFIED
8283ab91b10f89ac758d09ecf5fb4d6343536600a06dd468b1cc1ecf4ec747c4,ACTIVE_MASTER_V2_ILLUMEXT,RGB_BINDING_3.4.0,52,H005_L065_C020,193,145,155,fc2c43638c1a4847a1821f73713692783ceb3daf97a3b7e9a0eeb1d1ce53b581,a1db6dc81700e9005a000874454d2c930fffa16f5f806b164ebf4b25c254bf27,SUPERSEDED_BY,EXPLICIT_ROW_ID_AND_REFERENCE_BINDING,MIGRATED_VERIFIED
8283ab91b10f89ac758d09ecf5fb4d6343536600a06dd468b1cc1ecf4ec747c4,ACTIVE_MASTER_V2_ILLUMEXT,RGB_BINDING_3.4.0,53,H005_L065_C025,201,141,156,f94cb891535fef176cc1bdb4943b420a0e6a546b643ecd9714b65071a744b6ae,bfd017a5b0a2a317a3622990048641b79bdfa25d4524341470c5a751797590a9,SUPERSEDED_BY,EXPLICIT_ROW_ID_AND_REFERENCE_BINDING,MIGRATED_VERIFIED
8283ab91b10f89ac758d09ecf5fb4d6343536600a06dd468b1cc1ecf4ec747c4,ACTIVE_MASTER_V2_ILLUMEXT,RGB_BINDING_3.4.0,54,H005_L065_C030,209,136,154,8b779394d74ad2e4f78c4f74db60ba11c68e508f7abd9bb1f3cd56f4c18e25e0,17a3795adfd5af6a182db0649c3de83f4ed6ff17c5066878d977305ce8e70150,SUPERSEDED_BY,EXPLICIT_ROW_ID_AND_REFERENCE_BINDING,MIGRATED_VERIFIED
8283ab91b10f89ac758d09ecf5fb4d6343536600a06dd468b1cc1ecf4ec747c4,ACTIVE_MASTER_V2_ILLUMEXT,RGB_BINDING_3.4.0,55,H005_L065_C035,216,132,154,839f0c3bbae6fd5f61d4ee3b04f4a4fa1fca76348e598e4821b3e1aa9942a413,7baffcb47d4709f61d6a450cd5915ad0e49807a9f106fb7e09970706869ad9b6,SUPERSEDED_BY,EXPLICIT_ROW_ID_AND_REFERENCE_BINDING,MIGRATED_VERIFIED
8283ab91b10f89ac758d09ecf5fb4d6343536600a06dd468b1cc1ecf4ec747c4,ACTIVE_MASTER_V2_ILLUMEXT,RGB_BINDING_3.4.0,56,H005_L065_C040,224,128,154,ab24243b9086c8a52569cac78596f4e6634567ee9d6085f958dda24107b51362,3597d71012f3ecf9bfa30a8497ecd54ca828f42b0850752c5b715cccb2967c5c,SUPERSEDED_BY,EXPLICIT_ROW_ID_AND_REFERENCE_BINDING,MIGRATED_VERIFIED
8283ab91b10f89ac758d09ecf5fb4d6343536600a06dd468b1cc1ecf4ec747c4,ACTIVE_MASTER_V2_ILLUMEXT,RGB_BINDING_3.4.0,57,H005_L065_C045,232,124,154,c8d939c92bb0cf9c928e1721f5fb55dfd0e4e826d531ed8b0ff0048017b0cc22,b956faf8810c841613371ed61df2bba16daf2e1fe14f61a359492e6bfe82917a,SUPERSEDED_BY,EXPLICIT_ROW_ID_AND_REFERENCE_BINDING,MIGRATED_VERIFIED
8283ab91b10f89ac758d09ecf5fb4d6343536600a06dd468b1cc1ecf4ec747c4,ACTIVE_MASTER_V2_ILLUMEXT,RGB_BINDING_3.4.0,58,H005_L065_C050,239,118,153,7108a6d8455b89f23dcbd6e010d7298de35d6674060e59dbbb62bbd71cf38112,5e6806d0b4aaea0225839091c251d7a20fd8f78a4b1767624a4233d991f5ecd9,SUPERSEDED_BY,EXPLICIT_ROW_ID_AND_REFERENCE_BINDING,MIGRATED_VERIFIED
8283ab91b10f89ac758d09ecf5fb4d6343536600a06dd468b1cc1ecf4ec747c4,ACTIVE_MASTER_V2_ILLUMEXT,RGB_BINDING_3.4.0,59,H005_L065_C055,246,112,152,91e984ad0e74d7736c9fd6e81c7983a014715e4887cc8390464e4907eb01cfae,4ea1f03fae2ebb560c00cabeb8a6c1e88c12a355eb1830b95770b7f7fac55ee7,SUPERSEDED_BY,EXPLICIT_ROW_ID_AND_REFERENCE_BINDING,MIGRATED_VERIFIED
8283ab91b10f89ac758d09ecf5fb4d6343536600a06dd468b1cc1ecf4ec747c4,ACTIVE_MASTER_V2_ILLUMEXT,RGB_BINDING_3.4.0,60,H005_L065_C060,253,106,152,6a1e938b57c3972bdc435b92f076c5b73cf4ec69811696f2f373d8eb8f3c0735,5eba1c5a8fc1b59767d00436f30b9e168e68a4efdef22e74ccea4f5ebda79bce,SUPERSEDED_BY,EXPLICIT_ROW_ID_AND_REFERENCE_BINDING,MIGRATED_VERIFIED
8283ab91b10f89ac758d09ecf5fb4d6343536600a06dd468b1cc1ecf4ec747c4,ACTIVE_MASTER_V2_ILLUMEXT,RGB_BINDING_3.4.0,61,H005_L060_C005,153,141,144,62d578e11124672c6fbedfed65f8497520d451b65c658dab9bfd6db2d0dc516e,68105b1e420b8ebb0830e9ba6ed730ec9be7a52d66af924e1ea0ce556354f3cb,SUPERSEDED_BY,EXPLICIT_ROW_ID_AND_REFERENCE_BINDING,MIGRATED_VERIFIED
8283ab91b10f89ac758d09ecf5fb4d6343536600a06dd468b1cc1ecf4ec747c4,ACTIVE_MASTER_V2_ILLUMEXT,RGB_BINDING_3.4.0,62,H005_L060_C010,162,138,143,b524106126537e6c04f8e0c8d736650b35f27d8db15df1b392b9657b6c2bf1cb,45019b881fde2567f28f4134348fb7df708a864b6f7075e2c5aa371bb72205b5,SUPERSEDED_BY,EXPLICIT_ROW_ID_AND_REFERENCE_BINDING,MIGRATED_VERIFIED
8283ab91b10f89ac758d09ecf5fb4d6343536600a06dd468b1cc1ecf4ec747c4,ACTIVE_MASTER_V2_ILLUMEXT,RGB_BINDING_3.4.0,63,H005_L060_C015,171,135,144,a593db13573b9a7780137a6fbdad9af80eedba3856f5e18a327d63633ca65b01,01ff7343cb9086fba1ad81121ab14654c51b17d850354bf6230f9bd7b167367e,SUPERSEDED_BY,EXPLICIT_ROW_ID_AND_REFERENCE_BINDING,MIGRATED_VERIFIED
8283ab91b10f89ac758d09ecf5fb4d6343536600a06dd468b1cc1ecf4ec747c4,ACTIVE_MASTER_V2_ILLUMEXT,RGB_BINDING_3.4.0,64,H005_L060_C020,179,131,142,2d3a99c6c4d6635b5c2c85a69a91cd42cd1ea6903933c758e712f1337e5e5cff,c09035ed9b1d90a6392fb3dbb5131c2adb46d71c4e3ef66a0b70d0c5786d0edc,SUPERSEDED_BY,EXPLICIT_ROW_ID_AND_REFERENCE_BINDING,MIGRATED_VERIFIED
8283ab91b10f89ac758d09ecf5fb4d6343536600a06dd468b1cc1ecf4ec747c4,ACTIVE_MASTER_V2_ILLUMEXT,RGB_BINDING_3.4.0,65,H005_L060_C025,187,128,142,b40bbf96e14c405a2cec74f5ef6cc4f1d7bfae3cd148ea8f08d8f73d31fd1487,c012a30b0983a12bfa9d53f1f2900e52cbe34f9a913174b265c160987a24664c,SUPERSEDED_BY,EXPLICIT_ROW_ID_AND_REFERENCE_BINDING,MIGRATED_VERIFIED
8283ab91b10f89ac758d09ecf5fb4d6343536600a06dd468b1cc1ecf4ec747c4,ACTIVE_MASTER_V2_ILLUMEXT,RGB_BINDING_3.4.0,66,H005_L060_C030,194,124,140,f97d6efed64872b3063aea48f7aac863ffcbc59e50dba0f6c84edcdd36b4b88f,2faa4edeb6cc677cd6e62c069befcd084c39d54b78947851c70c2652c3eb0384,SUPERSEDED_BY,EXPLICIT_ROW_ID_AND_REFERENCE_BINDING,MIGRATED_VERIFIED
8283ab91b10f89ac758d09ecf5fb4d6343536600a06dd468b1cc1ecf4ec747c4,ACTIVE_MASTER_V2_ILLUMEXT,RGB_BINDING_3.4.0,67,H005_L060_C035,202,120,141,a1ac78bf6030f2769f68fe950feb028da15ad2c1ba6efd07db1b134f36d0348e,3ac39f0c1caa6de546be802c65832f4f2a8103ead3ef09762137ee65ba2e238c,SUPERSEDED_BY,EXPLICIT_ROW_ID_AND_REFERENCE_BINDING,MIGRATED_VERIFIED
8283ab91b10f89ac758d09ecf5fb4d6343536600a06dd468b1cc1ecf4ec747c4,ACTIVE_MASTER_V2_ILLUMEXT,RGB_BINDING_3.4.0,68,H005_L060_C040,209,115,141,8086e1737a49f4a3414134675179ea46856609c3cf0ce69c8ec6b6d4c58b95d6,29e4525d51fe01d185399223c066bcae51fcdd2fc81ed036afd505f9f6c292fd,SUPERSEDED_BY,EXPLICIT_ROW_ID_AND_REFERENCE_BINDING,MIGRATED_VERIFIED
8283ab91b10f89ac758d09ecf5fb4d6343536600a06dd468b1cc1ecf4ec747c4,ACTIVE_MASTER_V2_ILLUMEXT,RGB_BINDING_3.4.0,69,H005_L060_C045,216,109,139,b376443ddf916832d84845931f4e2888a326c2d6052e94ed9ba563048d4cac7a,93df168182edf89d0e03e250583218f2f1d4204bbcccc0d76ca1302d577fe47c,SUPERSEDED_BY,EXPLICIT_ROW_ID_AND_REFERENCE_BINDING,MIGRATED_VERIFIED
8283ab91b10f89ac758d09ecf5fb4d6343536600a06dd468b1cc1ecf4ec747c4,ACTIVE_MASTER_V2_ILLUMEXT,RGB_BINDING_3.4.0,70,H005_L060_C050,224,104,140,52e1b0845a8577ad14c78c854fa92fdb5f064f3dd3a766582b61813573b08129,ad1cf8ab5e7c4d650af49a6cd2fa4a91f0fd00576f527c5e0f5788c9bbc97baf,SUPERSEDED_BY,EXPLICIT_ROW_ID_AND_REFERENCE_BINDING,MIGRATED_VERIFIED
8283ab91b10f89ac758d09ecf5fb4d6343536600a06dd468b1cc1ecf4ec747c4,ACTIVE_MASTER_V2_ILLUMEXT,RGB_BINDING_3.4.0,71,H005_L060_C055,231,98,139,61c1b2247ae0135930de5255984f2649d8c9d30b0c6484a398237c92038438b1,3779b8b3414cba3dcbe9107c5189e752569ea2ff2bd1f13ed2047e80e5c27d39,SUPERSEDED_BY,EXPLICIT_ROW_ID_AND_REFERENCE_BINDING,MIGRATED_VERIFIED
8283ab91b10f89ac758d09ecf5fb4d6343536600a06dd468b1cc1ecf4ec747c4,ACTIVE_MASTER_V2_ILLUMEXT,RGB_BINDING_3.4.0,72,H005_L060_C060,238,92,139,4a8bf769c30c1333ec15091a50e57864b34b049ab2afa8aed3592645ffee0ec2,c0b09ac35c279ea7ecb1ca389e02e5f97d843d244f68f69e09790e7f133ee58a,SUPERSEDED_BY,EXPLICIT_ROW_ID_AND_REFERENCE_BINDING,MIGRATED_VERIFIED
8283ab91b10f89ac758d09ecf5fb4d6343536600a06dd468b1cc1ecf4ec747c4,ACTIVE_MASTER_V2_ILLUMEXT,RGB_BINDING_3.4.0,73,H005_L060_C065,244,84,138,a5df59062a6df389ba5043c7f60fa76539d4d1b278cddf04f633d9fce908e885,25d4c4cbf15bba00d3cef094d5d9563a5336ee612170c2bb3bd77c4d86eac2b2,SUPERSEDED_BY,EXPLICIT_ROW_ID_AND_REFERENCE_BINDING,MIGRATED_VERIFIED
8283ab91b10f89ac758d09ecf5fb4d6343536600a06dd468b1cc1ecf4ec747c4,ACTIVE_MASTER_V2_ILLUMEXT,RGB_BINDING_3.4.0,74,H005_L060_C070,251,76,138,69a9bff6016da32ecd4362f7fd08f2090bf13c619b1be92603b353f0d22a1a4a,c5be8647a74eba6a350f9205477ce02c574a1eab56a68235a6fc755a8d437310,SUPERSEDED_BY,EXPLICIT_ROW_ID_AND_REFERENCE_BINDING,MIGRATED_VERIFIED
8283ab91b10f89ac758d09ecf5fb4d6343536600a06dd468b1cc1ecf4ec747c4,ACTIVE_MASTER_V2_ILLUMEXT,RGB_BINDING_3.4.0,75,H005_L055_C005,140,129,131,20da2cfff480f623dececcbba8889bc383ee10a3e01533b31307a3470f6e14cc,0cfe3155702a8c2aa8fed5eb877deb0c0f67be2c090c8bfb4806797c416fa1bc,SUPERSEDED_BY,EXPLICIT_ROW_ID_AND_REFERENCE_BINDING,MIGRATED_VERIFIED
8283ab91b10f89ac758d09ecf5fb4d6343536600a06dd468b1cc1ecf4ec747c4,ACTIVE_MASTER_V2_ILLUMEXT,RGB_BINDING_3.4.0,76,H005_L055_C010,149,126,130,fc0d99e16eac0fa0f1b58f8dd921255dfe5990de4cea3991347fa7a126d96eda,58b3074ba80bafd4ef97bfe89f5833335b6b8004c6133a7e497d1c3b1f093776,SUPERSEDED_BY,EXPLICIT_ROW_ID_AND_REFERENCE_BINDING,MIGRATED_VERIFIED
8283ab91b10f89ac758d09ecf5fb4d6343536600a06dd468b1cc1ecf4ec747c4,ACTIVE_MASTER_V2_ILLUMEXT,RGB_BINDING_3.4.0,77,H005_L055_C015,157,122,130,12c91e78515709c7e1b0198eb4cd6e1181617dfe1dc36101dff96e07f685c257,9e845b7d342c6d892e097497155583622c28310b9f27d131400ceb97e230d811,SUPERSEDED_BY,EXPLICIT_ROW_ID_AND_REFERENCE_BINDING,MIGRATED_VERIFIED
8283ab91b10f89ac758d09ecf5fb4d6343536600a06dd468b1cc1ecf4ec747c4,ACTIVE_MASTER_V2_ILLUMEXT,RGB_BINDING_3.4.0,78,H005_L055_C020,165,118,129,1f0a488be631516812e066b0bd1981d2cd715d9246496959faeffb2f4ac6864a,26d1d922323591ad490b232fa92f8c528abce2acd6a654de07d7519acd1c6514,SUPERSEDED_BY,EXPLICIT_ROW_ID_AND_REFERENCE_BINDING,MIGRATED_VERIFIED
8283ab91b10f89ac758d09ecf5fb4d6343536600a06dd468b1cc1ecf4ec747c4,ACTIVE_MASTER_V2_ILLUMEXT,RGB_BINDING_3.4.0,79,H005_L055_C025,173,115,129,2243fdc0f432a07fe334507ad4a7d10e49f3feb9829a13872bc451193d940c5e,1668a4d747032bd5de6ef831090400441c98aa70e23beb91199d18875a84be22,SUPERSEDED_BY,EXPLICIT_ROW_ID_AND_REFERENCE_BINDING,MIGRATED_VERIFIED
8283ab91b10f89ac758d09ecf5fb4d6343536600a06dd468b1cc1ecf4ec747c4,ACTIVE_MASTER_V2_ILLUMEXT,RGB_BINDING_3.4.0,80,H005_L055_C030,180,110,127,5f0f6885a7a676e977d383cdcc4c67ec95f025b24c85cc573237ddabbce5222d,10fa68a73596c374c78575289cbf89cbfb451acac79766651b969bafc4dd1d4c,SUPERSEDED_BY,EXPLICIT_ROW_ID_AND_REFERENCE_BINDING,MIGRATED_VERIFIED
8283ab91b10f89ac758d09ecf5fb4d6343536600a06dd468b1cc1ecf4ec747c4,ACTIVE_MASTER_V2_ILLUMEXT,RGB_BINDING_3.4.0,81,H005_L055_C035,187,106,128,ea2b0da84f4e36c990c328b06b1aeaecdae22a108f418fb166b272cf727870d3,48372ee442818194858e459a42bd23784e62e2e7f15689899c06322a1159ac0e,SUPERSEDED_BY,EXPLICIT_ROW_ID_AND_REFERENCE_BINDING,MIGRATED_VERIFIED
8283ab91b10f89ac758d09ecf5fb4d6343536600a06dd468b1cc1ecf4ec747c4,ACTIVE_MASTER_V2_ILLUMEXT,RGB_BINDING_3.4.0,82,H005_L055_C040,194,101,128,9030b50eb89584a7d6375355fbc32ba6744d1926cc7e31ff0be3872686d40662,62a8353a8fe4f64590b79c33b3c192e631785068c8581ed1471f4d50238aa86b,SUPERSEDED_BY,EXPLICIT_ROW_ID_AND_REFERENCE_BINDING,MIGRATED_VERIFIED
8283ab91b10f89ac758d09ecf5fb4d6343536600a06dd468b1cc1ecf4ec747c4,ACTIVE_MASTER_V2_ILLUMEXT,RGB_BINDING_3.4.0,83,H005_L055_C045,202,96,126,73803fc5aa51545bad41cc6f4a52448469f2491415617c73cf43875b25b19492,dcbaa021183a48d5d0362e02e60d641872ab97ac931cba1bc95a36b9e63a6a9d,SUPERSEDED_BY,EXPLICIT_ROW_ID_AND_REFERENCE_BINDING,MIGRATED_VERIFIED
8283ab91b10f89ac758d09ecf5fb4d6343536600a06dd468b1cc1ecf4ec747c4,ACTIVE_MASTER_V2_ILLUMEXT,RGB_BINDING_3.4.0,84,H005_L055_C050,208,90,127,f1126e00ab460075a22dfe08cc1a9463f6004a4b6541f2cae879befdf09b159f,4c2938a47b7c5dcc014ac6de0f1d7a90645030b0b6b4529cfadc9fec95c5acab,SUPERSEDED_BY,EXPLICIT_ROW_ID_AND_REFERENCE_BINDING,MIGRATED_VERIFIED
8283ab91b10f89ac758d09ecf5fb4d6343536600a06dd468b1cc1ecf4ec747c4,ACTIVE_MASTER_V2_ILLUMEXT,RGB_BINDING_3.4.0,85,H005_L055_C055,215,84,125,927b9331d99209af62418c4e5404991758d338f7145ac7955760201a2b5e618f,a7aea8129c1e00d898a0e56e8525909039c278187bb4e671499011da22e85c3e,SUPERSEDED_BY,EXPLICIT_ROW_ID_AND_REFERENCE_BINDING,MIGRATED_VERIFIED
8283ab91b10f89ac758d09ecf5fb4d6343536600a06dd468b1cc1ecf4ec747c4,ACTIVE_MASTER_V2_ILLUMEXT,RGB_BINDING_3.4.0,86,H005_L055_C060,222,76,125,a7f1b11f6e1e462269eb253110716c7395ef6345e2add0faab5f57db6a016c71,0b8ca7f285a19e4b568ae4822f094d75469933b5acb2a407af1666e77a5fe4a5,SUPERSEDED_BY,EXPLICIT_ROW_ID_AND_REFERENCE_BINDING,MIGRATED_VERIFIED
8283ab91b10f89ac758d09ecf5fb4d6343536600a06dd468b1cc1ecf4ec747c4,ACTIVE_MASTER_V2_ILLUMEXT,RGB_BINDING_3.4.0,87,H005_L055_C065,228,68,124,58b594b44bb6f804e90d39b19a54b81ee9390bc916db842dcef44be5d74f96e8,ab99824187a3d90d65aa17fa6ff4ecd5e7e8d01edea56c9cfa97a1cfde4e5287,SUPERSEDED_BY,EXPLICIT_ROW_ID_AND_REFERENCE_BINDING,MIGRATED_VERIFIED
8283ab91b10f89ac758d09ecf5fb4d6343536600a06dd468b1cc1ecf4ec747c4,ACTIVE_MASTER_V2_ILLUMEXT,RGB_BINDING_3.4.0,88,H005_L055_C070,235,58,125,7d5f148e64a1dd24b2c53cc63bf5f70f2d5230230003673652bae7a01197e3b4,00b43ac5470ae04b70c715cec5a05b2de838dba7f6c77fcdec02f724aa9d6378,SUPERSEDED_BY,EXPLICIT_ROW_ID_AND_REFERENCE_BINDING,MIGRATED_VERIFIED
8283ab91b10f89ac758d09ecf5fb4d6343536600a06dd468b1cc1ecf4ec747c4,ACTIVE_MASTER_V2_ILLUMEXT,RGB_BINDING_3.4.0,89,H005_L055_C075,241,45,123,afc335ed4220325867fa61c20929954c87ac2e191d3c5a970d7c85d9272763bd,3a0a7c3d3eef7f1ab894c61692774d3f2593318e10107ddb57e70cf7e104519d,SUPERSEDED_BY,EXPLICIT_ROW_ID_AND_REFERENCE_BINDING,MIGRATED_VERIFIED
8283ab91b10f89ac758d09ecf5fb4d6343536600a06dd468b1cc1ecf4ec747c4,ACTIVE_MASTER_V2_ILLUMEXT,RGB_BINDING_3.4.0,90,H005_L050_C005,128,117,120,3f7a3a26707ed77eed56a08e058d800047bd87d915bdba0b3597425ee4c861d9,8d451fece9835b0109022e1f2286f4c9b0b35936c6793161995941aed0c0ec42,SUPERSEDED_BY,EXPLICIT_ROW_ID_AND_REFERENCE_BINDING,MIGRATED_VERIFIED
8283ab91b10f89ac758d09ecf5fb4d6343536600a06dd468b1cc1ecf4ec747c4,ACTIVE_MASTER_V2_ILLUMEXT,RGB_BINDING_3.4.0,91,H005_L050_C010,136,113,118,c50c84e30abfb3b7b9f59d50ee9001cab4eb852579ac47a8dfd38e348c7dac65,f80715559fea973f9a89f9c8615c6e7417f76a12cacd734e8700fd6f11705329,SUPERSEDED_BY,EXPLICIT_ROW_ID_AND_REFERENCE_BINDING,MIGRATED_VERIFIED
8283ab91b10f89ac758d09ecf5fb4d6343536600a06dd468b1cc1ecf4ec747c4,ACTIVE_MASTER_V2_ILLUMEXT,RGB_BINDING_3.4.0,92,H005_L050_C015,144,110,118,da5fe71fc81d2e1664de8d704fa1e8c383daf14f21387fdf5622e1338b228971,a54e3d5c92d23d874ff723dcef6025889c3f12364ccca8752c478a226093ab9d,SUPERSEDED_BY,EXPLICIT_ROW_ID_AND_REFERENCE_BINDING,MIGRATED_VERIFIED
8283ab91b10f89ac758d09ecf5fb4d6343536600a06dd468b1cc1ecf4ec747c4,ACTIVE_MASTER_V2_ILLUMEXT,RGB_BINDING_3.4.0,93,H005_L050_C020,153,107,117,cf2759bf0a7ff54be2412b8e089479d19d77a04c443c8e6c026362c34828b214,a90423bf258f1049f10524788dbb269c6018d471b233ad667ca6dd627e5e13e7,SUPERSEDED_BY,EXPLICIT_ROW_ID_AND_REFERENCE_BINDING,MIGRATED_VERIFIED
8283ab91b10f89ac758d09ecf5fb4d6343536600a06dd468b1cc1ecf4ec747c4,ACTIVE_MASTER_V2_ILLUMEXT,RGB_BINDING_3.4.0,94,H005_L050_C025,160,103,117,19477cfc5b9a4eb210e270e28b7c5406733ba240d0dec74723f7bc6d789b896c,2b912b9a0b5254f8329cdac6a0782bddfbfc9cfb878165e2707a0a44446a9754,SUPERSEDED_BY,EXPLICIT_ROW_ID_AND_REFERENCE_BINDING,MIGRATED_VERIFIED
8283ab91b10f89ac758d09ecf5fb4d6343536600a06dd468b1cc1ecf4ec747c4,ACTIVE_MASTER_V2_ILLUMEXT,RGB_BINDING_3.4.0,95,H005_L050_C030,167,99,116,c118f4db42671416f7a2417d1517b944a94b83796b096299c592c37e5d93feb8,da4c9d488ae39c2b34bdb6564b0a44707f387b4cbaac457cef25173c7060e429,SUPERSEDED_BY,EXPLICIT_ROW_ID_AND_REFERENCE_BINDING,MIGRATED_VERIFIED
8283ab91b10f89ac758d09ecf5fb4d6343536600a06dd468b1cc1ecf4ec747c4,ACTIVE_MASTER_V2_ILLUMEXT,RGB_BINDING_3.4.0,96,H005_L050_C035,174,94,116,b9603009aa9d294a421b1e781e59f4fcca2cc55b29519d419bfbac5926ad3537,f67b46f519d80b90bdce36c2b0dc4ed34082bd871dfd6cddb4e5087c5c264624,SUPERSEDED_BY,EXPLICIT_ROW_ID_AND_REFERENCE_BINDING,MIGRATED_VERIFIED
8283ab91b10f89ac758d09ecf5fb4d6343536600a06dd468b1cc1ecf4ec747c4,ACTIVE_MASTER_V2_ILLUMEXT,RGB_BINDING_3.4.0,97,H005_L050_C040,181,89,116,4ce3c609fd949d9f55d749d1eb3eaa2ea34c76afab477862244ab4e4f7e5dac1,ae1a4b2770a295287fb37add5fdb2eb58a62516bca1b617af974853e76d40db0,SUPERSEDED_BY,EXPLICIT_ROW_ID_AND_REFERENCE_BINDING,MIGRATED_VERIFIED
8283ab91b10f89ac758d09ecf5fb4d6343536600a06dd468b1cc1ecf4ec747c4,ACTIVE_MASTER_V2_ILLUMEXT,RGB_BINDING_3.4.0,98,H005_L050_C045,188,84,115,37d2c4fc8391ab5afe9ad6f9f61c950088c26834dafb08fb9ab16a473012f230,bd2f0df53ef8f54fab594c8d8df2c335fec9b7e20f4bc5408368c8e30fb77a5d,SUPERSEDED_BY,EXPLICIT_ROW_ID_AND_REFERENCE_BINDING,MIGRATED_VERIFIED
8283ab91b10f89ac758d09ecf5fb4d6343536600a06dd468b1cc1ecf4ec747c4,ACTIVE_MASTER_V2_ILLUMEXT,RGB_BINDING_3.4.0,99,H005_L050_C050,194,78,115,5b560540f177787d7e7cf541b3fd136420c452bf16ca8ea585570b2ae28f2e36,8c839170a520f3d2b668076fdb4aaf3f3abc90f886c135c32e912134b4ab9aec,SUPERSEDED_BY,EXPLICIT_ROW_ID_AND_REFERENCE_BINDING,MIGRATED_VERIFIED
8283ab91b10f89ac758d09ecf5fb4d6343536600a06dd468b1cc1ecf4ec747c4,ACTIVE_MASTER_V2_ILLUMEXT,RGB_BINDING_3.4.0,100,H005_L050_C055,201,71,114,c6a8a22c1d033361d479836e1fd42871695de63b8009271a0a03de65ccde6fdb,2115f5eb29bf4145f8f7c022d8d93629d04cb4dc889084b5f9a8aa0ca3af3a38,SUPERSEDED_BY,EXPLICIT_ROW_ID_AND_REFERENCE_BINDING,MIGRATED_VERIFIED
8283ab91b10f89ac758d09ecf5fb4d6343536600a06dd468b1cc1ecf4ec747c4,ACTIVE_MASTER_V2_ILLUMEXT,RGB_BINDING_3.4.0,101,H005_L050_C060,208,63,114,373323e3a2c07d48b97edb74cc2e9a74e78704a68cfe241a6d4cf26221bb4e1b,c0df62aafdde0fbc19ca2a8f7304e86da24c78c18b60c7d075dd9f7bf038b8a4,SUPERSEDED_BY,EXPLICIT_ROW_ID_AND_REFERENCE_BINDING,MIGRATED_VERIFIED
8283ab91b10f89ac758d09ecf5fb4d6343536600a06dd468b1cc1ecf4ec747c4,ACTIVE_MASTER_V2_ILLUMEXT,RGB_BINDING_3.4.0,102,H005_L050_C065,215,53,113,6424daf9c3c4015507ec5f06c6c11f1e2a57bd99471c4c5a8ae68cfc63282396,ebf51ccda7b0aa557d2b6718780ca0fa984f9a0677d503e7914ad570ec7e213b,SUPERSEDED_BY,EXPLICIT_ROW_ID_AND_REFERENCE_BINDING,MIGRATED_VERIFIED
8283ab91b10f89ac758d09ecf5fb4d6343536600a06dd468b1cc1ecf4ec747c4,ACTIVE_MASTER_V2_ILLUMEXT,RGB_BINDING_3.4.0,103,H005_L050_C070,221,41,113,911ab19ab26866953720ca3bddc2dcb64fe65dd283663acbe83cbbcf64269126,c3864d213681a29e0b94e97f0d77cef330746919dbfd55ed56c669249268d886,SUPERSEDED_BY,EXPLICIT_ROW_ID_AND_REFERENCE_BINDING,MIGRATED_VERIFIED
8283ab91b10f89ac758d09ecf5fb4d6343536600a06dd468b1cc1ecf4ec747c4,ACTIVE_MASTER_V2_ILLUMEXT,RGB_BINDING_3.4.0,104,H005_L050_C075,227,20,112,f99ed6a0bb05639649861f5daf6efd40eb1597c5a819b29a2c05dfa2aa73ec77,5d4c01212aa092f6b16c0bee758bed1ca4b5fb4c158291ee20ea01ec62aed7df,SUPERSEDED_BY,EXPLICIT_ROW_ID_AND_REFERENCE_BINDING,MIGRATED_VERIFIED
8283ab91b10f89ac758d09ecf5fb4d6343536600a06dd468b1cc1ecf4ec747c4,ACTIVE_MASTER_V2_ILLUMEXT,RGB_BINDING_3.4.0,105,H005_L050_C080,233,0,112,72c7bed7f46bd2e43b8f5382455dcd13abbb629186df88d9f132fa062c73c086,0c23359eccc6d0e0717fb575145762ffea5d852140724956efc75632e2d1f0cb,SUPERSEDED_BY,EXPLICIT_ROW_ID_AND_REFERENCE_BINDING,MIGRATED_VERIFIED
8283ab91b10f89ac758d09ecf5fb4d6343536600a06dd468b1cc1ecf4ec747c4,ACTIVE_MASTER_V2_ILLUMEXT,RGB_BINDING_3.4.0,106,H005_L045_C005,115,103,106,9241bc47d25d310f8075ac51826bfb0141ef9684e520c6201436b86582bd7a6a,d9c5f55fdfd102268c3978c754658e735ed59370ba1506cd3842cc1a18dbe12f,SUPERSEDED_BY,EXPLICIT_ROW_ID_AND_REFERENCE_BINDING,MIGRATED_VERIFIED
8283ab91b10f89ac758d09ecf5fb4d6343536600a06dd468b1cc1ecf4ec747c4,ACTIVE_MASTER_V2_ILLUMEXT,RGB_BINDING_3.4.0,107,H005_L045_C010,124,101,105,0f1fcd009990dbc0d31e83e1141fa65576625eba488ce772ef9754febb134550,338b18d3d83c907ee84094f6e9e5dc6ce6b9e796bf117691fea10186f7bd6585,SUPERSEDED_BY,EXPLICIT_ROW_ID_AND_REFERENCE_BINDING,MIGRATED_VERIFIED
8283ab91b10f89ac758d09ecf5fb4d6343536600a06dd468b1cc1ecf4ec747c4,ACTIVE_MASTER_V2_ILLUMEXT,RGB_BINDING_3.4.0,108,H005_L045_C015,131,97,105,ee3257dd68b247abea5af96ed3100553d97f7e7c0698320fd3c40d5d12d987b1,12e105389ca07c741dcbd74bf239c18826cb068f01cff66e315f4c1d77382d88,SUPERSEDED_BY,EXPLICIT_ROW_ID_AND_REFERENCE_BINDING,MIGRATED_VERIFIED
8283ab91b10f89ac758d09ecf5fb4d6343536600a06dd468b1cc1ecf4ec747c4,ACTIVE_MASTER_V2_ILLUMEXT,RGB_BINDING_3.4.0,109,H005_L045_C020,139,94,104,ef70455aaa631667697ed06d9f1750c14a101afe6fe259fae541b8c04d6c455e,d4937be39c4c0b3a140f5183f2846c05488fe791de286bc7b6686d924007deb5,SUPERSEDED_BY,EXPLICIT_ROW_ID_AND_REFERENCE_BINDING,MIGRATED_VERIFIED
8283ab91b10f89ac758d09ecf5fb4d6343536600a06dd468b1cc1ecf4ec747c4,ACTIVE_MASTER_V2_ILLUMEXT,RGB_BINDING_3.4.0,110,H005_L045_C025,146,90,104,72412a1adfd586cd8d7a13288bef26156f8cdbcaeaad954859d3f8f37e357ef8,597333ea848c4ca654486ae493484a78ef7dbc4ae7ca866646a70f9cc40e2952,SUPERSEDED_BY,EXPLICIT_ROW_ID_AND_REFERENCE_BINDING,MIGRATED_VERIFIED
8283ab91b10f89ac758d09ecf5fb4d6343536600a06dd468b1cc1ecf4ec747c4,ACTIVE_MASTER_V2_ILLUMEXT,RGB_BINDING_3.4.0,111,H005_L045_C030,153,86,103,364983b32eff4fdf1e5523cfb531622d362d98718f44a7c41e139593f15dafe1,0ec40c5924277c987c992f4003ab5abfe972211692934f2141d99cdb8c31f7ba,SUPERSEDED_BY,EXPLICIT_ROW_ID_AND_REFERENCE_BINDING,MIGRATED_VERIFIED
8283ab91b10f89ac758d09ecf5fb4d6343536600a06dd468b1cc1ecf4ec747c4,ACTIVE_MASTER_V2_ILLUMEXT,RGB_BINDING_3.4.0,112,H005_L045_C035,160,82,104,5c1b3b35dd8a40831add1c9722b9b4bae6770992cb47cfd10db7f3e72073a196,1cd05513a9facdb9dda731043ebcb80f997dac79faea936c38af1dd0a944e4aa,SUPERSEDED_BY,EXPLICIT_ROW_ID_AND_REFERENCE_BINDING,MIGRATED_VERIFIED
8283ab91b10f89ac758d09ecf5fb4d6343536600a06dd468b1cc1ecf4ec747c4,ACTIVE_MASTER_V2_ILLUMEXT,RGB_BINDING_3.4.0,113,H005_L045_C040,167,77,104,2d06932f512b0624ee083828fab42575d452bc64e33e28d67025e5a467ac93bd,04fdb057786d90a1afa79de9f31bba47e7a5d7a9ca2e9bc1b1146c619438ff91,SUPERSEDED_BY,EXPLICIT_ROW_ID_AND_REFERENCE_BINDING,MIGRATED_VERIFIED
8283ab91b10f89ac758d09ecf5fb4d6343536600a06dd468b1cc1ecf4ec747c4,ACTIVE_MASTER_V2_ILLUMEXT,RGB_BINDING_3.4.0,114,H005_L045_C045,174,71,103,09e74583144aee39866ebe423ef5ead6617b705ba1dbf357045ebd7ad65985b5,b1db90b3570549c4983d80f7229bd6b37539fb7ad7ef25421f146168d5113362,SUPERSEDED_BY,EXPLICIT_ROW_ID_AND_REFERENCE_BINDING,MIGRATED_VERIFIED
8283ab91b10f89ac758d09ecf5fb4d6343536600a06dd468b1cc1ecf4ec747c4,ACTIVE_MASTER_V2_ILLUMEXT,RGB_BINDING_3.4.0,115,H005_L045_C050,179,64,102,6055540f2d6ad7cdd02d4c43686011c9c4401f760bb8b9a9dfc2fa6c46ff6b6e,cf4575c9909e03dc960e24fe4a3f2160a59cd34d21304866f1e668a91cfacd1d,SUPERSEDED_BY,EXPLICIT_ROW_ID_AND_REFERENCE_BINDING,MIGRATED_VERIFIED
8283ab91b10f89ac758d09ecf5fb4d6343536600a06dd468b1cc1ecf4ec747c4,ACTIVE_MASTER_V2_ILLUMEXT,RGB_BINDING_3.4.0,116,H005_L045_C055,186,56,101,0983444bb7cdc8b2ea956ef2a961be903b98e26d04e3ecc250b305e104c43007,e6ebcbaa5d41684e13919c5cca5816a8e3e55ada780c9d725ef0bda38aaa428a,SUPERSEDED_BY,EXPLICIT_ROW_ID_AND_REFERENCE_BINDING,MIGRATED_VERIFIED
8283ab91b10f89ac758d09ecf5fb4d6343536600a06dd468b1cc1ecf4ec747c4,ACTIVE_MASTER_V2_ILLUMEXT,RGB_BINDING_3.4.0,117,H005_L045_C060,193,47,102,01351fba8f1468f6a4fe0f14762f2a4c2e06831ee99e067775a68df136fe7a4b,94bbb50a8cc9010e52207a8e40aaee6911af91fa386db3cf94063113d9197521,SUPERSEDED_BY,EXPLICIT_ROW_ID_AND_REFERENCE_BINDING,MIGRATED_VERIFIED
8283ab91b10f89ac758d09ecf5fb4d6343536600a06dd468b1cc1ecf4ec747c4,ACTIVE_MASTER_V2_ILLUMEXT,RGB_BINDING_3.4.0,118,H005_L045_C065,199,34,100,b3ef57477ca00d5d45c83d6f8c4b904a4d1bec424775f61d0c369fa7611e2a65,d93f5fcb4e1512088921b00631af7e71f469419dfebadc3c776f5ac5a8d6c622,SUPERSEDED_BY,EXPLICIT_ROW_ID_AND_REFERENCE_BINDING,MIGRATED_VERIFIED
8283ab91b10f89ac758d09ecf5fb4d6343536600a06dd468b1cc1ecf4ec747c4,ACTIVE_MASTER_V2_ILLUMEXT,RGB_BINDING_3.4.0,119,H005_L045_C070,204,11,100,40f763d4c05f4e44a52a2f16185b03614315381f7e9a6dfddc6e734587243bc1,c4191d5ddf357343cf85327655c1114ce98abc122fc998a8a29d64c1005aaa6c,SUPERSEDED_BY,EXPLICIT_ROW_ID_AND_REFERENCE_BINDING,MIGRATED_VERIFIED
8283ab91b10f89ac758d09ecf5fb4d6343536600a06dd468b1cc1ecf4ec747c4,ACTIVE_MASTER_V2_ILLUMEXT,RGB_BINDING_3.4.0,120,H005_L045_C075,210,0,100,07943bb50d3c3b8ab4feeb4125315885a1c56e1d5c000afe4167e7bad61399f5,35ff38342c5607dace52b2a5bdb1dba7902a4be5c16c4bb2917829365178da6c,SUPERSEDED_BY,EXPLICIT_ROW_ID_AND_REFERENCE_BINDING,MIGRATED_VERIFIED
8283ab91b10f89ac758d09ecf5fb4d6343536600a06dd468b1cc1ecf4ec747c4,ACTIVE_MASTER_V2_ILLUMEXT,RGB_BINDING_3.4.0,121,H005_L040_C005,102,91,94,7194cfd10d463e01a9ee7e5b3defb301e166866a4537dd896fc3d3939882a198,05e2a5ed7d7f95ff80458f90e5f095617723f1fe7bdaed64f33f641a474431f7,SUPERSEDED_BY,EXPLICIT_ROW_ID_AND_REFERENCE_BINDING,MIGRATED_VERIFIED
8283ab91b10f89ac758d09ecf5fb4d6343536600a06dd468b1cc1ecf4ec747c4,ACTIVE_MASTER_V2_ILLUMEXT,RGB_BINDING_3.4.0,122,H005_L040_C010,111,88,93,df8320fca77ba9e455d1846ddbd899a901855182997f162896cad9e4563e0253,8d9cb66d24dc057b52bd7b00446997aadb88f1c2fa2478aef9484873e5a2794b,SUPERSEDED_BY,EXPLICIT_ROW_ID_AND_REFERENCE_BINDING,MIGRATED_VERIFIED
8283ab91b10f89ac758d09ecf5fb4d6343536600a06dd468b1cc1ecf4ec747c4,ACTIVE_MASTER_V2_ILLUMEXT,RGB_BINDING_3.4.0,123,H005_L040_C015,118,85,93,804baeb564d21865b7dc163448b7e5ac591ab7ff4024d331db5f8c947ef249a9,2fcad4910d5a78dd4ef7c45d93097b31964abbcda67990b964d34ca985aaaaa6,SUPERSEDED_BY,EXPLICIT_ROW_ID_AND_REFERENCE_BINDING,MIGRATED_VERIFIED
8283ab91b10f89ac758d09ecf5fb4d6343536600a06dd468b1cc1ecf4ec747c4,ACTIVE_MASTER_V2_ILLUMEXT,RGB_BINDING_3.4.0,124,H005_L040_C020,125,81,92,6cb1ee8702221bf4ebd8ed2ebb2781407faf7c8adebb09ccea0920f72c42b646,2b628e249c504d8166e62d222a31e2591b63236788c8fcd6d0e9b2daaf109039,SUPERSEDED_BY,EXPLICIT_ROW_ID_AND_REFERENCE_BINDING,MIGRATED_VERIFIED
8283ab91b10f89ac758d09ecf5fb4d6343536600a06dd468b1cc1ecf4ec747c4,ACTIVE_MASTER_V2_ILLUMEXT,RGB_BINDING_3.4.0,125,H005_L040_C025,132,78,92,3189064465e1b93072d07b2eb7ec3acb94a2256ac6fcc002274b3e9871ea5edc,884464bee81eb2934e0c3f7a7404e7c093eb8afa3a32b62a4a31670343eeb1e3,SUPERSEDED_BY,EXPLICIT_ROW_ID_AND_REFERENCE_BINDING,MIGRATED_VERIFIED
8283ab91b10f89ac758d09ecf5fb4d6343536600a06dd468b1cc1ecf4ec747c4,ACTIVE_MASTER_V2_ILLUMEXT,RGB_BINDING_3.4.0,126,H005_L040_C030,139,73,90,2ae9f6c32db90c964c7576f7d6bb9a6ada2088bb9a05d4e115ee56f8cc796b3e,37eebf46720e2cd2dff71e994d84b84bfa091cb161dec233ee16575273d18842,SUPERSEDED_BY,EXPLICIT_ROW_ID_AND_REFERENCE_BINDING,MIGRATED_VERIFIED
8283ab91b10f89ac758d09ecf5fb4d6343536600a06dd468b1cc1ecf4ec747c4,ACTIVE_MASTER_V2_ILLUMEXT,RGB_BINDING_3.4.0,127,H005_L040_C035,146,69,91,f4acf85da81ea65edd5376514981eb549d226cfb16976fb5c5b85b7b923255f8,fb11954849cbea2313a30ba32d31cc2e7759921fcc386c9e6b478bf5f47dd72d,SUPERSEDED_BY,EXPLICIT_ROW_ID_AND_REFERENCE_BINDING,MIGRATED_VERIFIED
8283ab91b10f89ac758d09ecf5fb4d6343536600a06dd468b1cc1ecf4ec747c4,ACTIVE_MASTER_V2_ILLUMEXT,RGB_BINDING_3.4.0,128,H005_L040_C040,152,63,91,4e81039f445cb5fd44313482b6d3674c862180939b16d7668f6de5e4cf8ea387,9e7adbca1742cec0c2710f261135148a59ac717cc8fdbab9820a480015ce3bf0,SUPERSEDED_BY,EXPLICIT_ROW_ID_AND_REFERENCE_BINDING,MIGRATED_VERIFIED
8283ab91b10f89ac758d09ecf5fb4d6343536600a06dd468b1cc1ecf4ec747c4,ACTIVE_MASTER_V2_ILLUMEXT,RGB_BINDING_3.4.0,129,H005_L040_C045,158,57,89,6438431414ff676007c7b718f69ade2e29e65b418f0b756280ac67f2a6634b00,0ee5a4395ab2b7af4eab6b9b36b4f2efa460f546c00efda2c3d4885aa8fe42b3,SUPERSEDED_BY,EXPLICIT_ROW_ID_AND_REFERENCE_BINDING,MIGRATED_VERIFIED
8283ab91b10f89ac758d09ecf5fb4d6343536600a06dd468b1cc1ecf4ec747c4,ACTIVE_MASTER_V2_ILLUMEXT,RGB_BINDING_3.4.0,130,H005_L040_C050,165,49,90,05e940cc69f037e59e9d611b2e4e8674e494e0bc7d53711ade10fc08e56da7bb,0922899c7dd4abd22e0024f4823f6edef2d87de5bda24efe6acdb320274be23e,SUPERSEDED_BY,EXPLICIT_ROW_ID_AND_REFERENCE_BINDING,MIGRATED_VERIFIED
8283ab91b10f89ac758d09ecf5fb4d6343536600a06dd468b1cc1ecf4ec747c4,ACTIVE_MASTER_V2_ILLUMEXT,RGB_BINDING_3.4.0,131,H005_L040_C055,171,40,89,fe4502167d8acd7e23b3c82a8ed1c2a3cf2ff082c59a91923c4f13f34d39a2fd,f598b388bccaa7822b180c910df199679f787ffb77e4f33c8a89d8a809abb628,SUPERSEDED_BY,EXPLICIT_ROW_ID_AND_REFERENCE_BINDING,MIGRATED_VERIFIED
8283ab91b10f89ac758d09ecf5fb4d6343536600a06dd468b1cc1ecf4ec747c4,ACTIVE_MASTER_V2_ILLUMEXT,RGB_BINDING_3.4.0,132,H005_L040_C060,177,28,89,9b539584506c446f70ec10c1e821dcf95169b34c10645f9b75f47387abc5d99d,3e4c9903bfaefe2d87a1d1ed8e173d66c4ffe99e00be3621190e3dc1743195fb,SUPERSEDED_BY,EXPLICIT_ROW_ID_AND_REFERENCE_BINDING,MIGRATED_VERIFIED
8283ab91b10f89ac758d09ecf5fb4d6343536600a06dd468b1cc1ecf4ec747c4,ACTIVE_MASTER_V2_ILLUMEXT,RGB_BINDING_3.4.0,133,H005_L040_C065,184,4,88,e8c2c5a92b2310269f83d6004025853e2d903b5284fe37b68ac3ccebdde5125f,4401ae88a7cb7c156223f8bc76ccc4478a95401f722f764a670a5685aefa2cda,SUPERSEDED_BY,EXPLICIT_ROW_ID_AND_REFERENCE_BINDING,MIGRATED_VERIFIED
8283ab91b10f89ac758d09ecf5fb4d6343536600a06dd468b1cc1ecf4ec747c4,ACTIVE_MASTER_V2_ILLUMEXT,RGB_BINDING_3.4.0,134,H005_L040_C070,189,0,88,b14805c47fc672741f7cd9af7287d514e1e0e462f9cff65150e6fe7e8e1f660e,470ad4d6bffbfff08f27593084ef9da7650b96138559ad2973ac3c0e61306bd4,SUPERSEDED_BY,EXPLICIT_ROW_ID_AND_REFERENCE_BINDING,MIGRATED_VERIFIED
8283ab91b10f89ac758d09ecf5fb4d6343536600a06dd468b1cc1ecf4ec747c4,ACTIVE_MASTER_V2_ILLUMEXT,RGB_BINDING_3.4.0,135,H005_L035_C005,90,79,82,69509a6b70471ba17d4bc6882b1ed54576f6c940e6e2348fe374546ef5893993,69d8eef75d509bfbe3ddf58909fa2280d145141adebaa2bb8ff6d8c4715d8d15,SUPERSEDED_BY,EXPLICIT_ROW_ID_AND_REFERENCE_BINDING,MIGRATED_VERIFIED
8283ab91b10f89ac758d09ecf5fb4d6343536600a06dd468b1cc1ecf4ec747c4,ACTIVE_MASTER_V2_ILLUMEXT,RGB_BINDING_3.4.0,136,H005_L035_C010,97,76,80,d46832f0b45b70190f24edbe10ab2fba5e0c1a8bb02b2ebb64c0f674455b722b,d9b48494888e42c3564a4b70fae8105e8833096d209070bedee73031772e287d,SUPERSEDED_BY,EXPLICIT_ROW_ID_AND_REFERENCE_BINDING,MIGRATED_VERIFIED
8283ab91b10f89ac758d09ecf5fb4d6343536600a06dd468b1cc1ecf4ec747c4,ACTIVE_MASTER_V2_ILLUMEXT,RGB_BINDING_3.4.0,137,H005_L035_C015,105,73,81,efe761d49dc09347254e5c98d5c76cce12264a9f6964fc960c4448271160553b,c859395a512b67ae6c5855d4f05033d3efe3d85daf685105e0695d29af4f4636,SUPERSEDED_BY,EXPLICIT_ROW_ID_AND_REFERENCE_BINDING,MIGRATED_VERIFIED
8283ab91b10f89ac758d09ecf5fb4d6343536600a06dd468b1cc1ecf4ec747c4,ACTIVE_MASTER_V2_ILLUMEXT,RGB_BINDING_3.4.0,138,H005_L035_C020,112,69,79,428fae4fa10accb0ff8531217bb7795c559999e9df805d025f1315d5876e1684,d899dd1d5c07869da9ff0e5c679ad94c36e0ee58dbfa7b2236f1ca90a802f6b4,SUPERSEDED_BY,EXPLICIT_ROW_ID_AND_REFERENCE_BINDING,MIGRATED_VERIFIED
8283ab91b10f89ac758d09ecf5fb4d6343536600a06dd468b1cc1ecf4ec747c4,ACTIVE_MASTER_V2_ILLUMEXT,RGB_BINDING_3.4.0,139,H005_L035_C025,119,66,80,bd0e019713eb9264e2c9652c4da920c0225429d8919305353306a0af282ed016,01e2a32fed5093387df58a35b5576aa1dd76788aade5694d71ab531519ce3a0d,SUPERSEDED_BY,EXPLICIT_ROW_ID_AND_REFERENCE_BINDING,MIGRATED_VERIFIED
8283ab91b10f89ac758d09ecf5fb4d6343536600a06dd468b1cc1ecf4ec747c4,ACTIVE_MASTER_V2_ILLUMEXT,RGB_BINDING_3.4.0,140,H005_L035_C030,126,61,79,a7ac123abb4441d507b5b00d12a9929ce000477253a62ad4f538da79612d1f1e,f5f8c44b5136079b0e31c0f32f2b10902419b720d00602783a98de60138c8398,SUPERSEDED_BY,EXPLICIT_ROW_ID_AND_REFERENCE_BINDING,MIGRATED_VERIFIED
8283ab91b10f89ac758d09ecf5fb4d6343536600a06dd468b1cc1ecf4ec747c4,ACTIVE_MASTER_V2_ILLUMEXT,RGB_BINDING_3.4.0,141,H005_L035_C035,132,56,79,fe427026947c7e2df824b5f24fd18932f6b9828ce0a0f0bf57502ab360410c90,92625569ef5bcec2467e82c505cc8c7acf359f0d789ca4be006e2fd6abff8923,SUPERSEDED_BY,EXPLICIT_ROW_ID_AND_REFERENCE_BINDING,MIGRATED_VERIFIED
8283ab91b10f89ac758d09ecf5fb4d6343536600a06dd468b1cc1ecf4ec747c4,ACTIVE_MASTER_V2_ILLUMEXT,RGB_BINDING_3.4.0,142,H005_L035_C040,137,50,79,0de0c785b3f83d9ff2a94677778dda60744377c4c244ec92601cc16116e8e586,9dc6cf0bd7fab304ff5478f4cbc32b00c0d9788c16127ef209e367f497a13043,SUPERSEDED_BY,EXPLICIT_ROW_ID_AND_REFERENCE_BINDING,MIGRATED_VERIFIED
8283ab91b10f89ac758d09ecf5fb4d6343536600a06dd468b1cc1ecf4ec747c4,ACTIVE_MASTER_V2_ILLUMEXT,RGB_BINDING_3.4.0,143,H005_L035_C045,145,44,78,aebd3d120267eefcbd8f42ad09e27969fbb8fca10b2dd126db1e0d2e0b752462,415900b8711d2f022955fc617770e85e9dd0c6f678f78a92e2d915be45529bd2,SUPERSEDED_BY,EXPLICIT_ROW_ID_AND_REFERENCE_BINDING,MIGRATED_VERIFIED
8283ab91b10f89ac758d09ecf5fb4d6343536600a06dd468b1cc1ecf4ec747c4,ACTIVE_MASTER_V2_ILLUMEXT,RGB_BINDING_3.4.0,144,H005_L035_C050,151,35,79,c508d7e58e74b2e52d934612ba247c48155a3e4483d1fa3099b65f8094ac247b,de94b5aa6eeb4cb26ef011e86f3f47cfd12211a13696fc60cb7521b07d2999e5,SUPERSEDED_BY,EXPLICIT_ROW_ID_AND_REFERENCE_BINDING,MIGRATED_VERIFIED
8283ab91b10f89ac758d09ecf5fb4d6343536600a06dd468b1cc1ecf4ec747c4,ACTIVE_MASTER_V2_ILLUMEXT,RGB_BINDING_3.4.0,145,H005_L035_C055,157,22,77,ae1de66a4c9f6c01884c306707bb0fa071099bc74452ce5c8d246d06b9df6fcf,fb356f5f52ddf9aef27268a39bdf3f186efc2378eddb085440da0e2d85182884,SUPERSEDED_BY,EXPLICIT_ROW_ID_AND_REFERENCE_BINDING,MIGRATED_VERIFIED
8283ab91b10f89ac758d09ecf5fb4d6343536600a06dd468b1cc1ecf4ec747c4,ACTIVE_MASTER_V2_ILLUMEXT,RGB_BINDING_3.4.0,146,H005_L035_C060,162,0,77,a73fad178498fe8fb3dc7e52fb158bbc3ca8ae95dd48b17bb84c554ee8add924,bd203b138698ad3e04f56eeccc474fab2eb5af7b9245a576fa658375fe0fca1e,SUPERSEDED_BY,EXPLICIT_ROW_ID_AND_REFERENCE_BINDING,MIGRATED_VERIFIED
8283ab91b10f89ac758d09ecf5fb4d6343536600a06dd468b1cc1ecf4ec747c4,ACTIVE_MASTER_V2_ILLUMEXT,RGB_BINDING_3.4.0,147,H005_L030_C005,79,68,71,1fcf74e4ba2d08b33f9d71de77e8b61a33b5a5a97c929bfa5eae62ed1e56f53b,819d1e93adc94c333041617fbd0476faaaf3165a996acaf1770cff94e67fd591,SUPERSEDED_BY,EXPLICIT_ROW_ID_AND_REFERENCE_BINDING,MIGRATED_VERIFIED
8283ab91b10f89ac758d09ecf5fb4d6343536600a06dd468b1cc1ecf4ec747c4,ACTIVE_MASTER_V2_ILLUMEXT,RGB_BINDING_3.4.0,148,H005_L030_C010,86,65,70,713ff000645f5c29a147386adcfbaebe6f3c7a5a1546a50800b18f430bedb21e,baa8d8b7a216a564ff9bd0b556106032520a82f2dc4cd1b3491d6bd5bd369b55,SUPERSEDED_BY,EXPLICIT_ROW_ID_AND_REFERENCE_BINDING,MIGRATED_VERIFIED
8283ab91b10f89ac758d09ecf5fb4d6343536600a06dd468b1cc1ecf4ec747c4,ACTIVE_MASTER_V2_ILLUMEXT,RGB_BINDING_3.4.0,149,H005_L030_C015,94,63,70,699c8323d0f9bec145ddd2462d37b1fc44688032007e5f3f631455999f857cb8,c41679c0758e6d8aa559beffedb1c2564023f89133c0c106a55f1ad3dc959520,SUPERSEDED_BY,EXPLICIT_ROW_ID_AND_REFERENCE_BINDING,MIGRATED_VERIFIED
8283ab91b10f89ac758d09ecf5fb4d6343536600a06dd468b1cc1ecf4ec747c4,ACTIVE_MASTER_V2_ILLUMEXT,RGB_BINDING_3.4.0,150,H005_L030_C020,101,59,69,a0f941ff6531e5bdc7f58f108a9ee3c21077766d34ed1515a66b4dfa2e1a885b,ffaa725466551ba3d6c28810225b0e6f25d2a72cf91e52ec49dcd8e305e2ad65,SUPERSEDED_BY,EXPLICIT_ROW_ID_AND_REFERENCE_BINDING,MIGRATED_VERIFIED
8283ab91b10f89ac758d09ecf5fb4d6343536600a06dd468b1cc1ecf4ec747c4,ACTIVE_MASTER_V2_ILLUMEXT,RGB_BINDING_3.4.0,151,H005_L030_C025,107,55,69,af63e53027c86a00cdb4ef5f30cd2e10c8bc4966479dc3344fa267d39330e339,044f4bd3f7c5f5618ddcd11d7b7ce9e494b9e6acbec3040e5542fbe09e47a4a1,SUPERSEDED_BY,EXPLICIT_ROW_ID_AND_REFERENCE_BINDING,MIGRATED_VERIFIED
8283ab91b10f89ac758d09ecf5fb4d6343536600a06dd468b1cc1ecf4ec747c4,ACTIVE_MASTER_V2_ILLUMEXT,RGB_BINDING_3.4.0,152,H005_L030_C030,113,49,67,83621ea0acb9948f945051e4b3627ecb9a7ee960efb232d9237f9a8743a5fa6a,9d441fa62ce2f0b3e5e2efb0493bf236c414fbacb8639e8363273337c681a494,SUPERSEDED_BY,EXPLICIT_ROW_ID_AND_REFERENCE_BINDING,MIGRATED_VERIFIED
8283ab91b10f89ac758d09ecf5fb4d6343536600a06dd468b1cc1ecf4ec747c4,ACTIVE_MASTER_V2_ILLUMEXT,RGB_BINDING_3.4.0,153,H005_L030_C035,120,45,68,4760dd94a494efb6c077bc151d0923d211f7beb576bd878954acbf38d506ae04,d105eb961c9dfe59467bcfeaf90ee8a78708627db757a7fac41c12c7458f7e6e,SUPERSEDED_BY,EXPLICIT_ROW_ID_AND_REFERENCE_BINDING,MIGRATED_VERIFIED
8283ab91b10f89ac758d09ecf5fb4d6343536600a06dd468b1cc1ecf4ec747c4,ACTIVE_MASTER_V2_ILLUMEXT,RGB_BINDING_3.4.0,154,H005_L030_C040,125,38,68,630f7a7dd62894b592425d5ccbb7ca5902af93ca161bbf4560337fbadf13b9cf,995819159738fa0f96ccea59c72ace56d2e1b201d66e72aa9527994dbd447d6e,SUPERSEDED_BY,EXPLICIT_ROW_ID_AND_REFERENCE_BINDING,MIGRATED_VERIFIED
8283ab91b10f89ac758d09ecf5fb4d6343536600a06dd468b1cc1ecf4ec747c4,ACTIVE_MASTER_V2_ILLUMEXT,RGB_BINDING_3.4.0,155,H005_L030_C045,131,30,67,4581d781a97664e3be2427e6366e7a26aa8112266dc54587500b4dcd18613d61,1b36c73030038be006d825c10c5c98f78f12081c69ac15e527f203a3d1ea899d,SUPERSEDED_BY,EXPLICIT_ROW_ID_AND_REFERENCE_BINDING,MIGRATED_VERIFIED
8283ab91b10f89ac758d09ecf5fb4d6343536600a06dd468b1cc1ecf4ec747c4,ACTIVE_MASTER_V2_ILLUMEXT,RGB_BINDING_3.4.0,156,H005_L030_C050,137,17,67,9ac7f8436bcfc6a914d9ce206828d8e3adcd60535c7f1b9f81acb4f8d6d84f31,b498b0870325a3947999ffe42cf89a8309ce892ae1e7440c50ddd471525ce40d,SUPERSEDED_BY,EXPLICIT_ROW_ID_AND_REFERENCE_BINDING,MIGRATED_VERIFIED
8283ab91b10f89ac758d09ecf5fb4d6343536600a06dd468b1cc1ecf4ec747c4,ACTIVE_MASTER_V2_ILLUMEXT,RGB_BINDING_3.4.0,157,H005_L030_C055,142,0,66,fd190f636875b5254337beaa014e6dc68179a095b09524ae4678e3fbb7ecb6d5,c4943d9b4394c7737885b45c6a06e5e1e61c331d584ad4a3aa08d0cec590e308,SUPERSEDED_BY,EXPLICIT_ROW_ID_AND_REFERENCE_BINDING,MIGRATED_VERIFIED
8283ab91b10f89ac758d09ecf5fb4d6343536600a06dd468b1cc1ecf4ec747c4,ACTIVE_MASTER_V2_ILLUMEXT,RGB_BINDING_3.4.0,158,H005_L025_C005,67,57,60,79180e49f2d21194fcd26395c927b5cda26b0d80d4018cdfe0d3ece08ac22722,7e0e1fee00cbd556241ae9cfc222690ea5672920e2fbb2dd08ad92ea586846ec,SUPERSEDED_BY,EXPLICIT_ROW_ID_AND_REFERENCE_BINDING,MIGRATED_VERIFIED
8283ab91b10f89ac758d09ecf5fb4d6343536600a06dd468b1cc1ecf4ec747c4,ACTIVE_MASTER_V2_ILLUMEXT,RGB_BINDING_3.4.0,159,H005_L025_C010,74,54,58,e7d86e5af5bc1db1a241449b48327553874daa5fa7f0b5c6b113ea4a038c7221,5c3f933fa291b95a763fc888cb60daa4c917593908b98270377f3d8791a9ec2b,SUPERSEDED_BY,EXPLICIT_ROW_ID_AND_REFERENCE_BINDING,MIGRATED_VERIFIED
8283ab91b10f89ac758d09ecf5fb4d6343536600a06dd468b1cc1ecf4ec747c4,ACTIVE_MASTER_V2_ILLUMEXT,RGB_BINDING_3.4.0,160,H005_L025_C015,81,51,58,ea39d560bcc5064ec2167bf790ec2d94d4da7219f369c45e9ceb826ddd09937e,2904e0e6e670aef2b882b4c87aa87e6f45e570c36af78f32abcd48a5fe947a5c,SUPERSEDED_BY,EXPLICIT_ROW_ID_AND_REFERENCE_BINDING,MIGRATED_VERIFIED
8283ab91b10f89ac758d09ecf5fb4d6343536600a06dd468b1cc1ecf4ec747c4,ACTIVE_MASTER_V2_ILLUMEXT,RGB_BINDING_3.4.0,161,H005_L025_C020,87,47,57,1754f691092142559a128a31706a9d0ce3058481d685ae3787eab6c7a5cb69a2,5f6a5e183eff7b03e0738a081ed1c1f20642879be039d33f4cb94c00cf6960ac,SUPERSEDED_BY,EXPLICIT_ROW_ID_AND_REFERENCE_BINDING,MIGRATED_VERIFIED
8283ab91b10f89ac758d09ecf5fb4d6343536600a06dd468b1cc1ecf4ec747c4,ACTIVE_MASTER_V2_ILLUMEXT,RGB_BINDING_3.4.0,162,H005_L025_C025,94,43,58,d0a40360e50103872e0ccbc92282423ec82f58077f637b9fcd1ef010a4403df7,c1321d18ba80644410c0677260bfc963c0c7392f9c1f598832e0ec1229927ebe,SUPERSEDED_BY,EXPLICIT_ROW_ID_AND_REFERENCE_BINDING,MIGRATED_VERIFIED
8283ab91b10f89ac758d09ecf5fb4d6343536600a06dd468b1cc1ecf4ec747c4,ACTIVE_MASTER_V2_ILLUMEXT,RGB_BINDING_3.4.0,163,H005_L025_C030,100,38,56,e97dd3662b13a4d526c14493ee8b20bf5bf101ae086eed657c19dd02acf8b1a7,482abcdf44679fefbac4a5d8eef4e94f8e96f359ccca12f9b4932bbb3756b425,SUPERSEDED_BY,EXPLICIT_ROW_ID_AND_REFERENCE_BINDING,MIGRATED_VERIFIED
8283ab91b10f89ac758d09ecf5fb4d6343536600a06dd468b1cc1ecf4ec747c4,ACTIVE_MASTER_V2_ILLUMEXT,RGB_BINDING_3.4.0,164,H005_L025_C035,106,32,57,d49968a1390990ffe97af835355c02a4b6a933665072566362c2d5dbddbfe538,07d3e901dd47379a509ece8442b8371f3797f1c45df95befdd7dd8715582e8fe,SUPERSEDED_BY,EXPLICIT_ROW_ID_AND_REFERENCE_BINDING,MIGRATED_VERIFIED
8283ab91b10f89ac758d09ecf5fb4d6343536600a06dd468b1cc1ecf4ec747c4,ACTIVE_MASTER_V2_ILLUMEXT,RGB_BINDING_3.4.0,165,H005_L025_C040,111,23,57,5acee9bcefe65fc8c429a86855b95d25c9cc8278e9ed1218e70d5be0b08ce0b9,99ec51be67feb1801b88f9b684368dde8e285d4cba42602878df1cfadad38aba,SUPERSEDED_BY,EXPLICIT_ROW_ID_AND_REFERENCE_BINDING,MIGRATED_VERIFIED
8283ab91b10f89ac758d09ecf5fb4d6343536600a06dd468b1cc1ecf4ec747c4,ACTIVE_MASTER_V2_ILLUMEXT,RGB_BINDING_3.4.0,166,H005_L025_C045,117,11,55,add9be0247273df9de4e25a609c1d99f9550d01a4b6f6836b9abc06f024e86a0,9acdaedbb5637ab43411dd678f5fba54e442cb43a303eef454c55d23729c8fa7,SUPERSEDED_BY,EXPLICIT_ROW_ID_AND_REFERENCE_BINDING,MIGRATED_VERIFIED
8283ab91b10f89ac758d09ecf5fb4d6343536600a06dd468b1cc1ecf4ec747c4,ACTIVE_MASTER_V2_ILLUMEXT,RGB_BINDING_3.4.0,167,H005_L020_C005,56,46,49,0741a3885f93cb58f49c0b37fc1e135806e9e23c50ede33efdc6ee3b29a64aad,e4a9d49bc18f60ecf72623c54066baef2707db82c224ef8fd41c1c95a539c1c5,SUPERSEDED_BY,EXPLICIT_ROW_ID_AND_REFERENCE_BINDING,MIGRATED_VERIFIED
8283ab91b10f89ac758d09ecf5fb4d6343536600a06dd468b1cc1ecf4ec747c4,ACTIVE_MASTER_V2_ILLUMEXT,RGB_BINDING_3.4.0,168,H005_L020_C010,63,43,47,fd68b6b5aa5088c15ba8b6f7ed6998ccc8d5c48a26d061da4df75bd89577288e,f97c8a6a5489680a16b4107f2613978ad6456197f55b3ac86e0168d071e9210a,SUPERSEDED_BY,EXPLICIT_ROW_ID_AND_REFERENCE_BINDING,MIGRATED_VERIFIED
8283ab91b10f89ac758d09ecf5fb4d6343536600a06dd468b1cc1ecf4ec747c4,ACTIVE_MASTER_V2_ILLUMEXT,RGB_BINDING_3.4.0,169,H005_L020_C015,69,40,47,de5ac60e1cc86e3f5d07bef70f5de5fd87d6c02b7980184566926ef15b3ce082,abb776d462a10c9628884325b61685c08c6aca19d0af9e158d21cce5ca4baca7,SUPERSEDED_BY,EXPLICIT_ROW_ID_AND_REFERENCE_BINDING,MIGRATED_VERIFIED
8283ab91b10f89ac758d09ecf5fb4d6343536600a06dd468b1cc1ecf4ec747c4,ACTIVE_MASTER_V2_ILLUMEXT,RGB_BINDING_3.4.0,170,H005_L020_C020,75,36,46,173873395b196b8b3b5b0af2bb7b4f8e66dff93cdba829cbb1105d37df7bc94b,71abe6594e74ea8a67aafa0ddc643985789dc3e5db02383a66f56e4681993f2a,SUPERSEDED_BY,EXPLICIT_ROW_ID_AND_REFERENCE_BINDING,MIGRATED_VERIFIED
8283ab91b10f89ac758d09ecf5fb4d6343536600a06dd468b1cc1ecf4ec747c4,ACTIVE_MASTER_V2_ILLUMEXT,RGB_BINDING_3.4.0,171,H005_L020_C025,80,31,46,27d5850c77a6692873227a91be61b3ac2582a5195d758c216bf8e47fbc8181d4,8a9383df189e08d2050fbaa17b12648a7a75ff742f085be299be04b3965e76b4,SUPERSEDED_BY,EXPLICIT_ROW_ID_AND_REFERENCE_BINDING,MIGRATED_VERIFIED
8283ab91b10f89ac758d09ecf5fb4d6343536600a06dd468b1cc1ecf4ec747c4,ACTIVE_MASTER_V2_ILLUMEXT,RGB_BINDING_3.4.0,172,H005_L020_C030,86,25,45,c474f37839da100cad32b6de1f822193d8ab5ff693bd7d2206aaa1c2d23c187b,2db0548c4724acf3735679d0dd0c9943b708d3cf3335ed8eeb34662be19115bc,SUPERSEDED_BY,EXPLICIT_ROW_ID_AND_REFERENCE_BINDING,MIGRATED_VERIFIED
8283ab91b10f89ac758d09ecf5fb4d6343536600a06dd468b1cc1ecf4ec747c4,ACTIVE_MASTER_V2_ILLUMEXT,RGB_BINDING_3.4.0,173,H005_L020_C035,92,18,45,ec3e425be7b7ee11c3a355c6daf0ba84a9d0194f58bedaa0db2758e438428f67,463bac54985b207bd6629d5e26b115c2ef586a87fa6e5f8d2e6947fe2e5802c6,SUPERSEDED_BY,EXPLICIT_ROW_ID_AND_REFERENCE_BINDING,MIGRATED_VERIFIED
8283ab91b10f89ac758d09ecf5fb4d6343536600a06dd468b1cc1ecf4ec747c4,ACTIVE_MASTER_V2_ILLUMEXT,RGB_BINDING_3.4.0,174,H005_L020_C040,98,6,46,e4d0bb0de4cc65f83ebea8bd28a1824b35b7eeeb6ce63db9bc32def2f0b5c096,187047602f73b15dfbb648540ea0eb5db3b0b3e519f939af64fe79a8be76717e,SUPERSEDED_BY,EXPLICIT_ROW_ID_AND_REFERENCE_BINDING,MIGRATED_VERIFIED
8283ab91b10f89ac758d09ecf5fb4d6343536600a06dd468b1cc1ecf4ec747c4,ACTIVE_MASTER_V2_ILLUMEXT,RGB_BINDING_3.4.0,175,H005_L015_C005,45,35,38,5672f0ca4a224ef33b63ecb91caeb8efe50b06afc05e80407e1616a11904075b,d7128395bd4eeaf25b3564558c42a69f92972aff5c17550c4e8149ff885ca33e,SUPERSEDED_BY,EXPLICIT_ROW_ID_AND_REFERENCE_BINDING,MIGRATED_VERIFIED
8283ab91b10f89ac758d09ecf5fb4d6343536600a06dd468b1cc1ecf4ec747c4,ACTIVE_MASTER_V2_ILLUMEXT,RGB_BINDING_3.4.0,176,H005_L015_C010,51,32,36,39f8c64d9342a512b11a8d63219da85c20d263913d3e08097ffe584f6136e538,89304cd923ade2ed08ab0ef12fe5f46bc4107bbaf3ce3bc4c9dbe72ae42f8c96,SUPERSEDED_BY,EXPLICIT_ROW_ID_AND_REFERENCE_BINDING,MIGRATED_VERIFIED
8283ab91b10f89ac758d09ecf5fb4d6343536600a06dd468b1cc1ecf4ec747c4,ACTIVE_MASTER_V2_ILLUMEXT,RGB_BINDING_3.4.0,177,H005_L015_C015,57,29,37,5bc500ec4a213bf8227cbf9efdfcab62aba88dac13690f49b9a31089e814f725,a6aa7775adbfd729c4b92be5118dc282d118210b051e91c829c02110770cc57c,SUPERSEDED_BY,EXPLICIT_ROW_ID_AND_REFERENCE_BINDING,MIGRATED_VERIFIED
8283ab91b10f89ac758d09ecf5fb4d6343536600a06dd468b1cc1ecf4ec747c4,ACTIVE_MASTER_V2_ILLUMEXT,RGB_BINDING_3.4.0,178,H005_L015_C020,63,25,35,35bbc51ec1da670c9a7da6a8e27ca0851d698a4c9d485de322820de14dc44bb8,4cfc2263c44d76dbb23f8e0c8f8c1c6f0b394c61657a53144720d3d6ebf2f7f1,SUPERSEDED_BY,EXPLICIT_ROW_ID_AND_REFERENCE_BINDING,MIGRATED_VERIFIED
8283ab91b10f89ac758d09ecf5fb4d6343536600a06dd468b1cc1ecf4ec747c4,ACTIVE_MASTER_V2_ILLUMEXT,RGB_BINDING_3.4.0,179,H005_L015_C025,68,20,36,1ba5e72aef2a00ddf2d5fcca733efbf97a73d06f230cdca45b1878c2e522aa67,d0aa3ac4c4b958c1ab1bf23fbcabe84b47929669676f44024306b08225c6b512,SUPERSEDED_BY,EXPLICIT_ROW_ID_AND_REFERENCE_BINDING,MIGRATED_VERIFIED
8283ab91b10f89ac758d09ecf5fb4d6343536600a06dd468b1cc1ecf4ec747c4,ACTIVE_MASTER_V2_ILLUMEXT,RGB_BINDING_3.4.0,180,H005_L015_C030,73,12,34,c54e26ea866a14439198c58645caf9873c5d09b248502772eb730d32f23fb239,6a081809636d5b44025842b802b521f721e121aa522820f1f18bdff1c520b37b,SUPERSEDED_BY,EXPLICIT_ROW_ID_AND_REFERENCE_BINDING,MIGRATED_VERIFIED
8283ab91b10f89ac758d09ecf5fb4d6343536600a06dd468b1cc1ecf4ec747c4,ACTIVE_MASTER_V2_ILLUMEXT,RGB_BINDING_3.4.0,181,H005_L010_C005,35,26,28,e62f81de61f6e88b418b46b97840dad00c7c4019632196c69cacf1e77b510920,b8285e17dca8a59199d98783a501aee54093d53944d1e0419c85a62e5ebf7c5f,SUPERSEDED_BY,EXPLICIT_ROW_ID_AND_REFERENCE_BINDING,MIGRATED_VERIFIED
8283ab91b10f89ac758d09ecf5fb4d6343536600a06dd468b1cc1ecf4ec747c4,ACTIVE_MASTER_V2_ILLUMEXT,RGB_BINDING_3.4.0,182,H005_L010_C010,40,22,27,e0151cf4af509705dff4bd1e5925c0022f32567b282a9a257a7260c1061354d1,26e38d14d1a11da4ec64c3c2e0997ac2ae5692485881ecd4a656590ce6511082,SUPERSEDED_BY,EXPLICIT_ROW_ID_AND_REFERENCE_BINDING,MIGRATED_VERIFIED
8283ab91b10f89ac758d09ecf5fb4d6343536600a06dd468b1cc1ecf4ec747c4,ACTIVE_MASTER_V2_ILLUMEXT,RGB_BINDING_3.4.0,183,H005_L010_C015,46,19,27,675773719b8009d5406fd168951930efe92e5736cb260246031b63c4db4165e9,d783d754d2934c091069d2e443405b9672f766e0b7d4af518f2501767e7f8277,SUPERSEDED_BY,EXPLICIT_ROW_ID_AND_REFERENCE_BINDING,MIGRATED_VERIFIED
8283ab91b10f89ac758d09ecf5fb4d6343536600a06dd468b1cc1ecf4ec747c4,ACTIVE_MASTER_V2_ILLUMEXT,RGB_BINDING_3.4.0,184,H005_L010_C020,52,15,26,de4f5d0f4f6888fcd7c307738ffa1b727f965b0649c2b11cc9e1e761ec5ac41c,80de085dbd31ed5b324d8e4fc7b845d8858eae7e8c474c2ccb853fdbd5c8b78b,SUPERSEDED_BY,EXPLICIT_ROW_ID_AND_REFERENCE_BINDING,MIGRATED_VERIFIED
8283ab91b10f89ac758d09ecf5fb4d6343536600a06dd468b1cc1ecf4ec747c4,ACTIVE_MASTER_V2_ILLUMEXT,RGB_BINDING_3.4.0,185,H005_L005_C005,25,14,18,ae46d9dd0f0ed8495c0e0347aa7ba8fdf4233801df20d7006a9af903a00ba707,c6e8d1e277c62f9295fe77a150a4ee8787a746f06ff841f828e6ee3f09f7a85b,SUPERSEDED_BY,EXPLICIT_ROW_ID_AND_REFERENCE_BINDING,MIGRATED_VERIFIED
8283ab91b10f89ac758d09ecf5fb4d6343536600a06dd468b1cc1ecf4ec747c4,ACTIVE_MASTER_V2_ILLUMEXT,RGB_BINDING_3.4.0,186,H005_L005_C010,31,10,15,c0e1eeb4ad50f23c98b89c92b3c01bf0dc46b9c113fd9926639bb092d9fd0351,607847217e4c6915c036d742cb36e47f7067dda9ab23acdc8caaed0d8b0462b5,SUPERSEDED_BY,EXPLICIT_ROW_ID_AND_REFERENCE_BINDING,MIGRATED_VERIFIED
8283ab91b10f89ac758d09ecf5fb4d6343536600a06dd468b1cc1ecf4ec747c4,ACTIVE_MASTER_V2_ILLUMEXT,RGB_BINDING_3.4.0,187,H010_L090_C005,237,224,225,6b01375c1137ec186565e9df6ef07af35d2c3ee31cf67a4f0f6bc01afdd4acc8,087867a99689f817cdd34a9a952a5cae6dec5b7679ee11d5e4a59047d2ed0bc2,SUPERSEDED_BY,EXPLICIT_ROW_ID_AND_REFERENCE_BINDING,MIGRATED_VERIFIED
8283ab91b10f89ac758d09ecf5fb4d6343536600a06dd468b1cc1ecf4ec747c4,ACTIVE_MASTER_V2_ILLUMEXT,RGB_BINDING_3.4.0,188,H010_L090_C010,248,220,224,5c57c4fd7e488ca22e2b6f9f288c259c5788d6699438650d69dcbcd461404dc9,73df1b0c89f8b34803e42f3ba60448712e1f3d95ce3042f7fb5c331dba725640,SUPERSEDED_BY,EXPLICIT_ROW_ID_AND_REFERENCE_BINDING,MIGRATED_VERIFIED
8283ab91b10f89ac758d09ecf5fb4d6343536600a06dd468b1cc1ecf4ec747c4,ACTIVE_MASTER_V2_ILLUMEXT,RGB_BINDING_3.4.0,189,H010_L085_C005,222,209,210,e22033fbc2d84060aff019938b3bb8a2722b180e26deddf5112e3b4434fb0156,1d6032a14878f913e1aafb7691a613c8415052e7892a9020f050a1f21e32ce87,SUPERSEDED_BY,EXPLICIT_ROW_ID_AND_REFERENCE_BINDING,MIGRATED_VERIFIED
8283ab91b10f89ac758d09ecf5fb4d6343536600a06dd468b1cc1ecf4ec747c4,ACTIVE_MASTER_V2_ILLUMEXT,RGB_BINDING_3.4.0,190,H010_L085_C010,233,206,209,edb714f980b947aeab9f73a8578ccf4aabc369c51d46ceb922950a55fe8ac07e,c11181ea7af1aa92741b01f68ae3ec9823fef761709659826748da60da1edc1b,SUPERSEDED_BY,EXPLICIT_ROW_ID_AND_REFERENCE_BINDING,MIGRATED_VERIFIED
8283ab91b10f89ac758d09ecf5fb4d6343536600a06dd468b1cc1ecf4ec747c4,ACTIVE_MASTER_V2_ILLUMEXT,RGB_BINDING_3.4.0,191,H010_L085_C015,242,202,207,3b772872b7f58566113ce264e5ef289be9b1103ed4fcfb9327fcf9004cef4b31,9cf0bd6c23a296bb066ee464ef8bdba9171054c3eae67c61f94b6681d8be0da1,SUPERSEDED_BY,EXPLICIT_ROW_ID_AND_REFERENCE_BINDING,MIGRATED_VERIFIED
8283ab91b10f89ac758d09ecf5fb4d6343536600a06dd468b1cc1ecf4ec747c4,ACTIVE_MASTER_V2_ILLUMEXT,RGB_BINDING_3.4.0,192,H010_L085_C020,251,199,208,bbe57def83b0299003caf8e7d4af1100c77526f2101c826d2c94b99f4386ce50,92d3dc7a8873feccde939630a816d86f0fc185ccf0a8bc010d76441ad78679f4,SUPERSEDED_BY,EXPLICIT_ROW_ID_AND_REFERENCE_BINDING,MIGRATED_VERIFIED
8283ab91b10f89ac758d09ecf5fb4d6343536600a06dd468b1cc1ecf4ec747c4,ACTIVE_MASTER_V2_ILLUMEXT,RGB_BINDING_3.4.0,193,H010_L080_C005,208,195,196,8bd37af142b821166e10f71b15db4f9788f9daf3e41e2dec40049b4d919377c0,f0d3f7f34f52055a749d09d7a8cedd9ea333cf9b737580ea8754e3c9a403dd99,SUPERSEDED_BY,EXPLICIT_ROW_ID_AND_REFERENCE_BINDING,MIGRATED_VERIFIED
8283ab91b10f89ac758d09ecf5fb4d6343536600a06dd468b1cc1ecf4ec747c4,ACTIVE_MASTER_V2_ILLUMEXT,RGB_BINDING_3.4.0,194,H010_L080_C010,218,192,195,4bf122af3eb02a459dc4a1f0dbe66210d3cf5c3f2c9a33b43417b60c7b2f3def,c6c5c1ac21869dc90727431d5a60378a968896ada4a49a74bf4d3abe1d0de343,SUPERSEDED_BY,EXPLICIT_ROW_ID_AND_REFERENCE_BINDING,MIGRATED_VERIFIED
8283ab91b10f89ac758d09ecf5fb4d6343536600a06dd468b1cc1ecf4ec747c4,ACTIVE_MASTER_V2_ILLUMEXT,RGB_BINDING_3.4.0,195,H010_L080_C015,227,188,193,9b0a0368ab29a702fed021d2801b59ccb46df8fc03a045e939d9e9b879b6c33f,5397c8817a478637e264dd90ea8b0c19343e3c502f490d29f4684b7edc86b65a,SUPERSEDED_BY,EXPLICIT_ROW_ID_AND_REFERENCE_BINDING,MIGRATED_VERIFIED
8283ab91b10f89ac758d09ecf5fb4d6343536600a06dd468b1cc1ecf4ec747c4,ACTIVE_MASTER_V2_ILLUMEXT,RGB_BINDING_3.4.0,196,H010_L080_C020,236,185,194,555adf93b03417792328ffa1a8a831c5c319c4ca546dc6e151c7cc1b4eeb666c,8880b2757c104a7b686caa29af0f7073de36824ffcbcf4a791148ce5a4fee99c,SUPERSEDED_BY,EXPLICIT_ROW_ID_AND_REFERENCE_BINDING,MIGRATED_VERIFIED
8283ab91b10f89ac758d09ecf5fb4d6343536600a06dd468b1cc1ecf4ec747c4,ACTIVE_MASTER_V2_ILLUMEXT,RGB_BINDING_3.4.0,197,H010_L080_C025,245,181,192,a17def2d5c18a3e249d7c0080c6d485a4a870fb261bb42eb3128bb902c02a6d1,b4a0788ef0f8b4ad9efe298d2f4480827948834355d60b9124d88cb638e2d969,SUPERSEDED_BY,EXPLICIT_ROW_ID_AND_REFERENCE_BINDING,MIGRATED_VERIFIED
8283ab91b10f89ac758d09ecf5fb4d6343536600a06dd468b1cc1ecf4ec747c4,ACTIVE_MASTER_V2_ILLUMEXT,RGB_BINDING_3.4.0,198,H010_L080_C030,253,177,190,1864586f73191823cf299e8c075ac36d72b7469af48f3380caccf52a91d58d31,c460314f01a252e959d382b437d28621827096701a7eab280cf42ca202fd59a1,SUPERSEDED_BY,EXPLICIT_ROW_ID_AND_REFERENCE_BINDING,MIGRATED_VERIFIED
8283ab91b10f89ac758d09ecf5fb4d6343536600a06dd468b1cc1ecf4ec747c4,ACTIVE_MASTER_V2_ILLUMEXT,RGB_BINDING_3.4.0,199,H010_L075_C005,194,181,183,0c10554d527f15e9f9bf6e276992df9ecdcbd49d670f66492a7c73750b85fe04,03bcb55bae92ec62511bdad229d5f2d4377de7d592a83db1dda7564e15e650ab,SUPERSEDED_BY,EXPLICIT_ROW_ID_AND_REFERENCE_BINDING,MIGRATED_VERIFIED
8283ab91b10f89ac758d09ecf5fb4d6343536600a06dd468b1cc1ecf4ec747c4,ACTIVE_MASTER_V2_ILLUMEXT,RGB_BINDING_3.4.0,200,H010_L075_C010,204,178,181,06797639c7521489bace61ac4ed3ed1d131739200cb2814debbe567c978779ca,19299cab3c4378b5dd4db6042c7987761bee20a321bd04a3bf0ee853018f72f1,SUPERSEDED_BY,EXPLICIT_ROW_ID_AND_REFERENCE_BINDING,MIGRATED_VERIFIED
8283ab91b10f89ac758d09ecf5fb4d6343536600a06dd468b1cc1ecf4ec747c4,ACTIVE_MASTER_V2_ILLUMEXT,RGB_BINDING_3.4.0,201,H010_L075_C015,213,175,180,5669420c79a78b2fcd49f973582b9e1ec39c7977cb07f73d2add85ef3222ece4,7a812769b70f3c21cd6cf269be52d03503dab778de16f6a8576572a44d3a80da,SUPERSEDED_BY,EXPLICIT_ROW_ID_AND_REFERENCE_BINDING,MIGRATED_VERIFIED
8283ab91b10f89ac758d09ecf5fb4d6343536600a06dd468b1cc1ecf4ec747c4,ACTIVE_MASTER_V2_ILLUMEXT,RGB_BINDING_3.4.0,202,H010_L075_C020,222,171,180,cc694b1533856d4dee8fd9e12ae81f537385d9a4e3d5f8cd9b880147221443bc,e11103f8d117df95baea77dc450ccd2528dcb3b51e762c2c20d08a0727e114ab,SUPERSEDED_BY,EXPLICIT_ROW_ID_AND_REFERENCE_BINDING,MIGRATED_VERIFIED
8283ab91b10f89ac758d09ecf5fb4d6343536600a06dd468b1cc1ecf4ec747c4,ACTIVE_MASTER_V2_ILLUMEXT,RGB_BINDING_3.4.0,203,H010_L075_C025,230,168,179,87447655de3a309d8fe5b40bee32d455bcc0a95a8750e2470d5b42394694715b,82d8930b9254701a62fe0d24f83108d0541e6d80889af3adbcba7e0a033fec6e,SUPERSEDED_BY,EXPLICIT_ROW_ID_AND_REFERENCE_BINDING,MIGRATED_VERIFIED
8283ab91b10f89ac758d09ecf5fb4d6343536600a06dd468b1cc1ecf4ec747c4,ACTIVE_MASTER_V2_ILLUMEXT,RGB_BINDING_3.4.0,204,H010_L075_C030,238,163,176,38cef9116adcfd77405dc38191f91e926b9a76e38d51df1caf452e368e17d3a8,602997b89cac1b0680dbcf0e3b78f7e13d0e3af725b52fa5f55ae0e8665c3bd8,SUPERSEDED_BY,EXPLICIT_ROW_ID_AND_REFERENCE_BINDING,MIGRATED_VERIFIED
8283ab91b10f89ac758d09ecf5fb4d6343536600a06dd468b1cc1ecf4ec747c4,ACTIVE_MASTER_V2_ILLUMEXT,RGB_BINDING_3.4.0,205,H010_L075_C035,245,160,175,d48444dfd6bf84801f41c00678c6a53d4679f416dbbee5151559fd9985201cc7,893a2293ce2d3eaf2f8d38ba15a53aff8f87a2572a6f6f257e49b4c5dcd899c9,SUPERSEDED_BY,EXPLICIT_ROW_ID_AND_REFERENCE_BINDING,MIGRATED_VERIFIED
8283ab91b10f89ac758d09ecf5fb4d6343536600a06dd468b1cc1ecf4ec747c4,ACTIVE_MASTER_V2_ILLUMEXT,RGB_BINDING_3.4.0,206,H010_L075_C040,253,155,173,01533f8d4debcb4f32e58bf48611f496a3544064791ddea1216fbcea0b335dc1,14a9657f89c553c38af64db944f4f3881ebbeea8ad9007a504f13931c20ab51d,SUPERSEDED_BY,EXPLICIT_ROW_ID_AND_REFERENCE_BINDING,MIGRATED_VERIFIED
8283ab91b10f89ac758d09ecf5fb4d6343536600a06dd468b1cc1ecf4ec747c4,ACTIVE_MASTER_V2_ILLUMEXT,RGB_BINDING_3.4.0,207,H010_L070_C005,182,169,170,4e42e78c2f1f4bb1246b445e566b427fd98be0e29a05a698b31103692c457664,b1ee263f6fe0f8419a42d04164c4e58ee9184b8587f97de3e361974348b9595b,SUPERSEDED_BY,EXPLICIT_ROW_ID_AND_REFERENCE_BINDING,MIGRATED_VERIFIED
8283ab91b10f89ac758d09ecf5fb4d6343536600a06dd468b1cc1ecf4ec747c4,ACTIVE_MASTER_V2_ILLUMEXT,RGB_BINDING_3.4.0,208,H010_L070_C010,191,166,169,64eb30052db90b7db7b9d6e173529e6237f0086a5f4413d32edf942c2fcaec8d,acfa4f8954df5fc927c4664cbb05f9494092faa37cf640d699bdd2ad162995c5,SUPERSEDED_BY,EXPLICIT_ROW_ID_AND_REFERENCE_BINDING,MIGRATED_VERIFIED
8283ab91b10f89ac758d09ecf5fb4d6343536600a06dd468b1cc1ecf4ec747c4,ACTIVE_MASTER_V2_ILLUMEXT,RGB_BINDING_3.4.0,209,H010_L070_C015,200,162,167,a72d6b2ac0d8b7c2e9ed3d9fd0c315ad4919a5af2f11591c1c88e4d71a5b6ba9,d045279f6dbf4c47fbeba8c429b58bf99bd4d536a5bf205e32e58fc3ce2db42e,SUPERSEDED_BY,EXPLICIT_ROW_ID_AND_REFERENCE_BINDING,MIGRATED_VERIFIED
8283ab91b10f89ac758d09ecf5fb4d6343536600a06dd468b1cc1ecf4ec747c4,ACTIVE_MASTER_V2_ILLUMEXT,RGB_BINDING_3.4.0,210,H010_L070_C020,208,158,167,69ffe9895ea955502d266d827382facca4bdff64620051b1d88fffd73c086f46,d21566f8a69da8d5605e166e606a837040dc86e4ee2cdbb403a6f3461fd143b8,SUPERSEDED_BY,EXPLICIT_ROW_ID_AND_REFERENCE_BINDING,MIGRATED_VERIFIED
8283ab91b10f89ac758d09ecf5fb4d6343536600a06dd468b1cc1ecf4ec747c4,ACTIVE_MASTER_V2_ILLUMEXT,RGB_BINDING_3.4.0,211,H010_L070_C025,217,155,166,492098300575c02b43b24d40567dd41c1905c42bb17b898a0d76fdb4a046b538,3ab834a55630b9acef08288dd22f5d653716f2589bab1bfd78fcac902033039f,SUPERSEDED_BY,EXPLICIT_ROW_ID_AND_REFERENCE_BINDING,MIGRATED_VERIFIED
8283ab91b10f89ac758d09ecf5fb4d6343536600a06dd468b1cc1ecf4ec747c4,ACTIVE_MASTER_V2_ILLUMEXT,RGB_BINDING_3.4.0,212,H010_L070_C030,224,150,163,80ce88f4ab477af17360d3f063a7b6795aa8572a933cf52d361400b3e270d8e7,8d8980aaca098cd4602339e0a8633f70e1d79355fac9b50ecbb45d3b1602cb3c,SUPERSEDED_BY,EXPLICIT_ROW_ID_AND_REFERENCE_BINDING,MIGRATED_VERIFIED
8283ab91b10f89ac758d09ecf5fb4d6343536600a06dd468b1cc1ecf4ec747c4,ACTIVE_MASTER_V2_ILLUMEXT,RGB_BINDING_3.4.0,213,H010_L070_C035,231,147,163,f7651a9ba251cf92b526767634a36fa4db0c539476b9566f59e67d18a0818b2f,305c6b97b10b6c08d1a10d64ab40426866393c186b26c6489ed44f6fa29b681c,SUPERSEDED_BY,EXPLICIT_ROW_ID_AND_REFERENCE_BINDING,MIGRATED_VERIFIED
8283ab91b10f89ac758d09ecf5fb4d6343536600a06dd468b1cc1ecf4ec747c4,ACTIVE_MASTER_V2_ILLUMEXT,RGB_BINDING_3.4.0,214,H010_L070_C040,239,143,161,0fb5181835c33a4f70dc53f9e462e144fb258f39fe3adc59c41e89683a2623e4,d031dd953c9e551e543863b90b2f2d96116b75d1704b92831ee3242c901587df,SUPERSEDED_BY,EXPLICIT_ROW_ID_AND_REFERENCE_BINDING,MIGRATED_VERIFIED
8283ab91b10f89ac758d09ecf5fb4d6343536600a06dd468b1cc1ecf4ec747c4,ACTIVE_MASTER_V2_ILLUMEXT,RGB_BINDING_3.4.0,215,H010_L070_C045,247,138,159,0d6990c0a080b18fa6078230ef484127efd99b6775a0185709db8d261a317bfc,63add3951c62e02b79b5a5b44427673ff583e0e983fbeb8f806a16c76d3f2321,SUPERSEDED_BY,EXPLICIT_ROW_ID_AND_REFERENCE_BINDING,MIGRATED_VERIFIED
8283ab91b10f89ac758d09ecf5fb4d6343536600a06dd468b1cc1ecf4ec747c4,ACTIVE_MASTER_V2_ILLUMEXT,RGB_BINDING_3.4.0,216,H010_L070_C050,255,132,158,fcd1f1fa276b6d3110137c6ec179edeed6e80aa85008864e646d997470510363,6b8d60c5094f6f0bd072a4266aef5b27af8bb33da2dc6efa84bf6ce74733e94b,SUPERSEDED_BY,EXPLICIT_ROW_ID_AND_REFERENCE_BINDING,MIGRATED_VERIFIED
8283ab91b10f89ac758d09ecf5fb4d6343536600a06dd468b1cc1ecf4ec747c4,ACTIVE_MASTER_V2_ILLUMEXT,RGB_BINDING_3.4.0,217,H010_L065_C005,168,155,157,382b02a6ae38db2e4a23388c04a12033dc8cc71924cb67896762f68dbdde22aa,d869460adce4c97f328f3b9274057189ec6ccbe4fdb8927c26870e97be1634ea,SUPERSEDED_BY,EXPLICIT_ROW_ID_AND_REFERENCE_BINDING,MIGRATED_VERIFIED
8283ab91b10f89ac758d09ecf5fb4d6343536600a06dd468b1cc1ecf4ec747c4,ACTIVE_MASTER_V2_ILLUMEXT,RGB_BINDING_3.4.0,218,H010_L065_C010,176,151,154,39c5332f2959aaa24029166f559bafaba4b4386f7b03c6f837ad28fd6b9b35cf,75277a8c12567cf4d0fd9bd6ef85072550f04a23640071c6bc730adc5b7b03df,SUPERSEDED_BY,EXPLICIT_ROW_ID_AND_REFERENCE_BINDING,MIGRATED_VERIFIED
8283ab91b10f89ac758d09ecf5fb4d6343536600a06dd468b1cc1ecf4ec747c4,ACTIVE_MASTER_V2_ILLUMEXT,RGB_BINDING_3.4.0,219,H010_L065_C015,186,148,153,6daa31bb2573c183d5dd9a00dcd2f0c35b510d83d2435938dadbcc2d7cbd97b6,dd80b6d15b44f6383c247697a547b8fc388ef306f798781287f935f373f15ee6,SUPERSEDED_BY,EXPLICIT_ROW_ID_AND_REFERENCE_BINDING,MIGRATED_VERIFIED
8283ab91b10f89ac758d09ecf5fb4d6343536600a06dd468b1cc1ecf4ec747c4,ACTIVE_MASTER_V2_ILLUMEXT,RGB_BINDING_3.4.0,220,H010_L065_C020,194,145,154,8fb965a231c73578a688b934a9c385690351ed7a7a072a7660a47bf51a0cd6da,2ba29f37d91a6cc7b2ee122add8a9d33cd48bd8b1e97cc5967bed6a909a30cb0,SUPERSEDED_BY,EXPLICIT_ROW_ID_AND_REFERENCE_BINDING,MIGRATED_VERIFIED
8283ab91b10f89ac758d09ecf5fb4d6343536600a06dd468b1cc1ecf4ec747c4,ACTIVE_MASTER_V2_ILLUMEXT,RGB_BINDING_3.4.0,221,H010_L065_C025,202,141,152,0ed920bf72a3a3318a12c0b3b2021dd52d19cde091ac468e01ea7495e1bd3fb2,64748d239d04bfd9e7a2862c02a3f3ef3713e136b11239ab84e74d8a897ccbd1,SUPERSEDED_BY,EXPLICIT_ROW_ID_AND_REFERENCE_BINDING,MIGRATED_VERIFIED
8283ab91b10f89ac758d09ecf5fb4d6343536600a06dd468b1cc1ecf4ec747c4,ACTIVE_MASTER_V2_ILLUMEXT,RGB_BINDING_3.4.0,222,H010_L065_C030,210,137,150,b4eb5b7273d78ba276db6ddd22573841104e64a0536a6096f3ca3eaef752da7f,d1a0671a76429b8e5f112473718b093069065dc10d4b36f1eb2f475d1132cc61,SUPERSEDED_BY,EXPLICIT_ROW_ID_AND_REFERENCE_BINDING,MIGRATED_VERIFIED
8283ab91b10f89ac758d09ecf5fb4d6343536600a06dd468b1cc1ecf4ec747c4,ACTIVE_MASTER_V2_ILLUMEXT,RGB_BINDING_3.4.0,223,H010_L065_C035,217,134,149,f9c98d756dd1f31f397f4bd5e7b4e98247fbc695727329d8ee95f9340f4b932a,822635552b750bca15ce14bf7e5ebfa7161d4863bac146286daadd40389dac38,SUPERSEDED_BY,EXPLICIT_ROW_ID_AND_REFERENCE_BINDING,MIGRATED_VERIFIED
8283ab91b10f89ac758d09ecf5fb4d6343536600a06dd468b1cc1ecf4ec747c4,ACTIVE_MASTER_V2_ILLUMEXT,RGB_BINDING_3.4.0,224,H010_L065_C040,224,129,147,43a879f4008915e7639d7383dbb8e98cf0260100ea7424e6a7d9a5ba9f29a92c,524d7dbccfcaa5eab8ed39ae2d4a34f0e1e754886a717cc5860ce23e683295bf,SUPERSEDED_BY,EXPLICIT_ROW_ID_AND_REFERENCE_BINDING,MIGRATED_VERIFIED
8283ab91b10f89ac758d09ecf5fb4d6343536600a06dd468b1cc1ecf4ec747c4,ACTIVE_MASTER_V2_ILLUMEXT,RGB_BINDING_3.4.0,225,H010_L065_C045,231,124,145,42823316393a09c2cd52c1ca569c5aee57c3127597145eebb6a94f89724d6137,ea527b2c010f3e07d5732292288729aea7edc1e357723a6c405270e7b7abee6f,SUPERSEDED_BY,EXPLICIT_ROW_ID_AND_REFERENCE_BINDING,MIGRATED_VERIFIED
8283ab91b10f89ac758d09ecf5fb4d6343536600a06dd468b1cc1ecf4ec747c4,ACTIVE_MASTER_V2_ILLUMEXT,RGB_BINDING_3.4.0,226,H010_L065_C050,239,119,144,2f6f12f977d6faa1dfae0a26aed2a183a3e15fda06be97364e9e6f3abb601ccd,f7041ace4b9cc79753145fb27d52591fe49794cc733b0858b8c089fedb652919,SUPERSEDED_BY,EXPLICIT_ROW_ID_AND_REFERENCE_BINDING,MIGRATED_VERIFIED
8283ab91b10f89ac758d09ecf5fb4d6343536600a06dd468b1cc1ecf4ec747c4,ACTIVE_MASTER_V2_ILLUMEXT,RGB_BINDING_3.4.0,227,H010_L065_C055,246,113,143,741bbc83fef93cdcf0f07df8afabe574bbdb927842b0433a0bccfc4a19930dc7,925d12dbbc25de60ee928164e0b06c8af49e665ae8271379aede5bf776b7b9a7,SUPERSEDED_BY,EXPLICIT_ROW_ID_AND_REFERENCE_BINDING,MIGRATED_VERIFIED
8283ab91b10f89ac758d09ecf5fb4d6343536600a06dd468b1cc1ecf4ec747c4,ACTIVE_MASTER_V2_ILLUMEXT,RGB_BINDING_3.4.0,228,H010_L065_C060,253,107,143,d8485e620917a66cb8ca0004b2061bec97931d649ee3db63065c97a8a6101cbd,d91a4d2bfd17379c22116068dc541dce6988c762561c9b7f0b9e947e8dafd1b2,SUPERSEDED_BY,EXPLICIT_ROW_ID_AND_REFERENCE_BINDING,MIGRATED_VERIFIED
8283ab91b10f89ac758d09ecf5fb4d6343536600a06dd468b1cc1ecf4ec747c4,ACTIVE_MASTER_V2_ILLUMEXT,RGB_BINDING_3.4.0,229,H010_L060_C005,154,141,143,e77ffc7a684379282c680982e7c3630f2c7a39470b7a44e6827f073f5521d262,20b89857bd54ff38ccfdcdf393b91ee2299c8f782c0efd5ac44a29563b574783,SUPERSEDED_BY,EXPLICIT_ROW_ID_AND_REFERENCE_BINDING,MIGRATED_VERIFIED
8283ab91b10f89ac758d09ecf5fb4d6343536600a06dd468b1cc1ecf4ec747c4,ACTIVE_MASTER_V2_ILLUMEXT,RGB_BINDING_3.4.0,230,H010_L060_C010,163,138,142,eaa2d71880f88ede10febba43c91a94e02d57edd76242696d28e65b43e2aa063,4df58583097b56d3a5034813ef3ea49e154a851f9d1d77e4d740075d068eebc3,SUPERSEDED_BY,EXPLICIT_ROW_ID_AND_REFERENCE_BINDING,MIGRATED_VERIFIED
8283ab91b10f89ac758d09ecf5fb4d6343536600a06dd468b1cc1ecf4ec747c4,ACTIVE_MASTER_V2_ILLUMEXT,RGB_BINDING_3.4.0,231,H010_L060_C015,172,135,140,6aeaa5fbeb21198c76ba48a51f3b5df4875acb153df20629192912b22f4c1f6b,43cf0243cd1a967645b30cd72553fef5cb712011c4f8d98c48df3c1261805a0f,SUPERSEDED_BY,EXPLICIT_ROW_ID_AND_REFERENCE_BINDING,MIGRATED_VERIFIED
8283ab91b10f89ac758d09ecf5fb4d6343536600a06dd468b1cc1ecf4ec747c4,ACTIVE_MASTER_V2_ILLUMEXT,RGB_BINDING_3.4.0,232,H010_L060_C020,180,132,140,57d48295967ef2a6d177adb86ade20db6c8821d238d0d09aab16f78334ea25cc,4a5edb8ec5e30229eaedf6f436048abf85a6cb306e2be836662709daea816307,SUPERSEDED_BY,EXPLICIT_ROW_ID_AND_REFERENCE_BINDING,MIGRATED_VERIFIED
8283ab91b10f89ac758d09ecf5fb4d6343536600a06dd468b1cc1ecf4ec747c4,ACTIVE_MASTER_V2_ILLUMEXT,RGB_BINDING_3.4.0,233,H010_L060_C025,188,128,139,66f91be14f22e1b0febd9f03d6ea24bd190e7b893cacaab2381cce0816425348,a3dfc0e3f9149d026ad91bd2ddb406163b5a1c65af80f9cd3cb691cd6ceff12f,SUPERSEDED_BY,EXPLICIT_ROW_ID_AND_REFERENCE_BINDING,MIGRATED_VERIFIED
8283ab91b10f89ac758d09ecf5fb4d6343536600a06dd468b1cc1ecf4ec747c4,ACTIVE_MASTER_V2_ILLUMEXT,RGB_BINDING_3.4.0,234,H010_L060_C030,196,124,137,d9bb06e5d75879e644bf4d7e8b8aa22f46ef71a13a9ef902526c0f8a676b9839,ed4655e42cd21bdc9648613a74fe991dffe2f767e55f27c6b907bf6a50fd6c2d,SUPERSEDED_BY,EXPLICIT_ROW_ID_AND_REFERENCE_BINDING,MIGRATED_VERIFIED
8283ab91b10f89ac758d09ecf5fb4d6343536600a06dd468b1cc1ecf4ec747c4,ACTIVE_MASTER_V2_ILLUMEXT,RGB_BINDING_3.4.0,235,H010_L060_C035,201,120,135,0890e97fa09cff908861002fb59efecb1039dff0e4444fe4a094064ffdb92166,50d2bf56009ebcd47ab5f45b4f9e740919039e0889f25a22deca7240b42d3736,SUPERSEDED_BY,EXPLICIT_ROW_ID_AND_REFERENCE_BINDING,MIGRATED_VERIFIED
8283ab91b10f89ac758d09ecf5fb4d6343536600a06dd468b1cc1ecf4ec747c4,ACTIVE_MASTER_V2_ILLUMEXT,RGB_BINDING_3.4.0,236,H010_L060_C040,209,115,134,120e721615ed889d4ca58a8d0a7029d581555759a92e2423b8045d76457a8f08,ea8408beff6e4aa38ac795e0323b6656612ebb77f983daeaa4dfbf78657b9448,SUPERSEDED_BY,EXPLICIT_ROW_ID_AND_REFERENCE_BINDING,MIGRATED_VERIFIED
8283ab91b10f89ac758d09ecf5fb4d6343536600a06dd468b1cc1ecf4ec747c4,ACTIVE_MASTER_V2_ILLUMEXT,RGB_BINDING_3.4.0,237,H010_L060_C045,217,111,133,3e001787d8f7b9902eb8cb340f1ea55d3f3994bc42b7ed1f4fbb0e9fdf46449d,2be6e02734c9c6c4f04b8d43b61108c546cf3260df78012f9f184157e27e686f,SUPERSEDED_BY,EXPLICIT_ROW_ID_AND_REFERENCE_BINDING,MIGRATED_VERIFIED
8283ab91b10f89ac758d09ecf5fb4d6343536600a06dd468b1cc1ecf4ec747c4,ACTIVE_MASTER_V2_ILLUMEXT,RGB_BINDING_3.4.0,238,H010_L060_C050,224,105,132,2cfc877150fb4327bda83e6bc969bd0df0e3a00f0923a1094a2617a27276cd8b,7d06b80f5d2ec0f7518f181c2265f7b5c80bb5051a5e6bd168cdb7fb8f18121b,SUPERSEDED_BY,EXPLICIT_ROW_ID_AND_REFERENCE_BINDING,MIGRATED_VERIFIED
8283ab91b10f89ac758d09ecf5fb4d6343536600a06dd468b1cc1ecf4ec747c4,ACTIVE_MASTER_V2_ILLUMEXT,RGB_BINDING_3.4.0,239,H010_L060_C055,231,99,130,7a00ae7ee9febbfd04d6fe4c28cf4eb8ca2072bf9e49a0b2d69761eb69a9e76e,d39f717146fb850336d99acabd100a4b5732bf184a9553443d09f5ecedeef6a3,SUPERSEDED_BY,EXPLICIT_ROW_ID_AND_REFERENCE_BINDING,MIGRATED_VERIFIED
8283ab91b10f89ac758d09ecf5fb4d6343536600a06dd468b1cc1ecf4ec747c4,ACTIVE_MASTER_V2_ILLUMEXT,RGB_BINDING_3.4.0,240,H010_L060_C060,238,93,130,cbc4caab08a98990b1e90f0df4352313da28f527482a16c20e13fc0239c0d846,39c52c3a83ba011b709e623417bcab988baf1b8a3c55ef76838b6fd297b4b7d7,SUPERSEDED_BY,EXPLICIT_ROW_ID_AND_REFERENCE_BINDING,MIGRATED_VERIFIED
8283ab91b10f89ac758d09ecf5fb4d6343536600a06dd468b1cc1ecf4ec747c4,ACTIVE_MASTER_V2_ILLUMEXT,RGB_BINDING_3.4.0,241,H010_L060_C065,245,86,129,59cbf9ac608253470125a39249a166dae9243ce06fae1af2667def139a9de266,d2d932cd0ceec507fc68b9911b5adfa36f4a9904ff9c5ffe484544493a803d75,SUPERSEDED_BY,EXPLICIT_ROW_ID_AND_REFERENCE_BINDING,MIGRATED_VERIFIED
8283ab91b10f89ac758d09ecf5fb4d6343536600a06dd468b1cc1ecf4ec747c4,ACTIVE_MASTER_V2_ILLUMEXT,RGB_BINDING_3.4.0,242,H010_L060_C070,252,77,128,8bb76b624fce74cae8a901c29c5cc2a281146b906e6a465df91b53f5f430d7d0,e238bf1687b479d4629f84364637bb3a8839f50add60017e37709c76890519ea,SUPERSEDED_BY,EXPLICIT_ROW_ID_AND_REFERENCE_BINDING,MIGRATED_VERIFIED
8283ab91b10f89ac758d09ecf5fb4d6343536600a06dd468b1cc1ecf4ec747c4,ACTIVE_MASTER_V2_ILLUMEXT,RGB_BINDING_3.4.0,243,H010_L055_C005,141,129,130,a704ec3d8744ee9ee1ea7d7290112a2bfd076ef79eac8906e0b472724384c7d8,7103c8e20c2beff6718e68ef2e2494bac288cfb97f10d638eed4dbc21af45187,SUPERSEDED_BY,EXPLICIT_ROW_ID_AND_REFERENCE_BINDING,MIGRATED_VERIFIED
8283ab91b10f89ac758d09ecf5fb4d6343536600a06dd468b1cc1ecf4ec747c4,ACTIVE_MASTER_V2_ILLUMEXT,RGB_BINDING_3.4.0,244,H010_L055_C010,150,126,129,76ec9a7ff1df2eee350879f1ffd406b5667e3e48e71b8789d85854e4d0262005,eeb1b0314cc692749e15d7a58cf8d4dc0aaca6cae9e017cb694a03636e4070ed,SUPERSEDED_BY,EXPLICIT_ROW_ID_AND_REFERENCE_BINDING,MIGRATED_VERIFIED
8283ab91b10f89ac758d09ecf5fb4d6343536600a06dd468b1cc1ecf4ec747c4,ACTIVE_MASTER_V2_ILLUMEXT,RGB_BINDING_3.4.0,245,H010_L055_C015,158,122,127,0550623e1fc1ae65a0418441c73db00c9a1a837d82b397cb0a07d9bbec5e4da1,9c299f0f1a62d01033d43faa45fcb5642ffaddb4013553b2c667ba4d026d1a88,SUPERSEDED_BY,EXPLICIT_ROW_ID_AND_REFERENCE_BINDING,MIGRATED_VERIFIED
8283ab91b10f89ac758d09ecf5fb4d6343536600a06dd468b1cc1ecf4ec747c4,ACTIVE_MASTER_V2_ILLUMEXT,RGB_BINDING_3.4.0,246,H010_L055_C020,165,118,126,1750b1575ca633151a08054348eab62570d254d61e5ee3fa33ad2fe2f84af83d,7dd16a6c0ff9fa1791fa16a0adc65aec7299b384f1f9941703bf63a44b5fe3ef,SUPERSEDED_BY,EXPLICIT_ROW_ID_AND_REFERENCE_BINDING,MIGRATED_VERIFIED
8283ab91b10f89ac758d09ecf5fb4d6343536600a06dd468b1cc1ecf4ec747c4,ACTIVE_MASTER_V2_ILLUMEXT,RGB_BINDING_3.4.0,247,H010_L055_C025,174,115,126,47329ca1b6e1f9424b8055cbab47622b0693d598584430d29b30dfadf78e9483,d2b7b4b0e3d9fbbb4ab67369f9dd7829bd4a67fe2caa8efafefe2ca15302d002,SUPERSEDED_BY,EXPLICIT_ROW_ID_AND_REFERENCE_BINDING,MIGRATED_VERIFIED
8283ab91b10f89ac758d09ecf5fb4d6343536600a06dd468b1cc1ecf4ec747c4,ACTIVE_MASTER_V2_ILLUMEXT,RGB_BINDING_3.4.0,248,H010_L055_C030,181,111,124,0b21995095f7ce15d1c751e83840f1929ab5cad540b98263cc9e795b9ef75c4a,3d2b2add856a25ea1fc60e64e3b8e9351d76e0393eaafeb29b011eed0086750e,SUPERSEDED_BY,EXPLICIT_ROW_ID_AND_REFERENCE_BINDING,MIGRATED_VERIFIED
8283ab91b10f89ac758d09ecf5fb4d6343536600a06dd468b1cc1ecf4ec747c4,ACTIVE_MASTER_V2_ILLUMEXT,RGB_BINDING_3.4.0,249,H010_L055_C035,187,107,123,e50815f671f05c1836d4f5fa850a9b9f438c951d5648b248677c2ca6856516b7,b5bc71f96051a37c0e4c45117fa91fe28e4a6eda7ea5633603956ea262b434d9,SUPERSEDED_BY,EXPLICIT_ROW_ID_AND_REFERENCE_BINDING,MIGRATED_VERIFIED
8283ab91b10f89ac758d09ecf5fb4d6343536600a06dd468b1cc1ecf4ec747c4,ACTIVE_MASTER_V2_ILLUMEXT,RGB_BINDING_3.4.0,250,H010_L055_C040,195,103,122,5ddebe17efe59df1ac0b012eb12e9e76a1eea6d3e914f56ff378df9d3dd11a2b,a4ff9f3cc6ea0a65d238f2e5fba3ae9502883bb190249317f3b88bc0724ad9fa,SUPERSEDED_BY,EXPLICIT_ROW_ID_AND_REFERENCE_BINDING,MIGRATED_VERIFIED
8283ab91b10f89ac758d09ecf5fb4d6343536600a06dd468b1cc1ecf4ec747c4,ACTIVE_MASTER_V2_ILLUMEXT,RGB_BINDING_3.4.0,251,H010_L055_C045,202,97,120,583d411f384eb5a114c6aea807a189b26df92fe9b0e2cb5f0c3a623a758b48e0,1df19bb0c7efa93f724fba01ec16dadbd87546c08a5be63b62e8c13583e0ed1f,SUPERSEDED_BY,EXPLICIT_ROW_ID_AND_REFERENCE_BINDING,MIGRATED_VERIFIED
8283ab91b10f89ac758d09ecf5fb4d6343536600a06dd468b1cc1ecf4ec747c4,ACTIVE_MASTER_V2_ILLUMEXT,RGB_BINDING_3.4.0,252,H010_L055_C050,209,92,119,b4a5f8011fb825e8e557306abcb507d41c0b860d0507315902bbe148da2e0558,206c6a342e3a1cc67c420149143e13b9aa033a15308bb6d3cd0014471d3232ef,SUPERSEDED_BY,EXPLICIT_ROW_ID_AND_REFERENCE_BINDING,MIGRATED_VERIFIED
8283ab91b10f89ac758d09ecf5fb4d6343536600a06dd468b1cc1ecf4ec747c4,ACTIVE_MASTER_V2_ILLUMEXT,RGB_BINDING_3.4.0,253,H010_L055_C055,216,85,117,025034996cad9715329ce959808957f15209f611b09573a33b56da5a15519768,8cd811e10d58073514c7a100f15546a7e26f065aa2a82e3b7485f4d34e827c0d,SUPERSEDED_BY,EXPLICIT_ROW_ID_AND_REFERENCE_BINDING,MIGRATED_VERIFIED
8283ab91b10f89ac758d09ecf5fb4d6343536600a06dd468b1cc1ecf4ec747c4,ACTIVE_MASTER_V2_ILLUMEXT,RGB_BINDING_3.4.0,254,H010_L055_C060,222,78,117,4d890ada079c74f4e8f923e150924db1734b5d4c66d52b0868756779556b94be,4200b2e64733afb6f0d5b8e5bc3e11cf2a68f4375cab2c84928e04d708fc58b3,SUPERSEDED_BY,EXPLICIT_ROW_ID_AND_REFERENCE_BINDING,MIGRATED_VERIFIED
8283ab91b10f89ac758d09ecf5fb4d6343536600a06dd468b1cc1ecf4ec747c4,ACTIVE_MASTER_V2_ILLUMEXT,RGB_BINDING_3.4.0,255,H010_L055_C065,228,69,116,6b8082b48970221ace60326192f13fa3a66ab5e8d9f9193ba16f2e5e8a28ef45,aca9dd311ed559e7be431cc9cc84901594e888d0e6884cc480cb9e043a549e45,SUPERSEDED_BY,EXPLICIT_ROW_ID_AND_REFERENCE_BINDING,MIGRATED_VERIFIED
8283ab91b10f89ac758d09ecf5fb4d6343536600a06dd468b1cc1ecf4ec747c4,ACTIVE_MASTER_V2_ILLUMEXT,RGB_BINDING_3.4.0,256,H010_L055_C070,235,60,115,71dcc269198b3d4661ee8cd88e9ac60707ae680781aac4a9ac7b1e5005d70eb8,2955c26c8269b6e316ff0d92daa4a939314129e4d61aaf3e4e0da1dce2d10a06,SUPERSEDED_BY,EXPLICIT_ROW_ID_AND_REFERENCE_BINDING,MIGRATED_VERIFIED
8283ab91b10f89ac758d09ecf5fb4d6343536600a06dd468b1cc1ecf4ec747c4,ACTIVE_MASTER_V2_ILLUMEXT,RGB_BINDING_3.4.0,257,H010_L055_C075,241,47,113,93cfec0545705b1b7b28756a82fd4e9d3403e28a5ea02332b74bf542821cdb63,cab7e7c21d53256d28b172ee3a3a831815409694474637222bd70b07d7edbcc8,SUPERSEDED_BY,EXPLICIT_ROW_ID_AND_REFERENCE_BINDING,MIGRATED_VERIFIED
8283ab91b10f89ac758d09ecf5fb4d6343536600a06dd468b1cc1ecf4ec747c4,ACTIVE_MASTER_V2_ILLUMEXT,RGB_BINDING_3.4.0,258,H010_L050_C005,128,116,117,c45ceea1c2fb84295c000e0955fff55b1afd5db149c598b7bcbcfbd61f1d9efe,374f1eab843083539066523d885287f1837fd9b1ed5e55b742459125aed55de2,SUPERSEDED_BY,EXPLICIT_ROW_ID_AND_REFERENCE_BINDING,MIGRATED_VERIFIED
8283ab91b10f89ac758d09ecf5fb4d6343536600a06dd468b1cc1ecf4ec747c4,ACTIVE_MASTER_V2_ILLUMEXT,RGB_BINDING_3.4.0,259,H010_L050_C010,137,113,116,f76120c92a72f8653565f73d0907bfab0d1f8c2f44efdc7b26f215757cd6c79d,3f6734050d96c06f9c2467f3cb2af98edea52dc25fb8ee126182893fd90a6c6a,SUPERSEDED_BY,EXPLICIT_ROW_ID_AND_REFERENCE_BINDING,MIGRATED_VERIFIED
8283ab91b10f89ac758d09ecf5fb4d6343536600a06dd468b1cc1ecf4ec747c4,ACTIVE_MASTER_V2_ILLUMEXT,RGB_BINDING_3.4.0,260,H010_L050_C015,146,110,115,7e7f9e812456e4ef6a6c7cf689943dcb3f138559debfd786c36e14d7e79bfd5f,db6e3b9678a54783c252989f3f65ed698c2152419f982a5a7df4db636a8ea5c4,SUPERSEDED_BY,EXPLICIT_ROW_ID_AND_REFERENCE_BINDING,MIGRATED_VERIFIED
8283ab91b10f89ac758d09ecf5fb4d6343536600a06dd468b1cc1ecf4ec747c4,ACTIVE_MASTER_V2_ILLUMEXT,RGB_BINDING_3.4.0,261,H010_L050_C020,153,106,115,afd824eaed1ce1d543716486f795d6b6eb24238fe169034d9d50f5c882a7af88,266f20684a572978b4a80cb0eb700813c697552cdd458cb4b862699d9ffa04a0,SUPERSEDED_BY,EXPLICIT_ROW_ID_AND_REFERENCE_BINDING,MIGRATED_VERIFIED
8283ab91b10f89ac758d09ecf5fb4d6343536600a06dd468b1cc1ecf4ec747c4,ACTIVE_MASTER_V2_ILLUMEXT,RGB_BINDING_3.4.0,262,H010_L050_C025,160,102,113,9ab8c7860eb2e783f05f9ba8f4ccfbe8d09d60d2f315df2ad7d6274a326d2cec,a2d25fe51e213e1e38b3862acdd0a051a64b9a9fd988b80a8c3764f8bb24c10a,SUPERSEDED_BY,EXPLICIT_ROW_ID_AND_REFERENCE_BINDING,MIGRATED_VERIFIED
8283ab91b10f89ac758d09ecf5fb4d6343536600a06dd468b1cc1ecf4ec747c4,ACTIVE_MASTER_V2_ILLUMEXT,RGB_BINDING_3.4.0,263,H010_L050_C030,168,98,112,f125e8564a67debe42decd40f4fe6b6d6e0c3ead5fc2286da6c43a4ea129bdb8,3408564e15f18412dae216b136da7c6a68343c227d251135fabf13daba3487af,SUPERSEDED_BY,EXPLICIT_ROW_ID_AND_REFERENCE_BINDING,MIGRATED_VERIFIED
8283ab91b10f89ac758d09ecf5fb4d6343536600a06dd468b1cc1ecf4ec747c4,ACTIVE_MASTER_V2_ILLUMEXT,RGB_BINDING_3.4.0,264,H010_L050_C035,173,95,111,c57ccc21a23b548b3f6150e588fcf026c0cbb9ccc77193e5cb86135bb2c44c50,aeebb44cc0f861ad7ff142bce260991df83e6a44bb82ba914474545f3d771ed7,SUPERSEDED_BY,EXPLICIT_ROW_ID_AND_REFERENCE_BINDING,MIGRATED_VERIFIED
8283ab91b10f89ac758d09ecf5fb4d6343536600a06dd468b1cc1ecf4ec747c4,ACTIVE_MASTER_V2_ILLUMEXT,RGB_BINDING_3.4.0,265,H010_L050_C040,181,90,109,18e6e181f02d52951a104cfe18e717ac642237dceb5e0d5e3a3e3dcc45e6050b,ab95891db6b0b290811e14898ebdc7b62b72ffc4fecdd19c1d3d856c8cd50d33,SUPERSEDED_BY,EXPLICIT_ROW_ID_AND_REFERENCE_BINDING,MIGRATED_VERIFIED
8283ab91b10f89ac758d09ecf5fb4d6343536600a06dd468b1cc1ecf4ec747c4,ACTIVE_MASTER_V2_ILLUMEXT,RGB_BINDING_3.4.0,266,H010_L050_C045,188,85,108,53b6fd4bf10a5d2ddda2c84fdf4b254dc9eedfb78a7727d94559ec0795c16c51,fea1065a0413a10aa8e731e06a8140379f9698b532a28a8a2e7f0d13728d1366,SUPERSEDED_BY,EXPLICIT_ROW_ID_AND_REFERENCE_BINDING,MIGRATED_VERIFIED
8283ab91b10f89ac758d09ecf5fb4d6343536600a06dd468b1cc1ecf4ec747c4,ACTIVE_MASTER_V2_ILLUMEXT,RGB_BINDING_3.4.0,267,H010_L050_C050,194,79,106,0e2fb155cdd5e7dc4d31ca4c6ddbf2e7c68ec1c8789e68063b66d2f2d8cddaba,c137013110189e0dc665a683a1b6860f636f6a8ed7cd10ef206941448124e105,SUPERSEDED_BY,EXPLICIT_ROW_ID_AND_REFERENCE_BINDING,MIGRATED_VERIFIED
8283ab91b10f89ac758d09ecf5fb4d6343536600a06dd468b1cc1ecf4ec747c4,ACTIVE_MASTER_V2_ILLUMEXT,RGB_BINDING_3.4.0,268,H010_L050_C055,201,72,105,34ee387559076efc648746e75fc30a6403ddac79e21b50d589948d767b5cdd17,10cd3c019d1562139f1b9a74bef7d7fe83b3fd0d3b29342a1a2a9a95b92f5598,SUPERSEDED_BY,EXPLICIT_ROW_ID_AND_REFERENCE_BINDING,MIGRATED_VERIFIED
8283ab91b10f89ac758d09ecf5fb4d6343536600a06dd468b1cc1ecf4ec747c4,ACTIVE_MASTER_V2_ILLUMEXT,RGB_BINDING_3.4.0,269,H010_L050_C060,208,64,106,2b0ab4edd7b18eff64014ea6bdbf056b2c4ea260d816ec84e0cded8bd3d4a40e,19e0eaa9805048c0f284cb3c23f0ca27aa7024a8c2ba841da9e0355840723952,SUPERSEDED_BY,EXPLICIT_ROW_ID_AND_REFERENCE_BINDING,MIGRATED_VERIFIED
8283ab91b10f89ac758d09ecf5fb4d6343536600a06dd468b1cc1ecf4ec747c4,ACTIVE_MASTER_V2_ILLUMEXT,RGB_BINDING_3.4.0,270,H010_L050_C065,214,55,104,5acc312b2e8564a076c8e939417146cc6b9b04fb86b5cb3d9ca9cef13c52d169,b0404406a1e05d2adeab06ffce37f66e6ebd52259f40d3c5fb404a8c2432ded9,SUPERSEDED_BY,EXPLICIT_ROW_ID_AND_REFERENCE_BINDING,MIGRATED_VERIFIED
8283ab91b10f89ac758d09ecf5fb4d6343536600a06dd468b1cc1ecf4ec747c4,ACTIVE_MASTER_V2_ILLUMEXT,RGB_BINDING_3.4.0,271,H010_L050_C070,221,43,104,0429fab95bbbbba993b7e018d435ebdc3f95ad6902369ed82f0b3d561141c857,622fbbb249dcd8875d1565973072393bfe375175e3bfe04197c26ce5148b9674,SUPERSEDED_BY,EXPLICIT_ROW_ID_AND_REFERENCE_BINDING,MIGRATED_VERIFIED
8283ab91b10f89ac758d09ecf5fb4d6343536600a06dd468b1cc1ecf4ec747c4,ACTIVE_MASTER_V2_ILLUMEXT,RGB_BINDING_3.4.0,272,H010_L050_C075,227,24,102,50ee63dee79bde5e04e0a293d785f7b07554a640cac8f088aba14f4059d8c5dc,c9580d1c9e4a519511714826d0ffa4e5f92b15d9a155d26811e24d7a3cc752d4,SUPERSEDED_BY,EXPLICIT_ROW_ID_AND_REFERENCE_BINDING,MIGRATED_VERIFIED
8283ab91b10f89ac758d09ecf5fb4d6343536600a06dd468b1cc1ecf4ec747c4,ACTIVE_MASTER_V2_ILLUMEXT,RGB_BINDING_3.4.0,273,H010_L050_C080,233,0,100,d7d290c6b33977cc0682f60da5317fe248f4c667882272b20e70427e2654a764,ed6a2c2d6f668ca134a3b20d27055b2eb2993224324de4c9500b5fca4ec6955f,SUPERSEDED_BY,EXPLICIT_ROW_ID_AND_REFERENCE_BINDING,MIGRATED_VERIFIED
8283ab91b10f89ac758d09ecf5fb4d6343536600a06dd468b1cc1ecf4ec747c4,ACTIVE_MASTER_V2_ILLUMEXT,RGB_BINDING_3.4.0,274,H010_L045_C005,116,104,105,4ef9a65f8ca1be30748b467c3282f9e2beebf23dbfdcf9e17df174e642fde124,f90d5cda85514a8528b5ffd8068ae55cb7356789bb8f183b9079ccc5437c30ad,SUPERSEDED_BY,EXPLICIT_ROW_ID_AND_REFERENCE_BINDING,MIGRATED_VERIFIED
8283ab91b10f89ac758d09ecf5fb4d6343536600a06dd468b1cc1ecf4ec747c4,ACTIVE_MASTER_V2_ILLUMEXT,RGB_BINDING_3.4.0,275,H010_L045_C010,124,100,103,196798b7fb7353dba272842eb032b5c5125534cf36598410fb9aed3237d681c2,85a7626e9759edacd80554b30b990fd75e791de39300d768e815f75b1d3b19ca,SUPERSEDED_BY,EXPLICIT_ROW_ID_AND_REFERENCE_BINDING,MIGRATED_VERIFIED
8283ab91b10f89ac758d09ecf5fb4d6343536600a06dd468b1cc1ecf4ec747c4,ACTIVE_MASTER_V2_ILLUMEXT,RGB_BINDING_3.4.0,276,H010_L045_C015,132,98,103,ef6ec0418a9d57b45d0b6f9cec8ac46f9f3d70069f33b4e93f9fa1ece8a6a8ab,e7a8f72500e00a27d1bc8e90d187f32fa3810533da79d11ee0cff0539747d0d4,SUPERSEDED_BY,EXPLICIT_ROW_ID_AND_REFERENCE_BINDING,MIGRATED_VERIFIED
8283ab91b10f89ac758d09ecf5fb4d6343536600a06dd468b1cc1ecf4ec747c4,ACTIVE_MASTER_V2_ILLUMEXT,RGB_BINDING_3.4.0,277,H010_L045_C020,139,94,103,67a5a6fd2633c8954384ca09967159ba4abfe9269c0e33dfc02dbdf62adf12fa,e46b74af6391196638817de04f9aeaca12f68cdbf2de126125d0848a023f0d2a,SUPERSEDED_BY,EXPLICIT_ROW_ID_AND_REFERENCE_BINDING,MIGRATED_VERIFIED
8283ab91b10f89ac758d09ecf5fb4d6343536600a06dd468b1cc1ecf4ec747c4,ACTIVE_MASTER_V2_ILLUMEXT,RGB_BINDING_3.4.0,278,H010_L045_C025,147,90,101,97b3e07bde6875b1645f3651371b4d5c39db001ffce6d477225f448e609e07bf,1df9c5f0c5240f9ae206772330befe5724b3ca81de12050d53b92c7f02cb3fc9,SUPERSEDED_BY,EXPLICIT_ROW_ID_AND_REFERENCE_BINDING,MIGRATED_VERIFIED
8283ab91b10f89ac758d09ecf5fb4d6343536600a06dd468b1cc1ecf4ec747c4,ACTIVE_MASTER_V2_ILLUMEXT,RGB_BINDING_3.4.0,279,H010_L045_C030,153,85,99,9cffa5a8831e5a52d95d9c9fcc5adfb4221bdf64a92121bb52481b83ae6ea9c2,fde44a4f0937b826d5e69ea2cbbf035708720113105748242f0fbd9138695666,SUPERSEDED_BY,EXPLICIT_ROW_ID_AND_REFERENCE_BINDING,MIGRATED_VERIFIED
8283ab91b10f89ac758d09ecf5fb4d6343536600a06dd468b1cc1ecf4ec747c4,ACTIVE_MASTER_V2_ILLUMEXT,RGB_BINDING_3.4.0,280,H010_L045_C035,160,82,99,44a01d6ac5a2c7be36cd977d6493dde66d42ae1d9588a6aebc8eaa6dc0e1a066,4872af8bfd240067be671ed40dfd3e61c900ad44bb61be0f1bb9007fcf8dc9f8,SUPERSEDED_BY,EXPLICIT_ROW_ID_AND_REFERENCE_BINDING,MIGRATED_VERIFIED
8283ab91b10f89ac758d09ecf5fb4d6343536600a06dd468b1cc1ecf4ec747c4,ACTIVE_MASTER_V2_ILLUMEXT,RGB_BINDING_3.4.0,281,H010_L045_C040,166,77,97,7526518c1f6b27dee7a93f0af7e572a076047f40ebecbe6a44d6fb38f00dc68d,57c0efa0d3aea208c6524b4b4821ab26f86933e0b76586ab33f14722b81f000f,SUPERSEDED_BY,EXPLICIT_ROW_ID_AND_REFERENCE_BINDING,MIGRATED_VERIFIED
8283ab91b10f89ac758d09ecf5fb4d6343536600a06dd468b1cc1ecf4ec747c4,ACTIVE_MASTER_V2_ILLUMEXT,RGB_BINDING_3.4.0,282,H010_L045_C045,174,72,96,ed4c61162b102f46790f0ae62794d4aae2a49e8f62c40343790a0a685c14780b,ede7ebfb1128ff0da68576c68e905e30087321d3cde4ec6453c16af92215dcf5,SUPERSEDED_BY,EXPLICIT_ROW_ID_AND_REFERENCE_BINDING,MIGRATED_VERIFIED
8283ab91b10f89ac758d09ecf5fb4d6343536600a06dd468b1cc1ecf4ec747c4,ACTIVE_MASTER_V2_ILLUMEXT,RGB_BINDING_3.4.0,283,H010_L045_C050,180,65,95,7c3d391db725b9b900781c876c303aa55c7a86252982655521020d47f034d20a,fa366faaf1dd806d3abd5dbdf40a0ca691de4155305d63bfbdf5f9520cf9ce33,SUPERSEDED_BY,EXPLICIT_ROW_ID_AND_REFERENCE_BINDING,MIGRATED_VERIFIED
8283ab91b10f89ac758d09ecf5fb4d6343536600a06dd468b1cc1ecf4ec747c4,ACTIVE_MASTER_V2_ILLUMEXT,RGB_BINDING_3.4.0,284,H010_L045_C055,186,57,93,9b3b7ede8d9a56cf58710131a8c0cf0f756e7695531db3396b95088115b19781,c237ca355c6971741ef7cfd9ea02e7a4134aa60020647cda448ce482fdb96ef7,SUPERSEDED_BY,EXPLICIT_ROW_ID_AND_REFERENCE_BINDING,MIGRATED_VERIFIED
8283ab91b10f89ac758d09ecf5fb4d6343536600a06dd468b1cc1ecf4ec747c4,ACTIVE_MASTER_V2_ILLUMEXT,RGB_BINDING_3.4.0,285,H010_L045_C060,192,48,93,0e97df2fb4ec76b7126ec52e17da0fdf24919ff7f1e5f213f4ae7eb75750a928,9765210feb57ac794e6696ba67fdfd483785e6f3da44a804fd47982650d3fab9,SUPERSEDED_BY,EXPLICIT_ROW_ID_AND_REFERENCE_BINDING,MIGRATED_VERIFIED
8283ab91b10f89ac758d09ecf5fb4d6343536600a06dd468b1cc1ecf4ec747c4,ACTIVE_MASTER_V2_ILLUMEXT,RGB_BINDING_3.4.0,286,H010_L045_C065,199,36,92,d8ccdf939280a86881469118aacddc9b2d1fb9d55fbdd77284b3a51dbc80634b,2d36a2cbe090fc1a669d8d7a2a93ebab200b8728fdd9b3e6b5f6ac46348e1e35,SUPERSEDED_BY,EXPLICIT_ROW_ID_AND_REFERENCE_BINDING,MIGRATED_VERIFIED
8283ab91b10f89ac758d09ecf5fb4d6343536600a06dd468b1cc1ecf4ec747c4,ACTIVE_MASTER_V2_ILLUMEXT,RGB_BINDING_3.4.0,287,H010_L045_C070,205,17,91,e2d0e7e41c86e3ba7ec492ed51a5b2b3ba94466cb8ff18e65b405c434e1ff465,947bde03413c5211b4afb9c4d4ca9d9b9b92c6e9bb5add08832a43576d752d07,SUPERSEDED_BY,EXPLICIT_ROW_ID_AND_REFERENCE_BINDING,MIGRATED_VERIFIED
8283ab91b10f89ac758d09ecf5fb4d6343536600a06dd468b1cc1ecf4ec747c4,ACTIVE_MASTER_V2_ILLUMEXT,RGB_BINDING_3.4.0,288,H010_L045_C075,211,0,90,421700284245bcc4961c516af4b1098dd5f4357557e6049b963dece4daadcb38,629d78508358ca805c0c5d33bb79250202b3f93b7e822e7344748908b4ff3699,SUPERSEDED_BY,EXPLICIT_ROW_ID_AND_REFERENCE_BINDING,MIGRATED_VERIFIED
8283ab91b10f89ac758d09ecf5fb4d6343536600a06dd468b1cc1ecf4ec747c4,ACTIVE_MASTER_V2_ILLUMEXT,RGB_BINDING_3.4.0,289,H010_L040_C005,103,91,93,6f8057a31a8816827e865e0ad3c35552c7438e802dddc2256aee3326ea501df1,410d40bcefb2339dd36699d55f3ccbe618448d9d84402e6659506cc3fdb2d81e,SUPERSEDED_BY,EXPLICIT_ROW_ID_AND_REFERENCE_BINDING,MIGRATED_VERIFIED
8283ab91b10f89ac758d09ecf5fb4d6343536600a06dd468b1cc1ecf4ec747c4,ACTIVE_MASTER_V2_ILLUMEXT,RGB_BINDING_3.4.0,290,H010_L040_C010,111,88,91,a0b9d5ca091145cd44fbafe8789876313deab5ee3e9b0fc72da80146f04edc1b,f71ec93698ea2f216ee012e83e498bccbe72e11d2a9edf07f457eda213a03c99,SUPERSEDED_BY,EXPLICIT_ROW_ID_AND_REFERENCE_BINDING,MIGRATED_VERIFIED
8283ab91b10f89ac758d09ecf5fb4d6343536600a06dd468b1cc1ecf4ec747c4,ACTIVE_MASTER_V2_ILLUMEXT,RGB_BINDING_3.4.0,291,H010_L040_C015,118,85,90,bbd9de6203b1868f486dd331b77cc0c3300837aa48cdd4f1686c4c3588c6c570,e249542e135622faa6e4621287cbfa7cffbc60956a56efa91b9b06271c23ab84,SUPERSEDED_BY,EXPLICIT_ROW_ID_AND_REFERENCE_BINDING,MIGRATED_VERIFIED
8283ab91b10f89ac758d09ecf5fb4d6343536600a06dd468b1cc1ecf4ec747c4,ACTIVE_MASTER_V2_ILLUMEXT,RGB_BINDING_3.4.0,292,H010_L040_C020,126,82,90,c497489149980cb6c7d8b89a900513b89fb40e0616965390622c7b7d75fc1016,69d1ffae240bb9c36d59fa3eb4522cd6165f333e5ba5aae39c05f9dcec1108e5,SUPERSEDED_BY,EXPLICIT_ROW_ID_AND_REFERENCE_BINDING,MIGRATED_VERIFIED
8283ab91b10f89ac758d09ecf5fb4d6343536600a06dd468b1cc1ecf4ec747c4,ACTIVE_MASTER_V2_ILLUMEXT,RGB_BINDING_3.4.0,293,H010_L040_C025,133,78,89,3d3d9a3edb9ba3217601054c5f79c9defe5f0c9ce6adfa2e6216a6aecaec91fd,491c443240184dc209ac34e3bed9bafad972824e494b570474e098d400228693,SUPERSEDED_BY,EXPLICIT_ROW_ID_AND_REFERENCE_BINDING,MIGRATED_VERIFIED
8283ab91b10f89ac758d09ecf5fb4d6343536600a06dd468b1cc1ecf4ec747c4,ACTIVE_MASTER_V2_ILLUMEXT,RGB_BINDING_3.4.0,294,H010_L040_C030,140,74,88,ca8fa00fb669448d7201398dcaf961fc39e51f515500ac759619b1235058b93e,90db74fa6565f9083aa6eebd91e3facdd139bb0670c3f799c03db525ed420862,SUPERSEDED_BY,EXPLICIT_ROW_ID_AND_REFERENCE_BINDING,MIGRATED_VERIFIED
8283ab91b10f89ac758d09ecf5fb4d6343536600a06dd468b1cc1ecf4ec747c4,ACTIVE_MASTER_V2_ILLUMEXT,RGB_BINDING_3.4.0,295,H010_L040_C035,146,70,86,db8ba1ed9a97ba9065810817197f929e6a8735e33dccc1a464d2bde2d7c99dbd,95500a1bca6b5d9c6b556769297adb01c711afd8bd5d554b9123fb31fe579116,SUPERSEDED_BY,EXPLICIT_ROW_ID_AND_REFERENCE_BINDING,MIGRATED_VERIFIED
8283ab91b10f89ac758d09ecf5fb4d6343536600a06dd468b1cc1ecf4ec747c4,ACTIVE_MASTER_V2_ILLUMEXT,RGB_BINDING_3.4.0,296,H010_L040_C040,152,64,85,b7c9b291f801f7829fa34975bbf89cae29f330bc741f5412864554169835f85a,6e1c983bfe814e117d8e1cc248506eee0f7ce0d23abca062b9d93ffeb06b410c,SUPERSEDED_BY,EXPLICIT_ROW_ID_AND_REFERENCE_BINDING,MIGRATED_VERIFIED
8283ab91b10f89ac758d09ecf5fb4d6343536600a06dd468b1cc1ecf4ec747c4,ACTIVE_MASTER_V2_ILLUMEXT,RGB_BINDING_3.4.0,297,H010_L040_C045,159,58,84,9f13c1c1fe13a9fa3afc6696642182033da3e48d1736a066b935d6795cdca151,97f5508c3c42e83e802c56c552af51f74cfeed769a74a8987fe24dfab47bd601,SUPERSEDED_BY,EXPLICIT_ROW_ID_AND_REFERENCE_BINDING,MIGRATED_VERIFIED
8283ab91b10f89ac758d09ecf5fb4d6343536600a06dd468b1cc1ecf4ec747c4,ACTIVE_MASTER_V2_ILLUMEXT,RGB_BINDING_3.4.0,298,H010_L040_C050,165,51,83,908d76eef10cd5ef7c3d6d75b1f5fa11cb99a9aa1037345c327273775b0b4fd9,79e427cf1241cb0ead5be75dec53c31249dffb7577c65d84125fb84af33a1a4b,SUPERSEDED_BY,EXPLICIT_ROW_ID_AND_REFERENCE_BINDING,MIGRATED_VERIFIED
8283ab91b10f89ac758d09ecf5fb4d6343536600a06dd468b1cc1ecf4ec747c4,ACTIVE_MASTER_V2_ILLUMEXT,RGB_BINDING_3.4.0,299,H010_L040_C055,171,42,81,94e4a75e47e6c3d82aa09f9e9385cb078de081255b0cee4883aab9a55df0566b,63d2bf74163ae773a7ab79455ec72fafef786576f0f7ab8c531f743cc27598b0,SUPERSEDED_BY,EXPLICIT_ROW_ID_AND_REFERENCE_BINDING,MIGRATED_VERIFIED
8283ab91b10f89ac758d09ecf5fb4d6343536600a06dd468b1cc1ecf4ec747c4,ACTIVE_MASTER_V2_ILLUMEXT,RGB_BINDING_3.4.0,300,H010_L040_C060,177,30,81,8d6723a1858cabd37a65ee45d320bad81d992f880c5a8e1d3dbe46740c91ca43,871441df3f783f2353c9a776cb2a9353fb2e1fdfa790b388d0c1344b86b1a51e,SUPERSEDED_BY,EXPLICIT_ROW_ID_AND_REFERENCE_BINDING,MIGRATED_VERIFIED
8283ab91b10f89ac758d09ecf5fb4d6343536600a06dd468b1cc1ecf4ec747c4,ACTIVE_MASTER_V2_ILLUMEXT,RGB_BINDING_3.4.0,301,H010_L040_C065,183,9,80,00a092372bdde9bec3ca79953cfeaf626e8856c3deea0015ad24040e42ff0efe,4466968e4053ebc4174ccd072d1c8df97f944021e964dfe3e7732c155ff63bf4,SUPERSEDED_BY,EXPLICIT_ROW_ID_AND_REFERENCE_BINDING,MIGRATED_VERIFIED
8283ab91b10f89ac758d09ecf5fb4d6343536600a06dd468b1cc1ecf4ec747c4,ACTIVE_MASTER_V2_ILLUMEXT,RGB_BINDING_3.4.0,302,H010_L040_C070,189,0,79,29b892eb973226631b43f19add105712ff47d6c102f3edb24b25ae5e8719a2cd,af4de70a70f8987702b5443fccd93ba0ead9a8c03a6a96df312aba80b4478da4,SUPERSEDED_BY,EXPLICIT_ROW_ID_AND_REFERENCE_BINDING,MIGRATED_VERIFIED
8283ab91b10f89ac758d09ecf5fb4d6343536600a06dd468b1cc1ecf4ec747c4,ACTIVE_MASTER_V2_ILLUMEXT,RGB_BINDING_3.4.0,303,H010_L035_C005,90,79,80,211088ae765c6b457522127431302112ccd0fba7bf1949a7c629c96bea574503,c030d78d021cd3898e13e44c7a6c72f6b87145b2a8d55a84d40d257da51037e3,SUPERSEDED_BY,EXPLICIT_ROW_ID_AND_REFERENCE_BINDING,MIGRATED_VERIFIED
8283ab91b10f89ac758d09ecf5fb4d6343536600a06dd468b1cc1ecf4ec747c4,ACTIVE_MASTER_V2_ILLUMEXT,RGB_BINDING_3.4.0,304,H010_L035_C010,98,76,79,e62fed83378fc1bc8942b3904f5aa614303750a859f065158e9ce3b6db7f8d9b,af526e8bebd0f25322783e2d5f559ac5e41dc6aae11b6076b28cfbcf98848402,SUPERSEDED_BY,EXPLICIT_ROW_ID_AND_REFERENCE_BINDING,MIGRATED_VERIFIED
8283ab91b10f89ac758d09ecf5fb4d6343536600a06dd468b1cc1ecf4ec747c4,ACTIVE_MASTER_V2_ILLUMEXT,RGB_BINDING_3.4.0,305,H010_L035_C015,106,73,78,27877d121cd61b14d825be07bb77218ea42dde3d19537fa4689d82d7eb4266c4,ef8772fbe1ef27454ca9719baba6df3173da9dcb1cd1f2fd4fd636d01254343d,SUPERSEDED_BY,EXPLICIT_ROW_ID_AND_REFERENCE_BINDING,MIGRATED_VERIFIED
8283ab91b10f89ac758d09ecf5fb4d6343536600a06dd468b1cc1ecf4ec747c4,ACTIVE_MASTER_V2_ILLUMEXT,RGB_BINDING_3.4.0,306,H010_L035_C020,113,70,78,2a69c4e354f3486827835b0ffae272eb21d8b227b173b3663bb361a73c38444f,bf5ad1ee15999a2adc26c53bf3fe0fcbc08b9f66841aebc235fe3f4868c04783,SUPERSEDED_BY,EXPLICIT_ROW_ID_AND_REFERENCE_BINDING,MIGRATED_VERIFIED
8283ab91b10f89ac758d09ecf5fb4d6343536600a06dd468b1cc1ecf4ec747c4,ACTIVE_MASTER_V2_ILLUMEXT,RGB_BINDING_3.4.0,307,H010_L035_C025,120,65,77,4157810eb868b23d39f80796f28dbbec254530ce078e714c75d2d8b28ce48ba1,94280e842fe9936c4029fbb9c0790b5530d109efc244be3f60f5c9419d729103,SUPERSEDED_BY,EXPLICIT_ROW_ID_AND_REFERENCE_BINDING,MIGRATED_VERIFIED
8283ab91b10f89ac758d09ecf5fb4d6343536600a06dd468b1cc1ecf4ec747c4,ACTIVE_MASTER_V2_ILLUMEXT,RGB_BINDING_3.4.0,308,H010_L035_C030,126,61,75,139a14c7eb525445124e946c5512fcc20ab26791717ccfc047ee627441509cae,7a8db6e7f0f2ed592875201e88b6523fc780947623d044fcb4dbc470a2c5b534,SUPERSEDED_BY,EXPLICIT_ROW_ID_AND_REFERENCE_BINDING,MIGRATED_VERIFIED
8283ab91b10f89ac758d09ecf5fb4d6343536600a06dd468b1cc1ecf4ec747c4,ACTIVE_MASTER_V2_ILLUMEXT,RGB_BINDING_3.4.0,309,H010_L035_C035,131,57,74,3eeeb710a3cb68f16724f079b683b5acded58638723bd30f552bc62e62425d51,3a0a3240727efa853ec72a51fc55c983a451e059ddd84d9076d8cfbcd14b6698,SUPERSEDED_BY,EXPLICIT_ROW_ID_AND_REFERENCE_BINDING,MIGRATED_VERIFIED
8283ab91b10f89ac758d09ecf5fb4d6343536600a06dd468b1cc1ecf4ec747c4,ACTIVE_MASTER_V2_ILLUMEXT,RGB_BINDING_3.4.0,310,H010_L035_C040,137,51,73,ae51dfb13db0c93a37ea38439ffd04ec564991ff25262d300bdcc489b3c6ca05,286cb756fb7bab45f144082f94a0d17fbb09bfe1411bc34acb5aa7a1bf33820c,SUPERSEDED_BY,EXPLICIT_ROW_ID_AND_REFERENCE_BINDING,MIGRATED_VERIFIED
8283ab91b10f89ac758d09ecf5fb4d6343536600a06dd468b1cc1ecf4ec747c4,ACTIVE_MASTER_V2_ILLUMEXT,RGB_BINDING_3.4.0,311,H010_L035_C045,144,44,72,c97bf29c8e191ff5003ca7de9518d871638b3d68778827124a5713a186676161,8ded2cb7039bf3ce2cec08b5851f31da25acd2b4f14b6f6f44b4b262160e2c0f,SUPERSEDED_BY,EXPLICIT_ROW_ID_AND_REFERENCE_BINDING,MIGRATED_VERIFIED
8283ab91b10f89ac758d09ecf5fb4d6343536600a06dd468b1cc1ecf4ec747c4,ACTIVE_MASTER_V2_ILLUMEXT,RGB_BINDING_3.4.0,312,H010_L035_C050,150,36,70,59a8e6f321fef4ea2b89c9531a746b60d506b0635dea8db1c88a9628776850cb,8ba942a5de67c1b5727540a94beeb78485a522ccce20b0bd4ea6ebd265c56837,SUPERSEDED_BY,EXPLICIT_ROW_ID_AND_REFERENCE_BINDING,MIGRATED_VERIFIED
8283ab91b10f89ac758d09ecf5fb4d6343536600a06dd468b1cc1ecf4ec747c4,ACTIVE_MASTER_V2_ILLUMEXT,RGB_BINDING_3.4.0,313,H010_L035_C055,156,24,69,0a8ea1403716dd1a50a0f5b8f811134694fd3392da288395a0175bca2134f49a,db484a5f7cd51b63a6a782a11210b05334aada273e02b76ebfec0975b797e5af,SUPERSEDED_BY,EXPLICIT_ROW_ID_AND_REFERENCE_BINDING,MIGRATED_VERIFIED
8283ab91b10f89ac758d09ecf5fb4d6343536600a06dd468b1cc1ecf4ec747c4,ACTIVE_MASTER_V2_ILLUMEXT,RGB_BINDING_3.4.0,314,H010_L035_C060,162,2,70,e3e656f66818b44b64312737eefa7a9e27847a2ea2c5797654fcab183918d3c3,6a9acfda6ac2766f0b294f95fda64e94aebe0f8732c55d6620075fd4054db75f,SUPERSEDED_BY,EXPLICIT_ROW_ID_AND_REFERENCE_BINDING,MIGRATED_VERIFIED
8283ab91b10f89ac758d09ecf5fb4d6343536600a06dd468b1cc1ecf4ec747c4,ACTIVE_MASTER_V2_ILLUMEXT,RGB_BINDING_3.4.0,315,H010_L030_C005,79,68,70,f92a78db9fc0acaf3d9be8ef6413bf64fcc292e93aee13a00b7e985c4c2a903d,a45ffe82f344e38292b1ad94ffecfe32cbdbe978c36094a147bc9eefd0b7f412,SUPERSEDED_BY,EXPLICIT_ROW_ID_AND_REFERENCE_BINDING,MIGRATED_VERIFIED
8283ab91b10f89ac758d09ecf5fb4d6343536600a06dd468b1cc1ecf4ec747c4,ACTIVE_MASTER_V2_ILLUMEXT,RGB_BINDING_3.4.0,316,H010_L030_C010,87,65,68,7be26001a871ddd314bc4d2a11bbdece0b571a7b82d69de0f770b4b74100eb2e,d6686ab43aa8ece03b1cadba75352334ed1894fd2b27a28db7aaf99c68928c48,SUPERSEDED_BY,EXPLICIT_ROW_ID_AND_REFERENCE_BINDING,MIGRATED_VERIFIED
8283ab91b10f89ac758d09ecf5fb4d6343536600a06dd468b1cc1ecf4ec747c4,ACTIVE_MASTER_V2_ILLUMEXT,RGB_BINDING_3.4.0,317,H010_L030_C015,94,62,67,d61eab803c9fa7a71cc7a08028a7f2097c4a9b7626d28c8de2effbb2397a59ae,802bf6a901e62a48a2fb6f22a149c7da36282352888ac7c3dece646a86d59a63,SUPERSEDED_BY,EXPLICIT_ROW_ID_AND_REFERENCE_BINDING,MIGRATED_VERIFIED
8283ab91b10f89ac758d09ecf5fb4d6343536600a06dd468b1cc1ecf4ec747c4,ACTIVE_MASTER_V2_ILLUMEXT,RGB_BINDING_3.4.0,318,H010_L030_C020,101,59,67,5676798ea472e0107fc141239477b8a6ff09368b5b4769d0a05777a27593b3b2,052a99b92040c53278e3818fa8132ed515c612d5787f421a3153c99b20251227,SUPERSEDED_BY,EXPLICIT_ROW_ID_AND_REFERENCE_BINDING,MIGRATED_VERIFIED
8283ab91b10f89ac758d09ecf5fb4d6343536600a06dd468b1cc1ecf4ec747c4,ACTIVE_MASTER_V2_ILLUMEXT,RGB_BINDING_3.4.0,319,H010_L030_C025,107,54,66,07b32abf54c8baaf03a30a67684361fa484ce224b26153d0a3bbcfdc9da654c1,04af447378e588ff14826232a0e58d6383e0a697d10556f96c4600510d89fecc,SUPERSEDED_BY,EXPLICIT_ROW_ID_AND_REFERENCE_BINDING,MIGRATED_VERIFIED
8283ab91b10f89ac758d09ecf5fb4d6343536600a06dd468b1cc1ecf4ec747c4,ACTIVE_MASTER_V2_ILLUMEXT,RGB_BINDING_3.4.0,320,H010_L030_C030,114,50,65,d40a9cdb868e1d8d272e31f4b9647b1182dcd0ebfe075b3cbc246e11f8acb7e9,dee1b57b525f539de373a31940533d9aaad167be99ccbf0e9bb10aade74d878f,SUPERSEDED_BY,EXPLICIT_ROW_ID_AND_REFERENCE_BINDING,MIGRATED_VERIFIED
8283ab91b10f89ac758d09ecf5fb4d6343536600a06dd468b1cc1ecf4ec747c4,ACTIVE_MASTER_V2_ILLUMEXT,RGB_BINDING_3.4.0,321,H010_L030_C035,118,45,63,5db7176c64ba0c4cc3180f8667bd9a6998b7a924b6f0765d01eab6cb25bf09ef,fa768eb4463e414e824000b2d86436e9343a32546933ea876770fa4baa87c7ca,SUPERSEDED_BY,EXPLICIT_ROW_ID_AND_REFERENCE_BINDING,MIGRATED_VERIFIED
8283ab91b10f89ac758d09ecf5fb4d6343536600a06dd468b1cc1ecf4ec747c4,ACTIVE_MASTER_V2_ILLUMEXT,RGB_BINDING_3.4.0,322,H010_L030_C040,125,39,63,50738334288c53d43fe2a09d7225bfea2f2ad76f5b28ec4eb7ebb0d021426988,deace08fb44f7bdcbdd5773e2d0a882328976be91f3ec9778394b8a73fe3c723,SUPERSEDED_BY,EXPLICIT_ROW_ID_AND_REFERENCE_BINDING,MIGRATED_VERIFIED
8283ab91b10f89ac758d09ecf5fb4d6343536600a06dd468b1cc1ecf4ec747c4,ACTIVE_MASTER_V2_ILLUMEXT,RGB_BINDING_3.4.0,323,H010_L030_C045,130,31,61,80ef7e6ea30581ccb22c9a327f476424c6f749446304de87cd33a8df621ec954,5d18ad4a1d730c48dfb2e8719e35495dcc78ed85b9d79e2a6945b4b45df93b31,SUPERSEDED_BY,EXPLICIT_ROW_ID_AND_REFERENCE_BINDING,MIGRATED_VERIFIED
8283ab91b10f89ac758d09ecf5fb4d6343536600a06dd468b1cc1ecf4ec747c4,ACTIVE_MASTER_V2_ILLUMEXT,RGB_BINDING_3.4.0,324,H010_L030_C050,137,20,60,d23a7ab354119f71cef5389d1381d964a61457ab892a200e782f554d3e654e41,a89ea36059e79c29146a46d95aa436822c02db499abf3d72031ca2bdc32b3edc,SUPERSEDED_BY,EXPLICIT_ROW_ID_AND_REFERENCE_BINDING,MIGRATED_VERIFIED
8283ab91b10f89ac758d09ecf5fb4d6343536600a06dd468b1cc1ecf4ec747c4,ACTIVE_MASTER_V2_ILLUMEXT,RGB_BINDING_3.4.0,325,H010_L030_C055,142,0,59,e867053549d0b7af39e48213558cf9370bda26e67dde9018676cdfe7838d7854,876d52ef391c3131bcdfbb27044b38e30e376de4ed099418dcb10d737370dc4b,SUPERSEDED_BY,EXPLICIT_ROW_ID_AND_REFERENCE_BINDING,MIGRATED_VERIFIED
8283ab91b10f89ac758d09ecf5fb4d6343536600a06dd468b1cc1ecf4ec747c4,ACTIVE_MASTER_V2_ILLUMEXT,RGB_BINDING_3.4.0,326,H010_L025_C005,67,57,58,0ed347f978ec3d8a8685d9ff3cbb6ae5cfa1bcd69e3dacf4a34ed694673f678f,390916ab4b876bb6190d25ff24ed4bc143ab9e29c9673d08ba2b12cfe1fc71be,SUPERSEDED_BY,EXPLICIT_ROW_ID_AND_REFERENCE_BINDING,MIGRATED_VERIFIED
8283ab91b10f89ac758d09ecf5fb4d6343536600a06dd468b1cc1ecf4ec747c4,ACTIVE_MASTER_V2_ILLUMEXT,RGB_BINDING_3.4.0,327,H010_L025_C010,75,54,57,040ce8b19caa7a4c412af53a8cf518e3d2d32faefc8dac0aeed9d3f884b69bbf,9a69d2c481db342081a46bfc57e63075f89bdfdfff88b648ed16e63563a86caa,SUPERSEDED_BY,EXPLICIT_ROW_ID_AND_REFERENCE_BINDING,MIGRATED_VERIFIED
8283ab91b10f89ac758d09ecf5fb4d6343536600a06dd468b1cc1ecf4ec747c4,ACTIVE_MASTER_V2_ILLUMEXT,RGB_BINDING_3.4.0,328,H010_L025_C015,81,50,55,bfd976adaefd860853c36e0044de8293ca55cc7084d7a66dfe54eee98022310d,272895f5c70387a5949a54120d83905bb823077bc0539e2b31f92e95200475ea,SUPERSEDED_BY,EXPLICIT_ROW_ID_AND_REFERENCE_BINDING,MIGRATED_VERIFIED
8283ab91b10f89ac758d09ecf5fb4d6343536600a06dd468b1cc1ecf4ec747c4,ACTIVE_MASTER_V2_ILLUMEXT,RGB_BINDING_3.4.0,329,H010_L025_C020,88,47,56,ff91fb73ed3114931ea2fabafd2ba1e3a14609a148250249ce6e7f38d58e19fc,20a5e66b33b4685d79fae5efc454d0fb06c38c39e55543745a4a888fa08513b1,SUPERSEDED_BY,EXPLICIT_ROW_ID_AND_REFERENCE_BINDING,MIGRATED_VERIFIED
8283ab91b10f89ac758d09ecf5fb4d6343536600a06dd468b1cc1ecf4ec747c4,ACTIVE_MASTER_V2_ILLUMEXT,RGB_BINDING_3.4.0,330,H010_L025_C025,95,43,55,1462cad377b3f6565ba18768ac67a73f9ba0ca7dbb27cab77a81aa279c479c2e,3bf5495a5ce66d0348efd7ffab10096b2ff1136c43f7b98e51974c80beb89f77,SUPERSEDED_BY,EXPLICIT_ROW_ID_AND_REFERENCE_BINDING,MIGRATED_VERIFIED
8283ab91b10f89ac758d09ecf5fb4d6343536600a06dd468b1cc1ecf4ec747c4,ACTIVE_MASTER_V2_ILLUMEXT,RGB_BINDING_3.4.0,331,H010_L025_C030,101,38,54,0a842bc15eeedb81290f5b72cf65972dc3cc5190cf75fce41576bc37b4b81e8a,b3b4317b58fefd1cc87751137a4b3ca5528f5ba158aca743b925da36fcabc49b,SUPERSEDED_BY,EXPLICIT_ROW_ID_AND_REFERENCE_BINDING,MIGRATED_VERIFIED
8283ab91b10f89ac758d09ecf5fb4d6343536600a06dd468b1cc1ecf4ec747c4,ACTIVE_MASTER_V2_ILLUMEXT,RGB_BINDING_3.4.0,332,H010_L025_C035,105,32,52,9571e29b24838f2d506cd0262203335e4899a2273c7cff38fd7863410330462f,c701174c04e879ccae8b35ed6c46f6cf730fd7764da110e4bd0f065df702b65c,SUPERSEDED_BY,EXPLICIT_ROW_ID_AND_REFERENCE_BINDING,MIGRATED_VERIFIED
8283ab91b10f89ac758d09ecf5fb4d6343536600a06dd468b1cc1ecf4ec747c4,ACTIVE_MASTER_V2_ILLUMEXT,RGB_BINDING_3.4.0,333,H010_L025_C040,111,25,51,22529807d7cd8f949a7cec872de85961cdfa2070387967b60ba99298fdda6033,4a5b65b5d3980c1e6bfcb52f286bee3d3ee620e156d52092fb90566f256bc0d6,SUPERSEDED_BY,EXPLICIT_ROW_ID_AND_REFERENCE_BINDING,MIGRATED_VERIFIED
8283ab91b10f89ac758d09ecf5fb4d6343536600a06dd468b1cc1ecf4ec747c4,ACTIVE_MASTER_V2_ILLUMEXT,RGB_BINDING_3.4.0,334,H010_L025_C045,116,14,50,d67c5d0575f68fb0fedb647c1a2fe9a7023a5784eec8dcac1e6347ea885e7ff0,30ba2f4894d433c46c82b37b832b85f03c98af8074cbfd428158dc41635b2a5d,SUPERSEDED_BY,EXPLICIT_ROW_ID_AND_REFERENCE_BINDING,MIGRATED_VERIFIED
8283ab91b10f89ac758d09ecf5fb4d6343536600a06dd468b1cc1ecf4ec747c4,ACTIVE_MASTER_V2_ILLUMEXT,RGB_BINDING_3.4.0,335,H010_L020_C005,56,46,47,4800d41a854d7c398d8fd8b1f1e81b3ad1fe525d05fa167786574089db89d9ac,8235c2add1523d85521543f2ff6ddbfd15f7f6a33f7f6ea24c528d436996c11b,SUPERSEDED_BY,EXPLICIT_ROW_ID_AND_REFERENCE_BINDING,MIGRATED_VERIFIED
8283ab91b10f89ac758d09ecf5fb4d6343536600a06dd468b1cc1ecf4ec747c4,ACTIVE_MASTER_V2_ILLUMEXT,RGB_BINDING_3.4.0,336,H010_L020_C010,62,42,45,2d4bd1ad5250c96697417379550c336cf88ca176c1783df4670780544851c4a7,8bf8898489e723fa58b4c6d7278c1b3ed0d59d7ae883c4a2a78377d19fea97c8,SUPERSEDED_BY,EXPLICIT_ROW_ID_AND_REFERENCE_BINDING,MIGRATED_VERIFIED
8283ab91b10f89ac758d09ecf5fb4d6343536600a06dd468b1cc1ecf4ec747c4,ACTIVE_MASTER_V2_ILLUMEXT,RGB_BINDING_3.4.0,337,H010_L020_C015,70,40,45,8227687ca1963eabf2f00707543d6637709b3457f62a9c8dc6735c29728a0e43,441bf8d827a5e19c11c7f2d2da1ef95134f469ac59d208c51cc40b24eb2a2bad,SUPERSEDED_BY,EXPLICIT_ROW_ID_AND_REFERENCE_BINDING,MIGRATED_VERIFIED
8283ab91b10f89ac758d09ecf5fb4d6343536600a06dd468b1cc1ecf4ec747c4,ACTIVE_MASTER_V2_ILLUMEXT,RGB_BINDING_3.4.0,338,H010_L020_C020,76,36,45,ffcedf90b2147284e98fff766f57785e9f0016893c3d878c4628e515edc27e1d,40f4ceb3a11665f58542db3e8a39843b55cef9300e590749d871fd1d934eb298,SUPERSEDED_BY,EXPLICIT_ROW_ID_AND_REFERENCE_BINDING,MIGRATED_VERIFIED
8283ab91b10f89ac758d09ecf5fb4d6343536600a06dd468b1cc1ecf4ec747c4,ACTIVE_MASTER_V2_ILLUMEXT,RGB_BINDING_3.4.0,339,H010_L020_C025,81,31,43,3c11da384d94725b49b372e1ee6fe1a7deb48b17aa36a7629970c1d4f9d1d27f,657bc8543b28703e803e1ce025fdadc4a9524015aa4cd28f35c3bd99ddb8554f,SUPERSEDED_BY,EXPLICIT_ROW_ID_AND_REFERENCE_BINDING,MIGRATED_VERIFIED
8283ab91b10f89ac758d09ecf5fb4d6343536600a06dd468b1cc1ecf4ec747c4,ACTIVE_MASTER_V2_ILLUMEXT,RGB_BINDING_3.4.0,340,H010_L020_C030,87,25,42,33288ca268a43e59e44ec8fd54605acbb99da34a5bb4e65a3d6ec8c420ae6dbd,a94c4992a97f4cb68aef5495a22f2f3fb71a995d2e4b2591c9d174bb318717f1,SUPERSEDED_BY,EXPLICIT_ROW_ID_AND_REFERENCE_BINDING,MIGRATED_VERIFIED
8283ab91b10f89ac758d09ecf5fb4d6343536600a06dd468b1cc1ecf4ec747c4,ACTIVE_MASTER_V2_ILLUMEXT,RGB_BINDING_3.4.0,341,H010_L020_C035,92,20,42,12baf530c50a8fe6540d1ed30ec0dab1be03c14e0e7bc186a848f879625d1260,42679f9e03e90a3c363d0c460e144ea4aa56e0f58665b0755960d7edf281b7d4,SUPERSEDED_BY,EXPLICIT_ROW_ID_AND_REFERENCE_BINDING,MIGRATED_VERIFIED
8283ab91b10f89ac758d09ecf5fb4d6343536600a06dd468b1cc1ecf4ec747c4,ACTIVE_MASTER_V2_ILLUMEXT,RGB_BINDING_3.4.0,342,H010_L020_C040,98,9,40,dfd1018ad2ea65bdbea39ede8c6d7c4348ef727ebe5a340cb84bc58fc7968a4e,a78253740e00107afbf4c709d6439a4a1acbbf592814982dbd95ba856d4fd945,SUPERSEDED_BY,EXPLICIT_ROW_ID_AND_REFERENCE_BINDING,MIGRATED_VERIFIED
8283ab91b10f89ac758d09ecf5fb4d6343536600a06dd468b1cc1ecf4ec747c4,ACTIVE_MASTER_V2_ILLUMEXT,RGB_BINDING_3.4.0,343,H010_L015_C005,45,35,36,504292925650c8d0051edf17a3144fac1578f9bbd22d48936b3cc9479032ef58,7160e21fce72ebce3c573d62b77fab556ed2d8881a75bbc9aefe0fa20ba88667,SUPERSEDED_BY,EXPLICIT_ROW_ID_AND_REFERENCE_BINDING,MIGRATED_VERIFIED
8283ab91b10f89ac758d09ecf5fb4d6343536600a06dd468b1cc1ecf4ec747c4,ACTIVE_MASTER_V2_ILLUMEXT,RGB_BINDING_3.4.0,344,H010_L015_C010,51,32,35,fdae66282e6df6fa355e65aee9afedc28fe8bec33419d0ffac8a56190f9246c9,3d0dc966b1b205bb4df13602803b4ca68289be781f657752dac53eb3e5207ce0,SUPERSEDED_BY,EXPLICIT_ROW_ID_AND_REFERENCE_BINDING,MIGRATED_VERIFIED
8283ab91b10f89ac758d09ecf5fb4d6343536600a06dd468b1cc1ecf4ec747c4,ACTIVE_MASTER_V2_ILLUMEXT,RGB_BINDING_3.4.0,345,H010_L015_C015,57,28,33,3d057e7d2b98216038b901930fee30dfddc36fd644c1a8393ddd2f95b022f660,4a8aa6bcf4ca1fb380fb774d9cd9353f95bd83ec2f8b29325227a879c9df1ba3,SUPERSEDED_BY,EXPLICIT_ROW_ID_AND_REFERENCE_BINDING,MIGRATED_VERIFIED
8283ab91b10f89ac758d09ecf5fb4d6343536600a06dd468b1cc1ecf4ec747c4,ACTIVE_MASTER_V2_ILLUMEXT,RGB_BINDING_3.4.0,346,H010_L015_C020,63,24,34,8aa5b56c07cc8bb3a26998b5ed4189007281de2ea010bd7d1683914f2ce94ff2,41d06e6bfb7e4ece5544ca2123e63111716ccf8d16f4880bcd3a4d293616a3cd,SUPERSEDED_BY,EXPLICIT_ROW_ID_AND_REFERENCE_BINDING,MIGRATED_VERIFIED
8283ab91b10f89ac758d09ecf5fb4d6343536600a06dd468b1cc1ecf4ec747c4,ACTIVE_MASTER_V2_ILLUMEXT,RGB_BINDING_3.4.0,347,H010_L015_C025,69,19,33,8912bad10c5c71eff1ca959bb9cefba1fabbe1c4695bb162f5f304057177a242,8b79758635b7b1dbf8e9a604b5a28bf33a1de7f042ad1bd89e9cdb12fee9d1ba,SUPERSEDED_BY,EXPLICIT_ROW_ID_AND_REFERENCE_BINDING,MIGRATED_VERIFIED
8283ab91b10f89ac758d09ecf5fb4d6343536600a06dd468b1cc1ecf4ec747c4,ACTIVE_MASTER_V2_ILLUMEXT,RGB_BINDING_3.4.0,348,H010_L015_C030,74,12,32,398df080e012c4ec66a55d010be5cacac9ed706767e78e4f2479d94acdf6df69,f549326daea5a0149593f975bb07d99cdcbb6e2143e4278d280f9c57e9930166,SUPERSEDED_BY,EXPLICIT_ROW_ID_AND_REFERENCE_BINDING,MIGRATED_VERIFIED
8283ab91b10f89ac758d09ecf5fb4d6343536600a06dd468b1cc1ecf4ec747c4,ACTIVE_MASTER_V2_ILLUMEXT,RGB_BINDING_3.4.0,349,H010_L010_C005,35,26,27,bf0818a4e30caa0ce6d3e9a6e170755d6468abdad4111212a6b249678d49ce27,9770acff8b4ef40f82f6c0b10e34a53228809c9bfcd0033f0f3de13337497002,SUPERSEDED_BY,EXPLICIT_ROW_ID_AND_REFERENCE_BINDING,MIGRATED_VERIFIED
8283ab91b10f89ac758d09ecf5fb4d6343536600a06dd468b1cc1ecf4ec747c4,ACTIVE_MASTER_V2_ILLUMEXT,RGB_BINDING_3.4.0,350,H010_L010_C010,40,22,25,6c6a0a80c53dbb2fb5be1ea66d12465f805c5fc0ef746e180ddfc7367e553d86,79a7147eff74625fcda6d2456d1b07e4c54ca39b8cb5a375ea0753ef08ced530,SUPERSEDED_BY,EXPLICIT_ROW_ID_AND_REFERENCE_BINDING,MIGRATED_VERIFIED
8283ab91b10f89ac758d09ecf5fb4d6343536600a06dd468b1cc1ecf4ec747c4,ACTIVE_MASTER_V2_ILLUMEXT,RGB_BINDING_3.4.0,351,H010_L010_C015,47,19,24,cbadebd1c6cb932b2f2c6fd12d6388e853e1a54837b5aa99f9d943532653d395,5037f5208020f330139ca08438e2137999528ff5339f1671f59715fb728dc874,SUPERSEDED_BY,EXPLICIT_ROW_ID_AND_REFERENCE_BINDING,MIGRATED_VERIFIED
8283ab91b10f89ac758d09ecf5fb4d6343536600a06dd468b1cc1ecf4ec747c4,ACTIVE_MASTER_V2_ILLUMEXT,RGB_BINDING_3.4.0,352,H010_L010_C020,52,15,25,07e9de3963ec04454b8a03604b2d541e9182b81d8a8bb9af36e82d259d662710,8c87cac1d4fcb565489b0b70fa5f72fc0a443b17ff050e8682fb2464c1b38e26,SUPERSEDED_BY,EXPLICIT_ROW_ID_AND_REFERENCE_BINDING,MIGRATED_VERIFIED
8283ab91b10f89ac758d09ecf5fb4d6343536600a06dd468b1cc1ecf4ec747c4,ACTIVE_MASTER_V2_ILLUMEXT,RGB_BINDING_3.4.0,353,H010_L005_C005,25,13,15,75c5f6a2e9923694f4aa13d76811d1e04219ff2da448ae81d21e007dc2334cb9,b93a1650422ed5400a8fc06a3f4b25b1d8169ea144d6577d0dcbaa3800b2a2ae,SUPERSEDED_BY,EXPLICIT_ROW_ID_AND_REFERENCE_BINDING,MIGRATED_VERIFIED
8283ab91b10f89ac758d09ecf5fb4d6343536600a06dd468b1cc1ecf4ec747c4,ACTIVE_MASTER_V2_ILLUMEXT,RGB_BINDING_3.4.0,354,H015_L090_C005,238,224,226,1a5dca87220df3b8b0626c8cb45a432582fce7a7334edb9a555a7ced8a97e486,7d4af6814f3f2c7ba01add6a799784bea3c3fefd4ef4c7c532059d61c80fba2e,SUPERSEDED_BY,EXPLICIT_ROW_ID_AND_REFERENCE_BINDING,MIGRATED_VERIFIED
8283ab91b10f89ac758d09ecf5fb4d6343536600a06dd468b1cc1ecf4ec747c4,ACTIVE_MASTER_V2_ILLUMEXT,RGB_BINDING_3.4.0,355,H015_L090_C010,248,220,221,5ce44faf97f4244dfdd691c3ffab05c81d471b1e6af3dfa23aa73e12208215e4,85421551b1744b56592d862cb074b05312f091cbad53a0f20c29fad5ce57056b,SUPERSEDED_BY,EXPLICIT_ROW_ID_AND_REFERENCE_BINDING,MIGRATED_VERIFIED
8283ab91b10f89ac758d09ecf5fb4d6343536600a06dd468b1cc1ecf4ec747c4,ACTIVE_MASTER_V2_ILLUMEXT,RGB_BINDING_3.4.0,356,H015_L085_C005,222,209,211,0020beb521fd9876e1b2721ea952664e5c281ec88ebec9537481eaf5705b73e1,1e5a40d67b23e2a04019638fe0e7061c43cfb5cb2b401854bdf3dc307afe3d0b,SUPERSEDED_BY,EXPLICIT_ROW_ID_AND_REFERENCE_BINDING,MIGRATED_VERIFIED
8283ab91b10f89ac758d09ecf5fb4d6343536600a06dd468b1cc1ecf4ec747c4,ACTIVE_MASTER_V2_ILLUMEXT,RGB_BINDING_3.4.0,357,H015_L085_C010,233,206,208,6f533a1b9fa97881e3e6905fd44e492d2f5c7d247021a4d77af45523a3acb3fe,4e77025b6500e26dcb27df2803dd4e382a52716fd867314532d5c49bc3b34c20,SUPERSEDED_BY,EXPLICIT_ROW_ID_AND_REFERENCE_BINDING,MIGRATED_VERIFIED
8283ab91b10f89ac758d09ecf5fb4d6343536600a06dd468b1cc1ecf4ec747c4,ACTIVE_MASTER_V2_ILLUMEXT,RGB_BINDING_3.4.0,358,H015_L085_C015,241,204,206,a16c0ec125c70858cdc348d3c632316359480f2c7d4ecbe9cddcd1f18faf65b9,036e877dbdd66ef5a20c6f627cdc7c691b1a244a742a92179abb509225e078e2,SUPERSEDED_BY,EXPLICIT_ROW_ID_AND_REFERENCE_BINDING,MIGRATED_VERIFIED
8283ab91b10f89ac758d09ecf5fb4d6343536600a06dd468b1cc1ecf4ec747c4,ACTIVE_MASTER_V2_ILLUMEXT,RGB_BINDING_3.4.0,359,H015_L085_C020,250,199,203,1a4917f4c53d64f24162e5f0e68fedf2c413165e8036c7efa1c30500f01934f5,2a11b5663b1946cee8c947100cddb282ea8e28f4db6910bf7ec402ac4dc517cd,SUPERSEDED_BY,EXPLICIT_ROW_ID_AND_REFERENCE_BINDING,MIGRATED_VERIFIED
8283ab91b10f89ac758d09ecf5fb4d6343536600a06dd468b1cc1ecf4ec747c4,ACTIVE_MASTER_V2_ILLUMEXT,RGB_BINDING_3.4.0,360,H015_L080_C005,208,195,196,0dbfb53d89a65c5d541f10bb05c1857abdf27188c688a40e4d96b9dd6e4fa088,2495f843a8845984d23a6813e8b6a94bf8b0c61bb2f670d2ef7262add327c9d0,SUPERSEDED_BY,EXPLICIT_ROW_ID_AND_REFERENCE_BINDING,MIGRATED_VERIFIED
8283ab91b10f89ac758d09ecf5fb4d6343536600a06dd468b1cc1ecf4ec747c4,ACTIVE_MASTER_V2_ILLUMEXT,RGB_BINDING_3.4.0,361,H015_L080_C010,218,191,193,0bcae7c9b23a3906441e2afb17b41a96a0dc833fd6dc0a635ddb5598c89307d2,857fe7f766f830c3ea8b78f27308096e94f1da897fac4db9545185de31b3e854,SUPERSEDED_BY,EXPLICIT_ROW_ID_AND_REFERENCE_BINDING,MIGRATED_VERIFIED
8283ab91b10f89ac758d09ecf5fb4d6343536600a06dd468b1cc1ecf4ec747c4,ACTIVE_MASTER_V2_ILLUMEXT,RGB_BINDING_3.4.0,362,H015_L080_C015,226,189,192,1a87b43e3ba7687fc37be2a82170d575059362a46175fcf95e6cdbb39c2db1d8,35b623e9d2571b878d6f24ef4755340e007056d610b730739dde7b2d9320ba70,SUPERSEDED_BY,EXPLICIT_ROW_ID_AND_REFERENCE_BINDING,MIGRATED_VERIFIED
8283ab91b10f89ac758d09ecf5fb4d6343536600a06dd468b1cc1ecf4ec747c4,ACTIVE_MASTER_V2_ILLUMEXT,RGB_BINDING_3.4.0,363,H015_L080_C020,236,186,190,fe77709c7002d36fc582fb73ab9a691a1d95a5cd86a3c4411f556b6ea6bfc5cc,fbf3214f1910422a2f9f18f3e3ea735820ddaf188d667a2ce42934aa56ab21eb,SUPERSEDED_BY,EXPLICIT_ROW_ID_AND_REFERENCE_BINDING,MIGRATED_VERIFIED
8283ab91b10f89ac758d09ecf5fb4d6343536600a06dd468b1cc1ecf4ec747c4,ACTIVE_MASTER_V2_ILLUMEXT,RGB_BINDING_3.4.0,364,H015_L080_C025,244,182,188,81a056cbf6a9d5cb1e32f54175017a890cf302f2daeb970be56ed539ce9b69e3,bcba69757fd257f3be96ab57a6a30ab544b579464708d8e0ce1e2e44282dd102,SUPERSEDED_BY,EXPLICIT_ROW_ID_AND_REFERENCE_BINDING,MIGRATED_VERIFIED
8283ab91b10f89ac758d09ecf5fb4d6343536600a06dd468b1cc1ecf4ec747c4,ACTIVE_MASTER_V2_ILLUMEXT,RGB_BINDING_3.4.0,365,H015_L080_C030,253,178,185,959c9026bf9dfd6057cbaa652263ee5a39a95e302c2c8616992e2c9fc8a83df9,c94274f92c9ff8f1d16b23d8f13f5329c718afc6d958df9d2c1d48727ab992cd,SUPERSEDED_BY,EXPLICIT_ROW_ID_AND_REFERENCE_BINDING,MIGRATED_VERIFIED
8283ab91b10f89ac758d09ecf5fb4d6343536600a06dd468b1cc1ecf4ec747c4,ACTIVE_MASTER_V2_ILLUMEXT,RGB_BINDING_3.4.0,366,H015_L075_C005,194,181,183,6259ee72272ed84a81a0325348adfb0fb35d4a196fb9b80e04e13a54569fb28a,cc2e083ba06bf8a3d09399d7e83aa7a39444d3c5b30a8227543f962066f65785,SUPERSEDED_BY,EXPLICIT_ROW_ID_AND_REFERENCE_BINDING,MIGRATED_VERIFIED
8283ab91b10f89ac758d09ecf5fb4d6343536600a06dd468b1cc1ecf4ec747c4,ACTIVE_MASTER_V2_ILLUMEXT,RGB_BINDING_3.4.0,367,H015_L075_C010,204,178,179,dc4d7cb6ef81a345356e9467b7b696b38404ecd60f5029be6a87564c28f18b94,9ce95288dc7e676f8b406a50d8d76fe9399d664d084587cffa3ac4072be2d863,SUPERSEDED_BY,EXPLICIT_ROW_ID_AND_REFERENCE_BINDING,MIGRATED_VERIFIED
8283ab91b10f89ac758d09ecf5fb4d6343536600a06dd468b1cc1ecf4ec747c4,ACTIVE_MASTER_V2_ILLUMEXT,RGB_BINDING_3.4.0,368,H015_L075_C015,212,176,178,f47ad119e9f6ad5aab08b89d18f0c5b32d5b9c45b73f142129ad6cf54c7aecde,45429c37b4e6c3a096c70d885004413237750eff0dc0521c494eb5a1cc08a6f2,SUPERSEDED_BY,EXPLICIT_ROW_ID_AND_REFERENCE_BINDING,MIGRATED_VERIFIED
8283ab91b10f89ac758d09ecf5fb4d6343536600a06dd468b1cc1ecf4ec747c4,ACTIVE_MASTER_V2_ILLUMEXT,RGB_BINDING_3.4.0,369,H015_L075_C020,220,171,176,a42474d9553b5680c824e50a207018302ad3846c7f76ed405bbbc9448d4d9953,4a1f7f159866b6f7071caa96939462f73d62d6ea86d24629764f5a533cf383ca,SUPERSEDED_BY,EXPLICIT_ROW_ID_AND_REFERENCE_BINDING,MIGRATED_VERIFIED
8283ab91b10f89ac758d09ecf5fb4d6343536600a06dd468b1cc1ecf4ec747c4,ACTIVE_MASTER_V2_ILLUMEXT,RGB_BINDING_3.4.0,370,H015_L075_C025,230,168,175,90269d978f984f066119aea46e91dce7ca019e1b1ef55ec795a0aa74dc8db76c,b2641dad0c5e2c80dc2d433d3727b916cf5cda2c2a19ee4417f810e73791d761,SUPERSEDED_BY,EXPLICIT_ROW_ID_AND_REFERENCE_BINDING,MIGRATED_VERIFIED
8283ab91b10f89ac758d09ecf5fb4d6343536600a06dd468b1cc1ecf4ec747c4,ACTIVE_MASTER_V2_ILLUMEXT,RGB_BINDING_3.4.0,371,H015_L075_C030,238,164,171,d9f1f56c61777668e28b9ced148b140899fd2acb19e3723863f8482cb5484dbf,e3443c1f4ca1ee0eb920c4cc05f0a0fa14a12ffdb3b1c8042dc3247498084ec6,SUPERSEDED_BY,EXPLICIT_ROW_ID_AND_REFERENCE_BINDING,MIGRATED_VERIFIED
8283ab91b10f89ac758d09ecf5fb4d6343536600a06dd468b1cc1ecf4ec747c4,ACTIVE_MASTER_V2_ILLUMEXT,RGB_BINDING_3.4.0,372,H015_L075_C035,246,160,170,2a6d42b8feadd58643cc54f7b3705d28107cd158348975b28c6916c897169c01,19ffb83ff07ee8f29a6c943c15b6c51e9aae7ae5f0f8803d4b58d076c84c4682,SUPERSEDED_BY,EXPLICIT_ROW_ID_AND_REFERENCE_BINDING,MIGRATED_VERIFIED
8283ab91b10f89ac758d09ecf5fb4d6343536600a06dd468b1cc1ecf4ec747c4,ACTIVE_MASTER_V2_ILLUMEXT,RGB_BINDING_3.4.0,373,H015_L075_C040,254,155,168,720a70051fa83cd8182df810e4c161f798743502571b84c1dce3c9014c85d9f1,6fb66905d24d2c36a2119e640d53c7f60abd32f4aa5545cfbe00451f535a03b9,SUPERSEDED_BY,EXPLICIT_ROW_ID_AND_REFERENCE_BINDING,MIGRATED_VERIFIED
8283ab91b10f89ac758d09ecf5fb4d6343536600a06dd468b1cc1ecf4ec747c4,ACTIVE_MASTER_V2_ILLUMEXT,RGB_BINDING_3.4.0,374,H015_L075_C045,255,151,166,56fcaab3dc9035595ec6f6be50bddc0f69d2ca5e688111d1be4bd3eeb2590276,0a5f2ebea935a4fcbbd2915d1979cb7fb850e710941087fa1938326da44f2a97,SUPERSEDED_BY,EXPLICIT_ROW_ID_AND_REFERENCE_BINDING,MIGRATED_VERIFIED
8283ab91b10f89ac758d09ecf5fb4d6343536600a06dd468b1cc1ecf4ec747c4,ACTIVE_MASTER_V2_ILLUMEXT,RGB_BINDING_3.4.0,375,H015_L070_C005,181,168,170,896a140b45e79efbef5991843e9be9f91d3d1b0e3b610b75a347feb41aed86f5,13d0a6f5ff60dd1b76ec1907688456ec706f3da757080141022b219247b157ce,SUPERSEDED_BY,EXPLICIT_ROW_ID_AND_REFERENCE_BINDING,MIGRATED_VERIFIED
8283ab91b10f89ac758d09ecf5fb4d6343536600a06dd468b1cc1ecf4ec747c4,ACTIVE_MASTER_V2_ILLUMEXT,RGB_BINDING_3.4.0,376,H015_L070_C010,191,165,166,1335b4bd253bf13a5a55caa123f4e688f15125b2efbae15ffcbee734537437ea,c0b95640124712cec92b319cd87bbf367577b756aeef17d3a163bdaa13300acc,SUPERSEDED_BY,EXPLICIT_ROW_ID_AND_REFERENCE_BINDING,MIGRATED_VERIFIED
8283ab91b10f89ac758d09ecf5fb4d6343536600a06dd468b1cc1ecf4ec747c4,ACTIVE_MASTER_V2_ILLUMEXT,RGB_BINDING_3.4.0,377,H015_L070_C015,199,163,165,f132e6082f49aadfe0086b2a64bfca9f90186bb56cbb3f83c1b42b484650f926,688f7d445fd2f4cf00e906b5ee9523881ecb325cc02f79ad783e487eaa99daf9,SUPERSEDED_BY,EXPLICIT_ROW_ID_AND_REFERENCE_BINDING,MIGRATED_VERIFIED
8283ab91b10f89ac758d09ecf5fb4d6343536600a06dd468b1cc1ecf4ec747c4,ACTIVE_MASTER_V2_ILLUMEXT,RGB_BINDING_3.4.0,378,H015_L070_C020,207,158,163,071cd9221f7d48d7f2f846344dc9e1a36c2267def440860b22d18ac9e92714c6,7dabafbdc6c0ced3cd7d889c4eee7638dcacb516ea984b51615ee613599ee82f,SUPERSEDED_BY,EXPLICIT_ROW_ID_AND_REFERENCE_BINDING,MIGRATED_VERIFIED
8283ab91b10f89ac758d09ecf5fb4d6343536600a06dd468b1cc1ecf4ec747c4,ACTIVE_MASTER_V2_ILLUMEXT,RGB_BINDING_3.4.0,379,H015_L070_C025,216,155,162,f20c5714d7cdd9545e5b0319587e539738cd2833953d7030d198d7d7ea0c94ad,bd439f82a5754772868f781998d6ab6bbcd357f56ba67f1a86b8a1ad0b374369,SUPERSEDED_BY,EXPLICIT_ROW_ID_AND_REFERENCE_BINDING,MIGRATED_VERIFIED
8283ab91b10f89ac758d09ecf5fb4d6343536600a06dd468b1cc1ecf4ec747c4,ACTIVE_MASTER_V2_ILLUMEXT,RGB_BINDING_3.4.0,380,H015_L070_C030,224,151,158,b277a7eaee9cb43790571e954f4347bfbc663d7bd7ec6ee6e1bf0404a37b7265,d6c64591363a943c2ce96c8cddeadc41d92dc902a97b987d1dfe9146049942e9,SUPERSEDED_BY,EXPLICIT_ROW_ID_AND_REFERENCE_BINDING,MIGRATED_VERIFIED
8283ab91b10f89ac758d09ecf5fb4d6343536600a06dd468b1cc1ecf4ec747c4,ACTIVE_MASTER_V2_ILLUMEXT,RGB_BINDING_3.4.0,381,H015_L070_C035,233,147,157,e6acd282e316c9f41a2f8c43b17c9164668bdb339d52418366f9010f3173d3b0,0a29a4dd2f0d6aefa526254f029fddaa608d8087e9f5114c38c910969398932e,SUPERSEDED_BY,EXPLICIT_ROW_ID_AND_REFERENCE_BINDING,MIGRATED_VERIFIED
8283ab91b10f89ac758d09ecf5fb4d6343536600a06dd468b1cc1ecf4ec747c4,ACTIVE_MASTER_V2_ILLUMEXT,RGB_BINDING_3.4.0,382,H015_L070_C040,240,143,156,ae31d6927d0c353b488b9445b040063b72702398795b32b2ce7e5df1cc76faa5,a1e61aeb3ea3a23e21414d2ae03211e402a27af5c3238378aeb14196b3e95c10,SUPERSEDED_BY,EXPLICIT_ROW_ID_AND_REFERENCE_BINDING,MIGRATED_VERIFIED
8283ab91b10f89ac758d09ecf5fb4d6343536600a06dd468b1cc1ecf4ec747c4,ACTIVE_MASTER_V2_ILLUMEXT,RGB_BINDING_3.4.0,383,H015_L070_C045,247,138,152,d80b14e0300dd442153dc10e5a8dcbc94d14e77b1d1ba077d6718b879257416f,f26710b6384f3c5c2ff35e99d3fce0d8b1934b5268606b2505c28dcc16c19baf,SUPERSEDED_BY,EXPLICIT_ROW_ID_AND_REFERENCE_BINDING,MIGRATED_VERIFIED
8283ab91b10f89ac758d09ecf5fb4d6343536600a06dd468b1cc1ecf4ec747c4,ACTIVE_MASTER_V2_ILLUMEXT,RGB_BINDING_3.4.0,384,H015_L070_C050,254,133,150,6fe8b2eda7e322417e651e173618cc79a621469ae07f0bc8ad068c3fe70fd977,c8b74976f797f160c33a411c186d53c3c2c30c05ce14923fff7abb46cfa5b803,SUPERSEDED_BY,EXPLICIT_ROW_ID_AND_REFERENCE_BINDING,MIGRATED_VERIFIED
8283ab91b10f89ac758d09ecf5fb4d6343536600a06dd468b1cc1ecf4ec747c4,ACTIVE_MASTER_V2_ILLUMEXT,RGB_BINDING_3.4.0,385,H015_L070_C055,255,128,148,34662eade6f06edde87c2e500cce08d2f1e024c9f7f558c819c1d075cf05ef91,0354e356db7d1dfa9d7ddc0b938de12b4ac1a74723805dd829cea56f55d766e4,SUPERSEDED_BY,EXPLICIT_ROW_ID_AND_REFERENCE_BINDING,MIGRATED_VERIFIED
8283ab91b10f89ac758d09ecf5fb4d6343536600a06dd468b1cc1ecf4ec747c4,ACTIVE_MASTER_V2_ILLUMEXT,RGB_BINDING_3.4.0,386,H015_L065_C005,167,154,156,a69d4b67826997a626b14e21ba6df6decfedf75111235a9b976a206f336d520a,72d6e920170cdde1939e41deba54dbd858e9fa0b60ca1b1d211dda540042d5d2,SUPERSEDED_BY,EXPLICIT_ROW_ID_AND_REFERENCE_BINDING,MIGRATED_VERIFIED
8283ab91b10f89ac758d09ecf5fb4d6343536600a06dd468b1cc1ecf4ec747c4,ACTIVE_MASTER_V2_ILLUMEXT,RGB_BINDING_3.4.0,387,H015_L065_C010,177,152,153,1599dfb16f07969cfe96eae593c796d1e827be7a0cf05d6ce643d1dda6594c7a,f9271baecfd2264ec9155b7282a0e2e76dcaa3a25d52d02ef9e4b78ec18f27c1,SUPERSEDED_BY,EXPLICIT_ROW_ID_AND_REFERENCE_BINDING,MIGRATED_VERIFIED
8283ab91b10f89ac758d09ecf5fb4d6343536600a06dd468b1cc1ecf4ec747c4,ACTIVE_MASTER_V2_ILLUMEXT,RGB_BINDING_3.4.0,388,H015_L065_C015,184,149,151,103afcd156ee261b54b1b45420c7cb1c3c1a7f3d43fc9ca1ef6e898bf611c37c,91245174a09514f2e91323bd5086da3c4fdda648e2cf722ab69e63dcdb1abc39,SUPERSEDED_BY,EXPLICIT_ROW_ID_AND_REFERENCE_BINDING,MIGRATED_VERIFIED
8283ab91b10f89ac758d09ecf5fb4d6343536600a06dd468b1cc1ecf4ec747c4,ACTIVE_MASTER_V2_ILLUMEXT,RGB_BINDING_3.4.0,389,H015_L065_C020,193,145,150,a91ced77c9eb38f6e921dde6d0d13b126e8dd195dd9955bd22e4f8f9d7aeb2c0,f60aebaa51c68c4bd8b729c2604dfb9826f226ef31df2518426122ff31bd9c6d,SUPERSEDED_BY,EXPLICIT_ROW_ID_AND_REFERENCE_BINDING,MIGRATED_VERIFIED
8283ab91b10f89ac758d09ecf5fb4d6343536600a06dd468b1cc1ecf4ec747c4,ACTIVE_MASTER_V2_ILLUMEXT,RGB_BINDING_3.4.0,390,H015_L065_C025,201,142,148,6188dfe2bc6c63014a6c7b69c61b0dc249b7b7da33ea8671fc8b1bf3de8a72fe,a18b0d1c16cec5cd0e3d780bc517b9e6495db2e6526cc0fa08c2e0910832f240,SUPERSEDED_BY,EXPLICIT_ROW_ID_AND_REFERENCE_BINDING,MIGRATED_VERIFIED
8283ab91b10f89ac758d09ecf5fb4d6343536600a06dd468b1cc1ecf4ec747c4,ACTIVE_MASTER_V2_ILLUMEXT,RGB_BINDING_3.4.0,391,H015_L065_C030,210,137,145,d9484028edfa144716b0f888f3fa9e98436baa58c1f7e61cb0d47e4993dac393,14ce187782e755c42147847c02e98dd8183d5c06a2e4d69f512c8e846755d129,SUPERSEDED_BY,EXPLICIT_ROW_ID_AND_REFERENCE_BINDING,MIGRATED_VERIFIED
8283ab91b10f89ac758d09ecf5fb4d6343536600a06dd468b1cc1ecf4ec747c4,ACTIVE_MASTER_V2_ILLUMEXT,RGB_BINDING_3.4.0,392,H015_L065_C035,218,134,144,063a54a6dbfca1d5d09e450db2453d5e158120050cdb61c29c4fc1b822dc0ada,a72717e97e95a85ccbf83617f8215cf66816c0f49c59938dc3a0543b1b650a97,SUPERSEDED_BY,EXPLICIT_ROW_ID_AND_REFERENCE_BINDING,MIGRATED_VERIFIED
8283ab91b10f89ac758d09ecf5fb4d6343536600a06dd468b1cc1ecf4ec747c4,ACTIVE_MASTER_V2_ILLUMEXT,RGB_BINDING_3.4.0,393,H015_L065_C040,226,129,143,ada3a5ad6c6c9f67aec080fcfd72089b0891f7aea3f69acf56ecf947793056f5,21e86a9df5d52915282bb0a48931b8748d1a1701c3475898a181923465013d1e,SUPERSEDED_BY,EXPLICIT_ROW_ID_AND_REFERENCE_BINDING,MIGRATED_VERIFIED
8283ab91b10f89ac758d09ecf5fb4d6343536600a06dd468b1cc1ecf4ec747c4,ACTIVE_MASTER_V2_ILLUMEXT,RGB_BINDING_3.4.0,394,H015_L065_C045,231,125,139,073092c641c7b7b8c8d65c1bd4c206eeb2b7239b2eb30432b3187778c752c3d3,97e8b9d557c002fcac642be5998630b3f924504880989265f6cd87c1c7140f93,SUPERSEDED_BY,EXPLICIT_ROW_ID_AND_REFERENCE_BINDING,MIGRATED_VERIFIED
8283ab91b10f89ac758d09ecf5fb4d6343536600a06dd468b1cc1ecf4ec747c4,ACTIVE_MASTER_V2_ILLUMEXT,RGB_BINDING_3.4.0,395,H015_L065_C050,239,120,137,5f9a7051f5254d505657934cc76014a3a8d34814b60798f658756d10c4e05551,974366da65718d0c0b10c5d53eaafa37a6e91ddb2681367b97d2c99de9383225,SUPERSEDED_BY,EXPLICIT_ROW_ID_AND_REFERENCE_BINDING,MIGRATED_VERIFIED
8283ab91b10f89ac758d09ecf5fb4d6343536600a06dd468b1cc1ecf4ec747c4,ACTIVE_MASTER_V2_ILLUMEXT,RGB_BINDING_3.4.0,396,H015_L065_C055,246,114,137,d6cce17cef826e89e5939cbac9d203dcfb5c99d15fa6e60b8775e3dc07b797b8,16b9ff42e43608241034744577b80c96ecb35b40711c552abaccedb8896bcfa9,SUPERSEDED_BY,EXPLICIT_ROW_ID_AND_REFERENCE_BINDING,MIGRATED_VERIFIED
8283ab91b10f89ac758d09ecf5fb4d6343536600a06dd468b1cc1ecf4ec747c4,ACTIVE_MASTER_V2_ILLUMEXT,RGB_BINDING_3.4.0,397,H015_L065_C060,253,108,132,916337d84394957646ecdf98206c35f0bf9ca7327c846488c9ae263cc6229a9f,7e293b0ba2c3f52f3ab556e632135f30bbafe6357a0f3d8df1a3b5894d8d0399,SUPERSEDED_BY,EXPLICIT_ROW_ID_AND_REFERENCE_BINDING,MIGRATED_VERIFIED
8283ab91b10f89ac758d09ecf5fb4d6343536600a06dd468b1cc1ecf4ec747c4,ACTIVE_MASTER_V2_ILLUMEXT,RGB_BINDING_3.4.0,398,H015_L065_C065,255,101,132,b24720502f454847d27d60fdb4d06665f8ac309d4b4669d9f3ca208b2e29351d,a2f272ef7cbb7b1fbb321a33eb2d0fad8078ecd0350583c25970ade0c972d945,SUPERSEDED_BY,EXPLICIT_ROW_ID_AND_REFERENCE_BINDING,MIGRATED_VERIFIED
8283ab91b10f89ac758d09ecf5fb4d6343536600a06dd468b1cc1ecf4ec747c4,ACTIVE_MASTER_V2_ILLUMEXT,RGB_BINDING_3.4.0,399,H015_L060_C005,154,141,143,909ba0dd9171fd72838442db2d4e2c7b4c241bffdde33116587136e835cab19b,e85dbb7c14d91cb37b25f8bd09127b32fbdf4a5c7d88f2a7e834bc71e9a2f1ec,SUPERSEDED_BY,EXPLICIT_ROW_ID_AND_REFERENCE_BINDING,MIGRATED_VERIFIED
8283ab91b10f89ac758d09ecf5fb4d6343536600a06dd468b1cc1ecf4ec747c4,ACTIVE_MASTER_V2_ILLUMEXT,RGB_BINDING_3.4.0,400,H015_L060_C010,163,138,139,addce8f98df53d1d77f82166ddb6dcb7680c085dc8fcd7d3adfdf86b48a3d2b0,96e9ca12dd601c3845197ade270b83e52734b3059e1fdad45a5381aab10e8167,SUPERSEDED_BY,EXPLICIT_ROW_ID_AND_REFERENCE_BINDING,MIGRATED_VERIFIED
8283ab91b10f89ac758d09ecf5fb4d6343536600a06dd468b1cc1ecf4ec747c4,ACTIVE_MASTER_V2_ILLUMEXT,RGB_BINDING_3.4.0,401,H015_L060_C015,171,136,138,3d3c861a5e7a7323bb8f43ced24f4d4b02165fe0f8044ef949e0f4e9384783d6,40d7a66362da920b8ed44ecbe16bd9b5c6e1ace3d4c3825ccd4ae2df5d2d4584,SUPERSEDED_BY,EXPLICIT_ROW_ID_AND_REFERENCE_BINDING,MIGRATED_VERIFIED
8283ab91b10f89ac758d09ecf5fb4d6343536600a06dd468b1cc1ecf4ec747c4,ACTIVE_MASTER_V2_ILLUMEXT,RGB_BINDING_3.4.0,402,H015_L060_C020,179,132,136,b75a2b6fc7af8a2526f272d885069e4102479cc8fe9d2e283ab3bd678bc9b7c4,202349985dbcb3d1c3e7501c7816ad92f3b9c83808212b55a179193ff58b8eeb,SUPERSEDED_BY,EXPLICIT_ROW_ID_AND_REFERENCE_BINDING,MIGRATED_VERIFIED
8283ab91b10f89ac758d09ecf5fb4d6343536600a06dd468b1cc1ecf4ec747c4,ACTIVE_MASTER_V2_ILLUMEXT,RGB_BINDING_3.4.0,403,H015_L060_C025,187,128,135,209b05bc969fbeaa3f554a4e2d94b571c98f829f6dabc1c49825365e5dc659dc,e675b3f76ed9cf4f0f919a7fb05e4b0858349502918e831c0d4e9bc717759406,SUPERSEDED_BY,EXPLICIT_ROW_ID_AND_REFERENCE_BINDING,MIGRATED_VERIFIED
8283ab91b10f89ac758d09ecf5fb4d6343536600a06dd468b1cc1ecf4ec747c4,ACTIVE_MASTER_V2_ILLUMEXT,RGB_BINDING_3.4.0,404,H015_L060_C030,195,124,132,eac00e7426bfa31df1510ed6997541c68977673e27b54095377591a35dd77b4c,a4dc642cc8553ba6c5673bb84e28ef248220c9c105e8bb63effb3e81d6e6a781,SUPERSEDED_BY,EXPLICIT_ROW_ID_AND_REFERENCE_BINDING,MIGRATED_VERIFIED
8283ab91b10f89ac758d09ecf5fb4d6343536600a06dd468b1cc1ecf4ec747c4,ACTIVE_MASTER_V2_ILLUMEXT,RGB_BINDING_3.4.0,405,H015_L060_C035,202,120,130,d0ccaea3278ef40f31f038b5ae2e413cbc3c24893f9a3379922270ced0708981,abd25aa659f5a64a32ec345238af8ca37e5f4375db35ca3ea2376e2d7c09c3d5,SUPERSEDED_BY,EXPLICIT_ROW_ID_AND_REFERENCE_BINDING,MIGRATED_VERIFIED
8283ab91b10f89ac758d09ecf5fb4d6343536600a06dd468b1cc1ecf4ec747c4,ACTIVE_MASTER_V2_ILLUMEXT,RGB_BINDING_3.4.0,406,H015_L060_C040,210,116,129,1a9fdca79f6711889d377d75de4098b1600db55ecf1896b23c8296931bf0b03a,dca6dd36b1c1af6537553565fef1785039aafb0be93612ec4e999eb5114ddb52,SUPERSEDED_BY,EXPLICIT_ROW_ID_AND_REFERENCE_BINDING,MIGRATED_VERIFIED
8283ab91b10f89ac758d09ecf5fb4d6343536600a06dd468b1cc1ecf4ec747c4,ACTIVE_MASTER_V2_ILLUMEXT,RGB_BINDING_3.4.0,407,H015_L060_C045,216,111,126,2c1a200d152bae9d36c5c2881369ce48cb1a6b5ca4faadca55e487ddb3a87585,502082545adff31e1ed2b1465a07ae707068be87477846c88a7eaabfb2997653,SUPERSEDED_BY,EXPLICIT_ROW_ID_AND_REFERENCE_BINDING,MIGRATED_VERIFIED
8283ab91b10f89ac758d09ecf5fb4d6343536600a06dd468b1cc1ecf4ec747c4,ACTIVE_MASTER_V2_ILLUMEXT,RGB_BINDING_3.4.0,408,H015_L060_C050,223,106,124,e000826bdadfa1e386c10b4b3836fd94fbec3b865887f24939411741f23afc73,ace1bd4d6d77c45d0b8e16c80780c168c9e522c00a2b4e007942f2189f3f0ad2,SUPERSEDED_BY,EXPLICIT_ROW_ID_AND_REFERENCE_BINDING,MIGRATED_VERIFIED
8283ab91b10f89ac758d09ecf5fb4d6343536600a06dd468b1cc1ecf4ec747c4,ACTIVE_MASTER_V2_ILLUMEXT,RGB_BINDING_3.4.0,409,H015_L060_C055,231,100,123,217293e404452614ab3031ec0e5c0057944977a3abf9582b4638dd5d2938f397,5ec52d3dfea568a3b142a9aefc3813cd3a96d954723e06d7aed824053e818078,SUPERSEDED_BY,EXPLICIT_ROW_ID_AND_REFERENCE_BINDING,MIGRATED_VERIFIED
8283ab91b10f89ac758d09ecf5fb4d6343536600a06dd468b1cc1ecf4ec747c4,ACTIVE_MASTER_V2_ILLUMEXT,RGB_BINDING_3.4.0,410,H015_L060_C060,238,94,120,52759af0e25323f1f7e9d68a9bbcdb2db8741ff01d37327d824e29bb589ba9f0,962ce7beb9be257a1c369e5ec9949d39ae6a9ffd11f8674a4a2c95f76d943a2b,SUPERSEDED_BY,EXPLICIT_ROW_ID_AND_REFERENCE_BINDING,MIGRATED_VERIFIED
8283ab91b10f89ac758d09ecf5fb4d6343536600a06dd468b1cc1ecf4ec747c4,ACTIVE_MASTER_V2_ILLUMEXT,RGB_BINDING_3.4.0,411,H015_L060_C065,244,86,118,a18e5dd8b0affb3912d664ca4cea80e28db66549d7a2b30134f8018b30bc32a9,e3b1b7ef3047514eb028790be4e2d49a14966c7ed5e2fbd90708aa303fa483bf,SUPERSEDED_BY,EXPLICIT_ROW_ID_AND_REFERENCE_BINDING,MIGRATED_VERIFIED
8283ab91b10f89ac758d09ecf5fb4d6343536600a06dd468b1cc1ecf4ec747c4,ACTIVE_MASTER_V2_ILLUMEXT,RGB_BINDING_3.4.0,412,H015_L060_C070,251,78,117,3ffe3802098f4ced6924ea22710300a1d54328f2b7cb3b581bfe0e3589595195,2f484366ac7e4cc71658ff1723e7a1d08fc7bfd0781b02fb2aed2edfe81fce9f,SUPERSEDED_BY,EXPLICIT_ROW_ID_AND_REFERENCE_BINDING,MIGRATED_VERIFIED
8283ab91b10f89ac758d09ecf5fb4d6343536600a06dd468b1cc1ecf4ec747c4,ACTIVE_MASTER_V2_ILLUMEXT,RGB_BINDING_3.4.0,413,H015_L055_C005,141,128,130,13879b0e9ca3c2fd474e0db46b35352b97c77db88623572ea9881c493a590559,3966a5743cb9fbea7de4394527ded24f353d6878509477cc6f627860ccd0dc3b,SUPERSEDED_BY,EXPLICIT_ROW_ID_AND_REFERENCE_BINDING,MIGRATED_VERIFIED
8283ab91b10f89ac758d09ecf5fb4d6343536600a06dd468b1cc1ecf4ec747c4,ACTIVE_MASTER_V2_ILLUMEXT,RGB_BINDING_3.4.0,414,H015_L055_C010,150,125,127,269e1e23c645de8ae451da1dd14fa9087609259cd41bea67556c4211525ebd8a,00097e7078b68087beadb9ce9b52720876c1508bf4de65867e948cbf9eba0327,SUPERSEDED_BY,EXPLICIT_ROW_ID_AND_REFERENCE_BINDING,MIGRATED_VERIFIED
8283ab91b10f89ac758d09ecf5fb4d6343536600a06dd468b1cc1ecf4ec747c4,ACTIVE_MASTER_V2_ILLUMEXT,RGB_BINDING_3.4.0,415,H015_L055_C015,157,123,125,82a7a2ab8aae4f76d63903922f12ae42c8efba412fd954cffadb0ba6af46433f,5ade9f71b79c4e47a49592ab4912cb0d5334649ca0e2dea19e598343e4ce17fa,SUPERSEDED_BY,EXPLICIT_ROW_ID_AND_REFERENCE_BINDING,MIGRATED_VERIFIED
8283ab91b10f89ac758d09ecf5fb4d6343536600a06dd468b1cc1ecf4ec747c4,ACTIVE_MASTER_V2_ILLUMEXT,RGB_BINDING_3.4.0,416,H015_L055_C020,165,119,123,528bc59565bb242d2be88125cdd36cdb2f19f1205f02aa61d682731d39f75d01,1d74ab36f98db16e41bc8fc5cc18d8b65711072700a09f018d9d2a2aaee3f2ca,SUPERSEDED_BY,EXPLICIT_ROW_ID_AND_REFERENCE_BINDING,MIGRATED_VERIFIED
8283ab91b10f89ac758d09ecf5fb4d6343536600a06dd468b1cc1ecf4ec747c4,ACTIVE_MASTER_V2_ILLUMEXT,RGB_BINDING_3.4.0,417,H015_L055_C025,173,115,122,a100f4a0ea754f4919df4e86bdca8c74c929fc6cc41e266c17a555b9156ba700,a34f2a23ff3a155ea0e8818ad405939885a44eb5154a5f07f12e90a8fa5b3a8b,SUPERSEDED_BY,EXPLICIT_ROW_ID_AND_REFERENCE_BINDING,MIGRATED_VERIFIED
8283ab91b10f89ac758d09ecf5fb4d6343536600a06dd468b1cc1ecf4ec747c4,ACTIVE_MASTER_V2_ILLUMEXT,RGB_BINDING_3.4.0,418,H015_L055_C030,181,111,119,5d52d895d0312f08249b270c6ea203b525921417caf350b96594fd00374ff491,46cfeef0a2d7a8a91d9b04defb2e1bbe1ee420b33b7b6af4803fa8175eff8da1,SUPERSEDED_BY,EXPLICIT_ROW_ID_AND_REFERENCE_BINDING,MIGRATED_VERIFIED
8283ab91b10f89ac758d09ecf5fb4d6343536600a06dd468b1cc1ecf4ec747c4,ACTIVE_MASTER_V2_ILLUMEXT,RGB_BINDING_3.4.0,419,H015_L055_C035,188,106,117,d9a570bcf043e7c767cc8108fd5f4818da071bd4de1db67fc60c9da7117c3d78,12b754fa9d9a40a72758e414b8545a213d0e922493858c140b233626b9ed5f84,SUPERSEDED_BY,EXPLICIT_ROW_ID_AND_REFERENCE_BINDING,MIGRATED_VERIFIED
8283ab91b10f89ac758d09ecf5fb4d6343536600a06dd468b1cc1ecf4ec747c4,ACTIVE_MASTER_V2_ILLUMEXT,RGB_BINDING_3.4.0,420,H015_L055_C040,195,102,116,c1c1caa0ef636a983a22f1928a613330f7cf4c7f1ebe1f2c673e4552bb28438a,01cf544591a16237b44fc38737bc6e0f2cc8ad32c216f6af995bfbe6825759e9,SUPERSEDED_BY,EXPLICIT_ROW_ID_AND_REFERENCE_BINDING,MIGRATED_VERIFIED
8283ab91b10f89ac758d09ecf5fb4d6343536600a06dd468b1cc1ecf4ec747c4,ACTIVE_MASTER_V2_ILLUMEXT,RGB_BINDING_3.4.0,421,H015_L055_C045,202,98,113,f6285344e1d474ae8606ae5a58f91e8609080ae2fa91d1d98bec1cde3086dbfb,1489976364b73ffe37fbb022040a43c2798056cd4009b743ee2f14cb5e8c113e,SUPERSEDED_BY,EXPLICIT_ROW_ID_AND_REFERENCE_BINDING,MIGRATED_VERIFIED
8283ab91b10f89ac758d09ecf5fb4d6343536600a06dd468b1cc1ecf4ec747c4,ACTIVE_MASTER_V2_ILLUMEXT,RGB_BINDING_3.4.0,422,H015_L055_C050,209,92,112,dc6960ffc1ddd848fd3789716f795245ce6bd4fa39b636fcc4a188a35f74bb81,22f310409ef0064ff1b6e10d19aac24067ecaf4a6e2998a3d287bc0df0ca9892,SUPERSEDED_BY,EXPLICIT_ROW_ID_AND_REFERENCE_BINDING,MIGRATED_VERIFIED
8283ab91b10f89ac758d09ecf5fb4d6343536600a06dd468b1cc1ecf4ec747c4,ACTIVE_MASTER_V2_ILLUMEXT,RGB_BINDING_3.4.0,423,H015_L055_C055,215,86,110,05521e6e293af0b28ab68c717aea104112d625cb4f90598c743db6d763b8f915,228737b1705d701aa759cf096e374c02924eaa4d77f3e18ce05d4bc6d3ffe89f,SUPERSEDED_BY,EXPLICIT_ROW_ID_AND_REFERENCE_BINDING,MIGRATED_VERIFIED
8283ab91b10f89ac758d09ecf5fb4d6343536600a06dd468b1cc1ecf4ec747c4,ACTIVE_MASTER_V2_ILLUMEXT,RGB_BINDING_3.4.0,424,H015_L055_C060,222,79,107,ecf48f01761efccb93cbc9de3788e8e5aa63da94258c5f147e81635180d63ab1,b31bcfb425382c4950507c41faa7319a27b805018a1dbaaa76f27ba07f737138,SUPERSEDED_BY,EXPLICIT_ROW_ID_AND_REFERENCE_BINDING,MIGRATED_VERIFIED
8283ab91b10f89ac758d09ecf5fb4d6343536600a06dd468b1cc1ecf4ec747c4,ACTIVE_MASTER_V2_ILLUMEXT,RGB_BINDING_3.4.0,425,H015_L055_C065,229,71,106,1151127af83e590bd0e0a1b18de743f7638637e8f5316bb4f679aa8a513d0afb,67f1e116b832e9e4f18e3da2081ee2186804f27abc19f5b0c28ad143bfca4392,SUPERSEDED_BY,EXPLICIT_ROW_ID_AND_REFERENCE_BINDING,MIGRATED_VERIFIED
8283ab91b10f89ac758d09ecf5fb4d6343536600a06dd468b1cc1ecf4ec747c4,ACTIVE_MASTER_V2_ILLUMEXT,RGB_BINDING_3.4.0,426,H015_L055_C070,235,62,105,2ae43b25412ae17f2e87329f9927644bfc7c2c7adc9b08ce9fd4a8ef160f9bb3,0e710b1acdbea59bbd2cab96698b4a92b39cf90d4ffa3407b82d6142d97e8227,SUPERSEDED_BY,EXPLICIT_ROW_ID_AND_REFERENCE_BINDING,MIGRATED_VERIFIED
8283ab91b10f89ac758d09ecf5fb4d6343536600a06dd468b1cc1ecf4ec747c4,ACTIVE_MASTER_V2_ILLUMEXT,RGB_BINDING_3.4.0,427,H015_L055_C075,240,52,103,4a6d69451005ab34df3c9eb610857688f29559f74362608057d93893ceaa9345,0ee67011aa4749b1ccf5bf20fd890c439411cb73aabde64379f46625a08b9297,SUPERSEDED_BY,EXPLICIT_ROW_ID_AND_REFERENCE_BINDING,MIGRATED_VERIFIED
8283ab91b10f89ac758d09ecf5fb4d6343536600a06dd468b1cc1ecf4ec747c4,ACTIVE_MASTER_V2_ILLUMEXT,RGB_BINDING_3.4.0,428,H015_L055_C080,248,37,101,3176bd54e92c07517ab69eaca49f53677467ad81f62d6a6ee58ac7b82135bd3b,f38562a1ce6acfc904b3a5b2ff09602b3051bb9d00c584ece427bedcf857e022,SUPERSEDED_BY,EXPLICIT_ROW_ID_AND_REFERENCE_BINDING,MIGRATED_VERIFIED
8283ab91b10f89ac758d09ecf5fb4d6343536600a06dd468b1cc1ecf4ec747c4,ACTIVE_MASTER_V2_ILLUMEXT,RGB_BINDING_3.4.0,429,H015_L050_C005,129,117,118,3bcc1bd80478f54b890f470d905ca073dafc3016bad74c3510ca6a195fcd80b7,c5d4b35c2a0ea5960b49a1fcc6933e99cd8444b1c3f80e5851025c71db8637cb,SUPERSEDED_BY,EXPLICIT_ROW_ID_AND_REFERENCE_BINDING,MIGRATED_VERIFIED
8283ab91b10f89ac758d09ecf5fb4d6343536600a06dd468b1cc1ecf4ec747c4,ACTIVE_MASTER_V2_ILLUMEXT,RGB_BINDING_3.4.0,430,H015_L050_C010,137,113,115,bc2fe4b16e8b0e4f9c68ef021dfa88d350cf86f9cb781cd388c6a15589b4cb7e,65caad1d1b8b1b432310eeb0d6caa4978872c6174e8714b29cf084aec95acc20,SUPERSEDED_BY,EXPLICIT_ROW_ID_AND_REFERENCE_BINDING,MIGRATED_VERIFIED
8283ab91b10f89ac758d09ecf5fb4d6343536600a06dd468b1cc1ecf4ec747c4,ACTIVE_MASTER_V2_ILLUMEXT,RGB_BINDING_3.4.0,431,H015_L050_C015,144,111,113,a2543a596b25f3067c723f5f67ffb6b50b288a6700d1939e650f3c8ad7bd648c,e49c383285c8f58d02a37d777c58d0d49ee7607c00a8eeae9b1278558fb6514a,SUPERSEDED_BY,EXPLICIT_ROW_ID_AND_REFERENCE_BINDING,MIGRATED_VERIFIED
8283ab91b10f89ac758d09ecf5fb4d6343536600a06dd468b1cc1ecf4ec747c4,ACTIVE_MASTER_V2_ILLUMEXT,RGB_BINDING_3.4.0,432,H015_L050_C020,152,107,111,4d6237a33d4bb49896e27963e32c8565dfaea0dce9f680048617a67486eccbbd,d9a91436437a30c9a3ab986b03aa65272119d56e931d2f0b6b0c7b5a4568859b,SUPERSEDED_BY,EXPLICIT_ROW_ID_AND_REFERENCE_BINDING,MIGRATED_VERIFIED
8283ab91b10f89ac758d09ecf5fb4d6343536600a06dd468b1cc1ecf4ec747c4,ACTIVE_MASTER_V2_ILLUMEXT,RGB_BINDING_3.4.0,433,H015_L050_C025,160,103,110,039f09f29e0290b5d3011e21892b0556a22bc6e8bfc9d53d50b9cf19590c70f4,1b5292e2bfada8e4c8aba087497df41f87b9958ed84f3cfe9de217d186f86342,SUPERSEDED_BY,EXPLICIT_ROW_ID_AND_REFERENCE_BINDING,MIGRATED_VERIFIED
8283ab91b10f89ac758d09ecf5fb4d6343536600a06dd468b1cc1ecf4ec747c4,ACTIVE_MASTER_V2_ILLUMEXT,RGB_BINDING_3.4.0,434,H015_L050_C030,167,99,107,a80ec9d866573017e8435f50c7775935ec556a98aadbfc380f6cb9b2685236e4,6cd1e02168dc359eef50c84a7f1112b4c77201ec771acf1f081f790458b1f736,SUPERSEDED_BY,EXPLICIT_ROW_ID_AND_REFERENCE_BINDING,MIGRATED_VERIFIED
8283ab91b10f89ac758d09ecf5fb4d6343536600a06dd468b1cc1ecf4ec747c4,ACTIVE_MASTER_V2_ILLUMEXT,RGB_BINDING_3.4.0,435,H015_L050_C035,174,94,105,23295c5f30dbe57f5cf6674771e2080d2385c40296ab91357665a22f0d917f17,f6a51ca71d7bd92a56ae0b07235b5d3d886dbbe1df0b719f164173af283fc075,SUPERSEDED_BY,EXPLICIT_ROW_ID_AND_REFERENCE_BINDING,MIGRATED_VERIFIED
8283ab91b10f89ac758d09ecf5fb4d6343536600a06dd468b1cc1ecf4ec747c4,ACTIVE_MASTER_V2_ILLUMEXT,RGB_BINDING_3.4.0,436,H015_L050_C040,182,90,104,2814ead7ef020de9df96c2f255c3fed01bd868304df2779e1795ba8c9ac06e5a,c92f8938c1f4d2c4a42b5449c234e1a0a18d407f5599f9b333113bf325cfbfd4,SUPERSEDED_BY,EXPLICIT_ROW_ID_AND_REFERENCE_BINDING,MIGRATED_VERIFIED
8283ab91b10f89ac758d09ecf5fb4d6343536600a06dd468b1cc1ecf4ec747c4,ACTIVE_MASTER_V2_ILLUMEXT,RGB_BINDING_3.4.0,437,H015_L050_C045,187,86,101,50b01d67fd07ca32e81f3aef96c11eca5f74f7ebc7b11478a960c761dc702cdf,dd70a607bd80f8ece1027b0a1d7a20bd53a52bfe3d59c64f4c82e086c1b711ec,SUPERSEDED_BY,EXPLICIT_ROW_ID_AND_REFERENCE_BINDING,MIGRATED_VERIFIED
8283ab91b10f89ac758d09ecf5fb4d6343536600a06dd468b1cc1ecf4ec747c4,ACTIVE_MASTER_V2_ILLUMEXT,RGB_BINDING_3.4.0,438,H015_L050_C050,194,80,100,036ce37c2e02d1317d012c7ffaaa441611489585c74a1990e47994ae2dd2b0f5,02ba1183318e20d2bba88a980b2e33a05144a50ba4784b7b9c86f16d09a10aff,SUPERSEDED_BY,EXPLICIT_ROW_ID_AND_REFERENCE_BINDING,MIGRATED_VERIFIED
8283ab91b10f89ac758d09ecf5fb4d6343536600a06dd468b1cc1ecf4ec747c4,ACTIVE_MASTER_V2_ILLUMEXT,RGB_BINDING_3.4.0,439,H015_L050_C055,201,74,99,60ed7d5870d911a3adf54f01a62620cc92692031da62de1a21c136d0de148a14,571adfe7a8becba03566a29f7a0f1d4c89b72858cbf52d14d9763e841b55b8d8,SUPERSEDED_BY,EXPLICIT_ROW_ID_AND_REFERENCE_BINDING,MIGRATED_VERIFIED
8283ab91b10f89ac758d09ecf5fb4d6343536600a06dd468b1cc1ecf4ec747c4,ACTIVE_MASTER_V2_ILLUMEXT,RGB_BINDING_3.4.0,440,H015_L050_C060,208,66,96,0776f64dfcbd9bd8627bd3ef38c2b907390c299a120145d6af462b58628ecd20,b346e30e834eec43e141d01d3cbd05e827d2c7e443e4ba91965912bd083b950f,SUPERSEDED_BY,EXPLICIT_ROW_ID_AND_REFERENCE_BINDING,MIGRATED_VERIFIED
8283ab91b10f89ac758d09ecf5fb4d6343536600a06dd468b1cc1ecf4ec747c4,ACTIVE_MASTER_V2_ILLUMEXT,RGB_BINDING_3.4.0,441,H015_L050_C065,214,57,95,6b9b82eb9fc272f521bdbfe32a752acdefd21efb2e04d8a09a0c5a356f4c4d09,dde53838b2e857eef588f5cf098e87fb6fb05696e8cd2a9cf490ac223fbe0ad6,SUPERSEDED_BY,EXPLICIT_ROW_ID_AND_REFERENCE_BINDING,MIGRATED_VERIFIED
8283ab91b10f89ac758d09ecf5fb4d6343536600a06dd468b1cc1ecf4ec747c4,ACTIVE_MASTER_V2_ILLUMEXT,RGB_BINDING_3.4.0,442,H015_L050_C070,221,45,93,28603d37fd50b563557add0b5850a012768f391daf3c2bdbaf2597c7a0815581,ec6af853e859df87598d6310cda79f244b7b6d1c5f5d56c15ad95f2c1a717ba4,SUPERSEDED_BY,EXPLICIT_ROW_ID_AND_REFERENCE_BINDING,MIGRATED_VERIFIED
8283ab91b10f89ac758d09ecf5fb4d6343536600a06dd468b1cc1ecf4ec747c4,ACTIVE_MASTER_V2_ILLUMEXT,RGB_BINDING_3.4.0,443,H015_L050_C075,225,32,92,c8c14359bbfd5d6ff5202029a89bfaa2b9a1125fd733cb7d723b2bad7c8a5b5d,0f16b41135fd81aaa3120a587461566749ef15ba49fdaa825c4d3e3c754e6f64,SUPERSEDED_BY,EXPLICIT_ROW_ID_AND_REFERENCE_BINDING,MIGRATED_VERIFIED
8283ab91b10f89ac758d09ecf5fb4d6343536600a06dd468b1cc1ecf4ec747c4,ACTIVE_MASTER_V2_ILLUMEXT,RGB_BINDING_3.4.0,444,H015_L050_C080,232,0,89,c9aeb103b80d927367d6fd198ca9654ca23cfd90c6a95c21d5e60f52bf43683e,60a6f6d45381cd9b2ea21f77a16d5d7a2f3a771bfaf6427332f06bf1a2e40c24,SUPERSEDED_BY,EXPLICIT_ROW_ID_AND_REFERENCE_BINDING,MIGRATED_VERIFIED
8283ab91b10f89ac758d09ecf5fb4d6343536600a06dd468b1cc1ecf4ec747c4,ACTIVE_MASTER_V2_ILLUMEXT,RGB_BINDING_3.4.0,445,H015_L045_C005,115,104,105,8dab8d4613682065987e2b5bfe9e72f9460e78a20a9256c101391338f91d5d8b,42211158f8d2a73fe1141cde6c985269b5132047569af86aa9e2872f7c8f5388,SUPERSEDED_BY,EXPLICIT_ROW_ID_AND_REFERENCE_BINDING,MIGRATED_VERIFIED
8283ab91b10f89ac758d09ecf5fb4d6343536600a06dd468b1cc1ecf4ec747c4,ACTIVE_MASTER_V2_ILLUMEXT,RGB_BINDING_3.4.0,446,H015_L045_C010,124,101,102,c1915da814289dbd5f61481dd67ce53e9d5bba6938ed823ee0a3f203fbfa5d57,be4fb8966160a9833dbce6292d63bbc85616285eb9c850ddeb42b9400de68a7a,SUPERSEDED_BY,EXPLICIT_ROW_ID_AND_REFERENCE_BINDING,MIGRATED_VERIFIED
8283ab91b10f89ac758d09ecf5fb4d6343536600a06dd468b1cc1ecf4ec747c4,ACTIVE_MASTER_V2_ILLUMEXT,RGB_BINDING_3.4.0,447,H015_L045_C015,131,98,101,a794bbbdf0dd75272c1e2bdb05e42575d0cf6c58bfc4f83e96f2da14b2d9764d,00272be1ad9301ebb163965c6beb00a8ddffd542d024af7a4b7bdae1518a0278,SUPERSEDED_BY,EXPLICIT_ROW_ID_AND_REFERENCE_BINDING,MIGRATED_VERIFIED
8283ab91b10f89ac758d09ecf5fb4d6343536600a06dd468b1cc1ecf4ec747c4,ACTIVE_MASTER_V2_ILLUMEXT,RGB_BINDING_3.4.0,448,H015_L045_C020,138,94,99,69a8427615b86acd49357e4533fdd61b886699c9cb5d2fa34c853a8199d133c1,ffeef1f5bafeabee66d06b357ea02b02a755ed5c69c781d96bcccabe27f72efb,SUPERSEDED_BY,EXPLICIT_ROW_ID_AND_REFERENCE_BINDING,MIGRATED_VERIFIED
8283ab91b10f89ac758d09ecf5fb4d6343536600a06dd468b1cc1ecf4ec747c4,ACTIVE_MASTER_V2_ILLUMEXT,RGB_BINDING_3.4.0,449,H015_L045_C025,146,91,98,4b6a992fe465a64daf5dca5d77e66aa57debbbf810956d66adc2002d7ee509bd,eb1096475df7b8c0d0c45a180a5a91a61482ea4a9823cd66e8daf6622175c7ec,SUPERSEDED_BY,EXPLICIT_ROW_ID_AND_REFERENCE_BINDING,MIGRATED_VERIFIED
8283ab91b10f89ac758d09ecf5fb4d6343536600a06dd468b1cc1ecf4ec747c4,ACTIVE_MASTER_V2_ILLUMEXT,RGB_BINDING_3.4.0,450,H015_L045_C030,153,86,94,d9dfc616450b88cb2496540e80d84ad8d0ea8a6b4bbf0c3f2a4cf51b8e34d8be,98da85a45b7b4e67256aaa7b63179a15ae11e6f0fe6dab4452ab440d620f7267,SUPERSEDED_BY,EXPLICIT_ROW_ID_AND_REFERENCE_BINDING,MIGRATED_VERIFIED
8283ab91b10f89ac758d09ecf5fb4d6343536600a06dd468b1cc1ecf4ec747c4,ACTIVE_MASTER_V2_ILLUMEXT,RGB_BINDING_3.4.0,451,H015_L045_C035,161,82,94,127db39a7c92fd99a3e0393bb99740e7bd41b7ef3382ee39a36a302f1492f1a9,e8ea7e6ea3c36216537638147ba9934908dda941c81e8980c9b3a7982dc55a46,SUPERSEDED_BY,EXPLICIT_ROW_ID_AND_REFERENCE_BINDING,MIGRATED_VERIFIED
8283ab91b10f89ac758d09ecf5fb4d6343536600a06dd468b1cc1ecf4ec747c4,ACTIVE_MASTER_V2_ILLUMEXT,RGB_BINDING_3.4.0,452,H015_L045_C040,167,77,92,cc03de572ee8a1d21dbe11cbde6a525d03110bd17b1185b65545bc4d8a1d7495,a9a8a0c8e890d9d6ff0942b43d1a55e3772c4e06c66fb64f5e8482880be9ee1e,SUPERSEDED_BY,EXPLICIT_ROW_ID_AND_REFERENCE_BINDING,MIGRATED_VERIFIED
8283ab91b10f89ac758d09ecf5fb4d6343536600a06dd468b1cc1ecf4ec747c4,ACTIVE_MASTER_V2_ILLUMEXT,RGB_BINDING_3.4.0,453,H015_L045_C045,173,73,89,e37aac1ea48f472f898a7b1cabc68b2882b78b437728281b195fe0dc13a2eec5,f63126b92b50d6f8806c34172fed99270423efd893b977f302dc6beaaf4ae4a2,SUPERSEDED_BY,EXPLICIT_ROW_ID_AND_REFERENCE_BINDING,MIGRATED_VERIFIED
8283ab91b10f89ac758d09ecf5fb4d6343536600a06dd468b1cc1ecf4ec747c4,ACTIVE_MASTER_V2_ILLUMEXT,RGB_BINDING_3.4.0,454,H015_L045_C050,180,66,88,a1e3571ca661a0705f86b24454c4c6ca61834c7c48846679a69a6c17538e6239,abb2ba4f9c97cf724cc4bd6f67fa57a83f68ab656c2d5c701ff079f6ec33191b,SUPERSEDED_BY,EXPLICIT_ROW_ID_AND_REFERENCE_BINDING,MIGRATED_VERIFIED
8283ab91b10f89ac758d09ecf5fb4d6343536600a06dd468b1cc1ecf4ec747c4,ACTIVE_MASTER_V2_ILLUMEXT,RGB_BINDING_3.4.0,455,H015_L045_C055,185,58,86,cc4890584adaee94fb73df603c3f124d89e888a1982a201a1f78d0c33feb8d64,6e7ea2196f477444e157659f31ad86e5ea5e154519f08e35c9dc15ed64998a1d,SUPERSEDED_BY,EXPLICIT_ROW_ID_AND_REFERENCE_BINDING,MIGRATED_VERIFIED
8283ab91b10f89ac758d09ecf5fb4d6343536600a06dd468b1cc1ecf4ec747c4,ACTIVE_MASTER_V2_ILLUMEXT,RGB_BINDING_3.4.0,456,H015_L045_C060,192,50,84,179c7367dca335f05a295a078b9a2e8265c7aef6df3b06edf1c036e68e432f44,880eada46bd8daa5bdd67f441646f954db61f91a00373d6eeea61a8b6bf61314,SUPERSEDED_BY,EXPLICIT_ROW_ID_AND_REFERENCE_BINDING,MIGRATED_VERIFIED
8283ab91b10f89ac758d09ecf5fb4d6343536600a06dd468b1cc1ecf4ec747c4,ACTIVE_MASTER_V2_ILLUMEXT,RGB_BINDING_3.4.0,457,H015_L045_C065,198,38,82,1d2850586dc557535a54ab3593a92f8aadfab330519790985e36de27a945f3e3,466790d9f271fd3bb34c62caf5c27b2152dbbdace53bd40b207785ff57a47b78,SUPERSEDED_BY,EXPLICIT_ROW_ID_AND_REFERENCE_BINDING,MIGRATED_VERIFIED
8283ab91b10f89ac758d09ecf5fb4d6343536600a06dd468b1cc1ecf4ec747c4,ACTIVE_MASTER_V2_ILLUMEXT,RGB_BINDING_3.4.0,458,H015_L045_C070,205,21,82,62d2eb7ff639954574288d341595e47070417292e7bf9e6c1f9ce247834aeb21,826f420f80c9135a9304ee3ff73606339d953981cc620544c34a95c5eb096eb6,SUPERSEDED_BY,EXPLICIT_ROW_ID_AND_REFERENCE_BINDING,MIGRATED_VERIFIED
8283ab91b10f89ac758d09ecf5fb4d6343536600a06dd468b1cc1ecf4ec747c4,ACTIVE_MASTER_V2_ILLUMEXT,RGB_BINDING_3.4.0,459,H015_L045_C075,210,0,80,ae2572cb47a0408af3fc1bbdb46e6c0fa6ccc5fe91f1fc2dc7c033f10f762e54,22e0131ed34d50b3d760ae6555345c5577e8bb7fb5ef0bc8cbeecddf6ea62979,SUPERSEDED_BY,EXPLICIT_ROW_ID_AND_REFERENCE_BINDING,MIGRATED_VERIFIED
8283ab91b10f89ac758d09ecf5fb4d6343536600a06dd468b1cc1ecf4ec747c4,ACTIVE_MASTER_V2_ILLUMEXT,RGB_BINDING_3.4.0,460,H015_L040_C005,103,92,93,452bc4a2e394625e16152ab9c044536e2ae152b3a0e0b8161105212df04458b2,b0f4fc24e8276f377625a96836e771f92e6f1ee10127f377d477a11456a0cfb1,SUPERSEDED_BY,EXPLICIT_ROW_ID_AND_REFERENCE_BINDING,MIGRATED_VERIFIED
8283ab91b10f89ac758d09ecf5fb4d6343536600a06dd468b1cc1ecf4ec747c4,ACTIVE_MASTER_V2_ILLUMEXT,RGB_BINDING_3.4.0,461,H015_L040_C010,112,89,90,262e4c10a321bbb154dc736a3ace7ee83945d679f8bd72e984f05530476cd0e6,c74adf850a56c3d29ca1d3cc299e8e401fbd977515c2c635d48de308c8f80abd,SUPERSEDED_BY,EXPLICIT_ROW_ID_AND_REFERENCE_BINDING,MIGRATED_VERIFIED
8283ab91b10f89ac758d09ecf5fb4d6343536600a06dd468b1cc1ecf4ec747c4,ACTIVE_MASTER_V2_ILLUMEXT,RGB_BINDING_3.4.0,462,H015_L040_C015,118,86,89,daab1a3abc6063b157e09447cd82c6fda38a9bf26f4c4601be6727a171c20e2f,3713e4db536e96e287304fed29140ce4947e89ac3738779052e061aea0b9cefa,SUPERSEDED_BY,EXPLICIT_ROW_ID_AND_REFERENCE_BINDING,MIGRATED_VERIFIED
8283ab91b10f89ac758d09ecf5fb4d6343536600a06dd468b1cc1ecf4ec747c4,ACTIVE_MASTER_V2_ILLUMEXT,RGB_BINDING_3.4.0,463,H015_L040_C020,125,82,87,fd66705735f9e7a3e8d2f826dda2fd41f971369980c7c783a2d55d2e3f950df6,5ff76acfc3d2abda8e5007606ed327acb9284de79da63b97dd12f5cbd0e01a80,SUPERSEDED_BY,EXPLICIT_ROW_ID_AND_REFERENCE_BINDING,MIGRATED_VERIFIED
8283ab91b10f89ac758d09ecf5fb4d6343536600a06dd468b1cc1ecf4ec747c4,ACTIVE_MASTER_V2_ILLUMEXT,RGB_BINDING_3.4.0,464,H015_L040_C025,133,79,86,85e5880264fbff9b950cdffb3e9061b975f43d096f96a4d754490f793dfe4bf7,a059f8d3910178c9b339f5adacec8c6b57bd12b53911766bba9946d7f6a91000,SUPERSEDED_BY,EXPLICIT_ROW_ID_AND_REFERENCE_BINDING,MIGRATED_VERIFIED
8283ab91b10f89ac758d09ecf5fb4d6343536600a06dd468b1cc1ecf4ec747c4,ACTIVE_MASTER_V2_ILLUMEXT,RGB_BINDING_3.4.0,465,H015_L040_C030,139,74,82,2940f893608b150125a1c34fab3f4918133bdd5e5ed8e94cfb411e28395928c9,192b04554c06cf7b70dc19828dbbe3b32c90ed32be9a998a161142bd386a4324,SUPERSEDED_BY,EXPLICIT_ROW_ID_AND_REFERENCE_BINDING,MIGRATED_VERIFIED
8283ab91b10f89ac758d09ecf5fb4d6343536600a06dd468b1cc1ecf4ec747c4,ACTIVE_MASTER_V2_ILLUMEXT,RGB_BINDING_3.4.0,466,H015_L040_C035,146,69,81,12ee062e453ca881b9a7ee22dfe8c4122b24fe574181e2c5fce1dd6c9fd0a204,c883731dd8f4d476b60273bf496ca24551f8641bfbca461082211d6252f4a49c,SUPERSEDED_BY,EXPLICIT_ROW_ID_AND_REFERENCE_BINDING,MIGRATED_VERIFIED
8283ab91b10f89ac758d09ecf5fb4d6343536600a06dd468b1cc1ecf4ec747c4,ACTIVE_MASTER_V2_ILLUMEXT,RGB_BINDING_3.4.0,467,H015_L040_C040,153,64,80,21059e759fe550890c01bffe589bb94831bee28962bfd8592b93649660b13c54,48eb3315b83d65c29e0767ee962cc146f15ddaa6bc2d98af33eb7cce9177d655,SUPERSEDED_BY,EXPLICIT_ROW_ID_AND_REFERENCE_BINDING,MIGRATED_VERIFIED
8283ab91b10f89ac758d09ecf5fb4d6343536600a06dd468b1cc1ecf4ec747c4,ACTIVE_MASTER_V2_ILLUMEXT,RGB_BINDING_3.4.0,468,H015_L040_C045,158,59,77,b6118d8d2f1137eb74bd4900fbce36f5ea774f53e6742f60f246566e88f5fd58,f5228845d0eee8bf65829bf2d3aa87f05691bb050b00cbd234324e7356a8406a,SUPERSEDED_BY,EXPLICIT_ROW_ID_AND_REFERENCE_BINDING,MIGRATED_VERIFIED
8283ab91b10f89ac758d09ecf5fb4d6343536600a06dd468b1cc1ecf4ec747c4,ACTIVE_MASTER_V2_ILLUMEXT,RGB_BINDING_3.4.0,469,H015_L040_C050,164,52,76,fb7925b885eea0a2e7118b86c331ff3b2cb344aae28026466c1821e4a7992e4d,56ba174b4cf2585862f33f9ef233d12e3087132d162e95ea7880ac9e7a1c7b6b,SUPERSEDED_BY,EXPLICIT_ROW_ID_AND_REFERENCE_BINDING,MIGRATED_VERIFIED
8283ab91b10f89ac758d09ecf5fb4d6343536600a06dd468b1cc1ecf4ec747c4,ACTIVE_MASTER_V2_ILLUMEXT,RGB_BINDING_3.4.0,470,H015_L040_C055,171,44,75,c4cebbde2f55a4654756c0f3164757e5d90dffe7f1f751028bcac4eaaa1f87ee,69faff2fad623933cab42bdbfa66a748b642b24740cf10f2790009ab916e6de2,SUPERSEDED_BY,EXPLICIT_ROW_ID_AND_REFERENCE_BINDING,MIGRATED_VERIFIED
8283ab91b10f89ac758d09ecf5fb4d6343536600a06dd468b1cc1ecf4ec747c4,ACTIVE_MASTER_V2_ILLUMEXT,RGB_BINDING_3.4.0,471,H015_L040_C060,177,32,72,8d5a3031bd9a3d52cdc835aa30082c034cfb5f0a1f0e3dbd576d5ba7dd3c5af6,758ac0984a06286d1e54687efae4c3512c6dd576a1a04a9cfa15adc63d704f13,SUPERSEDED_BY,EXPLICIT_ROW_ID_AND_REFERENCE_BINDING,MIGRATED_VERIFIED
8283ab91b10f89ac758d09ecf5fb4d6343536600a06dd468b1cc1ecf4ec747c4,ACTIVE_MASTER_V2_ILLUMEXT,RGB_BINDING_3.4.0,472,H015_L040_C065,183,14,71,375fe5f7231d3288a7a90955c021eddf11367eca0a22d6b7f2cbd236a00a6de4,219522fda588343a010786b9ac3229dccdd2488398dbe560ae0faacdbbf6825d,SUPERSEDED_BY,EXPLICIT_ROW_ID_AND_REFERENCE_BINDING,MIGRATED_VERIFIED
8283ab91b10f89ac758d09ecf5fb4d6343536600a06dd468b1cc1ecf4ec747c4,ACTIVE_MASTER_V2_ILLUMEXT,RGB_BINDING_3.4.0,473,H015_L040_C070,189,0,70,7e0f4879236fe8a31b9c453f97a4384a533cb02828dd5c6c44bbf831b3519e26,8a80555cc40bd21c28ed2a51faacb1f4b692681e7dd236824413f4a50cd9590d,SUPERSEDED_BY,EXPLICIT_ROW_ID_AND_REFERENCE_BINDING,MIGRATED_VERIFIED
8283ab91b10f89ac758d09ecf5fb4d6343536600a06dd468b1cc1ecf4ec747c4,ACTIVE_MASTER_V2_ILLUMEXT,RGB_BINDING_3.4.0,474,H015_L035_C005,91,80,81,c1c4580b03b35af8eab86714642e2196a4155bcbc401fcfb931560775effe066,d4b26dcb1a09843de92742fc83988fc30b7453ca20958c7c98d5cb92d2b7e0c1,SUPERSEDED_BY,EXPLICIT_ROW_ID_AND_REFERENCE_BINDING,MIGRATED_VERIFIED
8283ab91b10f89ac758d09ecf5fb4d6343536600a06dd468b1cc1ecf4ec747c4,ACTIVE_MASTER_V2_ILLUMEXT,RGB_BINDING_3.4.0,475,H015_L035_C010,99,77,78,00f131fb6bdba7ea7b93bf2853851b84c8be37ff3652effb9c89cb033f0c9282,05b5ded7bdd84677685dc945bd8023768d19c6315b336b98eeb2486fefa66422,SUPERSEDED_BY,EXPLICIT_ROW_ID_AND_REFERENCE_BINDING,MIGRATED_VERIFIED
8283ab91b10f89ac758d09ecf5fb4d6343536600a06dd468b1cc1ecf4ec747c4,ACTIVE_MASTER_V2_ILLUMEXT,RGB_BINDING_3.4.0,476,H015_L035_C015,105,73,76,5a44e0345821dbb49ed08902c06ce5c1f677b038ad0c67c70fd2cbaa22ee15d0,77ac933574ff66646d84ec86e24631d3b39fc911ba8e20240506da2d21a4f921,SUPERSEDED_BY,EXPLICIT_ROW_ID_AND_REFERENCE_BINDING,MIGRATED_VERIFIED
8283ab91b10f89ac758d09ecf5fb4d6343536600a06dd468b1cc1ecf4ec747c4,ACTIVE_MASTER_V2_ILLUMEXT,RGB_BINDING_3.4.0,477,H015_L035_C020,112,70,75,fec364a313d6f8940e7767dc03d53369e21292ea649daa6202c354f4b2be179c,4f97a52fb70f36b086aa6a0c18277fb91a07d7404f9e213c2593fd5599fc9f21,SUPERSEDED_BY,EXPLICIT_ROW_ID_AND_REFERENCE_BINDING,MIGRATED_VERIFIED
8283ab91b10f89ac758d09ecf5fb4d6343536600a06dd468b1cc1ecf4ec747c4,ACTIVE_MASTER_V2_ILLUMEXT,RGB_BINDING_3.4.0,478,H015_L035_C025,118,66,73,d29437ee0a4cfc198c8d97e71b303aaf6dc6847cb9c2b26c39058a9f3c2e4714,cdebe850b3cb9625f69bd1e0aa43117387582bc32f380c64f9e4973fad31c508,SUPERSEDED_BY,EXPLICIT_ROW_ID_AND_REFERENCE_BINDING,MIGRATED_VERIFIED
8283ab91b10f89ac758d09ecf5fb4d6343536600a06dd468b1cc1ecf4ec747c4,ACTIVE_MASTER_V2_ILLUMEXT,RGB_BINDING_3.4.0,479,H015_L035_C030,126,62,71,81202b9c2547070ebe6d9b950de458acb089272f86bb0476449201f352904fbf,3f166b8a2c26d0e147ccd60ae8b539c82dd7f82a35b4dcef2824a8c2d14fcec2,SUPERSEDED_BY,EXPLICIT_ROW_ID_AND_REFERENCE_BINDING,MIGRATED_VERIFIED
8283ab91b10f89ac758d09ecf5fb4d6343536600a06dd468b1cc1ecf4ec747c4,ACTIVE_MASTER_V2_ILLUMEXT,RGB_BINDING_3.4.0,480,H015_L035_C035,132,56,69,3180b70507b380c9bfa17eeeec8096a01f9bd4c53c5cab31cf8997ab4a5dd21a,4d1883274aeda73d9ff3df1235c9059e7b0fc5a15a8aae53368dedc2399353b4,SUPERSEDED_BY,EXPLICIT_ROW_ID_AND_REFERENCE_BINDING,MIGRATED_VERIFIED
8283ab91b10f89ac758d09ecf5fb4d6343536600a06dd468b1cc1ecf4ec747c4,ACTIVE_MASTER_V2_ILLUMEXT,RGB_BINDING_3.4.0,481,H015_L035_C040,139,52,69,3d0ffca3399bc5fdecbac79bd30192102d44b8d2b90a6f483a2a7430cecbc959,ab8e353e954bff576fe0f23e5b8ef31f41e975b5f2dd149ac67887e0d7cdbb10,SUPERSEDED_BY,EXPLICIT_ROW_ID_AND_REFERENCE_BINDING,MIGRATED_VERIFIED
8283ab91b10f89ac758d09ecf5fb4d6343536600a06dd468b1cc1ecf4ec747c4,ACTIVE_MASTER_V2_ILLUMEXT,RGB_BINDING_3.4.0,482,H015_L035_C045,144,45,65,9a76e742f57d1ea60aa4f0acdc237bcbfc360913ae0fcd15cb8c4fa8d639b24f,a257e980e0af14ba5d11069d439ff7726df7b4c4c7d492d69d6da5c60fb4859c,SUPERSEDED_BY,EXPLICIT_ROW_ID_AND_REFERENCE_BINDING,MIGRATED_VERIFIED
8283ab91b10f89ac758d09ecf5fb4d6343536600a06dd468b1cc1ecf4ec747c4,ACTIVE_MASTER_V2_ILLUMEXT,RGB_BINDING_3.4.0,483,H015_L035_C050,150,38,65,4e6ae9d99a2cda4f3bbb37f228275feee9bea59794ef6257ed9336adc14945c0,ff810a8eec3c5dc291743c538db46385766509ad6389cf3f315c75bee3aa49d6,SUPERSEDED_BY,EXPLICIT_ROW_ID_AND_REFERENCE_BINDING,MIGRATED_VERIFIED
8283ab91b10f89ac758d09ecf5fb4d6343536600a06dd468b1cc1ecf4ec747c4,ACTIVE_MASTER_V2_ILLUMEXT,RGB_BINDING_3.4.0,484,H015_L035_C055,155,26,63,f9d3472dc1aff8b04f244a695885cb65891a4b4dd6465efa1b07fdc418b67904,f1b93cdbe95efd5a88efed7704883bf40df69436ce4643c97c0856ba8abfdbc1,SUPERSEDED_BY,EXPLICIT_ROW_ID_AND_REFERENCE_BINDING,MIGRATED_VERIFIED
8283ab91b10f89ac758d09ecf5fb4d6343536600a06dd468b1cc1ecf4ec747c4,ACTIVE_MASTER_V2_ILLUMEXT,RGB_BINDING_3.4.0,485,H015_L035_C060,162,6,60,16a22fbf186b809b67e8fae62fbec3394911a0e0ba868e819a3f177329f749fc,8bfa2be77c0e96f56b320f9ce4cf4ba4c818179d0adb65817f9cae72e262e0bb,SUPERSEDED_BY,EXPLICIT_ROW_ID_AND_REFERENCE_BINDING,MIGRATED_VERIFIED
8283ab91b10f89ac758d09ecf5fb4d6343536600a06dd468b1cc1ecf4ec747c4,ACTIVE_MASTER_V2_ILLUMEXT,RGB_BINDING_3.4.0,486,H015_L030_C005,80,69,70,e7706b9f2d7636c573c9940469025ddba4e0c346183e31f4bc687a5450727da3,3cc2850c5d8efd7a0d1111ef801ca41d1a158313707cd39b71b0f70167aeed75,SUPERSEDED_BY,EXPLICIT_ROW_ID_AND_REFERENCE_BINDING,MIGRATED_VERIFIED
8283ab91b10f89ac758d09ecf5fb4d6343536600a06dd468b1cc1ecf4ec747c4,ACTIVE_MASTER_V2_ILLUMEXT,RGB_BINDING_3.4.0,487,H015_L030_C010,87,65,67,8d249f90d8ce0ea6678fa517fa14d5165f8ebc608bc9d436373952407ef85580,77c1394b666be8223de57ba3546ff8c2f4571694c567aa33c8ffdd0b38e53b3a,SUPERSEDED_BY,EXPLICIT_ROW_ID_AND_REFERENCE_BINDING,MIGRATED_VERIFIED
8283ab91b10f89ac758d09ecf5fb4d6343536600a06dd468b1cc1ecf4ec747c4,ACTIVE_MASTER_V2_ILLUMEXT,RGB_BINDING_3.4.0,488,H015_L030_C015,93,63,66,9d10443f2798dcafb68e3ecf4074f3ecc4b5a1960954d5133e49a688cfeaa3f2,12eb3c0945c9d380b6f5e47bd5ad3d2cbe9ad8c5e936212302ee2455fbbd1700,SUPERSEDED_BY,EXPLICIT_ROW_ID_AND_REFERENCE_BINDING,MIGRATED_VERIFIED
8283ab91b10f89ac758d09ecf5fb4d6343536600a06dd468b1cc1ecf4ec747c4,ACTIVE_MASTER_V2_ILLUMEXT,RGB_BINDING_3.4.0,489,H015_L030_C020,100,59,64,d9f9239abcecfccd8e80c9244f6329f9333bf6c09d2ede0b704caed14a5b9ba9,921483949b34c60f2b09dd4b2a963761f8c28163ed659677b9377eea5649dd4d,SUPERSEDED_BY,EXPLICIT_ROW_ID_AND_REFERENCE_BINDING,MIGRATED_VERIFIED
8283ab91b10f89ac758d09ecf5fb4d6343536600a06dd468b1cc1ecf4ec747c4,ACTIVE_MASTER_V2_ILLUMEXT,RGB_BINDING_3.4.0,490,H015_L030_C025,107,56,63,ce84bb34d4f1867635d7b816187c4fdf0804dc3ffa69481587472154325cfeaa,76940a8202fd3763491ba8caa67e3cd33a3688a07e1ea3dfc61918bf7f68539b,SUPERSEDED_BY,EXPLICIT_ROW_ID_AND_REFERENCE_BINDING,MIGRATED_VERIFIED
8283ab91b10f89ac758d09ecf5fb4d6343536600a06dd468b1cc1ecf4ec747c4,ACTIVE_MASTER_V2_ILLUMEXT,RGB_BINDING_3.4.0,491,H015_L030_C030,113,50,60,c03d765d1ca618b0cca8dd688b37d7e0c4e74c8541a5039ab01b0961b8560496,049a9c0c50329e53dd512548ec96e17962b2703581c2973609705f02de5def13,SUPERSEDED_BY,EXPLICIT_ROW_ID_AND_REFERENCE_BINDING,MIGRATED_VERIFIED
8283ab91b10f89ac758d09ecf5fb4d6343536600a06dd468b1cc1ecf4ec747c4,ACTIVE_MASTER_V2_ILLUMEXT,RGB_BINDING_3.4.0,492,H015_L030_C035,120,46,59,7f8d6161a2bf50b24ef10f205a7f009887261a746127c913f5f1c893af928330,fe3db200696566531c05beef1c901969bdecc3457c3e6665f6320419fc69bffe,SUPERSEDED_BY,EXPLICIT_ROW_ID_AND_REFERENCE_BINDING,MIGRATED_VERIFIED
8283ab91b10f89ac758d09ecf5fb4d6343536600a06dd468b1cc1ecf4ec747c4,ACTIVE_MASTER_V2_ILLUMEXT,RGB_BINDING_3.4.0,493,H015_L030_C040,125,39,58,3bc7780d2850a2f508003f909a6dd7ca489010a5353de11da4c94a76698613ae,35085c62f916a1f21c6ca12859b992d081f5a2cef75860e485aff1bd1cd182ba,SUPERSEDED_BY,EXPLICIT_ROW_ID_AND_REFERENCE_BINDING,MIGRATED_VERIFIED
8283ab91b10f89ac758d09ecf5fb4d6343536600a06dd468b1cc1ecf4ec747c4,ACTIVE_MASTER_V2_ILLUMEXT,RGB_BINDING_3.4.0,494,H015_L030_C045,131,33,55,89d4e90c82050e0f1db43f7dec17c575c6b38d4317e22d82773eff1f9950e6e5,2386f33c67d923c41194cef6190966d3774522603f74a0037138b9dab19c2eac,SUPERSEDED_BY,EXPLICIT_ROW_ID_AND_REFERENCE_BINDING,MIGRATED_VERIFIED
8283ab91b10f89ac758d09ecf5fb4d6343536600a06dd468b1cc1ecf4ec747c4,ACTIVE_MASTER_V2_ILLUMEXT,RGB_BINDING_3.4.0,495,H015_L030_C050,136,22,54,0adceb6d7979c13d639f324cb37ebe9e46abcea5322a80869b3675c03461bbd4,04e17a8aedd08422571977949cdff908ce607278c0dbd416dbeca5e3158a923c,SUPERSEDED_BY,EXPLICIT_ROW_ID_AND_REFERENCE_BINDING,MIGRATED_VERIFIED
8283ab91b10f89ac758d09ecf5fb4d6343536600a06dd468b1cc1ecf4ec747c4,ACTIVE_MASTER_V2_ILLUMEXT,RGB_BINDING_3.4.0,496,H015_L030_C055,142,3,53,3ef56c3b9a8d0cc19115bf119398b02a9ddb7124cb9ce8dfe9512a64e2cb6770,cd604edecd4a9c02808bc743fd373966e0045e285fda1fb36ab3df69e461cad2,SUPERSEDED_BY,EXPLICIT_ROW_ID_AND_REFERENCE_BINDING,MIGRATED_VERIFIED
8283ab91b10f89ac758d09ecf5fb4d6343536600a06dd468b1cc1ecf4ec747c4,ACTIVE_MASTER_V2_ILLUMEXT,RGB_BINDING_3.4.0,497,H015_L025_C005,67,56,58,a23b7d74e6e80696b4eec3cc99724d7fdfda4068828a72cd2c51c396e46b4807,0cb76c5d58d283629e3df0b5a8c7847a7ee5ef1d7fd6882d126533f21ed9d800,SUPERSEDED_BY,EXPLICIT_ROW_ID_AND_REFERENCE_BINDING,MIGRATED_VERIFIED
8283ab91b10f89ac758d09ecf5fb4d6343536600a06dd468b1cc1ecf4ec747c4,ACTIVE_MASTER_V2_ILLUMEXT,RGB_BINDING_3.4.0,498,H015_L025_C010,76,54,56,5387c7aa2bf8fbf17bdad42c1100b470a74d2ae98b14ad81e84ad082ccb1ef00,af8f04b7ce9a4de4110a23d78f0020ad4ec77b1bb6824b452d22439906a09aba,SUPERSEDED_BY,EXPLICIT_ROW_ID_AND_REFERENCE_BINDING,MIGRATED_VERIFIED
8283ab91b10f89ac758d09ecf5fb4d6343536600a06dd468b1cc1ecf4ec747c4,ACTIVE_MASTER_V2_ILLUMEXT,RGB_BINDING_3.4.0,499,H015_L025_C015,81,52,54,12729bd188951c95791eb478e07f8701845d6535afa407944d35030ad767c4e3,480a88ed039d91eae4572e2ab8697b35f09842f2d46af5ae29faa8a0d38922e4,SUPERSEDED_BY,EXPLICIT_ROW_ID_AND_REFERENCE_BINDING,MIGRATED_VERIFIED
8283ab91b10f89ac758d09ecf5fb4d6343536600a06dd468b1cc1ecf4ec747c4,ACTIVE_MASTER_V2_ILLUMEXT,RGB_BINDING_3.4.0,500,H015_L025_C020,87,47,53,ff58791f151d2cb069d06e404061fa565e3f7919cdb0c75ef31fb38decada98c,68a9210e4a98101805bd5cc3098fe0e0307b4c1c9c4cbdb82f5251cf60487449,SUPERSEDED_BY,EXPLICIT_ROW_ID_AND_REFERENCE_BINDING,MIGRATED_VERIFIED
8283ab91b10f89ac758d09ecf5fb4d6343536600a06dd468b1cc1ecf4ec747c4,ACTIVE_MASTER_V2_ILLUMEXT,RGB_BINDING_3.4.0,501,H015_L025_C025,93,43,52,77ca16661ed9f54c556f170af1f9fe17e6a418d1b3095b38e7231a43d18158de,89c71939c0783b0e03dddf804df0defa0ac43a4336d8020b0658e4147e766b01,SUPERSEDED_BY,EXPLICIT_ROW_ID_AND_REFERENCE_BINDING,MIGRATED_VERIFIED
8283ab91b10f89ac758d09ecf5fb4d6343536600a06dd468b1cc1ecf4ec747c4,ACTIVE_MASTER_V2_ILLUMEXT,RGB_BINDING_3.4.0,502,H015_L025_C030,100,38,49,27381716ec35d665b989352fffe49fa8e15b80af353d80f3da86817e20214e84,74bcc1464ba9c699792c56dd21e6b1dc703d65cca40224229c48d9acc6747faf,SUPERSEDED_BY,EXPLICIT_ROW_ID_AND_REFERENCE_BINDING,MIGRATED_VERIFIED
8283ab91b10f89ac758d09ecf5fb4d6343536600a06dd468b1cc1ecf4ec747c4,ACTIVE_MASTER_V2_ILLUMEXT,RGB_BINDING_3.4.0,503,H015_L025_C035,105,32,47,8b390fce035bb248855567b7574740cda13b98fb32f41698e519a25ea26ea4e0,528b53e862fd79757af309bd0bd36d5a3efef54e096ff85c4ed5d0ff64998dca,SUPERSEDED_BY,EXPLICIT_ROW_ID_AND_REFERENCE_BINDING,MIGRATED_VERIFIED
8283ab91b10f89ac758d09ecf5fb4d6343536600a06dd468b1cc1ecf4ec747c4,ACTIVE_MASTER_V2_ILLUMEXT,RGB_BINDING_3.4.0,504,H015_L025_C040,111,25,46,f7c7d4d71ab185bf6ebcf69f9d64f19f9f7a7caf9cb150934309450883fb4ca9,31348a80ae0102219594662bf7b65012396e0506a23dd15dbdbfeb38d831b6aa,SUPERSEDED_BY,EXPLICIT_ROW_ID_AND_REFERENCE_BINDING,MIGRATED_VERIFIED
8283ab91b10f89ac758d09ecf5fb4d6343536600a06dd468b1cc1ecf4ec747c4,ACTIVE_MASTER_V2_ILLUMEXT,RGB_BINDING_3.4.0,505,H015_L025_C045,117,17,44,a7a949bb870c86a4ce162871bbbcdd1a2d461038392c371b9d334a8934cfbb6d,230728b46ade1c5248604891b2b26aa1cc0a276dcd164fdcdb0bf213e960db72,SUPERSEDED_BY,EXPLICIT_ROW_ID_AND_REFERENCE_BINDING,MIGRATED_VERIFIED
8283ab91b10f89ac758d09ecf5fb4d6343536600a06dd468b1cc1ecf4ec747c4,ACTIVE_MASTER_V2_ILLUMEXT,RGB_BINDING_3.4.0,506,H015_L020_C005,56,46,47,9b6d5f1259bb8fff9dfa2ba759532a01de39a18132b6fb200bf39bc8999f729d,5f024d7516cf8c94d5047b85597a5cee96d3904b586fd38042a7f7501265d854,SUPERSEDED_BY,EXPLICIT_ROW_ID_AND_REFERENCE_BINDING,MIGRATED_VERIFIED
8283ab91b10f89ac758d09ecf5fb4d6343536600a06dd468b1cc1ecf4ec747c4,ACTIVE_MASTER_V2_ILLUMEXT,RGB_BINDING_3.4.0,507,H015_L020_C010,63,42,44,4dd95dbc8ee8dc609283ea33bc1661fa02e17b1e8d7727ada67887c5e8c59dd0,3b79d267d7c6f5ca0fb1849a57e08d8759c430c96dde20a9ca40f0ccace724f8,SUPERSEDED_BY,EXPLICIT_ROW_ID_AND_REFERENCE_BINDING,MIGRATED_VERIFIED
8283ab91b10f89ac758d09ecf5fb4d6343536600a06dd468b1cc1ecf4ec747c4,ACTIVE_MASTER_V2_ILLUMEXT,RGB_BINDING_3.4.0,508,H015_L020_C015,68,40,43,ef77c0699fbb4f62f9caa19fbbf52ba9a3555e3bc823a5ecc97ce5d2df56eb63,9f692561933c3c4c746a6a857d9f730eb5158238c6316f828a03bc29e429a5e9,SUPERSEDED_BY,EXPLICIT_ROW_ID_AND_REFERENCE_BINDING,MIGRATED_VERIFIED
8283ab91b10f89ac758d09ecf5fb4d6343536600a06dd468b1cc1ecf4ec747c4,ACTIVE_MASTER_V2_ILLUMEXT,RGB_BINDING_3.4.0,509,H015_L020_C020,75,36,42,d462477db7130e870c4f3b4ba72385347c9f3018d93886638b5ae52a607698c9,14a38a254e40f9103701ef1c92d79472dd87415a52fcb3aa6ccf8fc9177ec42d,SUPERSEDED_BY,EXPLICIT_ROW_ID_AND_REFERENCE_BINDING,MIGRATED_VERIFIED
8283ab91b10f89ac758d09ecf5fb4d6343536600a06dd468b1cc1ecf4ec747c4,ACTIVE_MASTER_V2_ILLUMEXT,RGB_BINDING_3.4.0,510,H015_L020_C025,81,32,41,cd5f45db24e161655d28ee89cd319ff0cad22bd6ed7803a9e8e44b75ff0f6a85,bf802aa065dcf11745bc4fceee55128ebf17874c5ef2712976d1a43d4bf65327,SUPERSEDED_BY,EXPLICIT_ROW_ID_AND_REFERENCE_BINDING,MIGRATED_VERIFIED
8283ab91b10f89ac758d09ecf5fb4d6343536600a06dd468b1cc1ecf4ec747c4,ACTIVE_MASTER_V2_ILLUMEXT,RGB_BINDING_3.4.0,511,H015_L020_C030,87,27,38,6a3b853601be77b55db9af749e30c78be167eca68e8ad23e412500b3d8130b8e,9e175dcce82bd1cce2bd60869831e02be624831e3a994551554249f5f7865c1a,SUPERSEDED_BY,EXPLICIT_ROW_ID_AND_REFERENCE_BINDING,MIGRATED_VERIFIED
8283ab91b10f89ac758d09ecf5fb4d6343536600a06dd468b1cc1ecf4ec747c4,ACTIVE_MASTER_V2_ILLUMEXT,RGB_BINDING_3.4.0,512,H015_L020_C035,92,19,37,3b85fafccdf0a18453d0595e9d5f31ec14858dc01322213601fb6826ddc1bbb9,631cdf7665edeb7ce8a451c36a3a24e3ec42bd648be5d314f8738d816151e018,SUPERSEDED_BY,EXPLICIT_ROW_ID_AND_REFERENCE_BINDING,MIGRATED_VERIFIED
8283ab91b10f89ac758d09ecf5fb4d6343536600a06dd468b1cc1ecf4ec747c4,ACTIVE_MASTER_V2_ILLUMEXT,RGB_BINDING_3.4.0,513,H015_L020_C040,98,8,36,dcb00b66aa02c9f8f16cb596e8d819da11685922501c8f46de99aa5b5f003163,62b656f437397428f839eeb4036ca40ce1d3e5b0ecd6daf6fc1446738b979db9,SUPERSEDED_BY,EXPLICIT_ROW_ID_AND_REFERENCE_BINDING,MIGRATED_VERIFIED
8283ab91b10f89ac758d09ecf5fb4d6343536600a06dd468b1cc1ecf4ec747c4,ACTIVE_MASTER_V2_ILLUMEXT,RGB_BINDING_3.4.0,514,H015_L015_C005,45,35,36,9c35c32bacc1e66b164c7ebe8e1ba217f9be2330874bf2785fd1828c4792a115,1bcdea297324e3fc9685da36a9f6539b83a8aab48c0d52686dff6839ab327584,SUPERSEDED_BY,EXPLICIT_ROW_ID_AND_REFERENCE_BINDING,MIGRATED_VERIFIED
8283ab91b10f89ac758d09ecf5fb4d6343536600a06dd468b1cc1ecf4ec747c4,ACTIVE_MASTER_V2_ILLUMEXT,RGB_BINDING_3.4.0,515,H015_L015_C010,52,32,34,2239e704281edefc75930bf1817c3470c54e6948d9a7140d674d87e7a460cc68,a47fed65b4343b8599098e95940c0750d50193a93f0ba5828624dbb65d478f75,SUPERSEDED_BY,EXPLICIT_ROW_ID_AND_REFERENCE_BINDING,MIGRATED_VERIFIED
8283ab91b10f89ac758d09ecf5fb4d6343536600a06dd468b1cc1ecf4ec747c4,ACTIVE_MASTER_V2_ILLUMEXT,RGB_BINDING_3.4.0,516,H015_L015_C015,56,29,32,5d771b9c0a95589984b304f042a48dfa04ef5000d634e2520d0f1327c742c639,7cfb45c8629d20f09b08693d41e1b18f7076d35c3cd252abb034f1380a5e2b41,SUPERSEDED_BY,EXPLICIT_ROW_ID_AND_REFERENCE_BINDING,MIGRATED_VERIFIED
8283ab91b10f89ac758d09ecf5fb4d6343536600a06dd468b1cc1ecf4ec747c4,ACTIVE_MASTER_V2_ILLUMEXT,RGB_BINDING_3.4.0,517,H015_L015_C020,62,25,31,7757beb51530a7844e7ae803c4126232ef20fd31b363bcddc12188c552495421,c90daff3f7b02e4377e51f0791b5219da9250902ec2c9ed99c3feb1c2df60857,SUPERSEDED_BY,EXPLICIT_ROW_ID_AND_REFERENCE_BINDING,MIGRATED_VERIFIED
8283ab91b10f89ac758d09ecf5fb4d6343536600a06dd468b1cc1ecf4ec747c4,ACTIVE_MASTER_V2_ILLUMEXT,RGB_BINDING_3.4.0,518,H015_L015_C025,68,20,30,66b0c04b97df6c3fca54d8b22713afba6c19cae376d594396df9bc944f1526df,a5b2b2f4e0207058f95e47906a7a2e8e8e16e8acfe7a69f27b0b166b25e42280,SUPERSEDED_BY,EXPLICIT_ROW_ID_AND_REFERENCE_BINDING,MIGRATED_VERIFIED
8283ab91b10f89ac758d09ecf5fb4d6343536600a06dd468b1cc1ecf4ec747c4,ACTIVE_MASTER_V2_ILLUMEXT,RGB_BINDING_3.4.0,519,H015_L015_C030,74,14,28,7d6776824bf4e31a986d5f0bc01c7238a35bc2bebd6650572834b2aa5c98cc1f,c2ca8c8908616b83821078337cdf287231286dc3f84a130d08a76a01d75d06cf,SUPERSEDED_BY,EXPLICIT_ROW_ID_AND_REFERENCE_BINDING,MIGRATED_VERIFIED
8283ab91b10f89ac758d09ecf5fb4d6343536600a06dd468b1cc1ecf4ec747c4,ACTIVE_MASTER_V2_ILLUMEXT,RGB_BINDING_3.4.0,520,H015_L010_C005,34,25,26,bedc8681fa0e9f2856061ba413103c71bbe2f346eaabb19b24cce66fcb34ccfa,93041a2196c6f007ad160285722491894f6baa303430e6d9bf60ddeffa367e4e,SUPERSEDED_BY,EXPLICIT_ROW_ID_AND_REFERENCE_BINDING,MIGRATED_VERIFIED
8283ab91b10f89ac758d09ecf5fb4d6343536600a06dd468b1cc1ecf4ec747c4,ACTIVE_MASTER_V2_ILLUMEXT,RGB_BINDING_3.4.0,521,H015_L010_C010,41,23,24,9ccba5b8b8a76aceff1cf009d02da53f8340077fd15ce70f2fce8875dc74cfe4,20c68ab9004c026e7d1de3553f7f6f42f24cadc4660c89ee56dba10a1d5cdfd5,SUPERSEDED_BY,EXPLICIT_ROW_ID_AND_REFERENCE_BINDING,MIGRATED_VERIFIED
8283ab91b10f89ac758d09ecf5fb4d6343536600a06dd468b1cc1ecf4ec747c4,ACTIVE_MASTER_V2_ILLUMEXT,RGB_BINDING_3.4.0,522,H015_L010_C015,46,19,23,334189a6d6cc117921666149727a1b697df890b0aca111fdd68c6093628ba78b,899846f650633d4089d15f846f3ad57c7847f44460d22c7af65c65f8e2426faf,SUPERSEDED_BY,EXPLICIT_ROW_ID_AND_REFERENCE_BINDING,MIGRATED_VERIFIED
8283ab91b10f89ac758d09ecf5fb4d6343536600a06dd468b1cc1ecf4ec747c4,ACTIVE_MASTER_V2_ILLUMEXT,RGB_BINDING_3.4.0,523,H015_L010_C020,52,16,22,8394771803f8f8647474f2f1f25d016def1ee09bf35485465926f6f0eb037080,440c62082b57a0bf6b233a65b6aea0ca8b7634aa98f0d932770c4c69b1c60713,SUPERSEDED_BY,EXPLICIT_ROW_ID_AND_REFERENCE_BINDING,MIGRATED_VERIFIED
8283ab91b10f89ac758d09ecf5fb4d6343536600a06dd468b1cc1ecf4ec747c4,ACTIVE_MASTER_V2_ILLUMEXT,RGB_BINDING_3.4.0,524,H015_L005_C005,25,14,15,0d791f5a07d232359a7b037b36fed851c089f7f44aee70002016033e0f40caae,7d4373e1b958baa1a1836ee7e0b1241294d2c8e8d09b44125708b0e423a53db7,SUPERSEDED_BY,EXPLICIT_ROW_ID_AND_REFERENCE_BINDING,MIGRATED_VERIFIED
8283ab91b10f89ac758d09ecf5fb4d6343536600a06dd468b1cc1ecf4ec747c4,ACTIVE_MASTER_V2_ILLUMEXT,RGB_BINDING_3.4.0,525,H020_L090_C005,238,223,223,0fa95345bd8a0329d98e30bd3d36b110222bb5b209c41458ce61e34c50f2edfa,f0fd80dbd9e40093607291c718c166281ea5f7045dd827f63719d5d01b1a7c6e,SUPERSEDED_BY,EXPLICIT_ROW_ID_AND_REFERENCE_BINDING,MIGRATED_VERIFIED
8283ab91b10f89ac758d09ecf5fb4d6343536600a06dd468b1cc1ecf4ec747c4,ACTIVE_MASTER_V2_ILLUMEXT,RGB_BINDING_3.4.0,526,H020_L090_C010,246,221,221,482ef167d2f1bd0c285153fed4ae0487729b42c74b0fe19bfa7e8ff95de73b7d,ee94d8490eca6615059f3ff32ee47bb9fd9679ccc6960d414b96642c0e888223,SUPERSEDED_BY,EXPLICIT_ROW_ID_AND_REFERENCE_BINDING,MIGRATED_VERIFIED
8283ab91b10f89ac758d09ecf5fb4d6343536600a06dd468b1cc1ecf4ec747c4,ACTIVE_MASTER_V2_ILLUMEXT,RGB_BINDING_3.4.0,527,H020_L085_C005,223,209,209,d01774c27f329e4b0b999e551fdbc5949d3a3f0bf328f71f5aa3cde856ef8013,f14a50d771d1d692cb916a12986ca30f1c2e732e71bd366e3f985c6459c7f142,SUPERSEDED_BY,EXPLICIT_ROW_ID_AND_REFERENCE_BINDING,MIGRATED_VERIFIED
8283ab91b10f89ac758d09ecf5fb4d6343536600a06dd468b1cc1ecf4ec747c4,ACTIVE_MASTER_V2_ILLUMEXT,RGB_BINDING_3.4.0,528,H020_L085_C010,231,206,207,2cfdc2a4534b4d9b9abe4160932fcfe564592030832bcdbcb59c79bcaada3b2a,832fc40e0201a45c0d598c2c6d65e0e91882181423debc4431c4e151b06ae246,SUPERSEDED_BY,EXPLICIT_ROW_ID_AND_REFERENCE_BINDING,MIGRATED_VERIFIED
8283ab91b10f89ac758d09ecf5fb4d6343536600a06dd468b1cc1ecf4ec747c4,ACTIVE_MASTER_V2_ILLUMEXT,RGB_BINDING_3.4.0,529,H020_L085_C015,242,203,204,294873cacc3fef880e981d94ee5233ddb5b84fc9f0699687761b2586200e99eb,8dc0ff900e3fd395747390be069e1bba5d2278dba14707bcdababe1ac87f7231,SUPERSEDED_BY,EXPLICIT_ROW_ID_AND_REFERENCE_BINDING,MIGRATED_VERIFIED
8283ab91b10f89ac758d09ecf5fb4d6343536600a06dd468b1cc1ecf4ec747c4,ACTIVE_MASTER_V2_ILLUMEXT,RGB_BINDING_3.4.0,530,H020_L085_C020,251,199,200,dd23f87bdb9af21c9259f8a04bba23ff18a1daa91532372021a702870784402c,fa4ab8738ac12f3c4a6c6af5958ded044c1745e3203a3cc08c8b68486a2ad8ca,SUPERSEDED_BY,EXPLICIT_ROW_ID_AND_REFERENCE_BINDING,MIGRATED_VERIFIED
8283ab91b10f89ac758d09ecf5fb4d6343536600a06dd468b1cc1ecf4ec747c4,ACTIVE_MASTER_V2_ILLUMEXT,RGB_BINDING_3.4.0,531,H020_L080_C005,209,195,195,71f906cd0e2076b3d0dda6c4344235f7300d489e23edd63008755419c103692e,b55c760313c437ce2ba81a5125d90a689f52a5171c7db034a841758ebc7efb6b,SUPERSEDED_BY,EXPLICIT_ROW_ID_AND_REFERENCE_BINDING,MIGRATED_VERIFIED
8283ab91b10f89ac758d09ecf5fb4d6343536600a06dd468b1cc1ecf4ec747c4,ACTIVE_MASTER_V2_ILLUMEXT,RGB_BINDING_3.4.0,532,H020_L080_C010,217,192,193,eacd965774ed48dce13faa07abf0c33b4b992cb42abd2039bf6019d00438b4e4,d49f733569a4230938ef13ca750be055d93d363ed897524db5984afe9dc3df37,SUPERSEDED_BY,EXPLICIT_ROW_ID_AND_REFERENCE_BINDING,MIGRATED_VERIFIED
8283ab91b10f89ac758d09ecf5fb4d6343536600a06dd468b1cc1ecf4ec747c4,ACTIVE_MASTER_V2_ILLUMEXT,RGB_BINDING_3.4.0,533,H020_L080_C015,227,189,190,81d25ab8412b830241a857fb80758467c28484d5914643c7d3c2e89089145cdb,9e69e357b0e9ff51cf8decdabce664c0baa91f3286871006cedbd632278bb24d,SUPERSEDED_BY,EXPLICIT_ROW_ID_AND_REFERENCE_BINDING,MIGRATED_VERIFIED
8283ab91b10f89ac758d09ecf5fb4d6343536600a06dd468b1cc1ecf4ec747c4,ACTIVE_MASTER_V2_ILLUMEXT,RGB_BINDING_3.4.0,534,H020_L080_C020,236,185,186,c06742fa696e4be109e9b3ec6658b8dadd9d14817ae49756a5276d7dadd4474f,f1bd27d8c5a9dc82f9029084ba1f86fa594c3cce72d12462bf3cf447e200613d,SUPERSEDED_BY,EXPLICIT_ROW_ID_AND_REFERENCE_BINDING,MIGRATED_VERIFIED
8283ab91b10f89ac758d09ecf5fb4d6343536600a06dd468b1cc1ecf4ec747c4,ACTIVE_MASTER_V2_ILLUMEXT,RGB_BINDING_3.4.0,535,H020_L080_C025,244,182,183,397d8c05b1aa15ff14a34bf090605ba2a1c88aea974eeb9b2aa125c6f212f694,e86668f93fbb867b60c82f664645b7497a1f2c42877628c270fddc984b42ddc6,SUPERSEDED_BY,EXPLICIT_ROW_ID_AND_REFERENCE_BINDING,MIGRATED_VERIFIED
8283ab91b10f89ac758d09ecf5fb4d6343536600a06dd468b1cc1ecf4ec747c4,ACTIVE_MASTER_V2_ILLUMEXT,RGB_BINDING_3.4.0,536,H020_L080_C030,252,178,181,c00ca01ec599693472b2476d30067f10e1801fdd4e66e06e043fc4c00f753be7,1e8d542422688464261e1f1b63711c75062ee5c8ed3c0128c36d027898b3985f,SUPERSEDED_BY,EXPLICIT_ROW_ID_AND_REFERENCE_BINDING,MIGRATED_VERIFIED
8283ab91b10f89ac758d09ecf5fb4d6343536600a06dd468b1cc1ecf4ec747c4,ACTIVE_MASTER_V2_ILLUMEXT,RGB_BINDING_3.4.0,537,H020_L080_C035,255,174,178,0b7f47d893fc2b1d90c035f9349b25d6846fc43c36412e33b0801f164914ddd2,3dd34c9296cff8264a974efada3a289013f3b1c419d07be6ef81ed27e2b480a7,SUPERSEDED_BY,EXPLICIT_ROW_ID_AND_REFERENCE_BINDING,MIGRATED_VERIFIED
8283ab91b10f89ac758d09ecf5fb4d6343536600a06dd468b1cc1ecf4ec747c4,ACTIVE_MASTER_V2_ILLUMEXT,RGB_BINDING_3.4.0,538,H020_L075_C005,195,181,181,3d1bdf4cef97b166b9ad522fac0516120fc91c1885bdad43c190fe9e5b4e749c,a63ef26d3006e6f56625358d75f280ad733694962123ca6dcae245feb2eb0039,SUPERSEDED_BY,EXPLICIT_ROW_ID_AND_REFERENCE_BINDING,MIGRATED_VERIFIED
8283ab91b10f89ac758d09ecf5fb4d6343536600a06dd468b1cc1ecf4ec747c4,ACTIVE_MASTER_V2_ILLUMEXT,RGB_BINDING_3.4.0,539,H020_L075_C010,203,178,179,017026d7076e1fac56df12e4a0dc33a62d04c31661e9b50bbd73a6037c8b3c44,ae36be4f0d0c7f4f119cc99f87c6a5eb31ebee1de27f94c401011bf48e2ed3fe,SUPERSEDED_BY,EXPLICIT_ROW_ID_AND_REFERENCE_BINDING,MIGRATED_VERIFIED
8283ab91b10f89ac758d09ecf5fb4d6343536600a06dd468b1cc1ecf4ec747c4,ACTIVE_MASTER_V2_ILLUMEXT,RGB_BINDING_3.4.0,540,H020_L075_C015,212,175,176,bcae36871e69bfb36e23a4b5a4dcad6207a9ad5b4e7471823aa477d92f7b3e51,7f86ae3edffdbff561f023bbae805785fcb1385d97c808d5b43aaabfc3f59f5e,SUPERSEDED_BY,EXPLICIT_ROW_ID_AND_REFERENCE_BINDING,MIGRATED_VERIFIED
8283ab91b10f89ac758d09ecf5fb4d6343536600a06dd468b1cc1ecf4ec747c4,ACTIVE_MASTER_V2_ILLUMEXT,RGB_BINDING_3.4.0,541,H020_L075_C020,222,172,173,d7de537f4b711acd62b5415ada7f32be6bf95b90e16a25118aa86dd906be2d65,8d3314c0779f0edb9e33714498771ee9abad9214547ea84002360115c2204420,SUPERSEDED_BY,EXPLICIT_ROW_ID_AND_REFERENCE_BINDING,MIGRATED_VERIFIED
8283ab91b10f89ac758d09ecf5fb4d6343536600a06dd468b1cc1ecf4ec747c4,ACTIVE_MASTER_V2_ILLUMEXT,RGB_BINDING_3.4.0,542,H020_L075_C025,229,168,169,e419718d13809e0af2bf8b622f58b5a4d784a6dd6fea9c4f8b27af960acfeada,964a67213e232bec66650b5a761851b98ab22e8b059988992a571f80a6770c0a,SUPERSEDED_BY,EXPLICIT_ROW_ID_AND_REFERENCE_BINDING,MIGRATED_VERIFIED
8283ab91b10f89ac758d09ecf5fb4d6343536600a06dd468b1cc1ecf4ec747c4,ACTIVE_MASTER_V2_ILLUMEXT,RGB_BINDING_3.4.0,543,H020_L075_C030,237,164,167,c5c67251041c355d797ed992b453b342282f1a32ae802eb727b9027402f0c408,4aa6e1ce19d961e96b3f0271606c153587cd2f44b0fc6458d248098a1736ceb9,SUPERSEDED_BY,EXPLICIT_ROW_ID_AND_REFERENCE_BINDING,MIGRATED_VERIFIED
8283ab91b10f89ac758d09ecf5fb4d6343536600a06dd468b1cc1ecf4ec747c4,ACTIVE_MASTER_V2_ILLUMEXT,RGB_BINDING_3.4.0,544,H020_L075_C035,245,160,164,74792875dbf22bd0051622d43af822bdbd4be5f5c1cb7c8e26ce010036628db1,1994616c2ad1107936b1e0890c4371ad40733ec0c405e3b8532019a326cd065f,SUPERSEDED_BY,EXPLICIT_ROW_ID_AND_REFERENCE_BINDING,MIGRATED_VERIFIED
8283ab91b10f89ac758d09ecf5fb4d6343536600a06dd468b1cc1ecf4ec747c4,ACTIVE_MASTER_V2_ILLUMEXT,RGB_BINDING_3.4.0,545,H020_L075_C040,254,156,160,721019321e62c1550bc517d2ae56a539abb837028e8853cc1fb0c246be867560,de163d04e11a51e8ad5223c7921c8cfa74c7656777fbc6d72149bef7c055e0fc,SUPERSEDED_BY,EXPLICIT_ROW_ID_AND_REFERENCE_BINDING,MIGRATED_VERIFIED
8283ab91b10f89ac758d09ecf5fb4d6343536600a06dd468b1cc1ecf4ec747c4,ACTIVE_MASTER_V2_ILLUMEXT,RGB_BINDING_3.4.0,546,H020_L075_C045,255,152,159,4cb86cb7d486bc3f5893b01fc4d6a1d3d9e28711525b0e747aaba779fcb08494,48fb5f7e4969f7730e7bc4b594644cf8b7b6aad8a572df09ab2cbccb3c1d0484,SUPERSEDED_BY,EXPLICIT_ROW_ID_AND_REFERENCE_BINDING,MIGRATED_VERIFIED
8283ab91b10f89ac758d09ecf5fb4d6343536600a06dd468b1cc1ecf4ec747c4,ACTIVE_MASTER_V2_ILLUMEXT,RGB_BINDING_3.4.0,547,H020_L070_C005,182,168,168,126d51bfc555b27dea6b9745202a83d78c35f3c73867e4e33031e009c72dd25b,8c44f72b99e299763536a77450485e0d40ab64ab791fb7ea3f9df629b6c0a4f4,SUPERSEDED_BY,EXPLICIT_ROW_ID_AND_REFERENCE_BINDING,MIGRATED_VERIFIED
8283ab91b10f89ac758d09ecf5fb4d6343536600a06dd468b1cc1ecf4ec747c4,ACTIVE_MASTER_V2_ILLUMEXT,RGB_BINDING_3.4.0,548,H020_L070_C010,190,166,167,67a2163d9cf4dcadbc43d59fc007d64087e22e58df5942977d6bef933802ddfb,0db915eb89f92cd0a4439a9a9b9a5cd2853f77d16d3b3bb23d3282544a71952e,SUPERSEDED_BY,EXPLICIT_ROW_ID_AND_REFERENCE_BINDING,MIGRATED_VERIFIED
8283ab91b10f89ac758d09ecf5fb4d6343536600a06dd468b1cc1ecf4ec747c4,ACTIVE_MASTER_V2_ILLUMEXT,RGB_BINDING_3.4.0,549,H020_L070_C015,199,163,163,b24304b128cf5991ccc514078ce55570a54f39f2a747ac87cb3fa77da13e9004,65a20fad41e3ccb8eba532677178b0dc10355bac12b4d3bb6c0cb6806a88e835,SUPERSEDED_BY,EXPLICIT_ROW_ID_AND_REFERENCE_BINDING,MIGRATED_VERIFIED
8283ab91b10f89ac758d09ecf5fb4d6343536600a06dd468b1cc1ecf4ec747c4,ACTIVE_MASTER_V2_ILLUMEXT,RGB_BINDING_3.4.0,550,H020_L070_C020,208,159,160,dcfd34a3e04d6a2dc0adb9a3e037a00b188c5fd86ccb7f0da41f3d74c05b4922,c8848e7d609b50f342cd79d3d187d55fee22881afdabfdf5674c428e229a0fab,SUPERSEDED_BY,EXPLICIT_ROW_ID_AND_REFERENCE_BINDING,MIGRATED_VERIFIED
8283ab91b10f89ac758d09ecf5fb4d6343536600a06dd468b1cc1ecf4ec747c4,ACTIVE_MASTER_V2_ILLUMEXT,RGB_BINDING_3.4.0,551,H020_L070_C025,215,156,156,80618212a3f754e8480e0f3cba4971cce59b00956e48b48cf7d51a1af0f73384,0f0ad57e3d8af470a72cda7547f594840ebeaba42c54d276dc86ed7dd78c6e7c,SUPERSEDED_BY,EXPLICIT_ROW_ID_AND_REFERENCE_BINDING,MIGRATED_VERIFIED
8283ab91b10f89ac758d09ecf5fb4d6343536600a06dd468b1cc1ecf4ec747c4,ACTIVE_MASTER_V2_ILLUMEXT,RGB_BINDING_3.4.0,552,H020_L070_C030,224,152,155,0c90c71c4bcf4de9fc7760d19d29a71a152590b285514fe5093ee5c862d9de86,260d8fd9471236c1bd75f272a45a2f3b33b8792a1e57b82bc8634c15bcf0e4fc,SUPERSEDED_BY,EXPLICIT_ROW_ID_AND_REFERENCE_BINDING,MIGRATED_VERIFIED
8283ab91b10f89ac758d09ecf5fb4d6343536600a06dd468b1cc1ecf4ec747c4,ACTIVE_MASTER_V2_ILLUMEXT,RGB_BINDING_3.4.0,553,H020_L070_C035,232,148,152,c7f54cddc40c054e6a52645ba58e4928d7ed7714db5a9115abc8bd00cfcb2434,638ff4fb5d0eb008a7f7edf507274e019d5ab6935446ae7a1e737c17dc167311,SUPERSEDED_BY,EXPLICIT_ROW_ID_AND_REFERENCE_BINDING,MIGRATED_VERIFIED
8283ab91b10f89ac758d09ecf5fb4d6343536600a06dd468b1cc1ecf4ec747c4,ACTIVE_MASTER_V2_ILLUMEXT,RGB_BINDING_3.4.0,554,H020_L070_C040,240,143,148,9074381c7176c29b1f20237a15826f3bd5e92a6b7d5505cba9c01c10dc94cc49,485b89235949e332528808f1cfeb18cc1d4539e481c965ad03f31e86a3eaaa50,SUPERSEDED_BY,EXPLICIT_ROW_ID_AND_REFERENCE_BINDING,MIGRATED_VERIFIED
8283ab91b10f89ac758d09ecf5fb4d6343536600a06dd468b1cc1ecf4ec747c4,ACTIVE_MASTER_V2_ILLUMEXT,RGB_BINDING_3.4.0,555,H020_L070_C045,247,140,147,96537bfe9a985d7840eaafb2436778cdd2f28795e869251d09531f57ae6b8356,bb95242d48b208adcc3a61caafb4ed79b30bbd19d930065f5486359b7aab3783,SUPERSEDED_BY,EXPLICIT_ROW_ID_AND_REFERENCE_BINDING,MIGRATED_VERIFIED
8283ab91b10f89ac758d09ecf5fb4d6343536600a06dd468b1cc1ecf4ec747c4,ACTIVE_MASTER_V2_ILLUMEXT,RGB_BINDING_3.4.0,556,H020_L070_C050,254,134,143,89ec0e3963028fd4d06424b16d43cc810891b4ea7e6dbbc1e5cbe414169387b8,8fff3d3be2e0d971afecde209ea083e12c275ee244602bc9a31638f3dbdbd61a,SUPERSEDED_BY,EXPLICIT_ROW_ID_AND_REFERENCE_BINDING,MIGRATED_VERIFIED
8283ab91b10f89ac758d09ecf5fb4d6343536600a06dd468b1cc1ecf4ec747c4,ACTIVE_MASTER_V2_ILLUMEXT,RGB_BINDING_3.4.0,557,H020_L070_C055,255,129,140,351d7a0eeea7db3732716bde6893b5c04399982fb11a39690571ac2c2ee82ac6,ce971f28362fa521ec04d3cb9d95ef689378197539c39f07058df7f65dbf9490,SUPERSEDED_BY,EXPLICIT_ROW_ID_AND_REFERENCE_BINDING,MIGRATED_VERIFIED
8283ab91b10f89ac758d09ecf5fb4d6343536600a06dd468b1cc1ecf4ec747c4,ACTIVE_MASTER_V2_ILLUMEXT,RGB_BINDING_3.4.0,558,H020_L065_C005,168,154,154,3860250ea0c678749b813832fe22f29503a0129671083ab543f7f380e95e8462,27886818020756c2b9c4e70a7739e17d67a1ce9411d63ae994debab41dba07e5,SUPERSEDED_BY,EXPLICIT_ROW_ID_AND_REFERENCE_BINDING,MIGRATED_VERIFIED
8283ab91b10f89ac758d09ecf5fb4d6343536600a06dd468b1cc1ecf4ec747c4,ACTIVE_MASTER_V2_ILLUMEXT,RGB_BINDING_3.4.0,559,H020_L065_C010,175,152,153,5c025b4ff7ba37937214f9929a51eaab9048034a088a9d637a68c4dae1b9a915,3d30522df8a708e72bcedfb5dd3cbba4c97817446cfb325b301ec05e43b53bd2,SUPERSEDED_BY,EXPLICIT_ROW_ID_AND_REFERENCE_BINDING,MIGRATED_VERIFIED
8283ab91b10f89ac758d09ecf5fb4d6343536600a06dd468b1cc1ecf4ec747c4,ACTIVE_MASTER_V2_ILLUMEXT,RGB_BINDING_3.4.0,560,H020_L065_C015,185,149,150,4341d47cf251a73ffdf29cbfde898d951f5e43abdb0eb6f2755933d8c31946ff,070b4106b03b17ee30c11b31c167222239b003e40b5151378770d86b87b11dd5,SUPERSEDED_BY,EXPLICIT_ROW_ID_AND_REFERENCE_BINDING,MIGRATED_VERIFIED
8283ab91b10f89ac758d09ecf5fb4d6343536600a06dd468b1cc1ecf4ec747c4,ACTIVE_MASTER_V2_ILLUMEXT,RGB_BINDING_3.4.0,561,H020_L065_C020,194,146,147,49f8259f49d6dca4a00fdbbae577d78cb426487d524e7ebadea2039b2b0f3732,55fcea11a5bc4b2b2cfe85c34aff0f5e2220c527a7cd7e383856b41210e34d6f,SUPERSEDED_BY,EXPLICIT_ROW_ID_AND_REFERENCE_BINDING,MIGRATED_VERIFIED
8283ab91b10f89ac758d09ecf5fb4d6343536600a06dd468b1cc1ecf4ec747c4,ACTIVE_MASTER_V2_ILLUMEXT,RGB_BINDING_3.4.0,562,H020_L065_C025,201,143,143,ff7a9f9349dd131dfbb012c5fc5cbe17df795614861bd3422bdca5c5f5f79856,a505059fbe4d442c02053887bb1a5c5dae578ce4f710a4334c483d836e22de48,SUPERSEDED_BY,EXPLICIT_ROW_ID_AND_REFERENCE_BINDING,MIGRATED_VERIFIED
8283ab91b10f89ac758d09ecf5fb4d6343536600a06dd468b1cc1ecf4ec747c4,ACTIVE_MASTER_V2_ILLUMEXT,RGB_BINDING_3.4.0,563,H020_L065_C030,209,139,142,fa7017c2c91034a1e02ccfe4551865a46671c0e3b72cabcdd297a1d801ef77ee,3a71d325acc4a3aaa81971dcd7ce7813d805d4515444eb629adf83e630b7d91c,SUPERSEDED_BY,EXPLICIT_ROW_ID_AND_REFERENCE_BINDING,MIGRATED_VERIFIED
8283ab91b10f89ac758d09ecf5fb4d6343536600a06dd468b1cc1ecf4ec747c4,ACTIVE_MASTER_V2_ILLUMEXT,RGB_BINDING_3.4.0,564,H020_L065_C035,217,134,138,8c269b885e9257b45f2f6d98bd2709bbfa35ad59f2ae33748fd7ba84967d9c3e,f1d3b31d9c90a9bbf5387e818c03685d87906a830e60cec7ccd0f75df561c0d1,SUPERSEDED_BY,EXPLICIT_ROW_ID_AND_REFERENCE_BINDING,MIGRATED_VERIFIED
8283ab91b10f89ac758d09ecf5fb4d6343536600a06dd468b1cc1ecf4ec747c4,ACTIVE_MASTER_V2_ILLUMEXT,RGB_BINDING_3.4.0,565,H020_L065_C040,225,130,136,89f855ff2899ad6cc36c2bebf41fac6b64e71688965c3bff3b3588db884e9468,5209105ff654b0edafbaa620262604fe841acfd00479a84317d56dca8d178c99,SUPERSEDED_BY,EXPLICIT_ROW_ID_AND_REFERENCE_BINDING,MIGRATED_VERIFIED
8283ab91b10f89ac758d09ecf5fb4d6343536600a06dd468b1cc1ecf4ec747c4,ACTIVE_MASTER_V2_ILLUMEXT,RGB_BINDING_3.4.0,566,H020_L065_C045,231,126,133,fb057751a8795b7fea1e1ea0194b19ffc965e9725734342faa0446ba137ace31,66ebed9238b94cd15d4c210343336ea1ad83e3e02c5e66016e67711c719f37c4,SUPERSEDED_BY,EXPLICIT_ROW_ID_AND_REFERENCE_BINDING,MIGRATED_VERIFIED
8283ab91b10f89ac758d09ecf5fb4d6343536600a06dd468b1cc1ecf4ec747c4,ACTIVE_MASTER_V2_ILLUMEXT,RGB_BINDING_3.4.0,567,H020_L065_C050,239,121,131,4541f2074d2315fdd993fa01758d7682f775d3830c2d9ff6f34cc65697b4795a,a28db18cd9f25f352ee16a39e62591d3e2aa8484aa6976bf140d7f55b2ae2f5a,SUPERSEDED_BY,EXPLICIT_ROW_ID_AND_REFERENCE_BINDING,MIGRATED_VERIFIED
8283ab91b10f89ac758d09ecf5fb4d6343536600a06dd468b1cc1ecf4ec747c4,ACTIVE_MASTER_V2_ILLUMEXT,RGB_BINDING_3.4.0,568,H020_L065_C055,246,115,127,f2cc7bfa586344dc763f4eeea54c42d5f3ab10131441ee27120c97adda7a6151,76b7a3fdff489f13121797a8c8304af0cb1d8fedf634f817da4d9e4dafcd1353,SUPERSEDED_BY,EXPLICIT_ROW_ID_AND_REFERENCE_BINDING,MIGRATED_VERIFIED
8283ab91b10f89ac758d09ecf5fb4d6343536600a06dd468b1cc1ecf4ec747c4,ACTIVE_MASTER_V2_ILLUMEXT,RGB_BINDING_3.4.0,569,H020_L065_C060,252,111,124,dfe47bc30d483652880855e9eac1a8ef14f6744dd03a1e4b035efe5e82dee958,536dd646aed65c3b88896de2d902578c1e2228f3251f143601d6910d68aa82b2,SUPERSEDED_BY,EXPLICIT_ROW_ID_AND_REFERENCE_BINDING,MIGRATED_VERIFIED
8283ab91b10f89ac758d09ecf5fb4d6343536600a06dd468b1cc1ecf4ec747c4,ACTIVE_MASTER_V2_ILLUMEXT,RGB_BINDING_3.4.0,570,H020_L065_C065,255,104,123,96777904d1c5a08eda1c6fcdb9841efae4f58fde5f2d60ba415e1ea1e4de2135,c93254edc887f7bf763b552c7152af8cdf31b4fa244d4ff4c6eac7bab1bf13fe,SUPERSEDED_BY,EXPLICIT_ROW_ID_AND_REFERENCE_BINDING,MIGRATED_VERIFIED
8283ab91b10f89ac758d09ecf5fb4d6343536600a06dd468b1cc1ecf4ec747c4,ACTIVE_MASTER_V2_ILLUMEXT,RGB_BINDING_3.4.0,571,H020_L060_C005,155,142,142,befaffdb0a87882d15062125e9fcaefe9e59f95b687569591d99518e15b39b7c,a3a179816a3b45b006453b06215170c501bc294620125b7803ced1417909d657,SUPERSEDED_BY,EXPLICIT_ROW_ID_AND_REFERENCE_BINDING,MIGRATED_VERIFIED
8283ab91b10f89ac758d09ecf5fb4d6343536600a06dd468b1cc1ecf4ec747c4,ACTIVE_MASTER_V2_ILLUMEXT,RGB_BINDING_3.4.0,572,H020_L060_C010,162,139,139,3fb9b3b231f7218ecd3513918a619988c7ab228267304e1af98d556156e316e3,77efb7d91da85566f9168682a928c7adb359e6ec79f03225ff6aabb0d52beac3,SUPERSEDED_BY,EXPLICIT_ROW_ID_AND_REFERENCE_BINDING,MIGRATED_VERIFIED
8283ab91b10f89ac758d09ecf5fb4d6343536600a06dd468b1cc1ecf4ec747c4,ACTIVE_MASTER_V2_ILLUMEXT,RGB_BINDING_3.4.0,573,H020_L060_C015,170,135,136,1a1cbd104a445448753d2f51d3488863a652719e2848c6d7e26bed1b0c616e70,de8fa47bf0b08c10842120dfcf2dc68e3fb37a4ef2a28ae166b9e1bd6a10934c,SUPERSEDED_BY,EXPLICIT_ROW_ID_AND_REFERENCE_BINDING,MIGRATED_VERIFIED
8283ab91b10f89ac758d09ecf5fb4d6343536600a06dd468b1cc1ecf4ec747c4,ACTIVE_MASTER_V2_ILLUMEXT,RGB_BINDING_3.4.0,574,H020_L060_C020,180,132,133,02aa034adce776870e740b91a930151f2abbc46cdcee77f3a9dc6a841e75ec21,da9b78589f55939e7f4ba8f1ba509297718d4186b0e3aff971ab52c43c0cfe95,SUPERSEDED_BY,EXPLICIT_ROW_ID_AND_REFERENCE_BINDING,MIGRATED_VERIFIED
8283ab91b10f89ac758d09ecf5fb4d6343536600a06dd468b1cc1ecf4ec747c4,ACTIVE_MASTER_V2_ILLUMEXT,RGB_BINDING_3.4.0,575,H020_L060_C025,186,129,130,f4b1656b310ddfc38821f3e6925dd0af36b7f82dd2687fc3a4dc1c73abeec1ae,8e905e052b4362a9e398eddc856c1a838eb036583bba3030688d0228818c990f,SUPERSEDED_BY,EXPLICIT_ROW_ID_AND_REFERENCE_BINDING,MIGRATED_VERIFIED
8283ab91b10f89ac758d09ecf5fb4d6343536600a06dd468b1cc1ecf4ec747c4,ACTIVE_MASTER_V2_ILLUMEXT,RGB_BINDING_3.4.0,576,H020_L060_C030,194,125,128,0c1b36d9e1b2a63a684193ba1f234611bf185d0fe6f765eca5bc3a5ffef87b10,9e6d1d345156fe6232cf04cf7901fc4d679f24f7966664edcd81ba796b93a99c,SUPERSEDED_BY,EXPLICIT_ROW_ID_AND_REFERENCE_BINDING,MIGRATED_VERIFIED
8283ab91b10f89ac758d09ecf5fb4d6343536600a06dd468b1cc1ecf4ec747c4,ACTIVE_MASTER_V2_ILLUMEXT,RGB_BINDING_3.4.0,577,H020_L060_C035,203,121,126,bea479932d2e913ad8eddba5ce2e3a58e4c484c236ce4d85a385899bf054ea5a,51579743419ea88e88e696ceac9d9bc03bb19a4ff80c848bdf7f39426517c8c6,SUPERSEDED_BY,EXPLICIT_ROW_ID_AND_REFERENCE_BINDING,MIGRATED_VERIFIED
8283ab91b10f89ac758d09ecf5fb4d6343536600a06dd468b1cc1ecf4ec747c4,ACTIVE_MASTER_V2_ILLUMEXT,RGB_BINDING_3.4.0,578,H020_L060_C040,210,116,122,0846244b3a6eae460fb58060e8b46003d715189d5995ef216eb20ea6bc38e6b3,bd54ce23fb9887a3b1a1b74cc2a54b6888e07141d13e7036b52c8a5564266183,SUPERSEDED_BY,EXPLICIT_ROW_ID_AND_REFERENCE_BINDING,MIGRATED_VERIFIED
8283ab91b10f89ac758d09ecf5fb4d6343536600a06dd468b1cc1ecf4ec747c4,ACTIVE_MASTER_V2_ILLUMEXT,RGB_BINDING_3.4.0,579,H020_L060_C045,216,112,120,0798731f0d8875aeb75d47df61cd04f95bd09b66f10039f51e46dd423e6d89f0,ac73286d968875465ab51c7d15b07217e88a6de9372a79f30f9aff90d60e0e55,SUPERSEDED_BY,EXPLICIT_ROW_ID_AND_REFERENCE_BINDING,MIGRATED_VERIFIED
8283ab91b10f89ac758d09ecf5fb4d6343536600a06dd468b1cc1ecf4ec747c4,ACTIVE_MASTER_V2_ILLUMEXT,RGB_BINDING_3.4.0,580,H020_L060_C050,223,107,118,39b097dbecef10430b5cbbfefed97156ff427f6c83c379a13f032c28d9a45659,df091ce462c4f0655172732fd4e8024f5f7a5e60323e78fbc2a5f960bb88c3db,SUPERSEDED_BY,EXPLICIT_ROW_ID_AND_REFERENCE_BINDING,MIGRATED_VERIFIED
8283ab91b10f89ac758d09ecf5fb4d6343536600a06dd468b1cc1ecf4ec747c4,ACTIVE_MASTER_V2_ILLUMEXT,RGB_BINDING_3.4.0,581,H020_L060_C055,231,101,114,bccecd8bd4dc37cb8c8999e503e0029090a456be30b18d42ca630f5e0099cc48,97c79568422cebc1a23976a4bfdc8cecef2574a42cf48df5c316ba4d8e2f5ef8,SUPERSEDED_BY,EXPLICIT_ROW_ID_AND_REFERENCE_BINDING,MIGRATED_VERIFIED
8283ab91b10f89ac758d09ecf5fb4d6343536600a06dd468b1cc1ecf4ec747c4,ACTIVE_MASTER_V2_ILLUMEXT,RGB_BINDING_3.4.0,582,H020_L060_C060,237,96,112,b384c90827348ecd4415b0d267ff1633003ef86d023e875bc12c3434fa3c3d69,60290d7b2ade90e1ae5e55cb6c3f49693e3e6bd6f3aa0af69d752a8a8c46b1b1,SUPERSEDED_BY,EXPLICIT_ROW_ID_AND_REFERENCE_BINDING,MIGRATED_VERIFIED
8283ab91b10f89ac758d09ecf5fb4d6343536600a06dd468b1cc1ecf4ec747c4,ACTIVE_MASTER_V2_ILLUMEXT,RGB_BINDING_3.4.0,583,H020_L060_C065,243,89,110,7a07b0feaf62037597839e000705ee069dae3295f2afe030986f0061f0f34de8,991323292b814d733d40b27b6fb1ce3cf33e989b9788d0ac87ebc45a70be784c,SUPERSEDED_BY,EXPLICIT_ROW_ID_AND_REFERENCE_BINDING,MIGRATED_VERIFIED
8283ab91b10f89ac758d09ecf5fb4d6343536600a06dd468b1cc1ecf4ec747c4,ACTIVE_MASTER_V2_ILLUMEXT,RGB_BINDING_3.4.0,584,H020_L060_C070,250,81,107,438c7e4a95be17520b7613f0e2ee72bdde7ae752ccf2044ede0dfe137d782b88,19b461e9b33ae9f5555482cedd78ef40bb13f1f4ed34a2ea363bc932fce15e81,SUPERSEDED_BY,EXPLICIT_ROW_ID_AND_REFERENCE_BINDING,MIGRATED_VERIFIED
8283ab91b10f89ac758d09ecf5fb4d6343536600a06dd468b1cc1ecf4ec747c4,ACTIVE_MASTER_V2_ILLUMEXT,RGB_BINDING_3.4.0,585,H020_L055_C005,141,129,128,01c391993f26dd3f74dd6e87bcf7064f73d2e292bfd56f0ff4b970a1746979e1,8e969ac873e2080691767767ba26d5594bada584930027e3c15752a8ab551d96,SUPERSEDED_BY,EXPLICIT_ROW_ID_AND_REFERENCE_BINDING,MIGRATED_VERIFIED
8283ab91b10f89ac758d09ecf5fb4d6343536600a06dd468b1cc1ecf4ec747c4,ACTIVE_MASTER_V2_ILLUMEXT,RGB_BINDING_3.4.0,586,H020_L055_C010,149,126,127,33d879e77028fb6b43a6f2ad2341177697255407537473deb92cfeecf1a60efc,8dc74fc0adcf4bd38d89227d748203d66ea51e4fdc5da82bdfbc650902000163,SUPERSEDED_BY,EXPLICIT_ROW_ID_AND_REFERENCE_BINDING,MIGRATED_VERIFIED
8283ab91b10f89ac758d09ecf5fb4d6343536600a06dd468b1cc1ecf4ec747c4,ACTIVE_MASTER_V2_ILLUMEXT,RGB_BINDING_3.4.0,587,H020_L055_C015,157,122,123,14c7aeb5306f9b73f3ee763eeca39de11bfd9dd3117d5b38efc3bad87d1f6465,952a29416ac4754933964d80aa9ba899279fa4c2fa0bb4d3a62662fad9acf164,SUPERSEDED_BY,EXPLICIT_ROW_ID_AND_REFERENCE_BINDING,MIGRATED_VERIFIED
8283ab91b10f89ac758d09ecf5fb4d6343536600a06dd468b1cc1ecf4ec747c4,ACTIVE_MASTER_V2_ILLUMEXT,RGB_BINDING_3.4.0,588,H020_L055_C020,166,119,120,ed8c4777ba0564e633b6c621dbbff7966e3307290d2e94053ce2b852e3a24453,85464c7ccd5d5d0d2d207c84af1d47bcc25c994f3d121b92b83962ba06612233,SUPERSEDED_BY,EXPLICIT_ROW_ID_AND_REFERENCE_BINDING,MIGRATED_VERIFIED
8283ab91b10f89ac758d09ecf5fb4d6343536600a06dd468b1cc1ecf4ec747c4,ACTIVE_MASTER_V2_ILLUMEXT,RGB_BINDING_3.4.0,589,H020_L055_C025,172,116,117,4d756e3881a402d03b5de9c48bb00502f41ead6554b6921bb79fa5113079ff2b,487d4e97d00ef84f4ac30e3a48fcfec0196d382b0d9ee76d18d1bb16ba1f8c82,SUPERSEDED_BY,EXPLICIT_ROW_ID_AND_REFERENCE_BINDING,MIGRATED_VERIFIED
8283ab91b10f89ac758d09ecf5fb4d6343536600a06dd468b1cc1ecf4ec747c4,ACTIVE_MASTER_V2_ILLUMEXT,RGB_BINDING_3.4.0,590,H020_L055_C030,180,112,116,f572edf2db5765a0a4e4f9671d16d42d7208d576abce6f847bdde10b24ea1d55,50c17229b735b3e56bdaa4c94b9498a1ba6d355345399f1c8095ac6b52b09c63,SUPERSEDED_BY,EXPLICIT_ROW_ID_AND_REFERENCE_BINDING,MIGRATED_VERIFIED
8283ab91b10f89ac758d09ecf5fb4d6343536600a06dd468b1cc1ecf4ec747c4,ACTIVE_MASTER_V2_ILLUMEXT,RGB_BINDING_3.4.0,591,H020_L055_C035,187,107,112,153bcf37ed67e8a8dfd3631bfc5f744d08a078a3ec8361d961b53699665bda7f,1cc288dc68f435e572bb79ec537d2219cdd1c6f96aac0e185568c108b36d8028,SUPERSEDED_BY,EXPLICIT_ROW_ID_AND_REFERENCE_BINDING,MIGRATED_VERIFIED
8283ab91b10f89ac758d09ecf5fb4d6343536600a06dd468b1cc1ecf4ec747c4,ACTIVE_MASTER_V2_ILLUMEXT,RGB_BINDING_3.4.0,592,H020_L055_C040,195,103,109,0f8c9de845a4ff3ee8d25ea47897a4a6cd8b7f02804386739311c0d3de06b665,02d1f26616839c5e3766aa9f3d2adf44562de640524bbde06869a37391f8f6a2,SUPERSEDED_BY,EXPLICIT_ROW_ID_AND_REFERENCE_BINDING,MIGRATED_VERIFIED
8283ab91b10f89ac758d09ecf5fb4d6343536600a06dd468b1cc1ecf4ec747c4,ACTIVE_MASTER_V2_ILLUMEXT,RGB_BINDING_3.4.0,593,H020_L055_C045,201,99,108,b7538ad34802d6bd5e3e63b5d4fe27969f593c5f8d4dab49fa270a78c0bc49b0,0a4def1492c6e47565457db82c19598cd2cf76cf312ae2644d408716c82ffd3c,SUPERSEDED_BY,EXPLICIT_ROW_ID_AND_REFERENCE_BINDING,MIGRATED_VERIFIED
8283ab91b10f89ac758d09ecf5fb4d6343536600a06dd468b1cc1ecf4ec747c4,ACTIVE_MASTER_V2_ILLUMEXT,RGB_BINDING_3.4.0,594,H020_L055_C050,208,94,105,f06706261dcf5534b1d70a289d58500ecde43e48af1a6f0eb907e1e644a9fbf4,4dd06ceab90a55e38227d7e2f5ffd5919b0a977c0ae3a963303a2ee1b0dfc4dc,SUPERSEDED_BY,EXPLICIT_ROW_ID_AND_REFERENCE_BINDING,MIGRATED_VERIFIED
8283ab91b10f89ac758d09ecf5fb4d6343536600a06dd468b1cc1ecf4ec747c4,ACTIVE_MASTER_V2_ILLUMEXT,RGB_BINDING_3.4.0,595,H020_L055_C055,215,87,102,921f38c26169600aeb96068e633acb0a6cb69802c44d4a36d461db8ed86e4bc4,932ee36f4179118ab8d81164a4870abff30ee3838312d2fac13b589ea5a0d7da,SUPERSEDED_BY,EXPLICIT_ROW_ID_AND_REFERENCE_BINDING,MIGRATED_VERIFIED
8283ab91b10f89ac758d09ecf5fb4d6343536600a06dd468b1cc1ecf4ec747c4,ACTIVE_MASTER_V2_ILLUMEXT,RGB_BINDING_3.4.0,596,H020_L055_C060,220,81,98,90f6b0482f30c46e6a1a9c1f4410b2a70d50ef367ae42bb5eb4b52a359588a55,e3e4607c930521f3f050ae2cceb786bbed290a87d77a4267cda7838c0e23394d,SUPERSEDED_BY,EXPLICIT_ROW_ID_AND_REFERENCE_BINDING,MIGRATED_VERIFIED
8283ab91b10f89ac758d09ecf5fb4d6343536600a06dd468b1cc1ecf4ec747c4,ACTIVE_MASTER_V2_ILLUMEXT,RGB_BINDING_3.4.0,597,H020_L055_C065,227,74,98,eff50c1477ce03408a225024ddc01ac92badd6b567e67c338893b68f2b5d9c76,c89bdca514451fa12baa48925bd6c68d9c6e0219f752a0d3b5a81bcd791970fe,SUPERSEDED_BY,EXPLICIT_ROW_ID_AND_REFERENCE_BINDING,MIGRATED_VERIFIED
8283ab91b10f89ac758d09ecf5fb4d6343536600a06dd468b1cc1ecf4ec747c4,ACTIVE_MASTER_V2_ILLUMEXT,RGB_BINDING_3.4.0,598,H020_L055_C070,234,65,95,b24a8924513288292db1408ba7834c1b0f246fd3f9c1e75127a270fc824aa34a,44f0d26d883c0becaa8985f6e594cc0a61616c89d684f5da4a0e088d264755a4,SUPERSEDED_BY,EXPLICIT_ROW_ID_AND_REFERENCE_BINDING,MIGRATED_VERIFIED
8283ab91b10f89ac758d09ecf5fb4d6343536600a06dd468b1cc1ecf4ec747c4,ACTIVE_MASTER_V2_ILLUMEXT,RGB_BINDING_3.4.0,599,H020_L055_C075,240,57,92,63a61e7afa2e4aef4b19a8f63e502a14568a9eb9cc167f21d9f7b3aad73fb880,2117eef501624c94e9390dadb4e0635a71639dbf22d4e67d7ddb5a1d1011a1a4,SUPERSEDED_BY,EXPLICIT_ROW_ID_AND_REFERENCE_BINDING,MIGRATED_VERIFIED
8283ab91b10f89ac758d09ecf5fb4d6343536600a06dd468b1cc1ecf4ec747c4,ACTIVE_MASTER_V2_ILLUMEXT,RGB_BINDING_3.4.0,600,H020_L055_C080,245,42,90,62131e6d3c23f966ac4c044e8092098e84d05e0dcb5dad12499845e576f58574,30618018d5f96ae59d28fcb2201bd8c8ac18a4c153d14433a05787231b8e21fc,SUPERSEDED_BY,EXPLICIT_ROW_ID_AND_REFERENCE_BINDING,MIGRATED_VERIFIED
8283ab91b10f89ac758d09ecf5fb4d6343536600a06dd468b1cc1ecf4ec747c4,ACTIVE_MASTER_V2_ILLUMEXT,RGB_BINDING_3.4.0,601,H020_L050_C005,129,117,117,df36d477fd9282c2630e3bcb8e90ec3da900f3677d0eb5e530bfc219bc405841,d0b3eed665dc161e0948a396661f6ac4c7419064b1e2614a1cfa64d9d1eba6af,SUPERSEDED_BY,EXPLICIT_ROW_ID_AND_REFERENCE_BINDING,MIGRATED_VERIFIED
8283ab91b10f89ac758d09ecf5fb4d6343536600a06dd468b1cc1ecf4ec747c4,ACTIVE_MASTER_V2_ILLUMEXT,RGB_BINDING_3.4.0,602,H020_L050_C010,136,114,115,e43cfb68ddde35a31adc47806241554453c4a6e8e335f4e204bc620f5b74f134,2e278beebdfcbd5b5497f925b25056aaf214031279467fe80a99d06ee3efd7c9,SUPERSEDED_BY,EXPLICIT_ROW_ID_AND_REFERENCE_BINDING,MIGRATED_VERIFIED
8283ab91b10f89ac758d09ecf5fb4d6343536600a06dd468b1cc1ecf4ec747c4,ACTIVE_MASTER_V2_ILLUMEXT,RGB_BINDING_3.4.0,603,H020_L050_C015,145,111,112,5af74c266b1c6e4b1d6393947945160f53c4d41fa3db16c44db653fee0c2b210,18c17d8392641d69ea2450973ae998b708d04513b717555524d6d10042ae8c29,SUPERSEDED_BY,EXPLICIT_ROW_ID_AND_REFERENCE_BINDING,MIGRATED_VERIFIED
8283ab91b10f89ac758d09ecf5fb4d6343536600a06dd468b1cc1ecf4ec747c4,ACTIVE_MASTER_V2_ILLUMEXT,RGB_BINDING_3.4.0,604,H020_L050_C020,153,107,109,05abeff8f3e5c3bd8c425989b9408fed4f48bf9b37d487d9d73dc4d179cf3b79,e2e97b76b1697ede0720f33c8986076650cfb86f8a114610b615a30b7bc19db6,SUPERSEDED_BY,EXPLICIT_ROW_ID_AND_REFERENCE_BINDING,MIGRATED_VERIFIED
8283ab91b10f89ac758d09ecf5fb4d6343536600a06dd468b1cc1ecf4ec747c4,ACTIVE_MASTER_V2_ILLUMEXT,RGB_BINDING_3.4.0,605,H020_L050_C025,159,104,105,f9bfd1f94badf01bdf4ab15af3292c932f6d604c9da99b3033f33046a6731005,03879c2a27b2de70a8ffe32fdfebeed75da6f194f1db8f95d39a73ab4c7e2618,SUPERSEDED_BY,EXPLICIT_ROW_ID_AND_REFERENCE_BINDING,MIGRATED_VERIFIED
8283ab91b10f89ac758d09ecf5fb4d6343536600a06dd468b1cc1ecf4ec747c4,ACTIVE_MASTER_V2_ILLUMEXT,RGB_BINDING_3.4.0,606,H020_L050_C030,166,100,103,52393155d5eaeb19856a522df76b38c2b9a018e15b3f0bafe9a236c1c9391f87,8082cdcc17b45f346e6e312d63d8bce5ffb405c4e4f22c2b639dc6f1dbc05df4,SUPERSEDED_BY,EXPLICIT_ROW_ID_AND_REFERENCE_BINDING,MIGRATED_VERIFIED
8283ab91b10f89ac758d09ecf5fb4d6343536600a06dd468b1cc1ecf4ec747c4,ACTIVE_MASTER_V2_ILLUMEXT,RGB_BINDING_3.4.0,607,H020_L050_C035,174,96,101,8a242d90b81a58e375bc88949bfdfa39faecda2a6c77e49b79e69339e06371a9,815a1d8aafe1b84616a22f50989ecbc3201a7343d3de052d4ffc12344ca4abad,SUPERSEDED_BY,EXPLICIT_ROW_ID_AND_REFERENCE_BINDING,MIGRATED_VERIFIED
8283ab91b10f89ac758d09ecf5fb4d6343536600a06dd468b1cc1ecf4ec747c4,ACTIVE_MASTER_V2_ILLUMEXT,RGB_BINDING_3.4.0,608,H020_L050_C040,181,90,97,e198a3fb4cf0e153c77196b16d4a70c79b77f23cddb2c5ed121064563c8fc5d3,8a891b70266ddf6e0a8594eb129ed7c068453123e4bc9d4406629f7862efb7c3,SUPERSEDED_BY,EXPLICIT_ROW_ID_AND_REFERENCE_BINDING,MIGRATED_VERIFIED
8283ab91b10f89ac758d09ecf5fb4d6343536600a06dd468b1cc1ecf4ec747c4,ACTIVE_MASTER_V2_ILLUMEXT,RGB_BINDING_3.4.0,609,H020_L050_C045,187,87,96,2cc29127ba7225cd1aee29a276fb2f7b11dba947d26e9d58565ef809c37c6b0b,9ba19fd89342a04c5b0ac28cbcf217c1d4512a431817e6f2b155c6b05fea5e54,SUPERSEDED_BY,EXPLICIT_ROW_ID_AND_REFERENCE_BINDING,MIGRATED_VERIFIED
8283ab91b10f89ac758d09ecf5fb4d6343536600a06dd468b1cc1ecf4ec747c4,ACTIVE_MASTER_V2_ILLUMEXT,RGB_BINDING_3.4.0,610,H020_L050_C050,194,81,93,f8c82a9830396b8f4ef24c94b8d1f9f7df1ffc592b5adc2cd079ca42f6b771a4,207ecd8501f66e6421cb199f1275d3f7f55e12da2af94dd097da2708690f8781,SUPERSEDED_BY,EXPLICIT_ROW_ID_AND_REFERENCE_BINDING,MIGRATED_VERIFIED
8283ab91b10f89ac758d09ecf5fb4d6343536600a06dd468b1cc1ecf4ec747c4,ACTIVE_MASTER_V2_ILLUMEXT,RGB_BINDING_3.4.0,611,H020_L050_C055,201,74,90,e228df1f293321812461a40740d92301ef8ffdec8702fa662c87faea16793e0a,c1d9b11dfdf9ee334367ed493559a9fd93d5d6cc4df9e43fce14590554ed0a66,SUPERSEDED_BY,EXPLICIT_ROW_ID_AND_REFERENCE_BINDING,MIGRATED_VERIFIED
8283ab91b10f89ac758d09ecf5fb4d6343536600a06dd468b1cc1ecf4ec747c4,ACTIVE_MASTER_V2_ILLUMEXT,RGB_BINDING_3.4.0,612,H020_L050_C060,206,68,87,cf3d89e5eed0a1732cb3987011df53054afed494ac0b977fee5a7502cbe3fdb0,acd54435b389ab3ff1945823b710fe6ef3c76689e4a99be4aa60101bb947f263,SUPERSEDED_BY,EXPLICIT_ROW_ID_AND_REFERENCE_BINDING,MIGRATED_VERIFIED
8283ab91b10f89ac758d09ecf5fb4d6343536600a06dd468b1cc1ecf4ec747c4,ACTIVE_MASTER_V2_ILLUMEXT,RGB_BINDING_3.4.0,613,H020_L050_C065,212,60,86,ffa7b9d9893bafe66bf1a086ec151cc30b40204cbadd267b9c044e1405e84a3d,ffb1f6eb501626c32f5a7d7e7061cee738b8bc49e4935b107063fb6cfe0caef6,SUPERSEDED_BY,EXPLICIT_ROW_ID_AND_REFERENCE_BINDING,MIGRATED_VERIFIED
8283ab91b10f89ac758d09ecf5fb4d6343536600a06dd468b1cc1ecf4ec747c4,ACTIVE_MASTER_V2_ILLUMEXT,RGB_BINDING_3.4.0,614,H020_L050_C070,219,50,84,bddada3f619fbc89a1dd2451935e761215551310fdd8ef590c5efb3bdc1abe3f,23b33fe38be832f6ca853d477931ab8e7dd007f02fe02b28564717c3ec39d57f,SUPERSEDED_BY,EXPLICIT_ROW_ID_AND_REFERENCE_BINDING,MIGRATED_VERIFIED
8283ab91b10f89ac758d09ecf5fb4d6343536600a06dd468b1cc1ecf4ec747c4,ACTIVE_MASTER_V2_ILLUMEXT,RGB_BINDING_3.4.0,615,H020_L050_C075,224,38,80,6b98f6e7f58ff32424eff225bd2c7a1aaa3204165bf888a98a5a948b179d4dd3,ff9e738fa0b159c233390711d57ffbf014c1bf7d396de0a3ee2e07533073b694,SUPERSEDED_BY,EXPLICIT_ROW_ID_AND_REFERENCE_BINDING,MIGRATED_VERIFIED
8283ab91b10f89ac758d09ecf5fb4d6343536600a06dd468b1cc1ecf4ec747c4,ACTIVE_MASTER_V2_ILLUMEXT,RGB_BINDING_3.4.0,616,H020_L050_C080,231,16,80,58989fc7d34aea2cb5ecd94082e4d601c3db67c3a43ed9d5242358cdd6204d3e,70ad4667a5cfa73b46b67bf1a01b567d723caf5a43282edf8ed5880f0c3ec6e6,SUPERSEDED_BY,EXPLICIT_ROW_ID_AND_REFERENCE_BINDING,MIGRATED_VERIFIED
8283ab91b10f89ac758d09ecf5fb4d6343536600a06dd468b1cc1ecf4ec747c4,ACTIVE_MASTER_V2_ILLUMEXT,RGB_BINDING_3.4.0,617,H020_L045_C005,117,104,104,897a1bc493a3bcc7ebcc7e19cd788754a4af941d2ec26cbaebce6db7e4798e5e,cb89e20ee5f0b53deda034e22fffa85f7795d760b4143b649f8b0e924c91586c,SUPERSEDED_BY,EXPLICIT_ROW_ID_AND_REFERENCE_BINDING,MIGRATED_VERIFIED
8283ab91b10f89ac758d09ecf5fb4d6343536600a06dd468b1cc1ecf4ec747c4,ACTIVE_MASTER_V2_ILLUMEXT,RGB_BINDING_3.4.0,618,H020_L045_C010,122,101,101,11132119eeac740f8199d9624b1f867337573ba0eaceaf5d83748644b05f53f8,6e067681a5ab386fe6bf7963eaaa1ceeba47d1d44ed64d3beaf821b89a2aae45,SUPERSEDED_BY,EXPLICIT_ROW_ID_AND_REFERENCE_BINDING,MIGRATED_VERIFIED
8283ab91b10f89ac758d09ecf5fb4d6343536600a06dd468b1cc1ecf4ec747c4,ACTIVE_MASTER_V2_ILLUMEXT,RGB_BINDING_3.4.0,619,H020_L045_C015,131,98,98,d602137c8fa5bf6f3f508950c1abdfbfbebf722b4235d0c45d321ba5bb6378f8,9fabe46e28679e47e630505a20f3027cc49fef42a1ffb5ba05825756d00c17c5,SUPERSEDED_BY,EXPLICIT_ROW_ID_AND_REFERENCE_BINDING,MIGRATED_VERIFIED
8283ab91b10f89ac758d09ecf5fb4d6343536600a06dd468b1cc1ecf4ec747c4,ACTIVE_MASTER_V2_ILLUMEXT,RGB_BINDING_3.4.0,620,H020_L045_C020,140,95,96,c3135a615d6f508d64880cd93e6ac7150dfbe1893074b8a644320ca9d5559f66,5be8d8267fd6190a3ffddf5b794988cfc9cd622cb0cb2666cb5658e1e31cb5a1,SUPERSEDED_BY,EXPLICIT_ROW_ID_AND_REFERENCE_BINDING,MIGRATED_VERIFIED
8283ab91b10f89ac758d09ecf5fb4d6343536600a06dd468b1cc1ecf4ec747c4,ACTIVE_MASTER_V2_ILLUMEXT,RGB_BINDING_3.4.0,621,H020_L045_C025,146,91,93,15393ad66fbe159aad304b241f5c88234097e86c8e94d8910ed4eb3d13aadbe5,c294b395e65473bc3dccc78be88dc7fc67b0e084e60429a26955fa27e295e514,SUPERSEDED_BY,EXPLICIT_ROW_ID_AND_REFERENCE_BINDING,MIGRATED_VERIFIED
8283ab91b10f89ac758d09ecf5fb4d6343536600a06dd468b1cc1ecf4ec747c4,ACTIVE_MASTER_V2_ILLUMEXT,RGB_BINDING_3.4.0,622,H020_L045_C030,153,88,92,9e03f2793810e2f504d48c618a136c730aeb4d2f619b9206e3d9c41a1a9b277e,7d665e47a0c3492afa4ff0463fcfb365fb8e104910e1a68c193eb7596226a1e7,SUPERSEDED_BY,EXPLICIT_ROW_ID_AND_REFERENCE_BINDING,MIGRATED_VERIFIED
8283ab91b10f89ac758d09ecf5fb4d6343536600a06dd468b1cc1ecf4ec747c4,ACTIVE_MASTER_V2_ILLUMEXT,RGB_BINDING_3.4.0,623,H020_L045_C035,160,83,88,927e6eb3daa2e05039d36d62e1c4da14cd056a9054d86e955fa7bd0113214ebf,d90b843a56bc67736adbd3b8fabc4d4d2d84ae37d6cedb816a8cac99d46e4895,SUPERSEDED_BY,EXPLICIT_ROW_ID_AND_REFERENCE_BINDING,MIGRATED_VERIFIED
8283ab91b10f89ac758d09ecf5fb4d6343536600a06dd468b1cc1ecf4ec747c4,ACTIVE_MASTER_V2_ILLUMEXT,RGB_BINDING_3.4.0,624,H020_L045_C040,167,77,85,b7a405cec7cd5ba17b778270ceb6e18163b950138dea0fb00236b1429012882f,603423769b2994df14dfa6a951dd307241a491e517eaffe7e8a28182abba1a34,SUPERSEDED_BY,EXPLICIT_ROW_ID_AND_REFERENCE_BINDING,MIGRATED_VERIFIED
8283ab91b10f89ac758d09ecf5fb4d6343536600a06dd468b1cc1ecf4ec747c4,ACTIVE_MASTER_V2_ILLUMEXT,RGB_BINDING_3.4.0,625,H020_L045_C045,172,73,84,6871730dc17507f9f74f727f70b6a27a2df115def25f6f2f522e9b554dd9facb,5988739bb90439b6cd14cf04f73357b8085bd61dd52d3e4dcc8a3ec58707a7dc,SUPERSEDED_BY,EXPLICIT_ROW_ID_AND_REFERENCE_BINDING,MIGRATED_VERIFIED
8283ab91b10f89ac758d09ecf5fb4d6343536600a06dd468b1cc1ecf4ec747c4,ACTIVE_MASTER_V2_ILLUMEXT,RGB_BINDING_3.4.0,626,H020_L045_C050,179,67,81,9bd6dbaeb53bd8588c97cb6fbc1b397f30134c5d021705be550966d7d71b3c70,1966f5a23fa14fc07843fc4f19110e5c7f13afe44ec00fd0c9de65964767d946,SUPERSEDED_BY,EXPLICIT_ROW_ID_AND_REFERENCE_BINDING,MIGRATED_VERIFIED
8283ab91b10f89ac758d09ecf5fb4d6343536600a06dd468b1cc1ecf4ec747c4,ACTIVE_MASTER_V2_ILLUMEXT,RGB_BINDING_3.4.0,627,H020_L045_C055,186,60,79,f0eb78ba0288f0788a4ca78acc76c7ff3b89571067781dd038fc176cc1dc2739,136b36f78db687bb83af6c14eec3675eac566d27237a218c9d5e89902e67b7f2,SUPERSEDED_BY,EXPLICIT_ROW_ID_AND_REFERENCE_BINDING,MIGRATED_VERIFIED
8283ab91b10f89ac758d09ecf5fb4d6343536600a06dd468b1cc1ecf4ec747c4,ACTIVE_MASTER_V2_ILLUMEXT,RGB_BINDING_3.4.0,628,H020_L045_C060,191,54,76,7b7d00c75d3da5514c1507c2d3963a01506364a61e387be077c78020c02a2610,8b7e4c0ac15ff01e5bbae1c6e38922dd3297beb6e01a918b7dbcd9f29d9bb415,SUPERSEDED_BY,EXPLICIT_ROW_ID_AND_REFERENCE_BINDING,MIGRATED_VERIFIED
8283ab91b10f89ac758d09ecf5fb4d6343536600a06dd468b1cc1ecf4ec747c4,ACTIVE_MASTER_V2_ILLUMEXT,RGB_BINDING_3.4.0,629,H020_L045_C065,197,43,74,213d07d9f179807a7e8998c672ee2c4a9fe67cbed5a4fcfaba25cf66e48f9d8c,c97e0f834dd1373b94df7804b0782fd303310ba3b6f1ff51bbe1a5ce79444fa7,SUPERSEDED_BY,EXPLICIT_ROW_ID_AND_REFERENCE_BINDING,MIGRATED_VERIFIED
8283ab91b10f89ac758d09ecf5fb4d6343536600a06dd468b1cc1ecf4ec747c4,ACTIVE_MASTER_V2_ILLUMEXT,RGB_BINDING_3.4.0,630,H020_L045_C070,204,29,72,9e669fe7fa2c9d76cac5ce78bc6f41307182150ea8ade70d7bc5439cf1256aba,5586ead43864f7515ffef2d948062b231d7d838a6e57bfd54d60e8a43e6024bc,SUPERSEDED_BY,EXPLICIT_ROW_ID_AND_REFERENCE_BINDING,MIGRATED_VERIFIED
8283ab91b10f89ac758d09ecf5fb4d6343536600a06dd468b1cc1ecf4ec747c4,ACTIVE_MASTER_V2_ILLUMEXT,RGB_BINDING_3.4.0,631,H020_L045_C075,208,6,69,74662d8eb50fb493648986ce3a6b610a16eaaea009e2a120954e9a8687755ebe,34dafa64ad169cd283f0039e0e2597b33f06ae50517adc00a822ddcda6ab2b6c,SUPERSEDED_BY,EXPLICIT_ROW_ID_AND_REFERENCE_BINDING,MIGRATED_VERIFIED
8283ab91b10f89ac758d09ecf5fb4d6343536600a06dd468b1cc1ecf4ec747c4,ACTIVE_MASTER_V2_ILLUMEXT,RGB_BINDING_3.4.0,632,H020_L045_C080,214,0,67,32d109e62bf88213dc6bf127393d62a114e2c2a678cadbdc36de3bc8f0f65724,c1b61366904eac8b576955a0d79cd3bf023695457ec2bc9254863b45ce5203a3,SUPERSEDED_BY,EXPLICIT_ROW_ID_AND_REFERENCE_BINDING,MIGRATED_VERIFIED
8283ab91b10f89ac758d09ecf5fb4d6343536600a06dd468b1cc1ecf4ec747c4,ACTIVE_MASTER_V2_ILLUMEXT,RGB_BINDING_3.4.0,633,H020_L040_C005,103,91,91,6b7ad88ca6cbe89e68f7aed00ec35a14e166af574e0beaf2670df4058bf52ef0,c2fe61e55f5226310a2a9c0e2646ff6d1a7ed1fb4f0ee784d337005fbf955400,SUPERSEDED_BY,EXPLICIT_ROW_ID_AND_REFERENCE_BINDING,MIGRATED_VERIFIED
8283ab91b10f89ac758d09ecf5fb4d6343536600a06dd468b1cc1ecf4ec747c4,ACTIVE_MASTER_V2_ILLUMEXT,RGB_BINDING_3.4.0,634,H020_L040_C010,110,89,90,ebc84892e44a9c66b90529c47a1467f8dfdec4273ead8b59c94a0d9e8c594c8e,4fb382750a2c744982d08b3429e8168d032e41c281470776b7d85f54fd83b8d8,SUPERSEDED_BY,EXPLICIT_ROW_ID_AND_REFERENCE_BINDING,MIGRATED_VERIFIED
8283ab91b10f89ac758d09ecf5fb4d6343536600a06dd468b1cc1ecf4ec747c4,ACTIVE_MASTER_V2_ILLUMEXT,RGB_BINDING_3.4.0,635,H020_L040_C015,118,86,87,25ffcf6de30b18894e6324b68f4cbc7a4286fb17fba46fc9a395da439e3faf8d,92417a0fb844c50e745f63f096b899bd29f360e5282766052a2d1899e2d4ed6a,SUPERSEDED_BY,EXPLICIT_ROW_ID_AND_REFERENCE_BINDING,MIGRATED_VERIFIED
8283ab91b10f89ac758d09ecf5fb4d6343536600a06dd468b1cc1ecf4ec747c4,ACTIVE_MASTER_V2_ILLUMEXT,RGB_BINDING_3.4.0,636,H020_L040_C020,125,82,83,3dad911f036a530fd7afce64664a739e28c6451b8bb787241b66907ba96b7c9c,a7ce1eaba0fb767fef7982b7c68be9d83eebf91115b1572d9bc61816c3deeb71,SUPERSEDED_BY,EXPLICIT_ROW_ID_AND_REFERENCE_BINDING,MIGRATED_VERIFIED
8283ab91b10f89ac758d09ecf5fb4d6343536600a06dd468b1cc1ecf4ec747c4,ACTIVE_MASTER_V2_ILLUMEXT,RGB_BINDING_3.4.0,637,H020_L040_C025,132,79,80,f3ad479adffa7c257cf90ae6e808115491f0e51998bd95484b4bd1f487cf9147,f84eaef4732ee461f79c9ccc34cb477d0b99bb510fd0a994e6a26474cbc84b4d,SUPERSEDED_BY,EXPLICIT_ROW_ID_AND_REFERENCE_BINDING,MIGRATED_VERIFIED
8283ab91b10f89ac758d09ecf5fb4d6343536600a06dd468b1cc1ecf4ec747c4,ACTIVE_MASTER_V2_ILLUMEXT,RGB_BINDING_3.4.0,638,H020_L040_C030,139,75,80,0a99a694c334a3028fe241407efb5776a9613d7fa45cdf8be98ebecf2388d7b5,92ad870181bbed7e0112b871f2a8bed766f11f6d27054efa506dc6bb5113e081,SUPERSEDED_BY,EXPLICIT_ROW_ID_AND_REFERENCE_BINDING,MIGRATED_VERIFIED
8283ab91b10f89ac758d09ecf5fb4d6343536600a06dd468b1cc1ecf4ec747c4,ACTIVE_MASTER_V2_ILLUMEXT,RGB_BINDING_3.4.0,639,H020_L040_C035,145,70,76,aeffad95eb62e1d4e1597b3e36318f6231f54c16af50db82be3f7180b39379d0,8608fa6b3f912a7ea2c7d588479879b218f9855cf1e9f219359d99ea428e6667,SUPERSEDED_BY,EXPLICIT_ROW_ID_AND_REFERENCE_BINDING,MIGRATED_VERIFIED
8283ab91b10f89ac758d09ecf5fb4d6343536600a06dd468b1cc1ecf4ec747c4,ACTIVE_MASTER_V2_ILLUMEXT,RGB_BINDING_3.4.0,640,H020_L040_C040,152,65,73,cde92478847cbe354168308c20891267615415794f1eeb48b1fa36482657c433,d2cef780f3005ed2ff217f037e85345ba1d0f19f475889f4303f8339bd388543,SUPERSEDED_BY,EXPLICIT_ROW_ID_AND_REFERENCE_BINDING,MIGRATED_VERIFIED
8283ab91b10f89ac758d09ecf5fb4d6343536600a06dd468b1cc1ecf4ec747c4,ACTIVE_MASTER_V2_ILLUMEXT,RGB_BINDING_3.4.0,641,H020_L040_C045,158,60,72,b377848bba1f96859be205822450f5c7e6e1ce1a32d645c741a4690584f6cfb0,3dd08089ca3e41ee887b41f62e46164ce96586d3a066fef77ae5ca2dee99b6c2,SUPERSEDED_BY,EXPLICIT_ROW_ID_AND_REFERENCE_BINDING,MIGRATED_VERIFIED
8283ab91b10f89ac758d09ecf5fb4d6343536600a06dd468b1cc1ecf4ec747c4,ACTIVE_MASTER_V2_ILLUMEXT,RGB_BINDING_3.4.0,642,H020_L040_C050,164,54,70,0e8b3c17bffa4948ed393da61f1c1dea32089eab37222d0f2dfc7c714aba7886,fdf4960f0944222fa59f7dfeec940b55cd28afe8e81c3f2ee68ab15c7b04c656,SUPERSEDED_BY,EXPLICIT_ROW_ID_AND_REFERENCE_BINDING,MIGRATED_VERIFIED
8283ab91b10f89ac758d09ecf5fb4d6343536600a06dd468b1cc1ecf4ec747c4,ACTIVE_MASTER_V2_ILLUMEXT,RGB_BINDING_3.4.0,643,H020_L040_C055,171,46,67,c00603d73ae608d359ed45171a3bf45b1ba588fdf4d33101958196328f115763,60cdc06370aca6e2584a9b200755bc4c114da97133c85c22383eb1b6a538458d,SUPERSEDED_BY,EXPLICIT_ROW_ID_AND_REFERENCE_BINDING,MIGRATED_VERIFIED
8283ab91b10f89ac758d09ecf5fb4d6343536600a06dd468b1cc1ecf4ec747c4,ACTIVE_MASTER_V2_ILLUMEXT,RGB_BINDING_3.4.0,644,H020_L040_C060,175,37,64,d984762087c57fcde88dbedc41264264234365285e0fa18afe63e29f6237b7f7,3f8903416ffe0164faa150bcaf8747ab939b3ad987672926f55edb0bc1e4ae61,SUPERSEDED_BY,EXPLICIT_ROW_ID_AND_REFERENCE_BINDING,MIGRATED_VERIFIED
8283ab91b10f89ac758d09ecf5fb4d6343536600a06dd468b1cc1ecf4ec747c4,ACTIVE_MASTER_V2_ILLUMEXT,RGB_BINDING_3.4.0,645,H020_L040_C065,181,22,63,913656b5f1cc240f92cff495b7c8c2d1fde27cbebc49dfde09a04317bce1dfd7,f83099091a7c0612992b1d5ce1a639cbeaad8a43ee0592f85e8308d41abd7896,SUPERSEDED_BY,EXPLICIT_ROW_ID_AND_REFERENCE_BINDING,MIGRATED_VERIFIED
8283ab91b10f89ac758d09ecf5fb4d6343536600a06dd468b1cc1ecf4ec747c4,ACTIVE_MASTER_V2_ILLUMEXT,RGB_BINDING_3.4.0,646,H020_L040_C070,187,0,60,c600b67cdeea6ed411ef921277eb0bfba705e9124327e1fd702a2ef919765866,399e010201c5d3912d7a0c4a4c4e84cf4900b0ce13a989a00e6fde9635137a13,SUPERSEDED_BY,EXPLICIT_ROW_ID_AND_REFERENCE_BINDING,MIGRATED_VERIFIED
8283ab91b10f89ac758d09ecf5fb4d6343536600a06dd468b1cc1ecf4ec747c4,ACTIVE_MASTER_V2_ILLUMEXT,RGB_BINDING_3.4.0,647,H020_L035_C005,91,79,79,6c2b95f57ce30f806543534c43b64a000024a7579fb3b0b7d6a97f761843369a,111ca47d4bd7b6bee1648d6696f0d03b99acf182a95bc4a70dedc21fae3ce2ac,SUPERSEDED_BY,EXPLICIT_ROW_ID_AND_REFERENCE_BINDING,MIGRATED_VERIFIED
8283ab91b10f89ac758d09ecf5fb4d6343536600a06dd468b1cc1ecf4ec747c4,ACTIVE_MASTER_V2_ILLUMEXT,RGB_BINDING_3.4.0,648,H020_L035_C010,98,77,78,20c8f6452ad99b69ea048d0da41205b450b11a34bbb3500d4314333255ba6de5,dbdaa3ec46a745f93e2eb32d8e4423807f37b89e11ec29134ea45db71251af0d,SUPERSEDED_BY,EXPLICIT_ROW_ID_AND_REFERENCE_BINDING,MIGRATED_VERIFIED
8283ab91b10f89ac758d09ecf5fb4d6343536600a06dd468b1cc1ecf4ec747c4,ACTIVE_MASTER_V2_ILLUMEXT,RGB_BINDING_3.4.0,649,H020_L035_C015,105,74,75,ece55aef4b04914e653f4c264fddb83d240bcf1c7bfdee567ff6bca33e54033a,653d94ab14d3e50b18e8a033fb3ccd0376ecfd2ca29349a959468377e60c5b94,SUPERSEDED_BY,EXPLICIT_ROW_ID_AND_REFERENCE_BINDING,MIGRATED_VERIFIED
8283ab91b10f89ac758d09ecf5fb4d6343536600a06dd468b1cc1ecf4ec747c4,ACTIVE_MASTER_V2_ILLUMEXT,RGB_BINDING_3.4.0,650,H020_L035_C020,113,70,72,bfc7aaa3c91e803f79164ee2da5d9b823df8ee0d8b2e285b63cb075e5d85f142,062c195b6a314406de87af31aba68b1dfabf629e5e3602210edcc99a490f83cb,SUPERSEDED_BY,EXPLICIT_ROW_ID_AND_REFERENCE_BINDING,MIGRATED_VERIFIED
8283ab91b10f89ac758d09ecf5fb4d6343536600a06dd468b1cc1ecf4ec747c4,ACTIVE_MASTER_V2_ILLUMEXT,RGB_BINDING_3.4.0,651,H020_L035_C025,119,67,69,a04d4693e6a3ae380eff1792bf609b981f467585466fba513a58d4eca53a59a2,fbdda9c61482d57b4b39e59306441e5a8b036c2913459e05474cf777e68c6d71,SUPERSEDED_BY,EXPLICIT_ROW_ID_AND_REFERENCE_BINDING,MIGRATED_VERIFIED
8283ab91b10f89ac758d09ecf5fb4d6343536600a06dd468b1cc1ecf4ec747c4,ACTIVE_MASTER_V2_ILLUMEXT,RGB_BINDING_3.4.0,652,H020_L035_C030,125,63,68,2d5922c7a469fb251165408cb8817f5cc312026c134a45b4dc5a54f3bef85a47,a06fa687ae4dec0ab4401067e0cfa4eae65bcc7421b89e8856ca80e6170c7063,SUPERSEDED_BY,EXPLICIT_ROW_ID_AND_REFERENCE_BINDING,MIGRATED_VERIFIED
8283ab91b10f89ac758d09ecf5fb4d6343536600a06dd468b1cc1ecf4ec747c4,ACTIVE_MASTER_V2_ILLUMEXT,RGB_BINDING_3.4.0,653,H020_L035_C035,132,58,65,2eaf2f0a396f8e227887851799f728b6c78b17d35c6993fb4046f6492a091b49,7bc819916df25d8b4c0fb5bfcfe881d805a1dd81609ec508a1f5a4fc2cf498ec,SUPERSEDED_BY,EXPLICIT_ROW_ID_AND_REFERENCE_BINDING,MIGRATED_VERIFIED
8283ab91b10f89ac758d09ecf5fb4d6343536600a06dd468b1cc1ecf4ec747c4,ACTIVE_MASTER_V2_ILLUMEXT,RGB_BINDING_3.4.0,654,H020_L035_C040,138,52,62,b54aa0fe1df4d9c98e1f7b5f7da03e239e08e8f85354a9e4717baefd9bedc616,97e2d474230f8001cb4b90f8e70fef3fb8c79bfea226a63849e6faec73ca6765,SUPERSEDED_BY,EXPLICIT_ROW_ID_AND_REFERENCE_BINDING,MIGRATED_VERIFIED
8283ab91b10f89ac758d09ecf5fb4d6343536600a06dd468b1cc1ecf4ec747c4,ACTIVE_MASTER_V2_ILLUMEXT,RGB_BINDING_3.4.0,655,H020_L035_C045,144,47,61,217f803c535a1b7b447103b9e2090412019c7c68ced53d98d916ece50597ec51,858e2c6e24f0642ecbcf332a72e52e523a3812be6d5af1c6fcd39358bf82b960,SUPERSEDED_BY,EXPLICIT_ROW_ID_AND_REFERENCE_BINDING,MIGRATED_VERIFIED
8283ab91b10f89ac758d09ecf5fb4d6343536600a06dd468b1cc1ecf4ec747c4,ACTIVE_MASTER_V2_ILLUMEXT,RGB_BINDING_3.4.0,656,H020_L035_C050,149,39,58,c59b1f1f40809ce4ab58ccf1e567f042867d4d740e90cafd0abf70f35258282f,f701fca8b9cce7b62c1746c179136c347de81083048109e015f9bda2ee966db6,SUPERSEDED_BY,EXPLICIT_ROW_ID_AND_REFERENCE_BINDING,MIGRATED_VERIFIED
8283ab91b10f89ac758d09ecf5fb4d6343536600a06dd468b1cc1ecf4ec747c4,ACTIVE_MASTER_V2_ILLUMEXT,RGB_BINDING_3.4.0,657,H020_L035_C055,156,29,56,addc840d595b91aa68a299c93ee781fb034afc587cd589afffd07acc9f4ec5c3,cb5925958e21bb93a08bec4a87b925ca0574d64b4031d0a7c3616f5a34ec8fa7,SUPERSEDED_BY,EXPLICIT_ROW_ID_AND_REFERENCE_BINDING,MIGRATED_VERIFIED
8283ab91b10f89ac758d09ecf5fb4d6343536600a06dd468b1cc1ecf4ec747c4,ACTIVE_MASTER_V2_ILLUMEXT,RGB_BINDING_3.4.0,658,H020_L035_C060,160,16,53,a52eacc64c80894b498aabcaa3816616dfb9d7a632415959979508cce067f7e8,64709021d662018654213dc71e28b5f7cd2e9f68a7ed4ce34e794ab49847dc55,SUPERSEDED_BY,EXPLICIT_ROW_ID_AND_REFERENCE_BINDING,MIGRATED_VERIFIED
8283ab91b10f89ac758d09ecf5fb4d6343536600a06dd468b1cc1ecf4ec747c4,ACTIVE_MASTER_V2_ILLUMEXT,RGB_BINDING_3.4.0,659,H020_L035_C065,167,0,52,9a568f33901e22256c80e048fc5f07d71804c092300b56b06c34ee0faf147ac5,1f38b8f7f0b5eb0c40cd39f0ccfbc936f7da305f39104c886a26597a2b5f7a59,SUPERSEDED_BY,EXPLICIT_ROW_ID_AND_REFERENCE_BINDING,MIGRATED_VERIFIED
8283ab91b10f89ac758d09ecf5fb4d6343536600a06dd468b1cc1ecf4ec747c4,ACTIVE_MASTER_V2_ILLUMEXT,RGB_BINDING_3.4.0,660,H020_L030_C005,79,68,68,269c5359608839ec66c8cd6befc9e476fe8ad5771e017b6d794bcaac7d215348,7b5450c24b121c4831e0d099acbff982d8cb14320ced48e00bc034d88b4b64f9,SUPERSEDED_BY,EXPLICIT_ROW_ID_AND_REFERENCE_BINDING,MIGRATED_VERIFIED
8283ab91b10f89ac758d09ecf5fb4d6343536600a06dd468b1cc1ecf4ec747c4,ACTIVE_MASTER_V2_ILLUMEXT,RGB_BINDING_3.4.0,661,H020_L030_C010,86,66,67,554cf9fa3e95433e968e12d69f41dda0bd55b64e526abbc5343cce47bfc286e5,851911e79d72190e024c664aaa28eeb9a9bca059d7c8903e64e0f71eebcb392a,SUPERSEDED_BY,EXPLICIT_ROW_ID_AND_REFERENCE_BINDING,MIGRATED_VERIFIED
8283ab91b10f89ac758d09ecf5fb4d6343536600a06dd468b1cc1ecf4ec747c4,ACTIVE_MASTER_V2_ILLUMEXT,RGB_BINDING_3.4.0,662,H020_L030_C015,94,63,64,6faf19e3f46907eb9e2f27d0528bee3332411e535defee8fa867fca3ee543983,8a5d8001dbe0a4f33faeab3e254e9c74598b82a46c46ecf431686992936132b8,SUPERSEDED_BY,EXPLICIT_ROW_ID_AND_REFERENCE_BINDING,MIGRATED_VERIFIED
8283ab91b10f89ac758d09ecf5fb4d6343536600a06dd468b1cc1ecf4ec747c4,ACTIVE_MASTER_V2_ILLUMEXT,RGB_BINDING_3.4.0,663,H020_L030_C020,100,59,61,9bc35c28b0819bd84de581c381430871ebf6124789958d48da6575e230b5b0d1,ef3f175cb599bc355d88e0513aba9a09a14503f036f7e8f9c7aa58d24bd50ad3,SUPERSEDED_BY,EXPLICIT_ROW_ID_AND_REFERENCE_BINDING,MIGRATED_VERIFIED
8283ab91b10f89ac758d09ecf5fb4d6343536600a06dd468b1cc1ecf4ec747c4,ACTIVE_MASTER_V2_ILLUMEXT,RGB_BINDING_3.4.0,664,H020_L030_C025,106,56,58,b8c2ed846effc5c723189d77fa31513185eab34ff86a79980701409e0f1e625c,3c7d6a64e12822efd6d3a33e48f650b5495f3cabe947dad7de369ce5a89fde05,SUPERSEDED_BY,EXPLICIT_ROW_ID_AND_REFERENCE_BINDING,MIGRATED_VERIFIED
8283ab91b10f89ac758d09ecf5fb4d6343536600a06dd468b1cc1ecf4ec747c4,ACTIVE_MASTER_V2_ILLUMEXT,RGB_BINDING_3.4.0,665,H020_L030_C030,112,51,57,bbc45a6157ecb209bd8485b519583c3acb45eabdb953597c43a4cec4a8b032c6,818172919a837a75f8bd4eceff144a124b30a5af0faf670dff5765beec10646c,SUPERSEDED_BY,EXPLICIT_ROW_ID_AND_REFERENCE_BINDING,MIGRATED_VERIFIED
8283ab91b10f89ac758d09ecf5fb4d6343536600a06dd468b1cc1ecf4ec747c4,ACTIVE_MASTER_V2_ILLUMEXT,RGB_BINDING_3.4.0,666,H020_L030_C035,119,46,54,ac40f2d03ab237e0716f0445bb86f6543f3f35158406745b755201fabddbb2eb,9df4f1d1141d495199f61f69516cbcfda9ffd90d040893b0e9d9c60b3f0fac96,SUPERSEDED_BY,EXPLICIT_ROW_ID_AND_REFERENCE_BINDING,MIGRATED_VERIFIED
8283ab91b10f89ac758d09ecf5fb4d6343536600a06dd468b1cc1ecf4ec747c4,ACTIVE_MASTER_V2_ILLUMEXT,RGB_BINDING_3.4.0,667,H020_L030_C040,125,40,51,33723ae87c5ef171a2f5081f0efdbc8fc100753819238c999b4844ada8d23992,627986ed57b5f5f68136137cff7049162ccd1a4c0dd4c6c9e0d036577395af73,SUPERSEDED_BY,EXPLICIT_ROW_ID_AND_REFERENCE_BINDING,MIGRATED_VERIFIED
8283ab91b10f89ac758d09ecf5fb4d6343536600a06dd468b1cc1ecf4ec747c4,ACTIVE_MASTER_V2_ILLUMEXT,RGB_BINDING_3.4.0,668,H020_L030_C045,130,34,51,1a7966cad0bf08adc2611db99e94169ef85f68e50d59e39930a60b0d39ddb0e3,ddf534d361a9a49483e4d79c27c2ada7193eb4d26523e3715c85e5f3db100177,SUPERSEDED_BY,EXPLICIT_ROW_ID_AND_REFERENCE_BINDING,MIGRATED_VERIFIED
8283ab91b10f89ac758d09ecf5fb4d6343536600a06dd468b1cc1ecf4ec747c4,ACTIVE_MASTER_V2_ILLUMEXT,RGB_BINDING_3.4.0,669,H020_L030_C050,136,24,48,2ed7be361dbae3ea84b101a35fd17c38dfb29e698f350d444db16c5f5f275c6a,b67b2ad1dc9e75f1b0be63b994211c248fb7b3e13ea8fc95ae2dde3ce4563580,SUPERSEDED_BY,EXPLICIT_ROW_ID_AND_REFERENCE_BINDING,MIGRATED_VERIFIED
8283ab91b10f89ac758d09ecf5fb4d6343536600a06dd468b1cc1ecf4ec747c4,ACTIVE_MASTER_V2_ILLUMEXT,RGB_BINDING_3.4.0,670,H020_L030_C055,141,7,45,c18261f983ca9c6e4bf2c151cd2a6d9b6cb43f99b7002260a4350e74cb5a1548,4884afca2c3037a4014444e0825176dfaf1526e78a5be84bf91ae438babe35ff,SUPERSEDED_BY,EXPLICIT_ROW_ID_AND_REFERENCE_BINDING,MIGRATED_VERIFIED
8283ab91b10f89ac758d09ecf5fb4d6343536600a06dd468b1cc1ecf4ec747c4,ACTIVE_MASTER_V2_ILLUMEXT,RGB_BINDING_3.4.0,671,H020_L025_C005,68,57,57,9e4172df415ba28481a8146df7484edfcb7ac377016e040c708675ac3bc7a760,184116e33ddf217c36478ee360be4f36dd3fa720551dc6c26990188dfb1048f0,SUPERSEDED_BY,EXPLICIT_ROW_ID_AND_REFERENCE_BINDING,MIGRATED_VERIFIED
8283ab91b10f89ac758d09ecf5fb4d6343536600a06dd468b1cc1ecf4ec747c4,ACTIVE_MASTER_V2_ILLUMEXT,RGB_BINDING_3.4.0,672,H020_L025_C010,74,54,55,ad6850d302044b6a542ca081e479ca019280f0c44eba0151fbfca0edb1e36feb,1923fe85fbde4e3de0f1f6f6ea5f2d234c7e71d2aa48c32e9ac44abb214f2f7c,SUPERSEDED_BY,EXPLICIT_ROW_ID_AND_REFERENCE_BINDING,MIGRATED_VERIFIED
8283ab91b10f89ac758d09ecf5fb4d6343536600a06dd468b1cc1ecf4ec747c4,ACTIVE_MASTER_V2_ILLUMEXT,RGB_BINDING_3.4.0,673,H020_L025_C015,81,51,52,2c9b43097901826c79b2d735db1b286f71ea15d2d53a8c656a812f256b139a8c,d56d6e92edebe6ee8ef7a78e5e22088dbb9a00fa0f791136dc64f8f74e815a44,SUPERSEDED_BY,EXPLICIT_ROW_ID_AND_REFERENCE_BINDING,MIGRATED_VERIFIED
8283ab91b10f89ac758d09ecf5fb4d6343536600a06dd468b1cc1ecf4ec747c4,ACTIVE_MASTER_V2_ILLUMEXT,RGB_BINDING_3.4.0,674,H020_L025_C020,88,47,50,459311db94bc62d8b728c520910da8169d220ba3c9d526d311253d28cda5124d,d607186d7676102ed1db66cdf882b53aac7bfe74dcdfe7857a9da03e2ab8ba13,SUPERSEDED_BY,EXPLICIT_ROW_ID_AND_REFERENCE_BINDING,MIGRATED_VERIFIED
8283ab91b10f89ac758d09ecf5fb4d6343536600a06dd468b1cc1ecf4ec747c4,ACTIVE_MASTER_V2_ILLUMEXT,RGB_BINDING_3.4.0,675,H020_L025_C025,94,45,47,46a31bfea52d49a51fdc28c3cde4746bddc09aefe551dd9c9bd604996de1f479,a5ac3ecd80024b1da3a38dccd28b4561af106ae2a8854ec6a5d7b8748abb93d9,SUPERSEDED_BY,EXPLICIT_ROW_ID_AND_REFERENCE_BINDING,MIGRATED_VERIFIED
8283ab91b10f89ac758d09ecf5fb4d6343536600a06dd468b1cc1ecf4ec747c4,ACTIVE_MASTER_V2_ILLUMEXT,RGB_BINDING_3.4.0,676,H020_L025_C030,99,39,45,00c6af218bf2c8e8d2478c43d1d4595ee51d21a76cfb11fd7d4c6654ccf58482,1c615e15e3f7d4314bedc1fbcba2c3e703c2dbdfed34ef33b15fd7ada462558e,SUPERSEDED_BY,EXPLICIT_ROW_ID_AND_REFERENCE_BINDING,MIGRATED_VERIFIED
8283ab91b10f89ac758d09ecf5fb4d6343536600a06dd468b1cc1ecf4ec747c4,ACTIVE_MASTER_V2_ILLUMEXT,RGB_BINDING_3.4.0,677,H020_L025_C035,105,34,43,5275dd8e718022e01ef8464286e5ebeb34bd0b33c070969de5a31a25803103fa,33d46277532e98f780f3bf4d8931000e35119115359dfdfec97b86bc312fef45,SUPERSEDED_BY,EXPLICIT_ROW_ID_AND_REFERENCE_BINDING,MIGRATED_VERIFIED
8283ab91b10f89ac758d09ecf5fb4d6343536600a06dd468b1cc1ecf4ec747c4,ACTIVE_MASTER_V2_ILLUMEXT,RGB_BINDING_3.4.0,678,H020_L025_C040,111,27,41,8e9c150e4fb2bbb413c96398dd8a7f86e0cd6534089f6194e8b3a0fcb2334730,d3f104ff39e26d483511878279311d3f38d8dcd91adb8e5306d893b96964a303,SUPERSEDED_BY,EXPLICIT_ROW_ID_AND_REFERENCE_BINDING,MIGRATED_VERIFIED
8283ab91b10f89ac758d09ecf5fb4d6343536600a06dd468b1cc1ecf4ec747c4,ACTIVE_MASTER_V2_ILLUMEXT,RGB_BINDING_3.4.0,679,H020_L025_C045,116,18,40,c5508d7c499a2818b14790569983e5fc0b5eac026c5e84cb9e4d69d6d1e1b570,8d2df6cc0bc445fce574668bc30e30927fdeaa72e515d59d310ade93744192a4,SUPERSEDED_BY,EXPLICIT_ROW_ID_AND_REFERENCE_BINDING,MIGRATED_VERIFIED
8283ab91b10f89ac758d09ecf5fb4d6343536600a06dd468b1cc1ecf4ec747c4,ACTIVE_MASTER_V2_ILLUMEXT,RGB_BINDING_3.4.0,680,H020_L025_C050,121,2,37,0db2dea1b5e8f8a45273908c98d487a1ec2fd4ef5798c77379c0a93521a3eb71,a5463feba38d49beb6f717ecfd5e78c99b69e998d53539c773966b2a70a1fc7c,SUPERSEDED_BY,EXPLICIT_ROW_ID_AND_REFERENCE_BINDING,MIGRATED_VERIFIED
8283ab91b10f89ac758d09ecf5fb4d6343536600a06dd468b1cc1ecf4ec747c4,ACTIVE_MASTER_V2_ILLUMEXT,RGB_BINDING_3.4.0,681,H020_L020_C005,57,46,46,0f28f4bc0b3fbf02fde7793cc2e30489553b70c5673d87f921bd14b10c1a5ade,fb7575d2ce384bbfa6866519dbe1c62b86af5e06816cc50d02fa386684ff88c1,SUPERSEDED_BY,EXPLICIT_ROW_ID_AND_REFERENCE_BINDING,MIGRATED_VERIFIED
8283ab91b10f89ac758d09ecf5fb4d6343536600a06dd468b1cc1ecf4ec747c4,ACTIVE_MASTER_V2_ILLUMEXT,RGB_BINDING_3.4.0,682,H020_L020_C010,62,43,44,1bbf1f59c7cde3e61a74b6e7201dd37d28068aa3d069b250cfe271595d230910,14107fe77fba772fd9253bf43ca709fcf5c410571b7b24f693d030ac901c4e15,SUPERSEDED_BY,EXPLICIT_ROW_ID_AND_REFERENCE_BINDING,MIGRATED_VERIFIED
8283ab91b10f89ac758d09ecf5fb4d6343536600a06dd468b1cc1ecf4ec747c4,ACTIVE_MASTER_V2_ILLUMEXT,RGB_BINDING_3.4.0,683,H020_L020_C015,68,40,41,6abd9240f008086d7506fdd6f6edf0f590b330e653f85385a2d509e8194e1028,681b8272912ceadfb8f5f161ce139932441f6673ff581c0f1dd13b6a0e108567,SUPERSEDED_BY,EXPLICIT_ROW_ID_AND_REFERENCE_BINDING,MIGRATED_VERIFIED
8283ab91b10f89ac758d09ecf5fb4d6343536600a06dd468b1cc1ecf4ec747c4,ACTIVE_MASTER_V2_ILLUMEXT,RGB_BINDING_3.4.0,684,H020_L020_C020,76,37,39,f599a0c3687cc739dddb4e2e24320cb125d6722d4a344758d18e2883fef3b9e2,0b7871c6f6c84f2c4749407d95d48ed3172b01132990b95f3d8bbe20d6b50031,SUPERSEDED_BY,EXPLICIT_ROW_ID_AND_REFERENCE_BINDING,MIGRATED_VERIFIED
8283ab91b10f89ac758d09ecf5fb4d6343536600a06dd468b1cc1ecf4ec747c4,ACTIVE_MASTER_V2_ILLUMEXT,RGB_BINDING_3.4.0,685,H020_L020_C025,80,33,37,f3a2ae8b5202ebb66f63064ea9fbfb190d796663bff7541cbc3814d8b6d24411,55e4f1938031b9295a8c68b732a9638569a50572595a19a0f4748146176ac764,SUPERSEDED_BY,EXPLICIT_ROW_ID_AND_REFERENCE_BINDING,MIGRATED_VERIFIED
8283ab91b10f89ac758d09ecf5fb4d6343536600a06dd468b1cc1ecf4ec747c4,ACTIVE_MASTER_V2_ILLUMEXT,RGB_BINDING_3.4.0,686,H020_L020_C030,86,28,36,56d5059e5cd518da70bfb4c137aeeee4a56710951edd326c3a835f3f610d12be,b90b1944d079a721d6852a5cf2856d1cb462b5245f0964657db028dc3a12e499,SUPERSEDED_BY,EXPLICIT_ROW_ID_AND_REFERENCE_BINDING,MIGRATED_VERIFIED
8283ab91b10f89ac758d09ecf5fb4d6343536600a06dd468b1cc1ecf4ec747c4,ACTIVE_MASTER_V2_ILLUMEXT,RGB_BINDING_3.4.0,687,H020_L020_C035,91,20,32,4af676af32da36b6c5be0e57567c83a6c5fd81d70c0aac7dc806b97cc953ca09,c46b97c8452a53e33380105dee891d7d105fafbcb77410fe889e1d6608241c0b,SUPERSEDED_BY,EXPLICIT_ROW_ID_AND_REFERENCE_BINDING,MIGRATED_VERIFIED
8283ab91b10f89ac758d09ecf5fb4d6343536600a06dd468b1cc1ecf4ec747c4,ACTIVE_MASTER_V2_ILLUMEXT,RGB_BINDING_3.4.0,688,H020_L020_C040,97,10,30,3ef08efbcac6a77a83c70ed7360f4d1da40ca678921aea6ac5537ba39415c366,03bc7f27a304f8c47060a1f73088da6b83404f3271ca7f0c2b04b7d1e6f31d1d,SUPERSEDED_BY,EXPLICIT_ROW_ID_AND_REFERENCE_BINDING,MIGRATED_VERIFIED
8283ab91b10f89ac758d09ecf5fb4d6343536600a06dd468b1cc1ecf4ec747c4,ACTIVE_MASTER_V2_ILLUMEXT,RGB_BINDING_3.4.0,689,H020_L015_C005,45,34,34,979f8250438cc4b1fe464258f58d3bd3c2ca34080eca883af8426a6cf2fb0878,93fb0133f57e22bd7ede164f7472076325f41b6ac41fffd987fe16af8566b858,SUPERSEDED_BY,EXPLICIT_ROW_ID_AND_REFERENCE_BINDING,MIGRATED_VERIFIED
8283ab91b10f89ac758d09ecf5fb4d6343536600a06dd468b1cc1ecf4ec747c4,ACTIVE_MASTER_V2_ILLUMEXT,RGB_BINDING_3.4.0,690,H020_L015_C010,50,32,33,d91e71a1e51fd241c81557904983d565c32c2888b546d4ad981a217f029739ca,33d8bd061293dcb676f7503fab4d576e33dfe555ce2c2f24ceec84766890d50b,SUPERSEDED_BY,EXPLICIT_ROW_ID_AND_REFERENCE_BINDING,MIGRATED_VERIFIED
8283ab91b10f89ac758d09ecf5fb4d6343536600a06dd468b1cc1ecf4ec747c4,ACTIVE_MASTER_V2_ILLUMEXT,RGB_BINDING_3.4.0,691,H020_L015_C015,57,30,31,4efd5eefee06796542d36f6d0f4d8e42b69470b0ccd2274093c7ced65aa6442d,f7de124cdc393dcedffd4535fa2de3f58dbb0d4df62567da168879c76760b847,SUPERSEDED_BY,EXPLICIT_ROW_ID_AND_REFERENCE_BINDING,MIGRATED_VERIFIED
8283ab91b10f89ac758d09ecf5fb4d6343536600a06dd468b1cc1ecf4ec747c4,ACTIVE_MASTER_V2_ILLUMEXT,RGB_BINDING_3.4.0,692,H020_L015_C020,63,25,29,7647b4d24ca3fad6716d98e6eb2f023bfb6419fdf114b9565f82076bd69ef037,e19296350244d1d1bcee86fa5583656861ecb351d4413ac53a22e4e2d2e2c1d2,SUPERSEDED_BY,EXPLICIT_ROW_ID_AND_REFERENCE_BINDING,MIGRATED_VERIFIED
8283ab91b10f89ac758d09ecf5fb4d6343536600a06dd468b1cc1ecf4ec747c4,ACTIVE_MASTER_V2_ILLUMEXT,RGB_BINDING_3.4.0,693,H020_L015_C025,67,21,25,4a48f7f311171e366e16702b8b5e7188563f791ae04b4da728a3eafc3f180a4f,1adf907304251b10160a254e274ea7360c45387fd741ab329a266fc09ea4b4b0,SUPERSEDED_BY,EXPLICIT_ROW_ID_AND_REFERENCE_BINDING,MIGRATED_VERIFIED
8283ab91b10f89ac758d09ecf5fb4d6343536600a06dd468b1cc1ecf4ec747c4,ACTIVE_MASTER_V2_ILLUMEXT,RGB_BINDING_3.4.0,694,H020_L015_C030,73,15,25,a0fe4e3ff138f4635b957df4981be7acf1f52ee6032dba3d40f403be80ec574e,92adccb3a01311ae387abc8be2f977ad167d45f36414f2d1953b6bbd7cdebe9e,SUPERSEDED_BY,EXPLICIT_ROW_ID_AND_REFERENCE_BINDING,MIGRATED_VERIFIED
8283ab91b10f89ac758d09ecf5fb4d6343536600a06dd468b1cc1ecf4ec747c4,ACTIVE_MASTER_V2_ILLUMEXT,RGB_BINDING_3.4.0,695,H020_L010_C005,36,26,26,0ed0843d625d7211938f769e839b4d1e3286b707597db019c9a1c7ad607c59a8,c87a63ee736ee96728f7a11690f61fb90f30e4a842bc7d1a10f81251be655d0e,SUPERSEDED_BY,EXPLICIT_ROW_ID_AND_REFERENCE_BINDING,MIGRATED_VERIFIED
8283ab91b10f89ac758d09ecf5fb4d6343536600a06dd468b1cc1ecf4ec747c4,ACTIVE_MASTER_V2_ILLUMEXT,RGB_BINDING_3.4.0,696,H020_L010_C010,40,23,24,93265800fc74bc9f1edc90d3628c6c76d59a39474281edf05f096d5d17a72890,82461cd7e4be102f7a443a1cc37d9df5dcd3afbc941e4fced85ab461e255776c,SUPERSEDED_BY,EXPLICIT_ROW_ID_AND_REFERENCE_BINDING,MIGRATED_VERIFIED
8283ab91b10f89ac758d09ecf5fb4d6343536600a06dd468b1cc1ecf4ec747c4,ACTIVE_MASTER_V2_ILLUMEXT,RGB_BINDING_3.4.0,697,H020_L010_C015,46,20,22,28a7e72edb02ea99d43bbba90607d03c5d892c761ba6281456cea261626ae440,8fd820723cd6bd28eab9e8c141e34d9c5d63d9a0f749e308db509406e37c613f,SUPERSEDED_BY,EXPLICIT_ROW_ID_AND_REFERENCE_BINDING,MIGRATED_VERIFIED
8283ab91b10f89ac758d09ecf5fb4d6343536600a06dd468b1cc1ecf4ec747c4,ACTIVE_MASTER_V2_ILLUMEXT,RGB_BINDING_3.4.0,698,H020_L010_C020,52,16,19,61a7b26c0c86be0374b998af521010c9de5c2df0fee649d113905e644d7abff3,7564229fea9583952d7dbff1af3ff9fa443de87f063811c416b0836d6fddfb5f,SUPERSEDED_BY,EXPLICIT_ROW_ID_AND_REFERENCE_BINDING,MIGRATED_VERIFIED
8283ab91b10f89ac758d09ecf5fb4d6343536600a06dd468b1cc1ecf4ec747c4,ACTIVE_MASTER_V2_ILLUMEXT,RGB_BINDING_3.4.0,699,H020_L005_C005,25,14,13,cfdfb313a1172aa4a52be4af9c4739d67c0f7c9b0fcd3c49faee512256857e65,05b847a38429af5fbb1ef92557e75de0bda566bd8a03cda4eb9fbcbf5e1cec5f,SUPERSEDED_BY,EXPLICIT_ROW_ID_AND_REFERENCE_BINDING,MIGRATED_VERIFIED
8283ab91b10f89ac758d09ecf5fb4d6343536600a06dd468b1cc1ecf4ec747c4,ACTIVE_MASTER_V2_ILLUMEXT,RGB_BINDING_3.4.0,700,H025_L090_C005,238,224,224,6b21996061dad2658a36ddb7189cb4a4e9c485480327e84174dbc397ea826a64,defab1ced4b7d6a2867f870c7cb29acdad6d39086b5903391d944b06d29e9533,SUPERSEDED_BY,EXPLICIT_ROW_ID_AND_REFERENCE_BINDING,MIGRATED_VERIFIED
8283ab91b10f89ac758d09ecf5fb4d6343536600a06dd468b1cc1ecf4ec747c4,ACTIVE_MASTER_V2_ILLUMEXT,RGB_BINDING_3.4.0,701,H025_L090_C010,247,221,220,1217bc6512897985ac148bc15055d4a9cd39e6353596c9415229ef6be1ec88f6,67785a443e868a45e718e00c122e1065d62f5479a42c1399a6d6f4b729fbef61,SUPERSEDED_BY,EXPLICIT_ROW_ID_AND_REFERENCE_BINDING,MIGRATED_VERIFIED
8283ab91b10f89ac758d09ecf5fb4d6343536600a06dd468b1cc1ecf4ec747c4,ACTIVE_MASTER_V2_ILLUMEXT,RGB_BINDING_3.4.0,702,H025_L085_C005,223,209,209,0743cb8d7b098dad4418c8be06188344ec904b475f5d4cd6a3f1c336019e7695,133595408e63c20f065e52fd326d88a27891eda63b8e289951820f48ff4c08cc,SUPERSEDED_BY,EXPLICIT_ROW_ID_AND_REFERENCE_BINDING,MIGRATED_VERIFIED
8283ab91b10f89ac758d09ecf5fb4d6343536600a06dd468b1cc1ecf4ec747c4,ACTIVE_MASTER_V2_ILLUMEXT,RGB_BINDING_3.4.0,703,H025_L085_C010,232,207,206,131e4f9930a9016742b2fd0878ea5275a4b65a160fc883e0ff0837289506e52d,0e79ad46f1cc0d503088d6fe5c38d24570ac1abe1ee47ef23c278d604a6282a0,SUPERSEDED_BY,EXPLICIT_ROW_ID_AND_REFERENCE_BINDING,MIGRATED_VERIFIED
8283ab91b10f89ac758d09ecf5fb4d6343536600a06dd468b1cc1ecf4ec747c4,ACTIVE_MASTER_V2_ILLUMEXT,RGB_BINDING_3.4.0,704,H025_L085_C015,242,203,202,174b3dc09c347f9ab5ef1f2b124f7b39bd614f98d08e0f31ee6e40f9a85faf4d,a90beab4258c10e961727a4d552ee9a9574ed3f2ffb25d69721020ded57de450,SUPERSEDED_BY,EXPLICIT_ROW_ID_AND_REFERENCE_BINDING,MIGRATED_VERIFIED
8283ab91b10f89ac758d09ecf5fb4d6343536600a06dd468b1cc1ecf4ec747c4,ACTIVE_MASTER_V2_ILLUMEXT,RGB_BINDING_3.4.0,705,H025_L085_C020,249,200,198,4f3c8ed4a6cc906e75406aa43ce451fd2fe0cad77d57b47e42b4e25c715b6332,8cc90d2188062b2805c5c8f4be64497fc75e2c69ce9d7d3ceb7bd2f57e40efe0,SUPERSEDED_BY,EXPLICIT_ROW_ID_AND_REFERENCE_BINDING,MIGRATED_VERIFIED
8283ab91b10f89ac758d09ecf5fb4d6343536600a06dd468b1cc1ecf4ec747c4,ACTIVE_MASTER_V2_ILLUMEXT,RGB_BINDING_3.4.0,706,H025_L080_C005,209,195,195,79d6a31942ced39e4d9d401804b4c3266f4a4929c2d017d87805dca0bb753677,01219e1b1ef52160c4f0d5d96497a972541ad3e4d9532119f24d1f2b186b1428,SUPERSEDED_BY,EXPLICIT_ROW_ID_AND_REFERENCE_BINDING,MIGRATED_VERIFIED
8283ab91b10f89ac758d09ecf5fb4d6343536600a06dd468b1cc1ecf4ec747c4,ACTIVE_MASTER_V2_ILLUMEXT,RGB_BINDING_3.4.0,707,H025_L080_C010,218,193,191,c9ae65f03949eb4f8bf421efe3e4f41939d6dd94203b2017613ba6c6ecaaefb4,bd7aa232ca148b5cda3b72011ef381c9cd34428dfdb111c2c8e42ca21b20d612,SUPERSEDED_BY,EXPLICIT_ROW_ID_AND_REFERENCE_BINDING,MIGRATED_VERIFIED
8283ab91b10f89ac758d09ecf5fb4d6343536600a06dd468b1cc1ecf4ec747c4,ACTIVE_MASTER_V2_ILLUMEXT,RGB_BINDING_3.4.0,708,H025_L080_C015,227,189,188,d0f065557aef5592ae8e0add8a2b50aae7f00a3ad9032b12ef17fbdb65447cce,0d14db5e5e134836740c5f35dec620186a4a346d9de707527d6044022590f13f,SUPERSEDED_BY,EXPLICIT_ROW_ID_AND_REFERENCE_BINDING,MIGRATED_VERIFIED
8283ab91b10f89ac758d09ecf5fb4d6343536600a06dd468b1cc1ecf4ec747c4,ACTIVE_MASTER_V2_ILLUMEXT,RGB_BINDING_3.4.0,709,H025_L080_C020,235,186,184,aec0fd6170c01833c0ec760e38c81397c4f702a136b02ab2556676d516310186,a645fbe09d082ce097e1cd038526a67a130a4d0ffc4a4d35e8db62a1afc00f55,SUPERSEDED_BY,EXPLICIT_ROW_ID_AND_REFERENCE_BINDING,MIGRATED_VERIFIED
8283ab91b10f89ac758d09ecf5fb4d6343536600a06dd468b1cc1ecf4ec747c4,ACTIVE_MASTER_V2_ILLUMEXT,RGB_BINDING_3.4.0,710,H025_L080_C025,245,182,179,6e08e18099e063f8271348d258a96133e9f3f6e68b8fa533d4faf72ef117705a,9faeba375c015853c0f33fe38dc6cb64363cafa4158a4a033165631c744c9f49,SUPERSEDED_BY,EXPLICIT_ROW_ID_AND_REFERENCE_BINDING,MIGRATED_VERIFIED
8283ab91b10f89ac758d09ecf5fb4d6343536600a06dd468b1cc1ecf4ec747c4,ACTIVE_MASTER_V2_ILLUMEXT,RGB_BINDING_3.4.0,711,H025_L080_C030,252,179,175,7ef84340bf8bfb7a003894a2d8eab89e1eb3b962a328f9bd710fb387884051d2,84adbd3c592fc4ae95893665d464314090a819fd42def88d008d0c0c01026949,SUPERSEDED_BY,EXPLICIT_ROW_ID_AND_REFERENCE_BINDING,MIGRATED_VERIFIED
8283ab91b10f89ac758d09ecf5fb4d6343536600a06dd468b1cc1ecf4ec747c4,ACTIVE_MASTER_V2_ILLUMEXT,RGB_BINDING_3.4.0,712,H025_L080_C035,255,175,173,348209b969f506a224689fb90c7fd377e0f32fcd4750ab4bd5bb429ee5ea088a,7a2813a9a9d787610828ccb4fe623c3de22e600128f343e9081d9458390adbc9,SUPERSEDED_BY,EXPLICIT_ROW_ID_AND_REFERENCE_BINDING,MIGRATED_VERIFIED
8283ab91b10f89ac758d09ecf5fb4d6343536600a06dd468b1cc1ecf4ec747c4,ACTIVE_MASTER_V2_ILLUMEXT,RGB_BINDING_3.4.0,713,H025_L075_C005,195,181,181,76e1fa29c5f0626674d52aa3ee648938b52b147cd218e80237419342704bbb71,10e125bc6379c023064b990953110e9eeb63cd08d40d63831e43fe4a970495b2,SUPERSEDED_BY,EXPLICIT_ROW_ID_AND_REFERENCE_BINDING,MIGRATED_VERIFIED
8283ab91b10f89ac758d09ecf5fb4d6343536600a06dd468b1cc1ecf4ec747c4,ACTIVE_MASTER_V2_ILLUMEXT,RGB_BINDING_3.4.0,714,H025_L075_C010,204,179,178,cf076d490f3621ff36c6115af328acab480f22fb424398e6c4047fcf7f77e193,12bbda1ad4f5c55aff0ac17d5f56e3cef697e9c700c58d91ccf448198e9ce839,SUPERSEDED_BY,EXPLICIT_ROW_ID_AND_REFERENCE_BINDING,MIGRATED_VERIFIED
8283ab91b10f89ac758d09ecf5fb4d6343536600a06dd468b1cc1ecf4ec747c4,ACTIVE_MASTER_V2_ILLUMEXT,RGB_BINDING_3.4.0,715,H025_L075_C015,213,175,174,9f69ecd79707fca75331dd264e75c6c88f23a98d07055bd51f4f23d1bda2f6d0,7ad8adeb1b088c8e142d8d222649155961e2af899510bec9ace88162034f14f1,SUPERSEDED_BY,EXPLICIT_ROW_ID_AND_REFERENCE_BINDING,MIGRATED_VERIFIED
8283ab91b10f89ac758d09ecf5fb4d6343536600a06dd468b1cc1ecf4ec747c4,ACTIVE_MASTER_V2_ILLUMEXT,RGB_BINDING_3.4.0,716,H025_L075_C020,220,172,170,2460fe9f3616f7a1ba0775e17b3d2bce527e312607e75f83a348bc8c6abae7ab,aeba96fb52822bb558335be9882f884a97b49ebb6892c494b255705f4eaccb03,SUPERSEDED_BY,EXPLICIT_ROW_ID_AND_REFERENCE_BINDING,MIGRATED_VERIFIED
8283ab91b10f89ac758d09ecf5fb4d6343536600a06dd468b1cc1ecf4ec747c4,ACTIVE_MASTER_V2_ILLUMEXT,RGB_BINDING_3.4.0,717,H025_L075_C025,229,168,165,ce035ebea0215acddd926e7c29bbf4d0d158f2130c4ae6304c6ee4d8a78ccefb,99b2b950e0f15ea527e5262275a49886318fa9fb04a5962c02c77a2d67fbd5f4,SUPERSEDED_BY,EXPLICIT_ROW_ID_AND_REFERENCE_BINDING,MIGRATED_VERIFIED
8283ab91b10f89ac758d09ecf5fb4d6343536600a06dd468b1cc1ecf4ec747c4,ACTIVE_MASTER_V2_ILLUMEXT,RGB_BINDING_3.4.0,718,H025_L075_C030,237,165,162,dc08f1a38b41036b5fb3e026b1aacc4506d3d3f50d16ee6fd9caa20a0974b04f,17dae887fdfe8d4ffccbb5e9c4287b8f23617c87fdfae206024246c1f757d2e7,SUPERSEDED_BY,EXPLICIT_ROW_ID_AND_REFERENCE_BINDING,MIGRATED_VERIFIED
8283ab91b10f89ac758d09ecf5fb4d6343536600a06dd468b1cc1ecf4ec747c4,ACTIVE_MASTER_V2_ILLUMEXT,RGB_BINDING_3.4.0,719,H025_L075_C035,245,161,158,efecc24916ad48bdb86cf831beea4cd3263f6a2e90c5beb36a3ec2f05564deed,08775602c20dfcfbbbf5651f1189d6070a0a0a7cb441980374204d7e274a0852,SUPERSEDED_BY,EXPLICIT_ROW_ID_AND_REFERENCE_BINDING,MIGRATED_VERIFIED
8283ab91b10f89ac758d09ecf5fb4d6343536600a06dd468b1cc1ecf4ec747c4,ACTIVE_MASTER_V2_ILLUMEXT,RGB_BINDING_3.4.0,720,H025_L075_C040,252,158,155,54288f704b8e7a32164931558bb5a540adbaefd5d03d545fa0f2ffb65307f2e4,e801d72edb1a127268d971a4d31ab8ef33dba8bf72b5046c4fa9411026724a96,SUPERSEDED_BY,EXPLICIT_ROW_ID_AND_REFERENCE_BINDING,MIGRATED_VERIFIED
8283ab91b10f89ac758d09ecf5fb4d6343536600a06dd468b1cc1ecf4ec747c4,ACTIVE_MASTER_V2_ILLUMEXT,RGB_BINDING_3.4.0,721,H025_L075_C045,255,154,152,42244fef95445300da9d7de96abd8defbc3fec135f0aa37806ad460d6514aa38,ea4d79c60f46ed9095e112582dc6a17ed25e8b463fbae09fc8b0ef1f2d281861,SUPERSEDED_BY,EXPLICIT_ROW_ID_AND_REFERENCE_BINDING,MIGRATED_VERIFIED
8283ab91b10f89ac758d09ecf5fb4d6343536600a06dd468b1cc1ecf4ec747c4,ACTIVE_MASTER_V2_ILLUMEXT,RGB_BINDING_3.4.0,722,H025_L070_C005,182,169,168,da8e02150fb7da416735d74d8225d10dda3b5471396078b5102cc6116255c7b0,dc6244acbeb8948336098cd505fae8450863ad9ddaa8a1a16ad83dd3a1077446,SUPERSEDED_BY,EXPLICIT_ROW_ID_AND_REFERENCE_BINDING,MIGRATED_VERIFIED
8283ab91b10f89ac758d09ecf5fb4d6343536600a06dd468b1cc1ecf4ec747c4,ACTIVE_MASTER_V2_ILLUMEXT,RGB_BINDING_3.4.0,723,H025_L070_C010,190,166,165,f49210836c77c28fed9b601dd98f9243bb3f3d55ea8f04e0a57788f361d32340,45271d07d9ace83f29fd15549568490822fd1de9db07749c78cde06b2d0b7536,SUPERSEDED_BY,EXPLICIT_ROW_ID_AND_REFERENCE_BINDING,MIGRATED_VERIFIED
8283ab91b10f89ac758d09ecf5fb4d6343536600a06dd468b1cc1ecf4ec747c4,ACTIVE_MASTER_V2_ILLUMEXT,RGB_BINDING_3.4.0,724,H025_L070_C015,199,162,161,08a714c29a537671b850d8f5b66122b74614ebe9dd01c29bd27f82e0e30c7593,ebb8c6c484bc64d1d41bd76038611e661d08ec9179d46b9ac702e4fcace9070a,SUPERSEDED_BY,EXPLICIT_ROW_ID_AND_REFERENCE_BINDING,MIGRATED_VERIFIED
8283ab91b10f89ac758d09ecf5fb4d6343536600a06dd468b1cc1ecf4ec747c4,ACTIVE_MASTER_V2_ILLUMEXT,RGB_BINDING_3.4.0,725,H025_L070_C020,207,159,158,2b975d050f9729879bbacc229664b28c15a0693c91e31198f8a3266f444324bc,95263000810468b9d1d23e25cba2118f20b35a7d9f63fac183bfd75fee9954f3,SUPERSEDED_BY,EXPLICIT_ROW_ID_AND_REFERENCE_BINDING,MIGRATED_VERIFIED
8283ab91b10f89ac758d09ecf5fb4d6343536600a06dd468b1cc1ecf4ec747c4,ACTIVE_MASTER_V2_ILLUMEXT,RGB_BINDING_3.4.0,726,H025_L070_C025,217,156,153,1171893025bf316ca30ce030216dd38c6ec760f096fada6a4fdbbd8f642049a9,81719e6f08cbbf1320d8f433804acacfcd1c7dd9f8b6d15fe405e4b2870ad322,SUPERSEDED_BY,EXPLICIT_ROW_ID_AND_REFERENCE_BINDING,MIGRATED_VERIFIED
8283ab91b10f89ac758d09ecf5fb4d6343536600a06dd468b1cc1ecf4ec747c4,ACTIVE_MASTER_V2_ILLUMEXT,RGB_BINDING_3.4.0,727,H025_L070_C030,223,152,149,12fada10312ca027d4ad969870eb81f79c4c0aeb15533738dbf4d4d11fa8913a,9ea638716080102b6590fe38dc25ec7574d432b32463e2b6d4e32f7b7dd3df80,SUPERSEDED_BY,EXPLICIT_ROW_ID_AND_REFERENCE_BINDING,MIGRATED_VERIFIED
8283ab91b10f89ac758d09ecf5fb4d6343536600a06dd468b1cc1ecf4ec747c4,ACTIVE_MASTER_V2_ILLUMEXT,RGB_BINDING_3.4.0,728,H025_L070_C035,232,148,146,68dfe976b1e60f2ebe8bcf19259acdc227d1060a2625abb3e5750ec67a4bac73,5a05dcbaeccc13a72f020d51661131b5272dcd203e27619235ba90363c33cea1,SUPERSEDED_BY,EXPLICIT_ROW_ID_AND_REFERENCE_BINDING,MIGRATED_VERIFIED
8283ab91b10f89ac758d09ecf5fb4d6343536600a06dd468b1cc1ecf4ec747c4,ACTIVE_MASTER_V2_ILLUMEXT,RGB_BINDING_3.4.0,729,H025_L070_C040,238,145,143,0117b5e05a8cd696a12f54e7061fe2449434936b5035e675ffeff2ff1248eb54,4bf8814d783b089beb9741b3e1c355a2b1ab34d491405ad0591be3340ba47803,SUPERSEDED_BY,EXPLICIT_ROW_ID_AND_REFERENCE_BINDING,MIGRATED_VERIFIED
8283ab91b10f89ac758d09ecf5fb4d6343536600a06dd468b1cc1ecf4ec747c4,ACTIVE_MASTER_V2_ILLUMEXT,RGB_BINDING_3.4.0,730,H025_L070_C045,246,140,139,befaa8044a848acfd274a819e389b82791895852fe2644aa243e3c58cd5258f9,c7b70bd3eb766b9b9d7f55755fb2be24b16f9f3f898b5ddbd92b5a34ca223908,SUPERSEDED_BY,EXPLICIT_ROW_ID_AND_REFERENCE_BINDING,MIGRATED_VERIFIED
8283ab91b10f89ac758d09ecf5fb4d6343536600a06dd468b1cc1ecf4ec747c4,ACTIVE_MASTER_V2_ILLUMEXT,RGB_BINDING_3.4.0,731,H025_L070_C050,253,136,136,dc2e4d36d1841637e090bc8afcb0073f60650598eb5d3c74e9ffd4685c1222ae,71764fad77b0b9e9e5a40b9121c42b99ae7310763b962c04435d53acf2413495,SUPERSEDED_BY,EXPLICIT_ROW_ID_AND_REFERENCE_BINDING,MIGRATED_VERIFIED
8283ab91b10f89ac758d09ecf5fb4d6343536600a06dd468b1cc1ecf4ec747c4,ACTIVE_MASTER_V2_ILLUMEXT,RGB_BINDING_3.4.0,732,H025_L070_C055,255,131,132,6477c62e006ffe368e7eb9b98b782e46533622baf5c7270143a98dfc358da3b2,79a9885c66cdcfe3e395636c4f90f03aa4b67ec1384f85f3b09c0e4d4eabacdd,SUPERSEDED_BY,EXPLICIT_ROW_ID_AND_REFERENCE_BINDING,MIGRATED_VERIFIED
8283ab91b10f89ac758d09ecf5fb4d6343536600a06dd468b1cc1ecf4ec747c4,ACTIVE_MASTER_V2_ILLUMEXT,RGB_BINDING_3.4.0,733,H025_L065_C005,168,155,154,cd5787b62e9f3a801beb2ea11a298f06dc29f28d51f37609555e9437b1bdd0cd,bd84ab0376b8c221ff1a134b535bd57b5d3e18a44c0806d3f26af8f407b20b41,SUPERSEDED_BY,EXPLICIT_ROW_ID_AND_REFERENCE_BINDING,MIGRATED_VERIFIED
8283ab91b10f89ac758d09ecf5fb4d6343536600a06dd468b1cc1ecf4ec747c4,ACTIVE_MASTER_V2_ILLUMEXT,RGB_BINDING_3.4.0,734,H025_L065_C010,176,152,151,c20bbad9ffa39a0bdfc975f3e35af95a3828e62292917a9affd939854de5144a,02f279f1c1e8e2273b0c4178f5ea6d78ccd22b0adfb7bf50336fdbedcfdd6482,SUPERSEDED_BY,EXPLICIT_ROW_ID_AND_REFERENCE_BINDING,MIGRATED_VERIFIED
8283ab91b10f89ac758d09ecf5fb4d6343536600a06dd468b1cc1ecf4ec747c4,ACTIVE_MASTER_V2_ILLUMEXT,RGB_BINDING_3.4.0,735,H025_L065_C015,186,149,148,ba56f5689e478f168254e6a76135a3c5cd108c2dcdc897bed98155da4712e6bd,cc6a1eb0747b089c7e38ad70faa19e0c481f0c8355eeafa61cc2506f136f21e4,SUPERSEDED_BY,EXPLICIT_ROW_ID_AND_REFERENCE_BINDING,MIGRATED_VERIFIED
8283ab91b10f89ac758d09ecf5fb4d6343536600a06dd468b1cc1ecf4ec747c4,ACTIVE_MASTER_V2_ILLUMEXT,RGB_BINDING_3.4.0,736,H025_L065_C020,193,146,144,df00dc7e0c3d80e5385d080d88c3248672248606baebd91ffcfdf5891812d5d7,e698975b208e880e2e01f89b18bd7acb11caf5bed64809acfaaecaa5d0a5cfd8,SUPERSEDED_BY,EXPLICIT_ROW_ID_AND_REFERENCE_BINDING,MIGRATED_VERIFIED
8283ab91b10f89ac758d09ecf5fb4d6343536600a06dd468b1cc1ecf4ec747c4,ACTIVE_MASTER_V2_ILLUMEXT,RGB_BINDING_3.4.0,737,H025_L065_C025,201,142,139,42522b962aa566649f2ee86bab17dc4aeaee339390990e7aadd3cd9015b1dda4,f41898f3fedd0a373f708f7742141f15977d793d23e97a1a07bc9fea45ba3a1a,SUPERSEDED_BY,EXPLICIT_ROW_ID_AND_REFERENCE_BINDING,MIGRATED_VERIFIED
8283ab91b10f89ac758d09ecf5fb4d6343536600a06dd468b1cc1ecf4ec747c4,ACTIVE_MASTER_V2_ILLUMEXT,RGB_BINDING_3.4.0,738,H025_L065_C030,209,139,136,d2acf5534af000d4fa7111da9e62a45108918b1d1b788dfc74c69c51d2e4aea7,4c7cf942701870b939ad9208ce406e32e95dd905db974c35bdddbc135c67a299,SUPERSEDED_BY,EXPLICIT_ROW_ID_AND_REFERENCE_BINDING,MIGRATED_VERIFIED
8283ab91b10f89ac758d09ecf5fb4d6343536600a06dd468b1cc1ecf4ec747c4,ACTIVE_MASTER_V2_ILLUMEXT,RGB_BINDING_3.4.0,739,H025_L065_C035,217,135,133,898bf21d25f6d5de70b520d0918c7a9d9692a624ebb22808b3c4c91db3783e0e,73ec552f999db1a9d739696f7e396685b9a59c2fdd18c86438820dce3bacddce,SUPERSEDED_BY,EXPLICIT_ROW_ID_AND_REFERENCE_BINDING,MIGRATED_VERIFIED
8283ab91b10f89ac758d09ecf5fb4d6343536600a06dd468b1cc1ecf4ec747c4,ACTIVE_MASTER_V2_ILLUMEXT,RGB_BINDING_3.4.0,740,H025_L065_C040,223,131,130,debc5e1933c0ec798cbe790c0e6798d94793bed14de8a5a1a31a36afa2a56d8f,c2e66281c8e333e05fb1f3a7bbd355677400087f240f21a0bd8723b59c5c7813,SUPERSEDED_BY,EXPLICIT_ROW_ID_AND_REFERENCE_BINDING,MIGRATED_VERIFIED
8283ab91b10f89ac758d09ecf5fb4d6343536600a06dd468b1cc1ecf4ec747c4,ACTIVE_MASTER_V2_ILLUMEXT,RGB_BINDING_3.4.0,741,H025_L065_C045,231,126,126,c6c352f5ab7e8b2ff98bacecae2fb3ba3ad0eed88f90f23c2bea78cf12152c08,373685bcc7f347fe09f26f43e9441aff70c5bd4c422b984bce2bf9a6a8412d0c,SUPERSEDED_BY,EXPLICIT_ROW_ID_AND_REFERENCE_BINDING,MIGRATED_VERIFIED
8283ab91b10f89ac758d09ecf5fb4d6343536600a06dd468b1cc1ecf4ec747c4,ACTIVE_MASTER_V2_ILLUMEXT,RGB_BINDING_3.4.0,742,H025_L065_C050,237,122,123,dad993aef50ddfe31219267409d2619ae2f9426ea908447ac49ade5689cd7945,62f8081d546973113d8b68f2d415e93724c5762bc779eeefc5b569cb259ef60e,SUPERSEDED_BY,EXPLICIT_ROW_ID_AND_REFERENCE_BINDING,MIGRATED_VERIFIED
8283ab91b10f89ac758d09ecf5fb4d6343536600a06dd468b1cc1ecf4ec747c4,ACTIVE_MASTER_V2_ILLUMEXT,RGB_BINDING_3.4.0,743,H025_L065_C055,244,117,120,2a659e5a62da7868db2d908712600ffe0c0f064d1ce6069ba633cce4ad33fe58,4971c129ebe70c70a56897962165d633bf47d3a79d0a8143ca250adbb67c2c0a,SUPERSEDED_BY,EXPLICIT_ROW_ID_AND_REFERENCE_BINDING,MIGRATED_VERIFIED
8283ab91b10f89ac758d09ecf5fb4d6343536600a06dd468b1cc1ecf4ec747c4,ACTIVE_MASTER_V2_ILLUMEXT,RGB_BINDING_3.4.0,744,H025_L065_C060,250,112,117,f74469639515ad8d98a1874a4feec0a8d7f443d7773a939ffc4c7117cd36c947,6b2cda80aa79fa4c3db08164bc846f4fc99f952d3c72cfd96bd3dce39fda1fa2,SUPERSEDED_BY,EXPLICIT_ROW_ID_AND_REFERENCE_BINDING,MIGRATED_VERIFIED
8283ab91b10f89ac758d09ecf5fb4d6343536600a06dd468b1cc1ecf4ec747c4,ACTIVE_MASTER_V2_ILLUMEXT,RGB_BINDING_3.4.0,745,H025_L065_C065,255,106,114,1c712fe59114f22539a7fff8dc255a926f9f7ced4099a2577b167232e27d5076,8988f3a149ae74b829c8affaab8945da662a694aefd40a270492ca78a71a85bf,SUPERSEDED_BY,EXPLICIT_ROW_ID_AND_REFERENCE_BINDING,MIGRATED_VERIFIED
8283ab91b10f89ac758d09ecf5fb4d6343536600a06dd468b1cc1ecf4ec747c4,ACTIVE_MASTER_V2_ILLUMEXT,RGB_BINDING_3.4.0,746,H025_L060_C005,155,142,142,48726ec30ea6c129f8bbd8233ed13bf2365139dd66ab009042906f523319da79,ba86f36b96322d045cd71287e97c35ac4a52aa589e46cbc9ce0e5b50a4d4fb95,SUPERSEDED_BY,EXPLICIT_ROW_ID_AND_REFERENCE_BINDING,MIGRATED_VERIFIED
8283ab91b10f89ac758d09ecf5fb4d6343536600a06dd468b1cc1ecf4ec747c4,ACTIVE_MASTER_V2_ILLUMEXT,RGB_BINDING_3.4.0,747,H025_L060_C010,163,139,138,32dbe624bc44fd10e196218e4458d49864b1077d246ffe80d073014490d43734,6c648ad35d8a654d68a42f956f94c088bbc9ac754bf8dfdeb6d548afe9e23906,SUPERSEDED_BY,EXPLICIT_ROW_ID_AND_REFERENCE_BINDING,MIGRATED_VERIFIED
8283ab91b10f89ac758d09ecf5fb4d6343536600a06dd468b1cc1ecf4ec747c4,ACTIVE_MASTER_V2_ILLUMEXT,RGB_BINDING_3.4.0,748,H025_L060_C015,172,136,135,41b2f1e44a9e7bcd541840ae9e9b59854862a821e78b8361f8c93a468e7cc9d2,d1f63e378343a5064043db632aea3e6bd560e594b3cc109b07d4f905cbe8fd37,SUPERSEDED_BY,EXPLICIT_ROW_ID_AND_REFERENCE_BINDING,MIGRATED_VERIFIED
8283ab91b10f89ac758d09ecf5fb4d6343536600a06dd468b1cc1ecf4ec747c4,ACTIVE_MASTER_V2_ILLUMEXT,RGB_BINDING_3.4.0,749,H025_L060_C020,178,132,131,c3cfa9fdc5bb122568c833a1649e85b6ee7e53133829bfbe9ec81006eaf63d12,c4283b61800cc5864cc00e5e85bfc0924bdeb9085a5b285fb76ae4b5b7171c80,SUPERSEDED_BY,EXPLICIT_ROW_ID_AND_REFERENCE_BINDING,MIGRATED_VERIFIED
8283ab91b10f89ac758d09ecf5fb4d6343536600a06dd468b1cc1ecf4ec747c4,ACTIVE_MASTER_V2_ILLUMEXT,RGB_BINDING_3.4.0,750,H025_L060_C025,187,129,126,6476529db2b68e0fb219f36c4c13836db938b59753aabd6762a80749ddcaa690,742112cac2d02e733b1f0845f6554a24d75318678efab3729e947b2109e0c977,SUPERSEDED_BY,EXPLICIT_ROW_ID_AND_REFERENCE_BINDING,MIGRATED_VERIFIED
8283ab91b10f89ac758d09ecf5fb4d6343536600a06dd468b1cc1ecf4ec747c4,ACTIVE_MASTER_V2_ILLUMEXT,RGB_BINDING_3.4.0,751,H025_L060_C030,194,126,123,c6d4b3964b0bf60c5cb54f00e6c8d8a30f5f1a0fbcc86a86fd81f40b4fb54df6,1f7468ac42e836dd106d44d3b93622ef590238c92fd5f22fdcbde855eb275262,SUPERSEDED_BY,EXPLICIT_ROW_ID_AND_REFERENCE_BINDING,MIGRATED_VERIFIED
8283ab91b10f89ac758d09ecf5fb4d6343536600a06dd468b1cc1ecf4ec747c4,ACTIVE_MASTER_V2_ILLUMEXT,RGB_BINDING_3.4.0,752,H025_L060_C035,202,122,120,84894344dc2fc8d6dcdf3198215fbe6fbe7680b08437e5f7680ce55bdb58e076,9189aa6ddbba431e19214a667b376fc87fb8ce1e008dedb5815eefbbe87c2d4a,SUPERSEDED_BY,EXPLICIT_ROW_ID_AND_REFERENCE_BINDING,MIGRATED_VERIFIED
8283ab91b10f89ac758d09ecf5fb4d6343536600a06dd468b1cc1ecf4ec747c4,ACTIVE_MASTER_V2_ILLUMEXT,RGB_BINDING_3.4.0,753,H025_L060_C040,208,118,117,fe2deb9fca3dc1c3072fec9391028eb30f6bdcd8ea599bd828b2d51cac5d7b3c,7ea18e85a593ba9c7e5e3691a33804008344328077fa6e0e57821e2833ea5e78,SUPERSEDED_BY,EXPLICIT_ROW_ID_AND_REFERENCE_BINDING,MIGRATED_VERIFIED
8283ab91b10f89ac758d09ecf5fb4d6343536600a06dd468b1cc1ecf4ec747c4,ACTIVE_MASTER_V2_ILLUMEXT,RGB_BINDING_3.4.0,754,H025_L060_C045,215,113,113,08d64f5321e46cd0feba45a3a03b593d7526bfc1abc8793ca8746844b3b687af,c77b4adb2b1ad51a5a592b7e2a54521a679e9b59015462bb5c4a083d1e92e4aa,SUPERSEDED_BY,EXPLICIT_ROW_ID_AND_REFERENCE_BINDING,MIGRATED_VERIFIED
8283ab91b10f89ac758d09ecf5fb4d6343536600a06dd468b1cc1ecf4ec747c4,ACTIVE_MASTER_V2_ILLUMEXT,RGB_BINDING_3.4.0,755,H025_L060_C050,221,109,110,ad34fb63bcfba9ab409184b0497254413521226ec39b3eb4c081874248584d10,00538a34e7ba91b9edaceccac2f78b2f130aa1dce6fce41a057def271fe2b8b3,SUPERSEDED_BY,EXPLICIT_ROW_ID_AND_REFERENCE_BINDING,MIGRATED_VERIFIED
8283ab91b10f89ac758d09ecf5fb4d6343536600a06dd468b1cc1ecf4ec747c4,ACTIVE_MASTER_V2_ILLUMEXT,RGB_BINDING_3.4.0,756,H025_L060_C055,228,103,107,f4032a418e5699db21deba84ad171f71fcd253791d070c5c5347c105687b91ff,df9467861f514f13efef0cb7361bada6d6f67f1e0000e5c81eaad538b20f946f,SUPERSEDED_BY,EXPLICIT_ROW_ID_AND_REFERENCE_BINDING,MIGRATED_VERIFIED
8283ab91b10f89ac758d09ecf5fb4d6343536600a06dd468b1cc1ecf4ec747c4,ACTIVE_MASTER_V2_ILLUMEXT,RGB_BINDING_3.4.0,757,H025_L060_C060,234,98,104,077c1a7652cefdf4a462340fb8dfa6a948be50087f7797c9740b016194dc1f00,d391127dd3c5aa759105753c21a0d64079e87ef3fbe927f0d4f62ea47a7aaebf,SUPERSEDED_BY,EXPLICIT_ROW_ID_AND_REFERENCE_BINDING,MIGRATED_VERIFIED
8283ab91b10f89ac758d09ecf5fb4d6343536600a06dd468b1cc1ecf4ec747c4,ACTIVE_MASTER_V2_ILLUMEXT,RGB_BINDING_3.4.0,758,H025_L060_C065,242,92,101,198796ca43105020157f96b944c5045aac83c44ee32373d10855f8994d48dc93,62759e7f7e445d3fe083ed6afa5c4a808c10dd60979f41d02135e4b83f7cf5c3,SUPERSEDED_BY,EXPLICIT_ROW_ID_AND_REFERENCE_BINDING,MIGRATED_VERIFIED
8283ab91b10f89ac758d09ecf5fb4d6343536600a06dd468b1cc1ecf4ec747c4,ACTIVE_MASTER_V2_ILLUMEXT,RGB_BINDING_3.4.0,759,H025_L060_C070,247,86,96,f27646ba9cd256525b536f1cc4be4ccaf6febc2bc261d65bb99bdeee1e7ea07c,89b91e0d0bfc6ab7f009f4aa3b7da2c76077cf142327c7eec45c9ae39bc33cd9,SUPERSEDED_BY,EXPLICIT_ROW_ID_AND_REFERENCE_BINDING,MIGRATED_VERIFIED
8283ab91b10f89ac758d09ecf5fb4d6343536600a06dd468b1cc1ecf4ec747c4,ACTIVE_MASTER_V2_ILLUMEXT,RGB_BINDING_3.4.0,760,H025_L060_C075,254,78,94,25d2bdb89a4dd64ce1fa37a6c07ba20b12f74ac22779b95122869d1431c232bf,9e7e0f235e48c91cf79d908cadb4a5cdd7c6ba5cf9de7ffc1f5f028b340d550b,SUPERSEDED_BY,EXPLICIT_ROW_ID_AND_REFERENCE_BINDING,MIGRATED_VERIFIED
8283ab91b10f89ac758d09ecf5fb4d6343536600a06dd468b1cc1ecf4ec747c4,ACTIVE_MASTER_V2_ILLUMEXT,RGB_BINDING_3.4.0,761,H025_L055_C005,141,129,128,24800d4f32d430539df661376f3a497a705ecb8a67e920c3eb6342231ec0c6f2,38a55adb245b406cc23b68c36a9d4872d5de1201ca45cd2b00cefdbec02254da,SUPERSEDED_BY,EXPLICIT_ROW_ID_AND_REFERENCE_BINDING,MIGRATED_VERIFIED
8283ab91b10f89ac758d09ecf5fb4d6343536600a06dd468b1cc1ecf4ec747c4,ACTIVE_MASTER_V2_ILLUMEXT,RGB_BINDING_3.4.0,762,H025_L055_C010,149,126,125,bc64c7664abcce2ccdc4ad5701f243bbf006f1e90a2c4fb35227573fdfca8741,e77fbfd338bb0004ee19f244a35f098215667bf51019e28e0c37d09139b2fada,SUPERSEDED_BY,EXPLICIT_ROW_ID_AND_REFERENCE_BINDING,MIGRATED_VERIFIED
8283ab91b10f89ac758d09ecf5fb4d6343536600a06dd468b1cc1ecf4ec747c4,ACTIVE_MASTER_V2_ILLUMEXT,RGB_BINDING_3.4.0,763,H025_L055_C015,157,122,121,3b88e5f9924c94296871515194b1641c3056f0f606ffd036663613ec3c080d01,b1d0a8153bef464cb41d2be7a9c7a96f5472d0fee0a7974c717352650ddb8507,SUPERSEDED_BY,EXPLICIT_ROW_ID_AND_REFERENCE_BINDING,MIGRATED_VERIFIED
8283ab91b10f89ac758d09ecf5fb4d6343536600a06dd468b1cc1ecf4ec747c4,ACTIVE_MASTER_V2_ILLUMEXT,RGB_BINDING_3.4.0,764,H025_L055_C020,165,120,119,4bd8b8cacc1fdb79309fbdb8543bd3f3031d5a0e78f031d8ea46f48974c10af7,101f3406a500d05c97177bc7a3782b6b67dd182e280447c144c71e773d61f6fc,SUPERSEDED_BY,EXPLICIT_ROW_ID_AND_REFERENCE_BINDING,MIGRATED_VERIFIED
8283ab91b10f89ac758d09ecf5fb4d6343536600a06dd468b1cc1ecf4ec747c4,ACTIVE_MASTER_V2_ILLUMEXT,RGB_BINDING_3.4.0,765,H025_L055_C025,173,115,113,6c38552e2867dc8ecc7c0a3c2d319c27d95d0487e1fd4f92454beec59de81fb4,eaba8fbfd6aabc856e9118cd67ff8e1977693c596c9a45fe4234184fddc1d39f,SUPERSEDED_BY,EXPLICIT_ROW_ID_AND_REFERENCE_BINDING,MIGRATED_VERIFIED
8283ab91b10f89ac758d09ecf5fb4d6343536600a06dd468b1cc1ecf4ec747c4,ACTIVE_MASTER_V2_ILLUMEXT,RGB_BINDING_3.4.0,766,H025_L055_C030,180,113,111,a072c4bbf5845feed2f1658c3b08609bc867b23365d805c180a46ce83b2ba414,8a839de7d85eabe1ad7211ba585521cc5a249ac1cc9deb2d59524811cc5e2908,SUPERSEDED_BY,EXPLICIT_ROW_ID_AND_REFERENCE_BINDING,MIGRATED_VERIFIED
8283ab91b10f89ac758d09ecf5fb4d6343536600a06dd468b1cc1ecf4ec747c4,ACTIVE_MASTER_V2_ILLUMEXT,RGB_BINDING_3.4.0,767,H025_L055_C035,187,108,107,3d4ce540508c601c87cd23db8b986e1233764d7da95c3e55ad9588a71bdce67e,695a76292edc7a9c64175849989038471bf350c356f6456a0c3968cab73a788a,SUPERSEDED_BY,EXPLICIT_ROW_ID_AND_REFERENCE_BINDING,MIGRATED_VERIFIED
8283ab91b10f89ac758d09ecf5fb4d6343536600a06dd468b1cc1ecf4ec747c4,ACTIVE_MASTER_V2_ILLUMEXT,RGB_BINDING_3.4.0,768,H025_L055_C040,193,104,104,8d52ef95177cd369d3bcd300cc75bf1aea1eeb2e3e0dcbfaa6fd88782848ff68,93d48bdf0c7b916f5ad61bf49f399abe3f605126bd67929333ea31f183d852ea,SUPERSEDED_BY,EXPLICIT_ROW_ID_AND_REFERENCE_BINDING,MIGRATED_VERIFIED
8283ab91b10f89ac758d09ecf5fb4d6343536600a06dd468b1cc1ecf4ec747c4,ACTIVE_MASTER_V2_ILLUMEXT,RGB_BINDING_3.4.0,769,H025_L055_C045,201,100,101,af51ab3abf239d6480125815fc4d05a303741d05409e0621d9bc1a21aae5d3c9,af05d5728fdfdf1a1b85b92abf79ad866fb5b588987eef6f42497af769aa372b,SUPERSEDED_BY,EXPLICIT_ROW_ID_AND_REFERENCE_BINDING,MIGRATED_VERIFIED
8283ab91b10f89ac758d09ecf5fb4d6343536600a06dd468b1cc1ecf4ec747c4,ACTIVE_MASTER_V2_ILLUMEXT,RGB_BINDING_3.4.0,770,H025_L055_C050,206,95,98,79efcea7504b76d165919789bb45c35abeb0dcd2a7962912d634f6e6550a4592,fd3d6d3fa5fc221358fabbc9cead580299cbb7cc874086ccb11888dd04005c3c,SUPERSEDED_BY,EXPLICIT_ROW_ID_AND_REFERENCE_BINDING,MIGRATED_VERIFIED
8283ab91b10f89ac758d09ecf5fb4d6343536600a06dd468b1cc1ecf4ec747c4,ACTIVE_MASTER_V2_ILLUMEXT,RGB_BINDING_3.4.0,771,H025_L055_C055,214,90,95,0c6f3d27abeb7a2ca6f2b986ba0539a8b320ecaac413138b837891fc25acdc7f,20ac90bcaabb592663b1912474e7be1f9669b2b65ae8c6ee848459a987582465,SUPERSEDED_BY,EXPLICIT_ROW_ID_AND_REFERENCE_BINDING,MIGRATED_VERIFIED
8283ab91b10f89ac758d09ecf5fb4d6343536600a06dd468b1cc1ecf4ec747c4,ACTIVE_MASTER_V2_ILLUMEXT,RGB_BINDING_3.4.0,772,H025_L055_C060,219,85,92,bba8c7386b663e77e5a0cd7f4db3ff34ba37a7b660d9bd9b5a6adbca27d43ba5,6aeca3793849f729dc7bf8ce46344739fe4b53c3482854ab5265c7b911b7c775,SUPERSEDED_BY,EXPLICIT_ROW_ID_AND_REFERENCE_BINDING,MIGRATED_VERIFIED
8283ab91b10f89ac758d09ecf5fb4d6343536600a06dd468b1cc1ecf4ec747c4,ACTIVE_MASTER_V2_ILLUMEXT,RGB_BINDING_3.4.0,773,H025_L055_C065,226,77,89,59b534903e98fca502dee72b37dff0fd2195fea421b57d09d41ada1b88030f7a,893fb6d2755b0072f39be6819da42e556397c2fdfef4ded9cfd046f3e0e359e0,SUPERSEDED_BY,EXPLICIT_ROW_ID_AND_REFERENCE_BINDING,MIGRATED_VERIFIED
8283ab91b10f89ac758d09ecf5fb4d6343536600a06dd468b1cc1ecf4ec747c4,ACTIVE_MASTER_V2_ILLUMEXT,RGB_BINDING_3.4.0,774,H025_L055_C070,232,71,85,6895d69c400caccf19e104d0c97aa720707b40945fe45f74da6c57aa1275027c,537829eb5b381d1d88d932a6c93705c9c232c7b5437809f0249479a6c5d8e683,SUPERSEDED_BY,EXPLICIT_ROW_ID_AND_REFERENCE_BINDING,MIGRATED_VERIFIED
8283ab91b10f89ac758d09ecf5fb4d6343536600a06dd468b1cc1ecf4ec747c4,ACTIVE_MASTER_V2_ILLUMEXT,RGB_BINDING_3.4.0,775,H025_L055_C075,238,61,81,5dd6b37cb96bf822457812043f43690a645bfc43f924e0cb5d20e31d528543dd,67e148877d0405f28dffd6931cbaba144625f39d8786968b147be6a324d42834,SUPERSEDED_BY,EXPLICIT_ROW_ID_AND_REFERENCE_BINDING,MIGRATED_VERIFIED
8283ab91b10f89ac758d09ecf5fb4d6343536600a06dd468b1cc1ecf4ec747c4,ACTIVE_MASTER_V2_ILLUMEXT,RGB_BINDING_3.4.0,776,H025_L055_C080,245,49,79,af5d0b103565b56e0eb7c0edac06f9a6ef7b58e9f6aac221762c2a94d422f1f3,889c7ab1a33d8f0fb49bdf0a04cef320d4d4c5d487612366a3d6591ed2822ebb,SUPERSEDED_BY,EXPLICIT_ROW_ID_AND_REFERENCE_BINDING,MIGRATED_VERIFIED
8283ab91b10f89ac758d09ecf5fb4d6343536600a06dd468b1cc1ecf4ec747c4,ACTIVE_MASTER_V2_ILLUMEXT,RGB_BINDING_3.4.0,777,H025_L050_C005,129,116,116,cc76937d5125e7bcf2c84eecde22337422e916be4727448544532f53a989b811,327a3ba2fa85cdc760842c9f6758bb306114ecec6661dfa9d45ebf419f088699,SUPERSEDED_BY,EXPLICIT_ROW_ID_AND_REFERENCE_BINDING,MIGRATED_VERIFIED
8283ab91b10f89ac758d09ecf5fb4d6343536600a06dd468b1cc1ecf4ec747c4,ACTIVE_MASTER_V2_ILLUMEXT,RGB_BINDING_3.4.0,778,H025_L050_C010,137,114,113,7c6097b0361844da43bdd6ef5d72da715e8955546041e7a531041119b226e9fd,cf603596300028800cb1c1f28ce87ff4593de77a2bf8f1e6a90c4e5c9fed083f,SUPERSEDED_BY,EXPLICIT_ROW_ID_AND_REFERENCE_BINDING,MIGRATED_VERIFIED
8283ab91b10f89ac758d09ecf5fb4d6343536600a06dd468b1cc1ecf4ec747c4,ACTIVE_MASTER_V2_ILLUMEXT,RGB_BINDING_3.4.0,779,H025_L050_C015,145,110,110,9a5cce485996797aa70a3da3a8a0963c1a733de748988c3dd42d3c4451bf16f8,3da9a3214f58c9742f28788c516de2efc3232e5f7782946844d41241988758a3,SUPERSEDED_BY,EXPLICIT_ROW_ID_AND_REFERENCE_BINDING,MIGRATED_VERIFIED
8283ab91b10f89ac758d09ecf5fb4d6343536600a06dd468b1cc1ecf4ec747c4,ACTIVE_MASTER_V2_ILLUMEXT,RGB_BINDING_3.4.0,780,H025_L050_C020,152,108,107,3521925a8ea5bbed5bd216e2d9bddab24628a9c7bb9cd3ff64dbb2b97551d89f,9d1ad009644ff61a766e5254c5958926806e90cbf180186dfe5606a7d083c2bc,SUPERSEDED_BY,EXPLICIT_ROW_ID_AND_REFERENCE_BINDING,MIGRATED_VERIFIED
8283ab91b10f89ac758d09ecf5fb4d6343536600a06dd468b1cc1ecf4ec747c4,ACTIVE_MASTER_V2_ILLUMEXT,RGB_BINDING_3.4.0,781,H025_L050_C025,160,104,102,a957d198417052f864e89ae7a8bfc4ee5437de7ef2add4c9a24f23539e37deaa,6a337b0122c4fdd429975b07b6a3599a57b5b16d998c9d0019b19c7e85598490,SUPERSEDED_BY,EXPLICIT_ROW_ID_AND_REFERENCE_BINDING,MIGRATED_VERIFIED
8283ab91b10f89ac758d09ecf5fb4d6343536600a06dd468b1cc1ecf4ec747c4,ACTIVE_MASTER_V2_ILLUMEXT,RGB_BINDING_3.4.0,782,H025_L050_C030,166,100,98,a6530240717602fc588be5b3fbabbbf16ad1e24e8ec1104ebf37f854eed2f187,a6257920989ecfe47b08f3c8f044741136d7927534280dcffbc92482408cacf9,SUPERSEDED_BY,EXPLICIT_ROW_ID_AND_REFERENCE_BINDING,MIGRATED_VERIFIED
8283ab91b10f89ac758d09ecf5fb4d6343536600a06dd468b1cc1ecf4ec747c4,ACTIVE_MASTER_V2_ILLUMEXT,RGB_BINDING_3.4.0,783,H025_L050_C035,173,96,95,e13bac6613417e60d90ef93405ac299cf5f9abe041ee89a88b5f754b6f93c6a7,aa631d51f58ba4700ee71f1f0800ce6aac7ee9cd85acf01ee6fa35942ca85c01,SUPERSEDED_BY,EXPLICIT_ROW_ID_AND_REFERENCE_BINDING,MIGRATED_VERIFIED
8283ab91b10f89ac758d09ecf5fb4d6343536600a06dd468b1cc1ecf4ec747c4,ACTIVE_MASTER_V2_ILLUMEXT,RGB_BINDING_3.4.0,784,H025_L050_C040,180,93,93,1e50722dbc2876b6b3c55d9aab945dd1a5001c401a608890f5723d5606f69496,2e5939ab78cad6907ecda59031d0c431df69d917431e6da48c1e550d25e8cece,SUPERSEDED_BY,EXPLICIT_ROW_ID_AND_REFERENCE_BINDING,MIGRATED_VERIFIED
8283ab91b10f89ac758d09ecf5fb4d6343536600a06dd468b1cc1ecf4ec747c4,ACTIVE_MASTER_V2_ILLUMEXT,RGB_BINDING_3.4.0,785,H025_L050_C045,187,87,90,4239f14c7ac100ed581b450126cc72704091474687c88ff544850eae7ecf7348,649a470c8ce925c4d7c270fb77fff33e3df25174272bab156c978299607ab91c,SUPERSEDED_BY,EXPLICIT_ROW_ID_AND_REFERENCE_BINDING,MIGRATED_VERIFIED
8283ab91b10f89ac758d09ecf5fb4d6343536600a06dd468b1cc1ecf4ec747c4,ACTIVE_MASTER_V2_ILLUMEXT,RGB_BINDING_3.4.0,786,H025_L050_C050,192,83,86,c31457063062137610df752b370c3ccb2d8a5ccd7f9a7fd50c2cb798d4ac9bb3,57ecf5bada88fe5f7211dfd54bfebe8d61021a502aea8d3983728b595e79ac25,SUPERSEDED_BY,EXPLICIT_ROW_ID_AND_REFERENCE_BINDING,MIGRATED_VERIFIED
8283ab91b10f89ac758d09ecf5fb4d6343536600a06dd468b1cc1ecf4ec747c4,ACTIVE_MASTER_V2_ILLUMEXT,RGB_BINDING_3.4.0,787,H025_L050_C055,199,76,83,128f5a7f1d98b403c6df0ed9468b3a304ea382b211e8c17640bf4ec4ce1827a5,3a2d1dff471edff8110a0094bc9d3901c237274d841b94179ac76bdf44c7ffc8,SUPERSEDED_BY,EXPLICIT_ROW_ID_AND_REFERENCE_BINDING,MIGRATED_VERIFIED
8283ab91b10f89ac758d09ecf5fb4d6343536600a06dd468b1cc1ecf4ec747c4,ACTIVE_MASTER_V2_ILLUMEXT,RGB_BINDING_3.4.0,788,H025_L050_C060,204,71,80,562eda9ad96a8c3e7ff405c318e97225fd10ae725a9ef2951846a3db997b40a8,d61c912ce0e1746909b0ac1d0f7918f59415ff9a473c07dd1075d057f288996a,SUPERSEDED_BY,EXPLICIT_ROW_ID_AND_REFERENCE_BINDING,MIGRATED_VERIFIED
8283ab91b10f89ac758d09ecf5fb4d6343536600a06dd468b1cc1ecf4ec747c4,ACTIVE_MASTER_V2_ILLUMEXT,RGB_BINDING_3.4.0,789,H025_L050_C065,211,63,78,ef9068d49da960b6fad6c858d4da3fdc8347e8ecec77168613f30c8ec570b63d,6e023a0373092358111820c5a5ad840907041d876c9ba24b69e3ed0cbafa14c5,SUPERSEDED_BY,EXPLICIT_ROW_ID_AND_REFERENCE_BINDING,MIGRATED_VERIFIED
8283ab91b10f89ac758d09ecf5fb4d6343536600a06dd468b1cc1ecf4ec747c4,ACTIVE_MASTER_V2_ILLUMEXT,RGB_BINDING_3.4.0,790,H025_L050_C070,216,55,73,5a48afef5820c48f125088237a60dd6b51053899fcdea5f887c6ecf05d0c4284,5fd69426bedffa037433faee4dcaa4ad408fa639fb9c3d5643700388b42d9d1f,SUPERSEDED_BY,EXPLICIT_ROW_ID_AND_REFERENCE_BINDING,MIGRATED_VERIFIED
8283ab91b10f89ac758d09ecf5fb4d6343536600a06dd468b1cc1ecf4ec747c4,ACTIVE_MASTER_V2_ILLUMEXT,RGB_BINDING_3.4.0,791,H025_L050_C075,223,44,70,e4a227d3a589e370c1f941a13cd998ce7b92ee9f833f732ee4a7773238e26b75,e594f3edb1c8eb6cb5c066ccfd842201009310525bba93ac6104c25f79f6813e,SUPERSEDED_BY,EXPLICIT_ROW_ID_AND_REFERENCE_BINDING,MIGRATED_VERIFIED
8283ab91b10f89ac758d09ecf5fb4d6343536600a06dd468b1cc1ecf4ec747c4,ACTIVE_MASTER_V2_ILLUMEXT,RGB_BINDING_3.4.0,792,H025_L050_C080,230,27,68,a12bb0cf5bbf43b6c9aa3cff0c4bf43f1ad2523d73b78e886e922dd3fc7d1d68,e9551a75c795c08634fd707f5536a0753973733566a9a958f4c75253c15d6920,SUPERSEDED_BY,EXPLICIT_ROW_ID_AND_REFERENCE_BINDING,MIGRATED_VERIFIED
8283ab91b10f89ac758d09ecf5fb4d6343536600a06dd468b1cc1ecf4ec747c4,ACTIVE_MASTER_V2_ILLUMEXT,RGB_BINDING_3.4.0,793,H025_L050_C085,234,0,65,87a1c485ad70fda92303007eb9b96c309c94de7e2bdeae1548751d58268e0ced,ed312d517326d0274f529cfb039dae257a81b5e7d43aedf5e1b8ab5e4ec231cd,SUPERSEDED_BY,EXPLICIT_ROW_ID_AND_REFERENCE_BINDING,MIGRATED_VERIFIED
8283ab91b10f89ac758d09ecf5fb4d6343536600a06dd468b1cc1ecf4ec747c4,ACTIVE_MASTER_V2_ILLUMEXT,RGB_BINDING_3.4.0,794,H025_L045_C005,116,104,103,92e0ae983818f95cdd6353f2ab27b68a6916e63a495145527609d6bd004d8cae,5c15b2a11154a012e1d559114062a5291a764dc403196ef0dd098d34bf447923,SUPERSEDED_BY,EXPLICIT_ROW_ID_AND_REFERENCE_BINDING,MIGRATED_VERIFIED
8283ab91b10f89ac758d09ecf5fb4d6343536600a06dd468b1cc1ecf4ec747c4,ACTIVE_MASTER_V2_ILLUMEXT,RGB_BINDING_3.4.0,795,H025_L045_C010,123,101,100,38d93dd675f94d1a4055e859ff22ee03dc7528bfcea4f975f7e305d3927bece0,42093509c6434bf9dc8846544c2452f464a70532c771fee5ba295d81165441cd,SUPERSEDED_BY,EXPLICIT_ROW_ID_AND_REFERENCE_BINDING,MIGRATED_VERIFIED
8283ab91b10f89ac758d09ecf5fb4d6343536600a06dd468b1cc1ecf4ec747c4,ACTIVE_MASTER_V2_ILLUMEXT,RGB_BINDING_3.4.0,796,H025_L045_C015,132,98,97,8116731c3ba02e8e081ce260afc1f237cbec611be0638e845badd8bf539ea159,d6632420f7c376020a1d5a42c4b222e3e7411c2ee07c36292114cb18238af9fe,SUPERSEDED_BY,EXPLICIT_ROW_ID_AND_REFERENCE_BINDING,MIGRATED_VERIFIED
8283ab91b10f89ac758d09ecf5fb4d6343536600a06dd468b1cc1ecf4ec747c4,ACTIVE_MASTER_V2_ILLUMEXT,RGB_BINDING_3.4.0,797,H025_L045_C020,138,95,95,0e73dce3ec9a97b29d9c48cf581a5f99d743a9892feeebdebeb0d7d8e1986e21,aeb789fd19aef94c1e66afc88c21f7e78cf61d51b938b083e1ba801ee067d673,SUPERSEDED_BY,EXPLICIT_ROW_ID_AND_REFERENCE_BINDING,MIGRATED_VERIFIED
8283ab91b10f89ac758d09ecf5fb4d6343536600a06dd468b1cc1ecf4ec747c4,ACTIVE_MASTER_V2_ILLUMEXT,RGB_BINDING_3.4.0,798,H025_L045_C025,146,91,90,23ec9167de22003b52427a70fabe3011d7fc2079bed5decb0f1f54ea6e644aa1,c4b1121a819ab22427f10bd2fcacf015e6d280242c399a693636ca5299e570be,SUPERSEDED_BY,EXPLICIT_ROW_ID_AND_REFERENCE_BINDING,MIGRATED_VERIFIED
8283ab91b10f89ac758d09ecf5fb4d6343536600a06dd468b1cc1ecf4ec747c4,ACTIVE_MASTER_V2_ILLUMEXT,RGB_BINDING_3.4.0,799,H025_L045_C030,153,88,87,957d244662c9a5542f07db186ddc5b3b4c8d3326012e19db0bf500437813a86e,15aff04e47bd3943b90d98a5d6a7ae9b40734f578fe90d9086a225ab74595f07,SUPERSEDED_BY,EXPLICIT_ROW_ID_AND_REFERENCE_BINDING,MIGRATED_VERIFIED
8283ab91b10f89ac758d09ecf5fb4d6343536600a06dd468b1cc1ecf4ec747c4,ACTIVE_MASTER_V2_ILLUMEXT,RGB_BINDING_3.4.0,800,H025_L045_C035,159,83,83,dab94d6df9cc7df621605b59d5ac9ae361d01cc5fbf76505bb6871fe8b1d6c74,7647b41e82bf9b1ed47b117a0dca769095830805c0f6f53614be4996d366c213,SUPERSEDED_BY,EXPLICIT_ROW_ID_AND_REFERENCE_BINDING,MIGRATED_VERIFIED
8283ab91b10f89ac758d09ecf5fb4d6343536600a06dd468b1cc1ecf4ec747c4,ACTIVE_MASTER_V2_ILLUMEXT,RGB_BINDING_3.4.0,801,H025_L045_C040,165,79,80,59b2931c81d18e9486fd9b4d006e3e33f3142d2ea1b6c0d9ad1618a7e51e10df,efdd36b31db2deb82e3f6c44262ef55ebaef59f92ecf148f5d92e98c5d5099d1,SUPERSEDED_BY,EXPLICIT_ROW_ID_AND_REFERENCE_BINDING,MIGRATED_VERIFIED
8283ab91b10f89ac758d09ecf5fb4d6343536600a06dd468b1cc1ecf4ec747c4,ACTIVE_MASTER_V2_ILLUMEXT,RGB_BINDING_3.4.0,802,H025_L045_C045,172,75,78,b430772637f74089ff7c25c9427d9aca02e4056f9b5f9c8153f0997bedf490ef,a08e5d630f09339674ea57695087f7b333636336f9572e8b2e251e5770ff89b4,SUPERSEDED_BY,EXPLICIT_ROW_ID_AND_REFERENCE_BINDING,MIGRATED_VERIFIED
8283ab91b10f89ac758d09ecf5fb4d6343536600a06dd468b1cc1ecf4ec747c4,ACTIVE_MASTER_V2_ILLUMEXT,RGB_BINDING_3.4.0,803,H025_L045_C050,177,69,74,ffef06c1fc0eeb7614d7f692ab9aa5770accb5d891d420658c13f691a8de27b0,cbf347ebc888051a70da03258343270dc84f7e2512799bf6d15100a0c1595e1d,SUPERSEDED_BY,EXPLICIT_ROW_ID_AND_REFERENCE_BINDING,MIGRATED_VERIFIED
8283ab91b10f89ac758d09ecf5fb4d6343536600a06dd468b1cc1ecf4ec747c4,ACTIVE_MASTER_V2_ILLUMEXT,RGB_BINDING_3.4.0,804,H025_L045_C055,184,63,72,372b3aba388daeae954d6a0c3ba8111b61a24e93bbf5f1b5edb91373aee8b078,a24648f9348d7499cf6f8e14d65c5295591b046a0c5a9d873303ec5a7acf2224,SUPERSEDED_BY,EXPLICIT_ROW_ID_AND_REFERENCE_BINDING,MIGRATED_VERIFIED
8283ab91b10f89ac758d09ecf5fb4d6343536600a06dd468b1cc1ecf4ec747c4,ACTIVE_MASTER_V2_ILLUMEXT,RGB_BINDING_3.4.0,805,H025_L045_C060,189,56,68,9134661a0b2e3797a7ee015a0e9515cf5d178eb70c9c8fa403b3a20b29d35f8b,84593b843e4080fdc82357549aa1146d7dae30fd40743c01b4e72d8ad2f8ba53,SUPERSEDED_BY,EXPLICIT_ROW_ID_AND_REFERENCE_BINDING,MIGRATED_VERIFIED
8283ab91b10f89ac758d09ecf5fb4d6343536600a06dd468b1cc1ecf4ec747c4,ACTIVE_MASTER_V2_ILLUMEXT,RGB_BINDING_3.4.0,806,H025_L045_C065,195,47,66,f868ffcc7b47bde8f75d61276015ccd60734647f1a211c98c3845c28183ec00f,ac6839ea0821770fc36cc47efeb58caa7d64c3ecbbabc4df2b681f4415f42585,SUPERSEDED_BY,EXPLICIT_ROW_ID_AND_REFERENCE_BINDING,MIGRATED_VERIFIED
8283ab91b10f89ac758d09ecf5fb4d6343536600a06dd468b1cc1ecf4ec747c4,ACTIVE_MASTER_V2_ILLUMEXT,RGB_BINDING_3.4.0,807,H025_L045_C070,201,38,62,d47f01165b95e64ca6d31f0c9533a7851b16b35725e7ddb0211df6b295cb0f32,b3109f5054f06f7121af6fcbff077bf78a63a3e43e67e38e4b922459f0d9c715,SUPERSEDED_BY,EXPLICIT_ROW_ID_AND_REFERENCE_BINDING,MIGRATED_VERIFIED
8283ab91b10f89ac758d09ecf5fb4d6343536600a06dd468b1cc1ecf4ec747c4,ACTIVE_MASTER_V2_ILLUMEXT,RGB_BINDING_3.4.0,808,H025_L045_C075,207,19,59,e179963144cafadcd1c322945c39be966e02b5a38193f55e514052ed8283fc46,a78c55fc94aff81125e4f2275fc64bdf8c5f32dcf9acdc405dc1f6edf4753c8e,SUPERSEDED_BY,EXPLICIT_ROW_ID_AND_REFERENCE_BINDING,MIGRATED_VERIFIED
8283ab91b10f89ac758d09ecf5fb4d6343536600a06dd468b1cc1ecf4ec747c4,ACTIVE_MASTER_V2_ILLUMEXT,RGB_BINDING_3.4.0,809,H025_L045_C080,213,0,57,c11e545cb8d33bf98a89d9f468e124ec16c307631f6256bab6dbc92319af42e2,2cc60bf30ffecba2585e740b94e8832f7ec89fdb0c658f36e0b73ffbcab7c905,SUPERSEDED_BY,EXPLICIT_ROW_ID_AND_REFERENCE_BINDING,MIGRATED_VERIFIED
8283ab91b10f89ac758d09ecf5fb4d6343536600a06dd468b1cc1ecf4ec747c4,ACTIVE_MASTER_V2_ILLUMEXT,RGB_BINDING_3.4.0,810,H025_L040_C005,103,91,91,69b8931dd5c15017c44b617487993ec1e01fdcbaa0c75a35497abf8853399a4b,9ee846f5a77f2c637cd01139fc6c11543db0bea758339244f46eb209cdbfb8c4,SUPERSEDED_BY,EXPLICIT_ROW_ID_AND_REFERENCE_BINDING,MIGRATED_VERIFIED
8283ab91b10f89ac758d09ecf5fb4d6343536600a06dd468b1cc1ecf4ec747c4,ACTIVE_MASTER_V2_ILLUMEXT,RGB_BINDING_3.4.0,811,H025_L040_C010,110,88,88,6768c45068711291670a41aa71af871c9263f139e349d71b4994a3fab7cd4c7d,b5c92f11beb517b1701d9e9819fc807d641e9bcbee68e24d8b86e49ac3c2f978,SUPERSEDED_BY,EXPLICIT_ROW_ID_AND_REFERENCE_BINDING,MIGRATED_VERIFIED
8283ab91b10f89ac758d09ecf5fb4d6343536600a06dd468b1cc1ecf4ec747c4,ACTIVE_MASTER_V2_ILLUMEXT,RGB_BINDING_3.4.0,812,H025_L040_C015,118,85,85,072cb0178a84d37dcd871152c32d60f80a050bae70cce96953a7e342f7125d35,c0eb296dd7044ca7f922b23c8e1460d32bb28339745b54fab430c4ae82525d15,SUPERSEDED_BY,EXPLICIT_ROW_ID_AND_REFERENCE_BINDING,MIGRATED_VERIFIED
8283ab91b10f89ac758d09ecf5fb4d6343536600a06dd468b1cc1ecf4ec747c4,ACTIVE_MASTER_V2_ILLUMEXT,RGB_BINDING_3.4.0,813,H025_L040_C020,125,83,82,d90a5ca4fb5693078a53bacbb52f0e606583eb727a0661b110141e90f042c671,c7436a56fe966e2c38c08d1bfa39a1b269e8c91b5f53e0c118e3774e79eb12ec,SUPERSEDED_BY,EXPLICIT_ROW_ID_AND_REFERENCE_BINDING,MIGRATED_VERIFIED
8283ab91b10f89ac758d09ecf5fb4d6343536600a06dd468b1cc1ecf4ec747c4,ACTIVE_MASTER_V2_ILLUMEXT,RGB_BINDING_3.4.0,814,H025_L040_C025,133,79,78,2d67e69210be185cd59bc081c29dac3ec5b6a9e98e691a5a30eec2aedc0b0dff,3dc214e7de770e012222a99feb715588426a3c07fc722a463720bd6462f1b9bf,SUPERSEDED_BY,EXPLICIT_ROW_ID_AND_REFERENCE_BINDING,MIGRATED_VERIFIED
8283ab91b10f89ac758d09ecf5fb4d6343536600a06dd468b1cc1ecf4ec747c4,ACTIVE_MASTER_V2_ILLUMEXT,RGB_BINDING_3.4.0,815,H025_L040_C030,139,76,75,1e84b2942ff9fe72007f4f7913db97ddf925c12bdf87a8c4e6080129779a92bc,eaf75b949de42fc3349e7fbf76e030094b5021b18658d5ef708f73a584697656,SUPERSEDED_BY,EXPLICIT_ROW_ID_AND_REFERENCE_BINDING,MIGRATED_VERIFIED
8283ab91b10f89ac758d09ecf5fb4d6343536600a06dd468b1cc1ecf4ec747c4,ACTIVE_MASTER_V2_ILLUMEXT,RGB_BINDING_3.4.0,816,H025_L040_C035,145,71,72,12e655f5de3fb914a1f32ea706db6c52c46831ee739bf43bb97ec630aea9f37a,8b9c79978bc0a3ecaaa083d72774f99893ae67a563c2c73cb0cf75db4c09a3e1,SUPERSEDED_BY,EXPLICIT_ROW_ID_AND_REFERENCE_BINDING,MIGRATED_VERIFIED
8283ab91b10f89ac758d09ecf5fb4d6343536600a06dd468b1cc1ecf4ec747c4,ACTIVE_MASTER_V2_ILLUMEXT,RGB_BINDING_3.4.0,817,H025_L040_C040,150,67,68,ddfdccbaa558b580df1fbea5fd6e84903f529c639464ae9b4a4cdf31ac8160b2,31269918f28df8bb996ffbb419b2ae9bb06807b3a5cae0d109e752e083293a1c,SUPERSEDED_BY,EXPLICIT_ROW_ID_AND_REFERENCE_BINDING,MIGRATED_VERIFIED
8283ab91b10f89ac758d09ecf5fb4d6343536600a06dd468b1cc1ecf4ec747c4,ACTIVE_MASTER_V2_ILLUMEXT,RGB_BINDING_3.4.0,818,H025_L040_C045,157,61,65,0642e62c49a19b1f54051c3f9af4b0712a1e3bb25cbe4602e5593eecee5ee294,2b21942b1e7a115db8c80de58e1cee5668ee29db31c2c1dd1eae96de70a45c7e,SUPERSEDED_BY,EXPLICIT_ROW_ID_AND_REFERENCE_BINDING,MIGRATED_VERIFIED
8283ab91b10f89ac758d09ecf5fb4d6343536600a06dd468b1cc1ecf4ec747c4,ACTIVE_MASTER_V2_ILLUMEXT,RGB_BINDING_3.4.0,819,H025_L040_C050,162,56,63,afecd88c115db05a1acd7c47e9b21239f12c68328a9808575ff87f2370179a70,5dbf31d564efbb598ebd4abddf62dd5273e8ff5888f29fa04369fb9c2e914f45,SUPERSEDED_BY,EXPLICIT_ROW_ID_AND_REFERENCE_BINDING,MIGRATED_VERIFIED
8283ab91b10f89ac758d09ecf5fb4d6343536600a06dd468b1cc1ecf4ec747c4,ACTIVE_MASTER_V2_ILLUMEXT,RGB_BINDING_3.4.0,820,H025_L040_C055,168,48,60,946279bb456a4d0c41380e9f1363896fe3e893834b440a7ac37199733e6c41a9,f697f763952a851178d5875b78907f16b18337d495f80e26bf41ff92fec14a6b,SUPERSEDED_BY,EXPLICIT_ROW_ID_AND_REFERENCE_BINDING,MIGRATED_VERIFIED
8283ab91b10f89ac758d09ecf5fb4d6343536600a06dd468b1cc1ecf4ec747c4,ACTIVE_MASTER_V2_ILLUMEXT,RGB_BINDING_3.4.0,821,H025_L040_C060,173,41,57,b92c48f7ffdeb9c2e353a80c4e97404507b73323e4bb00729584f74c0fe47591,41873b91e37517b7f71fd69f9e17d2394837b83564923cac516d4b07b3fcb21b,SUPERSEDED_BY,EXPLICIT_ROW_ID_AND_REFERENCE_BINDING,MIGRATED_VERIFIED
8283ab91b10f89ac758d09ecf5fb4d6343536600a06dd468b1cc1ecf4ec747c4,ACTIVE_MASTER_V2_ILLUMEXT,RGB_BINDING_3.4.0,822,H025_L040_C065,180,29,55,89bb6f0650738bb87c5837e312ee3473c2bcca04e8f022d0b470e1a5d1d06806,fb942f1edffbc4891a04c9cee6007d9dd620c6d5a863a1d702fffa01ca37ff25,SUPERSEDED_BY,EXPLICIT_ROW_ID_AND_REFERENCE_BINDING,MIGRATED_VERIFIED
8283ab91b10f89ac758d09ecf5fb4d6343536600a06dd468b1cc1ecf4ec747c4,ACTIVE_MASTER_V2_ILLUMEXT,RGB_BINDING_3.4.0,823,H025_L040_C070,185,12,51,11a2881dad2ec891d2fe1bc5ec219f03c8d442d9462733247e26b7fb3e59c8c4,6bfc88ff79c5d055b32d5fdc0e6c98e5eb71012fc45fc2fe3341381289f064da,SUPERSEDED_BY,EXPLICIT_ROW_ID_AND_REFERENCE_BINDING,MIGRATED_VERIFIED
8283ab91b10f89ac758d09ecf5fb4d6343536600a06dd468b1cc1ecf4ec747c4,ACTIVE_MASTER_V2_ILLUMEXT,RGB_BINDING_3.4.0,824,H025_L035_C005,91,80,80,aa0136a202d0d411b41b7c51c25666b67222e4be8b706ed5da81df4f25f7c770,5a96897b9cf7e90e8ee3dd3380bfd7a5e1498647c5a7724ed34564c9a11acf8d,SUPERSEDED_BY,EXPLICIT_ROW_ID_AND_REFERENCE_BINDING,MIGRATED_VERIFIED
8283ab91b10f89ac758d09ecf5fb4d6343536600a06dd468b1cc1ecf4ec747c4,ACTIVE_MASTER_V2_ILLUMEXT,RGB_BINDING_3.4.0,825,H025_L035_C010,97,76,76,1d4447bc4d87ef3a9e3f070d7e4871df4ca1c662b0475cb26b6ef172abf0d6da,31876027ad8497ea2eaec1be9824b457a1d4cebfaac164ad3288035651fbdaaf,SUPERSEDED_BY,EXPLICIT_ROW_ID_AND_REFERENCE_BINDING,MIGRATED_VERIFIED
8283ab91b10f89ac758d09ecf5fb4d6343536600a06dd468b1cc1ecf4ec747c4,ACTIVE_MASTER_V2_ILLUMEXT,RGB_BINDING_3.4.0,826,H025_L035_C015,106,74,73,dc5aceeb0368672956821dd31cd686be77096876859789cd4162f75791da1dcb,b8e4966c19ee9e8f3fe84ab213d6f616fe3f53fa076c61fc27b4ff583f5460ad,SUPERSEDED_BY,EXPLICIT_ROW_ID_AND_REFERENCE_BINDING,MIGRATED_VERIFIED
8283ab91b10f89ac758d09ecf5fb4d6343536600a06dd468b1cc1ecf4ec747c4,ACTIVE_MASTER_V2_ILLUMEXT,RGB_BINDING_3.4.0,827,H025_L035_C020,111,70,70,36ae0c3c944520fdb282c0c2f785f75e7ef1b9089a85fe1b6828c62333a8339b,924526e11830be01c258fd8b31a0c64d56fe05e04a50ee424e94d8546629821d,SUPERSEDED_BY,EXPLICIT_ROW_ID_AND_REFERENCE_BINDING,MIGRATED_VERIFIED
8283ab91b10f89ac758d09ecf5fb4d6343536600a06dd468b1cc1ecf4ec747c4,ACTIVE_MASTER_V2_ILLUMEXT,RGB_BINDING_3.4.0,828,H025_L035_C025,119,67,66,47ff78f3a078dec01b9207020993592499e489cb2e080ed7111576712396282f,54e143286382d8659bc28b1451b4bcda113fa9d82d8c8ff4ea777a9610df742f,SUPERSEDED_BY,EXPLICIT_ROW_ID_AND_REFERENCE_BINDING,MIGRATED_VERIFIED
8283ab91b10f89ac758d09ecf5fb4d6343536600a06dd468b1cc1ecf4ec747c4,ACTIVE_MASTER_V2_ILLUMEXT,RGB_BINDING_3.4.0,829,H025_L035_C030,125,64,63,94468ed98a485febec11f70320efe47e6e03ab7dbf4643649f704e5aaaaa6da4,491792cb07a77e6a2f8c770fc0ad3f102e1e98fd2e8437bb9cfc11b8d4cc8816,SUPERSEDED_BY,EXPLICIT_ROW_ID_AND_REFERENCE_BINDING,MIGRATED_VERIFIED
8283ab91b10f89ac758d09ecf5fb4d6343536600a06dd468b1cc1ecf4ec747c4,ACTIVE_MASTER_V2_ILLUMEXT,RGB_BINDING_3.4.0,830,H025_L035_C035,131,58,60,5d32346182b0b5313e5c5ac27288839bcb6b370b60421760e98e3d42f86002d9,9e3bae6950acbd2b2a26c0ebfe9ce9cc4c7aa5712ca84c26b7bb808c74a770ca,SUPERSEDED_BY,EXPLICIT_ROW_ID_AND_REFERENCE_BINDING,MIGRATED_VERIFIED
8283ab91b10f89ac758d09ecf5fb4d6343536600a06dd468b1cc1ecf4ec747c4,ACTIVE_MASTER_V2_ILLUMEXT,RGB_BINDING_3.4.0,831,H025_L035_C040,137,54,57,0a6ef154832298bdc76d1dd67cc38ee14fd00d3b1bc77999d87acbef76d3eaf3,a01fb6b18e21e914a584405beabb551b8794860602fe6c62745cfabe6fd10465,SUPERSEDED_BY,EXPLICIT_ROW_ID_AND_REFERENCE_BINDING,MIGRATED_VERIFIED
8283ab91b10f89ac758d09ecf5fb4d6343536600a06dd468b1cc1ecf4ec747c4,ACTIVE_MASTER_V2_ILLUMEXT,RGB_BINDING_3.4.0,832,H025_L035_C045,143,48,55,a094106973939d4aff799794bd59999718971f5bc58b46393104767d62c4c6f9,42a8719d5a9c1870131dc7c114fffadcaf05468f49c44e99dd6ff4e2a9d21ccf,SUPERSEDED_BY,EXPLICIT_ROW_ID_AND_REFERENCE_BINDING,MIGRATED_VERIFIED
8283ab91b10f89ac758d09ecf5fb4d6343536600a06dd468b1cc1ecf4ec747c4,ACTIVE_MASTER_V2_ILLUMEXT,RGB_BINDING_3.4.0,833,H025_L035_C050,148,42,52,acd74f779281d347e6f74e1a01c1eb531332c539f7b68cc1e61282d75b113495,5d1bad1fd7e11fea6b60939ea3929695f4398a8bcb010ca997f50211e61cb7c7,SUPERSEDED_BY,EXPLICIT_ROW_ID_AND_REFERENCE_BINDING,MIGRATED_VERIFIED
8283ab91b10f89ac758d09ecf5fb4d6343536600a06dd468b1cc1ecf4ec747c4,ACTIVE_MASTER_V2_ILLUMEXT,RGB_BINDING_3.4.0,834,H025_L035_C055,154,33,49,b9f1dbab404cbde97c0f3dc0f334a1f36f4113261e677252e1b84a2b24cfa44e,dd4d55048d4cee3dc587de6e26d2298fdf0c34f5e92f0ac732f8937c448b75a8,SUPERSEDED_BY,EXPLICIT_ROW_ID_AND_REFERENCE_BINDING,MIGRATED_VERIFIED
8283ab91b10f89ac758d09ecf5fb4d6343536600a06dd468b1cc1ecf4ec747c4,ACTIVE_MASTER_V2_ILLUMEXT,RGB_BINDING_3.4.0,835,H025_L035_C060,159,23,47,c646063c0915f6265d8f0f3bb2445acf829b20be0af3bbd41a2ccd89374f4802,08867141578e05add53d81203792a18230bb55c37c06a2d531523b4d22d5eb34,SUPERSEDED_BY,EXPLICIT_ROW_ID_AND_REFERENCE_BINDING,MIGRATED_VERIFIED
8283ab91b10f89ac758d09ecf5fb4d6343536600a06dd468b1cc1ecf4ec747c4,ACTIVE_MASTER_V2_ILLUMEXT,RGB_BINDING_3.4.0,836,H025_L035_C065,164,0,44,5dc787d5c28436962714e9c951167154c28314cf543ef0e143b362476b8289fc,a2d042293cfd236ade1cc19635ec5800126cc19aca66757d26ecae61f633b673,SUPERSEDED_BY,EXPLICIT_ROW_ID_AND_REFERENCE_BINDING,MIGRATED_VERIFIED
8283ab91b10f89ac758d09ecf5fb4d6343536600a06dd468b1cc1ecf4ec747c4,ACTIVE_MASTER_V2_ILLUMEXT,RGB_BINDING_3.4.0,837,H025_L030_C005,80,68,68,2e607015f8a3cba66d968d8c9bb9be420843454861745e122a270186675a69e0,81462e9cca3128eb9452ca6d1e5e3c1e1724839e3320e245507ef170647daf41,SUPERSEDED_BY,EXPLICIT_ROW_ID_AND_REFERENCE_BINDING,MIGRATED_VERIFIED
8283ab91b10f89ac758d09ecf5fb4d6343536600a06dd468b1cc1ecf4ec747c4,ACTIVE_MASTER_V2_ILLUMEXT,RGB_BINDING_3.4.0,838,H025_L030_C010,86,66,65,418a3b67e84120f1e4c6c1d15ecaa9c985ca43fbcc72d19e198ff91c4f86fb2c,111499e9dd07b84f9db4dc314c425bf664aa339d9551e37a3438f3784a77262f,SUPERSEDED_BY,EXPLICIT_ROW_ID_AND_REFERENCE_BINDING,MIGRATED_VERIFIED
8283ab91b10f89ac758d09ecf5fb4d6343536600a06dd468b1cc1ecf4ec747c4,ACTIVE_MASTER_V2_ILLUMEXT,RGB_BINDING_3.4.0,839,H025_L030_C015,94,63,62,d54ee0a532e5f5c24c5c3c3c809ded46f56ae2ab72c0387b73b8f8bd967d635e,76160cb246c116c2f248e1be001175cbe4ab63864ee1473be286ced82a9a072b,SUPERSEDED_BY,EXPLICIT_ROW_ID_AND_REFERENCE_BINDING,MIGRATED_VERIFIED
8283ab91b10f89ac758d09ecf5fb4d6343536600a06dd468b1cc1ecf4ec747c4,ACTIVE_MASTER_V2_ILLUMEXT,RGB_BINDING_3.4.0,840,H025_L030_C020,99,59,59,88da57dd3f5d485986088f04e2c777b84a64de04594f0cd591c4c001af27a304,763a0f262eaa56853951463caeb06cfd124369be0085d1682fae7436be27bdf4,SUPERSEDED_BY,EXPLICIT_ROW_ID_AND_REFERENCE_BINDING,MIGRATED_VERIFIED
8283ab91b10f89ac758d09ecf5fb4d6343536600a06dd468b1cc1ecf4ec747c4,ACTIVE_MASTER_V2_ILLUMEXT,RGB_BINDING_3.4.0,841,H025_L030_C025,106,55,55,95c64ac7b82e911775d420ecf515b4920e91a5470ae1ba9e7feb690ef67b48d7,7833e0a7c747c502cdb12fcbd4768a917355a2254bb942145c2c4f0b6b3983d3,SUPERSEDED_BY,EXPLICIT_ROW_ID_AND_REFERENCE_BINDING,MIGRATED_VERIFIED
8283ab91b10f89ac758d09ecf5fb4d6343536600a06dd468b1cc1ecf4ec747c4,ACTIVE_MASTER_V2_ILLUMEXT,RGB_BINDING_3.4.0,842,H025_L030_C030,112,52,52,9d4592fef6eb46ef4d23325216a8080c0748de9de7aacf82f8ff751de1360c17,86063f35eda61e44ba7fce05448e8f8234b478f303b7cbc9f8899649c8159249,SUPERSEDED_BY,EXPLICIT_ROW_ID_AND_REFERENCE_BINDING,MIGRATED_VERIFIED
8283ab91b10f89ac758d09ecf5fb4d6343536600a06dd468b1cc1ecf4ec747c4,ACTIVE_MASTER_V2_ILLUMEXT,RGB_BINDING_3.4.0,843,H025_L030_C035,118,47,49,b1e2c41b6dd78e3026f733e27bf64de4733e58a035321958f8609092e07fe35a,7e08318f78346ddc71ced0c9fbe4b796a3df64428c6a2b4211bc06b1ecefd7f3,SUPERSEDED_BY,EXPLICIT_ROW_ID_AND_REFERENCE_BINDING,MIGRATED_VERIFIED
8283ab91b10f89ac758d09ecf5fb4d6343536600a06dd468b1cc1ecf4ec747c4,ACTIVE_MASTER_V2_ILLUMEXT,RGB_BINDING_3.4.0,844,H025_L030_C040,123,42,47,4bddf1cc3435abd750121068d373a3a52da4f35e6ff2bcedefe5efd9cbbba87c,aa787b382aed8b4c3610d7ba9da5697361cccba28edd3bd9d200ef96d51b9d90,SUPERSEDED_BY,EXPLICIT_ROW_ID_AND_REFERENCE_BINDING,MIGRATED_VERIFIED
8283ab91b10f89ac758d09ecf5fb4d6343536600a06dd468b1cc1ecf4ec747c4,ACTIVE_MASTER_V2_ILLUMEXT,RGB_BINDING_3.4.0,845,H025_L030_C045,129,35,44,edb5992a1a168b38e4e01f7c6d616af27d1e25da458a33c25553243ea18c561d,69590ccf731cdb6255f7629d897671aa662d16ef419789aee9123253c57bb2aa,SUPERSEDED_BY,EXPLICIT_ROW_ID_AND_REFERENCE_BINDING,MIGRATED_VERIFIED
8283ab91b10f89ac758d09ecf5fb4d6343536600a06dd468b1cc1ecf4ec747c4,ACTIVE_MASTER_V2_ILLUMEXT,RGB_BINDING_3.4.0,846,H025_L030_C050,134,28,41,a98b1aa4bae26c7d9e4479ac8777107c719d1beebf25fe91af8cb710d756c56c,a01904807ea60746ff25568eb9c82a7905f57e4aee1d3fd7c33adda0ec9f7c41,SUPERSEDED_BY,EXPLICIT_ROW_ID_AND_REFERENCE_BINDING,MIGRATED_VERIFIED
8283ab91b10f89ac758d09ecf5fb4d6343536600a06dd468b1cc1ecf4ec747c4,ACTIVE_MASTER_V2_ILLUMEXT,RGB_BINDING_3.4.0,847,H025_L030_C055,140,15,39,5e36ab8a29d336bf102efda8534805a17cee366b0d96f9cc7c36f47471e3b03d,582b9c3c3019159d8cb8740e3cb8c359136c40673bb59e8836e2e4cceadf66cd,SUPERSEDED_BY,EXPLICIT_ROW_ID_AND_REFERENCE_BINDING,MIGRATED_VERIFIED
8283ab91b10f89ac758d09ecf5fb4d6343536600a06dd468b1cc1ecf4ec747c4,ACTIVE_MASTER_V2_ILLUMEXT,RGB_BINDING_3.4.0,848,H025_L030_C060,144,0,36,20d144e69bbecd3b0787ab0023606bf808f519c85d86d07246dc442effbcf79c,367c99c64cb7a108909a3b7b97128af87fbc1cf53c993f5f86f30c8c0ebb615c,SUPERSEDED_BY,EXPLICIT_ROW_ID_AND_REFERENCE_BINDING,MIGRATED_VERIFIED
8283ab91b10f89ac758d09ecf5fb4d6343536600a06dd468b1cc1ecf4ec747c4,ACTIVE_MASTER_V2_ILLUMEXT,RGB_BINDING_3.4.0,849,H025_L025_C005,68,57,57,4a6793a956afdf8a441fd5f916ec065a6b08ffadc3ad7feca80f5839e3693032,778dc99f45c6b9bc0cea4d1df6702c69edd076f174d2e4353762cdc36c22cdc6,SUPERSEDED_BY,EXPLICIT_ROW_ID_AND_REFERENCE_BINDING,MIGRATED_VERIFIED
8283ab91b10f89ac758d09ecf5fb4d6343536600a06dd468b1cc1ecf4ec747c4,ACTIVE_MASTER_V2_ILLUMEXT,RGB_BINDING_3.4.0,850,H025_L025_C010,74,55,54,542340abed397d9d89b173ad38520d49abe4143a902aeacc6cc84e61060da6a6,1bff7d3f2f606cff13b11483c9377443a781915fec96a5c9347cc8ae9f1a5a0c,SUPERSEDED_BY,EXPLICIT_ROW_ID_AND_REFERENCE_BINDING,MIGRATED_VERIFIED
8283ab91b10f89ac758d09ecf5fb4d6343536600a06dd468b1cc1ecf4ec747c4,ACTIVE_MASTER_V2_ILLUMEXT,RGB_BINDING_3.4.0,851,H025_L025_C015,81,51,51,969915a8eb3758a46e6209e8252d43c6fbd7211a07cd75e594012b063ad3b23d,43af763062f95e46d12fbf86bc7120907e5c1905e4cc31e80f1e30be314dd602,SUPERSEDED_BY,EXPLICIT_ROW_ID_AND_REFERENCE_BINDING,MIGRATED_VERIFIED
8283ab91b10f89ac758d09ecf5fb4d6343536600a06dd468b1cc1ecf4ec747c4,ACTIVE_MASTER_V2_ILLUMEXT,RGB_BINDING_3.4.0,852,H025_L025_C020,87,48,48,a8518fcc446e605adb01df1c4ca67b65eda75bcad4dd3216b22b98a65d37890b,b3875f73c45ffa5ada8f898b0602ef0fb21e9663c3436cebb0564828386ecd75,SUPERSEDED_BY,EXPLICIT_ROW_ID_AND_REFERENCE_BINDING,MIGRATED_VERIFIED
8283ab91b10f89ac758d09ecf5fb4d6343536600a06dd468b1cc1ecf4ec747c4,ACTIVE_MASTER_V2_ILLUMEXT,RGB_BINDING_3.4.0,853,H025_L025_C025,93,44,44,aadd53edccc3905ac99d8a429a8ce2c1304d74e0aa3b17df660d9d7e64a6fd13,c4ca527e3cbacf6ecd589371d76f53dbc9e7b790c36a96eca9a126441731285b,SUPERSEDED_BY,EXPLICIT_ROW_ID_AND_REFERENCE_BINDING,MIGRATED_VERIFIED
8283ab91b10f89ac758d09ecf5fb4d6343536600a06dd468b1cc1ecf4ec747c4,ACTIVE_MASTER_V2_ILLUMEXT,RGB_BINDING_3.4.0,854,H025_L025_C030,99,40,41,bac5613cc9a2fd802ec7ba17242dd298ae5998a9f0c8e5b484c6ce510b2a2ff1,230e25c1bd41ee6da9ba8a3d6ded2fc8226138386b7fea257aa90f68f6227183,SUPERSEDED_BY,EXPLICIT_ROW_ID_AND_REFERENCE_BINDING,MIGRATED_VERIFIED
8283ab91b10f89ac758d09ecf5fb4d6343536600a06dd468b1cc1ecf4ec747c4,ACTIVE_MASTER_V2_ILLUMEXT,RGB_BINDING_3.4.0,855,H025_L025_C035,104,34,38,b90cd7e0498a0b79afd06faf7e8d75ff8eebb00d68a376d64220b3b83f7608f1,9277279269f36f3ef564645e77fee11c7b5138abce2a439582507b237b0c088d,SUPERSEDED_BY,EXPLICIT_ROW_ID_AND_REFERENCE_BINDING,MIGRATED_VERIFIED
8283ab91b10f89ac758d09ecf5fb4d6343536600a06dd468b1cc1ecf4ec747c4,ACTIVE_MASTER_V2_ILLUMEXT,RGB_BINDING_3.4.0,856,H025_L025_C040,109,29,36,35ddd6c4816af2da5f18982bd99bff0088e962f4239550677836a2e248c6227d,9954c6ee7a9ddd5cdcdf61077fa983bd5393a5964b96ca474c0856d4672963d1,SUPERSEDED_BY,EXPLICIT_ROW_ID_AND_REFERENCE_BINDING,MIGRATED_VERIFIED
8283ab91b10f89ac758d09ecf5fb4d6343536600a06dd468b1cc1ecf4ec747c4,ACTIVE_MASTER_V2_ILLUMEXT,RGB_BINDING_3.4.0,857,H025_L025_C045,115,21,34,c45685648c631f603e8776edb55103fcd36cf99d416b8654afd782aa4ab03666,c8a0113c3523400a8aa6179cfd34a703efb3577b179e3ec18a5ce429f829046d,SUPERSEDED_BY,EXPLICIT_ROW_ID_AND_REFERENCE_BINDING,MIGRATED_VERIFIED
8283ab91b10f89ac758d09ecf5fb4d6343536600a06dd468b1cc1ecf4ec747c4,ACTIVE_MASTER_V2_ILLUMEXT,RGB_BINDING_3.4.0,858,H025_L025_C050,119,9,31,3d89c5421f3b4395f7916196b5d0ca4ca56aeae34b6326a0d9c7830eb93a2ddb,ef51625466452cc48e23f36ee1cd0e18d6029e83fd3bf26298a6d56933280e4a,SUPERSEDED_BY,EXPLICIT_ROW_ID_AND_REFERENCE_BINDING,MIGRATED_VERIFIED
8283ab91b10f89ac758d09ecf5fb4d6343536600a06dd468b1cc1ecf4ec747c4,ACTIVE_MASTER_V2_ILLUMEXT,RGB_BINDING_3.4.0,859,H025_L020_C005,56,45,45,545b4c8f6d5042b98f650938d05c45d3f37f7c422b196aae1fbe7f87892a4b94,b06ad37efebc16249b37e1bbed0939b2716a14fb4c2d00efb343432a7105e790,SUPERSEDED_BY,EXPLICIT_ROW_ID_AND_REFERENCE_BINDING,MIGRATED_VERIFIED
8283ab91b10f89ac758d09ecf5fb4d6343536600a06dd468b1cc1ecf4ec747c4,ACTIVE_MASTER_V2_ILLUMEXT,RGB_BINDING_3.4.0,860,H025_L020_C010,63,44,43,3e3d75d95bc0b8f52616e8e20d2629937f8408e64e92d226c97d37b3f04af5da,74b86c3ac8e9975394641fb15b5bf2c7af963f3b6b6023f772554c582d9fd35d,SUPERSEDED_BY,EXPLICIT_ROW_ID_AND_REFERENCE_BINDING,MIGRATED_VERIFIED
8283ab91b10f89ac758d09ecf5fb4d6343536600a06dd468b1cc1ecf4ec747c4,ACTIVE_MASTER_V2_ILLUMEXT,RGB_BINDING_3.4.0,861,H025_L020_C015,69,40,40,2e305145ca3846e60f14e61be1439407895cd60dad3c65034029642334a88ef0,9f611b3409837bab41f048023ca947cbbe92ec9060e11b8bb76b99c37f6bb83a,SUPERSEDED_BY,EXPLICIT_ROW_ID_AND_REFERENCE_BINDING,MIGRATED_VERIFIED
8283ab91b10f89ac758d09ecf5fb4d6343536600a06dd468b1cc1ecf4ec747c4,ACTIVE_MASTER_V2_ILLUMEXT,RGB_BINDING_3.4.0,862,H025_L020_C020,74,37,37,e427b28d0d42a2415b422194330d6273704bbc491deb3d35ecf3814f6f46d89c,1b923da5737ec2199bc2e6f035ce7eaafb74924f749e30da6e4977d1e2ab31a5,SUPERSEDED_BY,EXPLICIT_ROW_ID_AND_REFERENCE_BINDING,MIGRATED_VERIFIED
8283ab91b10f89ac758d09ecf5fb4d6343536600a06dd468b1cc1ecf4ec747c4,ACTIVE_MASTER_V2_ILLUMEXT,RGB_BINDING_3.4.0,863,H025_L020_C025,81,33,34,783708ab1b49ed206af440a58a7360f528aa58ffd28e2b7128eb3b57e1234c15,3826ee669460f17300dcdf6a0f9ad0bef1dd6c7845519606cdd4f78f382fb140,SUPERSEDED_BY,EXPLICIT_ROW_ID_AND_REFERENCE_BINDING,MIGRATED_VERIFIED
8283ab91b10f89ac758d09ecf5fb4d6343536600a06dd468b1cc1ecf4ec747c4,ACTIVE_MASTER_V2_ILLUMEXT,RGB_BINDING_3.4.0,864,H025_L020_C030,85,29,31,7cffc09016235f9783d1d09c477dc4fa10727702e37bab63a83db0bc07d44b78,d176f138c7268ed99a96df27f3b3cce5b169397b86a17b59f34121cd2854edfb,SUPERSEDED_BY,EXPLICIT_ROW_ID_AND_REFERENCE_BINDING,MIGRATED_VERIFIED
8283ab91b10f89ac758d09ecf5fb4d6343536600a06dd468b1cc1ecf4ec747c4,ACTIVE_MASTER_V2_ILLUMEXT,RGB_BINDING_3.4.0,865,H025_L020_C035,91,21,28,445394a321a51e32fed644f5395cbf94da19c7806e0465726bac0cfabbe5eea9,ae91555820d3fd813ba79f991ba80254a6aba5cadbce67362fa04ee8e00d7c2a,SUPERSEDED_BY,EXPLICIT_ROW_ID_AND_REFERENCE_BINDING,MIGRATED_VERIFIED
8283ab91b10f89ac758d09ecf5fb4d6343536600a06dd468b1cc1ecf4ec747c4,ACTIVE_MASTER_V2_ILLUMEXT,RGB_BINDING_3.4.0,866,H025_L020_C040,95,15,26,5719d28301ff10fc11ddb0dbca9fba5c73b7a3b0e982a32c6cafbabfe7414d8f,dc5536306edf0a2318dfb849876c76ccdee215d34d0c1ab265bd5a3c3153236f,SUPERSEDED_BY,EXPLICIT_ROW_ID_AND_REFERENCE_BINDING,MIGRATED_VERIFIED
8283ab91b10f89ac758d09ecf5fb4d6343536600a06dd468b1cc1ecf4ec747c4,ACTIVE_MASTER_V2_ILLUMEXT,RGB_BINDING_3.4.0,867,H025_L015_C005,45,35,35,e547248abb7a3135f3ecd72b343e05341c482c2a45748fb76c6fdea415957108,65fe35028f69672c680cd945763409be5e7e8f287e16aac3880eaec68b3db842,SUPERSEDED_BY,EXPLICIT_ROW_ID_AND_REFERENCE_BINDING,MIGRATED_VERIFIED
8283ab91b10f89ac758d09ecf5fb4d6343536600a06dd468b1cc1ecf4ec747c4,ACTIVE_MASTER_V2_ILLUMEXT,RGB_BINDING_3.4.0,868,H025_L015_C010,51,32,32,3bfca59e43c2c7588342cfd224624f0938d2f55e10bbc86918977ef1037a71d5,32dc459e5f53848a84120c2587d1484f010779fa516fb986044b76369cc7a049,SUPERSEDED_BY,EXPLICIT_ROW_ID_AND_REFERENCE_BINDING,MIGRATED_VERIFIED
8283ab91b10f89ac758d09ecf5fb4d6343536600a06dd468b1cc1ecf4ec747c4,ACTIVE_MASTER_V2_ILLUMEXT,RGB_BINDING_3.4.0,869,H025_L015_C015,57,29,29,c9f7844d801b8cf1fd174b456dd24719c158294e0fcbb8462b7399498cda4e46,23d23a00129d5edea66301de3294f3ccfce77fbde22f7fed55367389afedb42e,SUPERSEDED_BY,EXPLICIT_ROW_ID_AND_REFERENCE_BINDING,MIGRATED_VERIFIED
8283ab91b10f89ac758d09ecf5fb4d6343536600a06dd468b1cc1ecf4ec747c4,ACTIVE_MASTER_V2_ILLUMEXT,RGB_BINDING_3.4.0,870,H025_L015_C020,62,26,27,d51976250aaa858e05026e48c584b35586a61daafd69b8ca379a0f2c7bdb82b8,044fae903a71858f7edcc40bb3eea6fdeb2d2a8fe7239997875ceb5493bbe8c1,SUPERSEDED_BY,EXPLICIT_ROW_ID_AND_REFERENCE_BINDING,MIGRATED_VERIFIED
8283ab91b10f89ac758d09ecf5fb4d6343536600a06dd468b1cc1ecf4ec747c4,ACTIVE_MASTER_V2_ILLUMEXT,RGB_BINDING_3.4.0,871,H025_L015_C025,68,21,23,b23d6f2bb8f9774287a5b648f843dafd78b54aa01315739be02963a6601ec0d6,d5dc82322a3f6731d2f19645dc9498a0659f41d3974440d005b742950fc58fc1,SUPERSEDED_BY,EXPLICIT_ROW_ID_AND_REFERENCE_BINDING,MIGRATED_VERIFIED
8283ab91b10f89ac758d09ecf5fb4d6343536600a06dd468b1cc1ecf4ec747c4,ACTIVE_MASTER_V2_ILLUMEXT,RGB_BINDING_3.4.0,872,H025_L015_C030,73,17,21,6d0540849083f8dde177f787869077c72c4d9b620bc9f11f518f4a0f5ac81902,74337eee2e70e7c18c2e269cf8e8c7bd1c3498a23400ef7bdeb7d5442cd8766a,SUPERSEDED_BY,EXPLICIT_ROW_ID_AND_REFERENCE_BINDING,MIGRATED_VERIFIED
8283ab91b10f89ac758d09ecf5fb4d6343536600a06dd468b1cc1ecf4ec747c4,ACTIVE_MASTER_V2_ILLUMEXT,RGB_BINDING_3.4.0,873,H025_L010_C005,35,25,25,9d08fef9762ee02ebf627363710ad9e1406fa395400c11759081ce0cf87f060e,5bfa74489ae017c541d9b4124b4556f22712f9ce39e63e941880f0291649f1d8,SUPERSEDED_BY,EXPLICIT_ROW_ID_AND_REFERENCE_BINDING,MIGRATED_VERIFIED
8283ab91b10f89ac758d09ecf5fb4d6343536600a06dd468b1cc1ecf4ec747c4,ACTIVE_MASTER_V2_ILLUMEXT,RGB_BINDING_3.4.0,874,H025_L010_C010,40,22,22,d0e594e49265affdeb8573903e2054c6bd68a3240bcdc83c884f29f7472491cc,348eed77137d1531ccb90b6e192cf3d86c7b1433cd8da6318f675208be0835ff,SUPERSEDED_BY,EXPLICIT_ROW_ID_AND_REFERENCE_BINDING,MIGRATED_VERIFIED
8283ab91b10f89ac758d09ecf5fb4d6343536600a06dd468b1cc1ecf4ec747c4,ACTIVE_MASTER_V2_ILLUMEXT,RGB_BINDING_3.4.0,875,H025_L010_C015,46,20,20,3ebffd42f208903536e6592668c91fcb5da256331e2261de62a2a30070a32c79,605dc9c12bfdc91c537a7578d525d07aa6f9e1412d7482c0b856945a86e0f40d,SUPERSEDED_BY,EXPLICIT_ROW_ID_AND_REFERENCE_BINDING,MIGRATED_VERIFIED
8283ab91b10f89ac758d09ecf5fb4d6343536600a06dd468b1cc1ecf4ec747c4,ACTIVE_MASTER_V2_ILLUMEXT,RGB_BINDING_3.4.0,876,H025_L010_C020,51,16,17,36e9385b34bda24a2cb252e72dc8c236130574362e1b7ba9c978663e686dfae5,b69bc6213799babb1536e038db0f9535ed9cefc59c6e4feb561ae0d8a7ef2009,SUPERSEDED_BY,EXPLICIT_ROW_ID_AND_REFERENCE_BINDING,MIGRATED_VERIFIED
8283ab91b10f89ac758d09ecf5fb4d6343536600a06dd468b1cc1ecf4ec747c4,ACTIVE_MASTER_V2_ILLUMEXT,RGB_BINDING_3.4.0,877,H025_L005_C005,25,14,13,854d5e521ed2c2881285108c1154b51259972b2fdf5200fdea50d44c37824506,3d9443f66ecdec7f5769b161d86fa29212be58851dd05a7ba12ad16df426c178,SUPERSEDED_BY,EXPLICIT_ROW_ID_AND_REFERENCE_BINDING,MIGRATED_VERIFIED
8283ab91b10f89ac758d09ecf5fb4d6343536600a06dd468b1cc1ecf4ec747c4,ACTIVE_MASTER_V2_ILLUMEXT,RGB_BINDING_3.4.0,878,H030_L090_C005,236,224,221,ba8d7c0788cff361b75e49284c427ecb2b5e1ec92d7697b294b01a713c8909d0,50b76e6f953ef3f62bde28e03e6e56c4d8ceded17c3e4fc2acebae6892467862,SUPERSEDED_BY,EXPLICIT_ROW_ID_AND_REFERENCE_BINDING,MIGRATED_VERIFIED
8283ab91b10f89ac758d09ecf5fb4d6343536600a06dd468b1cc1ecf4ec747c4,ACTIVE_MASTER_V2_ILLUMEXT,RGB_BINDING_3.4.0,879,H030_L090_C010,247,221,218,687d49f9f626e3fb80385090df08791d8ef57408dc31dee4f1590e38a50f84d1,31e2cb57e3c4e37b6b5e4d1eb8bab21fc90ef51021951b528b43aaa10d4a68e1,SUPERSEDED_BY,EXPLICIT_ROW_ID_AND_REFERENCE_BINDING,MIGRATED_VERIFIED
8283ab91b10f89ac758d09ecf5fb4d6343536600a06dd468b1cc1ecf4ec747c4,ACTIVE_MASTER_V2_ILLUMEXT,RGB_BINDING_3.4.0,880,H030_L085_C005,222,210,207,911d32efeea77bef54e49f78c9b11f1650b90be9631b3e15419c4416a22faa76,e8ff24eb4af1e04ed51fb4e9f4f29720703c82186c44b696b180752f7bda07bf,SUPERSEDED_BY,EXPLICIT_ROW_ID_AND_REFERENCE_BINDING,MIGRATED_VERIFIED
8283ab91b10f89ac758d09ecf5fb4d6343536600a06dd468b1cc1ecf4ec747c4,ACTIVE_MASTER_V2_ILLUMEXT,RGB_BINDING_3.4.0,881,H030_L085_C010,232,207,204,cbd5ce151db11c51f30881a0eda0f9c80a6d1f45b9b8c203a0debad7825e8c4a,00642c34e0177a64668c8ac34e4978f8af8ca281733f41a256b32053df5d905d,SUPERSEDED_BY,EXPLICIT_ROW_ID_AND_REFERENCE_BINDING,MIGRATED_VERIFIED
8283ab91b10f89ac758d09ecf5fb4d6343536600a06dd468b1cc1ecf4ec747c4,ACTIVE_MASTER_V2_ILLUMEXT,RGB_BINDING_3.4.0,882,H030_L085_C015,241,203,198,2df9f5ff15350c69b9f03ed069b04ab8df0caa14281f7d3d9e5dbaf6b6765ca5,849f7ce2c0b3d5ccb8d037d9ce04c3d8a71e63c98d5688c8c5bf1a18512608da,SUPERSEDED_BY,EXPLICIT_ROW_ID_AND_REFERENCE_BINDING,MIGRATED_VERIFIED
8283ab91b10f89ac758d09ecf5fb4d6343536600a06dd468b1cc1ecf4ec747c4,ACTIVE_MASTER_V2_ILLUMEXT,RGB_BINDING_3.4.0,883,H030_L085_C020,249,201,195,f4f232a1761eadb89c06c9d212283573173fb6d9cea290c3352303cefa1b0178,291fefb3f1317fb55a937bd126439ad9b69615c21954c73cbc1bc16523a32552,SUPERSEDED_BY,EXPLICIT_ROW_ID_AND_REFERENCE_BINDING,MIGRATED_VERIFIED
8283ab91b10f89ac758d09ecf5fb4d6343536600a06dd468b1cc1ecf4ec747c4,ACTIVE_MASTER_V2_ILLUMEXT,RGB_BINDING_3.4.0,884,H030_L085_C025,255,197,189,9e6839787ca3364f451b2f0fd1b670ba054bcb2b659aaadadfa87761a3e0626c,28dcbef3cd4eb748ab4790b783ea8eaeed8a248afe9c9b40f9a7e502928df557,SUPERSEDED_BY,EXPLICIT_ROW_ID_AND_REFERENCE_BINDING,MIGRATED_VERIFIED
8283ab91b10f89ac758d09ecf5fb4d6343536600a06dd468b1cc1ecf4ec747c4,ACTIVE_MASTER_V2_ILLUMEXT,RGB_BINDING_3.4.0,885,H030_L080_C005,208,196,193,84c740ef27c2621f28d6ae68e2252083328b7bdc7291927ce593052efa17770b,43ba52a12512afe890eaade9b1b4370a8f3c1263556edfef368eb62683284c34,SUPERSEDED_BY,EXPLICIT_ROW_ID_AND_REFERENCE_BINDING,MIGRATED_VERIFIED
8283ab91b10f89ac758d09ecf5fb4d6343536600a06dd468b1cc1ecf4ec747c4,ACTIVE_MASTER_V2_ILLUMEXT,RGB_BINDING_3.4.0,886,H030_L080_C010,218,193,190,12daa0c9c728b914d6dd3be875666cb236a5103266ad44c2ec575fe6bc5a91ea,d1bc2f011e6731886ec2b11f3eaa57506a5d157f491b8b7ac0782e494fd17d8e,SUPERSEDED_BY,EXPLICIT_ROW_ID_AND_REFERENCE_BINDING,MIGRATED_VERIFIED
8283ab91b10f89ac758d09ecf5fb4d6343536600a06dd468b1cc1ecf4ec747c4,ACTIVE_MASTER_V2_ILLUMEXT,RGB_BINDING_3.4.0,887,H030_L080_C015,227,190,184,f62cedaa00d3088a508abf09cc4aef7c3715f23bee780af75bc3b8e04a847a27,af11c61890f72835d5d9153ce2d383dd3f8d962a626dbd1a5ffccf26b389a5af,SUPERSEDED_BY,EXPLICIT_ROW_ID_AND_REFERENCE_BINDING,MIGRATED_VERIFIED
8283ab91b10f89ac758d09ecf5fb4d6343536600a06dd468b1cc1ecf4ec747c4,ACTIVE_MASTER_V2_ILLUMEXT,RGB_BINDING_3.4.0,888,H030_L080_C020,235,187,181,b88e4b502fab7e1d8033dce46359727813c40753a29639437e2cd0c339a5d669,0a4dc9d283baf1a2d83915fecc9fb5a2fd26d169be1526f7dc6b3dbab553e685,SUPERSEDED_BY,EXPLICIT_ROW_ID_AND_REFERENCE_BINDING,MIGRATED_VERIFIED
8283ab91b10f89ac758d09ecf5fb4d6343536600a06dd468b1cc1ecf4ec747c4,ACTIVE_MASTER_V2_ILLUMEXT,RGB_BINDING_3.4.0,889,H030_L080_C025,244,183,175,31b6237c60ff946f6bd105dc55317cd6e3d9413b38a7ca79345df9b90a8a72d6,e617bbf284fd9488534e96ba36a760fdba93059991734e19603ccf9a835349d5,SUPERSEDED_BY,EXPLICIT_ROW_ID_AND_REFERENCE_BINDING,MIGRATED_VERIFIED
8283ab91b10f89ac758d09ecf5fb4d6343536600a06dd468b1cc1ecf4ec747c4,ACTIVE_MASTER_V2_ILLUMEXT,RGB_BINDING_3.4.0,890,H030_L080_C030,251,179,171,414a4d83cad71d8604e301066d8834452a4786f0cb6722a7c9e92563c5eb6601,eb5d318aaa300090834498a056bf79c50dea820eae7457348987de82187404d6,SUPERSEDED_BY,EXPLICIT_ROW_ID_AND_REFERENCE_BINDING,MIGRATED_VERIFIED
8283ab91b10f89ac758d09ecf5fb4d6343536600a06dd468b1cc1ecf4ec747c4,ACTIVE_MASTER_V2_ILLUMEXT,RGB_BINDING_3.4.0,891,H030_L080_C035,255,177,167,706995ee068d97625861909d0dcf31d40dfd4c68e53f9ce16d9a7f6a4b0cf746,f39a2f7c3f202e096b03e678bc7deaab71597915b35ce4dd2acec7328ac9fcbf,SUPERSEDED_BY,EXPLICIT_ROW_ID_AND_REFERENCE_BINDING,MIGRATED_VERIFIED
8283ab91b10f89ac758d09ecf5fb4d6343536600a06dd468b1cc1ecf4ec747c4,ACTIVE_MASTER_V2_ILLUMEXT,RGB_BINDING_3.4.0,892,H030_L075_C005,193,182,179,ae468f63d4660cbdabe3f23f1c145d508d3171441e8e1ec13eb0faed75e0abed,646ec023bb9a76e0b19fd544acc9442caafc4f4a20cf36e9345c7c0c207ab297,SUPERSEDED_BY,EXPLICIT_ROW_ID_AND_REFERENCE_BINDING,MIGRATED_VERIFIED
8283ab91b10f89ac758d09ecf5fb4d6343536600a06dd468b1cc1ecf4ec747c4,ACTIVE_MASTER_V2_ILLUMEXT,RGB_BINDING_3.4.0,893,H030_L075_C010,204,178,175,9780b68cdbf659d19676bff4ab97422c2e77a056a202b1c4ff6549ded2f6a8ce,45218e19ba5c2ae0e36c63551a5d2d2199e3e013356fa06e8ff293ed2f13d182,SUPERSEDED_BY,EXPLICIT_ROW_ID_AND_REFERENCE_BINDING,MIGRATED_VERIFIED
8283ab91b10f89ac758d09ecf5fb4d6343536600a06dd468b1cc1ecf4ec747c4,ACTIVE_MASTER_V2_ILLUMEXT,RGB_BINDING_3.4.0,894,H030_L075_C015,211,175,170,1d8162f550efe2297cbf0ca8769a826b13427a892138a880814cdb43149b7415,fb72e90e86fa053e9fd14b42f1dffb07fca3ab5d7824dd673392135ff4e50317,SUPERSEDED_BY,EXPLICIT_ROW_ID_AND_REFERENCE_BINDING,MIGRATED_VERIFIED
8283ab91b10f89ac758d09ecf5fb4d6343536600a06dd468b1cc1ecf4ec747c4,ACTIVE_MASTER_V2_ILLUMEXT,RGB_BINDING_3.4.0,895,H030_L075_C020,220,173,167,3a6ee672311786164eb824b0c7482291a4fde0dbe4a3cf7edec93754358d3443,67c72461e8072faa68fd2eff00cc7b1665fc4644b552b8b6877d11e4bdb7cef4,SUPERSEDED_BY,EXPLICIT_ROW_ID_AND_REFERENCE_BINDING,MIGRATED_VERIFIED
8283ab91b10f89ac758d09ecf5fb4d6343536600a06dd468b1cc1ecf4ec747c4,ACTIVE_MASTER_V2_ILLUMEXT,RGB_BINDING_3.4.0,896,H030_L075_C025,229,169,161,8737b76920c6cae1ee69d521f9c2b49aee63a24559324b5b3ad1393c50e617f1,b715a3d61b444ddaa5458f02f7a5698e89614131c5b10a5fd5c4ede5a5f3dc0d,SUPERSEDED_BY,EXPLICIT_ROW_ID_AND_REFERENCE_BINDING,MIGRATED_VERIFIED
8283ab91b10f89ac758d09ecf5fb4d6343536600a06dd468b1cc1ecf4ec747c4,ACTIVE_MASTER_V2_ILLUMEXT,RGB_BINDING_3.4.0,897,H030_L075_C030,236,166,158,333311f33cf42081404a755b39f95c0236a232287a45f92c806ab655fb77f5d4,adfd5a7ab39c5aace8a122c705188d3d2f4344657bdc2471a3ae80f805db2d1b,SUPERSEDED_BY,EXPLICIT_ROW_ID_AND_REFERENCE_BINDING,MIGRATED_VERIFIED
8283ab91b10f89ac758d09ecf5fb4d6343536600a06dd468b1cc1ecf4ec747c4,ACTIVE_MASTER_V2_ILLUMEXT,RGB_BINDING_3.4.0,898,H030_L075_C035,243,162,152,83992cb364ea2b7dea21cbd1c8ba978a9bbdade146f44580dc1adba4fc7b9f05,b4b1b933ae342f792acf60711d5a47b6b38e43f0e97040c78b3d4e46e3b2f6d6,SUPERSEDED_BY,EXPLICIT_ROW_ID_AND_REFERENCE_BINDING,MIGRATED_VERIFIED
8283ab91b10f89ac758d09ecf5fb4d6343536600a06dd468b1cc1ecf4ec747c4,ACTIVE_MASTER_V2_ILLUMEXT,RGB_BINDING_3.4.0,899,H030_L075_C040,252,159,150,54e1db3855a2b99f621a89651134e3771df657f5fe7e5d15a255a19b3719077e,4629617426ce6ad36b4430deb7351bdd84748649674b317d299d662937c24492,SUPERSEDED_BY,EXPLICIT_ROW_ID_AND_REFERENCE_BINDING,MIGRATED_VERIFIED
8283ab91b10f89ac758d09ecf5fb4d6343536600a06dd468b1cc1ecf4ec747c4,ACTIVE_MASTER_V2_ILLUMEXT,RGB_BINDING_3.4.0,900,H030_L075_C045,255,154,144,278d9887d7537396bf53c367b7b54091f17378b4140c63a94d157c5d4d144b94,40ba3f9f77dbe2aba1ef0659ed1e90c84f58a2ca0ae8b232a2d9d0d2bbd5566d,SUPERSEDED_BY,EXPLICIT_ROW_ID_AND_REFERENCE_BINDING,MIGRATED_VERIFIED
8283ab91b10f89ac758d09ecf5fb4d6343536600a06dd468b1cc1ecf4ec747c4,ACTIVE_MASTER_V2_ILLUMEXT,RGB_BINDING_3.4.0,901,H030_L070_C005,180,169,166,c6555703ab306014d7249d3649394fe976969d2e167e800fab22b20f1f551569,c5e6125f4d4dc1416715bcb665d86230454100d843a8f77af5b1585e5bf61cde,SUPERSEDED_BY,EXPLICIT_ROW_ID_AND_REFERENCE_BINDING,MIGRATED_VERIFIED
8283ab91b10f89ac758d09ecf5fb4d6343536600a06dd468b1cc1ecf4ec747c4,ACTIVE_MASTER_V2_ILLUMEXT,RGB_BINDING_3.4.0,902,H030_L070_C010,191,166,163,797020c9185b6457d10cb51b31edf6e020a8d20ece18b7fa13acf13ae8f66106,eb340a5cc8c3513d03864bb0aa66f1b69a9bcbd3d7d1af5f3e1cee961b0644cb,SUPERSEDED_BY,EXPLICIT_ROW_ID_AND_REFERENCE_BINDING,MIGRATED_VERIFIED
8283ab91b10f89ac758d09ecf5fb4d6343536600a06dd468b1cc1ecf4ec747c4,ACTIVE_MASTER_V2_ILLUMEXT,RGB_BINDING_3.4.0,903,H030_L070_C015,199,163,157,3c0fa3bffcdc5d2be44f9a2d522496bad7460c0634778b48fbc0db697a346a8d,52fb9164c34a54cd7b13365f5c2e28518115c4942c76a6d614734774b239c1a8,SUPERSEDED_BY,EXPLICIT_ROW_ID_AND_REFERENCE_BINDING,MIGRATED_VERIFIED
8283ab91b10f89ac758d09ecf5fb4d6343536600a06dd468b1cc1ecf4ec747c4,ACTIVE_MASTER_V2_ILLUMEXT,RGB_BINDING_3.4.0,904,H030_L070_C020,207,160,155,0c6a7d595529df2c3bafea8c87736126eb3f3e4f06e8f94b1ffa8f2fdb1bab2d,fde6911cc89084a7ab62290251ff47bf2e6cadb2648b5a341e08aed4095b16ea,SUPERSEDED_BY,EXPLICIT_ROW_ID_AND_REFERENCE_BINDING,MIGRATED_VERIFIED
8283ab91b10f89ac758d09ecf5fb4d6343536600a06dd468b1cc1ecf4ec747c4,ACTIVE_MASTER_V2_ILLUMEXT,RGB_BINDING_3.4.0,905,H030_L070_C025,216,156,149,51cf5d3f70c1b297e2e46bfcbae5e08eb361cd95f4e2d0f7ff7cfe6a3f09ce40,a83ec1d935b06a3abd1f57ab491b2f46b202f5db3cd93e26d6987392c366c199,SUPERSEDED_BY,EXPLICIT_ROW_ID_AND_REFERENCE_BINDING,MIGRATED_VERIFIED
8283ab91b10f89ac758d09ecf5fb4d6343536600a06dd468b1cc1ecf4ec747c4,ACTIVE_MASTER_V2_ILLUMEXT,RGB_BINDING_3.4.0,906,H030_L070_C030,222,153,145,b598db1999b94f8d42f4edb00913354329d6129b3ccbd399e09bfe0a359dbe6a,f9ad6e130bae5fe5dee2b5f3bdd96750b919b03ad80819f1b383748f94a6dc0e,SUPERSEDED_BY,EXPLICIT_ROW_ID_AND_REFERENCE_BINDING,MIGRATED_VERIFIED
8283ab91b10f89ac758d09ecf5fb4d6343536600a06dd468b1cc1ecf4ec747c4,ACTIVE_MASTER_V2_ILLUMEXT,RGB_BINDING_3.4.0,907,H030_L070_C035,230,150,141,ac491b359953a53d13cb8d7787c632a19411857c83bb81004de0306fd704ab23,3aaa84dbf8bc836d0a0d4bf9153fc6c341426b8bed7fd1c2bf10e9503d039b83,SUPERSEDED_BY,EXPLICIT_ROW_ID_AND_REFERENCE_BINDING,MIGRATED_VERIFIED
8283ab91b10f89ac758d09ecf5fb4d6343536600a06dd468b1cc1ecf4ec747c4,ACTIVE_MASTER_V2_ILLUMEXT,RGB_BINDING_3.4.0,908,H030_L070_C040,237,145,137,ec42a946bc9244e4930b854b75f613070806bb8390405d52482206a86e9a92a5,ce32ba115605de29c815616259bd626658fcc0b45cf0fabba05112c29d35f053,SUPERSEDED_BY,EXPLICIT_ROW_ID_AND_REFERENCE_BINDING,MIGRATED_VERIFIED
8283ab91b10f89ac758d09ecf5fb4d6343536600a06dd468b1cc1ecf4ec747c4,ACTIVE_MASTER_V2_ILLUMEXT,RGB_BINDING_3.4.0,909,H030_L070_C045,244,142,132,2ab777096bbf0361d876a44983c5a4037338b8f040dcd4df53663f7f4bcb5237,757b15163ecf25c46a9e2881ec88df428656d73aca82c539645633d06cb72cc2,SUPERSEDED_BY,EXPLICIT_ROW_ID_AND_REFERENCE_BINDING,MIGRATED_VERIFIED
8283ab91b10f89ac758d09ecf5fb4d6343536600a06dd468b1cc1ecf4ec747c4,ACTIVE_MASTER_V2_ILLUMEXT,RGB_BINDING_3.4.0,910,H030_L070_C050,251,138,129,fa7669b0f2fe50de3972226c1688f35f8a2ecba716856f1b531e42b310ef98e7,f16ff12644ccf87311e849af6589fbac4f3c864db40da6e93cfe08168df910e9,SUPERSEDED_BY,EXPLICIT_ROW_ID_AND_REFERENCE_BINDING,MIGRATED_VERIFIED
8283ab91b10f89ac758d09ecf5fb4d6343536600a06dd468b1cc1ecf4ec747c4,ACTIVE_MASTER_V2_ILLUMEXT,RGB_BINDING_3.4.0,911,H030_L070_C055,255,133,124,8e878d4df73c80cd7ca8ec97e6fa5ff38496afc5b65153eeb8e946395ff850a7,75a87756a5bbe03fa3a86a7e04c824654f5e5f2c6aad2a261d2fd9a687dc74b3,SUPERSEDED_BY,EXPLICIT_ROW_ID_AND_REFERENCE_BINDING,MIGRATED_VERIFIED
8283ab91b10f89ac758d09ecf5fb4d6343536600a06dd468b1cc1ecf4ec747c4,ACTIVE_MASTER_V2_ILLUMEXT,RGB_BINDING_3.4.0,912,H030_L070_C060,255,128,120,1b28eb52545900e744d136cf67abe7e0a0f7c5961c1eb07dac646e2e6df2bb2a,b380bdfe3230a740211c1557a925a261ea3ec4a3ddc6f83392cd5f19393f3b25,SUPERSEDED_BY,EXPLICIT_ROW_ID_AND_REFERENCE_BINDING,MIGRATED_VERIFIED
8283ab91b10f89ac758d09ecf5fb4d6343536600a06dd468b1cc1ecf4ec747c4,ACTIVE_MASTER_V2_ILLUMEXT,RGB_BINDING_3.4.0,913,H030_L065_C005,167,155,153,d291292a2a66c37b7622db657f4eb244cef202aea9f70e6978fad83c5d6c4f42,29b3efe30fe269a57bba05522c91dcf1399a24b06b25d92ff55e845435189c34,SUPERSEDED_BY,EXPLICIT_ROW_ID_AND_REFERENCE_BINDING,MIGRATED_VERIFIED
8283ab91b10f89ac758d09ecf5fb4d6343536600a06dd468b1cc1ecf4ec747c4,ACTIVE_MASTER_V2_ILLUMEXT,RGB_BINDING_3.4.0,914,H030_L065_C010,177,152,150,c0d326901a6ae7c53b27a88a8e71b53f49ac1a67a09d853f1eefe2a9fb33db5b,6ac2c2bec005f90fb9c24ea414c449a0d46460709421b727c06a92a23efbd620,SUPERSEDED_BY,EXPLICIT_ROW_ID_AND_REFERENCE_BINDING,MIGRATED_VERIFIED
8283ab91b10f89ac758d09ecf5fb4d6343536600a06dd468b1cc1ecf4ec747c4,ACTIVE_MASTER_V2_ILLUMEXT,RGB_BINDING_3.4.0,915,H030_L065_C015,185,150,145,c68f2f9e896586b4b61189f37b24764824ae43c67275bc90bd9e175948d31e9e,24696079652101be029a34dcbc22eb970fcc0f53712d243abab2fb1eca120a21,SUPERSEDED_BY,EXPLICIT_ROW_ID_AND_REFERENCE_BINDING,MIGRATED_VERIFIED
8283ab91b10f89ac758d09ecf5fb4d6343536600a06dd468b1cc1ecf4ec747c4,ACTIVE_MASTER_V2_ILLUMEXT,RGB_BINDING_3.4.0,916,H030_L065_C020,192,147,141,ca86bd2cb2ce3afe131a09fbc236774c59954aa17a855693e72494c6a4a4bf4a,ab8b71ad818d091f8e67fb62ff5c842a788daffbf683c9231580f2bd75bdea5e,SUPERSEDED_BY,EXPLICIT_ROW_ID_AND_REFERENCE_BINDING,MIGRATED_VERIFIED
8283ab91b10f89ac758d09ecf5fb4d6343536600a06dd468b1cc1ecf4ec747c4,ACTIVE_MASTER_V2_ILLUMEXT,RGB_BINDING_3.4.0,917,H030_L065_C025,201,142,136,77a239368829ea0de0a3f2213f683c5cf99d209dde1b57d52e4fe43db627b477,6f499d9134f2b3144d452d706a6f4698fde98c1679cb8d2271a22e1fc89a973a,SUPERSEDED_BY,EXPLICIT_ROW_ID_AND_REFERENCE_BINDING,MIGRATED_VERIFIED
8283ab91b10f89ac758d09ecf5fb4d6343536600a06dd468b1cc1ecf4ec747c4,ACTIVE_MASTER_V2_ILLUMEXT,RGB_BINDING_3.4.0,918,H030_L065_C030,208,140,133,9ca4e8efd60533809b0e2342e3489b0e433a2aa7b72283a32b0fa4a970a43380,217bac8f310b3920736b1e43eae8b170e87ea0a736aa0f9b347a98d0b38d5342,SUPERSEDED_BY,EXPLICIT_ROW_ID_AND_REFERENCE_BINDING,MIGRATED_VERIFIED
8283ab91b10f89ac758d09ecf5fb4d6343536600a06dd468b1cc1ecf4ec747c4,ACTIVE_MASTER_V2_ILLUMEXT,RGB_BINDING_3.4.0,919,H030_L065_C035,215,137,127,5ba5bc91bed86ec2626c594850d1c1d64ced6f87646b1cacbd23a49cf43423c1,9ef553b54832abe96b11fea02baea42631ff70b4e4fc58fea40a935a7cff4ad0,SUPERSEDED_BY,EXPLICIT_ROW_ID_AND_REFERENCE_BINDING,MIGRATED_VERIFIED
8283ab91b10f89ac758d09ecf5fb4d6343536600a06dd468b1cc1ecf4ec747c4,ACTIVE_MASTER_V2_ILLUMEXT,RGB_BINDING_3.4.0,920,H030_L065_C040,223,132,124,51cbdb48d5d830e56c417099f371f17e7747b25b495931f28cb25a4be1f2b698,b2e290228e96209cb0609d1597b012f5f13b28b04c1ec4211f7f6f309855acf5,SUPERSEDED_BY,EXPLICIT_ROW_ID_AND_REFERENCE_BINDING,MIGRATED_VERIFIED
8283ab91b10f89ac758d09ecf5fb4d6343536600a06dd468b1cc1ecf4ec747c4,ACTIVE_MASTER_V2_ILLUMEXT,RGB_BINDING_3.4.0,921,H030_L065_C045,229,129,119,36a7108f6080c340f7ca35c2c88834791f36d8678d53a33e3875c7366c3bf70b,b46680e18dac4c825b96856c94b55dc1c6b15adfb1134a20355adf5021c11b5e,SUPERSEDED_BY,EXPLICIT_ROW_ID_AND_REFERENCE_BINDING,MIGRATED_VERIFIED
8283ab91b10f89ac758d09ecf5fb4d6343536600a06dd468b1cc1ecf4ec747c4,ACTIVE_MASTER_V2_ILLUMEXT,RGB_BINDING_3.4.0,922,H030_L065_C050,235,124,116,65969d57fa7aa7e1631e3f58b07324c0211f673c0954353427db8c0fdc4a2eee,0ecc44af91496c9812df691bdd8558961443bf5d8092462211adafb3f8eae914,SUPERSEDED_BY,EXPLICIT_ROW_ID_AND_REFERENCE_BINDING,MIGRATED_VERIFIED
8283ab91b10f89ac758d09ecf5fb4d6343536600a06dd468b1cc1ecf4ec747c4,ACTIVE_MASTER_V2_ILLUMEXT,RGB_BINDING_3.4.0,923,H030_L065_C055,243,120,112,7851c815b63c63369ea8ebc25c4d6d4221c59c5773f36faeae2b1587fff0aeb0,3260e1e6b3b2418395efec400f63ed6f9dc7df61182a06f4e76dd2269230addd,SUPERSEDED_BY,EXPLICIT_ROW_ID_AND_REFERENCE_BINDING,MIGRATED_VERIFIED
8283ab91b10f89ac758d09ecf5fb4d6343536600a06dd468b1cc1ecf4ec747c4,ACTIVE_MASTER_V2_ILLUMEXT,RGB_BINDING_3.4.0,924,H030_L065_C060,248,114,107,513aa03a7cc66c1286440ef8c056906fd23adc40d2fcc88244a8681317e832e1,c9894d0b9fc1603f2848d7ae32fa07798ef64e650c824415f5accd65978bfe86,SUPERSEDED_BY,EXPLICIT_ROW_ID_AND_REFERENCE_BINDING,MIGRATED_VERIFIED
8283ab91b10f89ac758d09ecf5fb4d6343536600a06dd468b1cc1ecf4ec747c4,ACTIVE_MASTER_V2_ILLUMEXT,RGB_BINDING_3.4.0,925,H030_L065_C065,255,110,103,54001142ca06414000e96399abbea062590493d0ab2b2363f893adf686e33881,6a047d7df2edcc56fec040362ca8cfe13cd7ed159d82725792642eee3794083e,SUPERSEDED_BY,EXPLICIT_ROW_ID_AND_REFERENCE_BINDING,MIGRATED_VERIFIED
8283ab91b10f89ac758d09ecf5fb4d6343536600a06dd468b1cc1ecf4ec747c4,ACTIVE_MASTER_V2_ILLUMEXT,RGB_BINDING_3.4.0,926,H030_L065_C070,255,103,100,4127a99ea1bee78bb15ef4bd6e5b5b30625fbd6d67d529a8193b45fdd8fe7507,8e76be57930ddb0f9150a0455c559a4e40f78d6de19f526779c294d7b5886185,SUPERSEDED_BY,EXPLICIT_ROW_ID_AND_REFERENCE_BINDING,MIGRATED_VERIFIED
8283ab91b10f89ac758d09ecf5fb4d6343536600a06dd468b1cc1ecf4ec747c4,ACTIVE_MASTER_V2_ILLUMEXT,RGB_BINDING_3.4.0,927,H030_L060_C005,154,142,140,8d9d28b1c67339b6323569f9b0ca1bb044035f9312f57873d74c26504420bbb4,f422eff08f03b0e647d1ff11cb9bd8e95337beae23f19cdd0290d4bcac17bef9,SUPERSEDED_BY,EXPLICIT_ROW_ID_AND_REFERENCE_BINDING,MIGRATED_VERIFIED
8283ab91b10f89ac758d09ecf5fb4d6343536600a06dd468b1cc1ecf4ec747c4,ACTIVE_MASTER_V2_ILLUMEXT,RGB_BINDING_3.4.0,928,H030_L060_C010,163,139,136,27a43c8f1d44de11a4ca124a5bc5c28dc7b12257e594bd46c1c04c340659f502,115327199ae9658c4ca28ce35a088a9ed04570e75517e5cadc1aafd92e000302,SUPERSEDED_BY,EXPLICIT_ROW_ID_AND_REFERENCE_BINDING,MIGRATED_VERIFIED
8283ab91b10f89ac758d09ecf5fb4d6343536600a06dd468b1cc1ecf4ec747c4,ACTIVE_MASTER_V2_ILLUMEXT,RGB_BINDING_3.4.0,929,H030_L060_C015,170,136,131,f8bd4d84a07201913d23a812ed57e9e8761750ca44aec2a669d401f72536d8a1,a27baa76aebffda490336b6cd15acae0e56d3a170c32146e4829d80d7e74dc50,SUPERSEDED_BY,EXPLICIT_ROW_ID_AND_REFERENCE_BINDING,MIGRATED_VERIFIED
8283ab91b10f89ac758d09ecf5fb4d6343536600a06dd468b1cc1ecf4ec747c4,ACTIVE_MASTER_V2_ILLUMEXT,RGB_BINDING_3.4.0,930,H030_L060_C020,178,133,128,40a95e10b18fc0a2b6babf291c67c6f50bed026238dcb8a92c6b5c3d67588c61,f3c167d504cdbf34a9bf8024f73fe764382befbe8e250c5474206f0890fd96e0,SUPERSEDED_BY,EXPLICIT_ROW_ID_AND_REFERENCE_BINDING,MIGRATED_VERIFIED
8283ab91b10f89ac758d09ecf5fb4d6343536600a06dd468b1cc1ecf4ec747c4,ACTIVE_MASTER_V2_ILLUMEXT,RGB_BINDING_3.4.0,931,H030_L060_C025,186,129,122,121fdb23aeaf524e5f6fdf4e5896e0c2efae87bc42db4472b98fac4c2635b904,32eec29a75613813bfd245e11c66b58df364709f5279f0d517489be5b9c58da1,SUPERSEDED_BY,EXPLICIT_ROW_ID_AND_REFERENCE_BINDING,MIGRATED_VERIFIED
8283ab91b10f89ac758d09ecf5fb4d6343536600a06dd468b1cc1ecf4ec747c4,ACTIVE_MASTER_V2_ILLUMEXT,RGB_BINDING_3.4.0,932,H030_L060_C030,193,126,119,1a5f9cff621d4520bf2aa8793baa6379a6a6d57ab4e06153c2f3966881c12cc1,deb7e4a67945a17299397c69a9e7f018057f0376310485a2bf08cb640488b7eb,SUPERSEDED_BY,EXPLICIT_ROW_ID_AND_REFERENCE_BINDING,MIGRATED_VERIFIED
8283ab91b10f89ac758d09ecf5fb4d6343536600a06dd468b1cc1ecf4ec747c4,ACTIVE_MASTER_V2_ILLUMEXT,RGB_BINDING_3.4.0,933,H030_L060_C035,200,123,114,c293413c4b55df17b9546b001b836c9cdaaaa5f1e919a9ac9ad8306d08295319,2f596a463360bd3b7606a2232c73407031c20eb009c1a42d9ceca5cd69dd1857,SUPERSEDED_BY,EXPLICIT_ROW_ID_AND_REFERENCE_BINDING,MIGRATED_VERIFIED
8283ab91b10f89ac758d09ecf5fb4d6343536600a06dd468b1cc1ecf4ec747c4,ACTIVE_MASTER_V2_ILLUMEXT,RGB_BINDING_3.4.0,934,H030_L060_C040,207,118,111,121aaba16974082592be792021006d8a0403eb1da3e539f3f7600b26bcaac864,3ccce5cf979c211490004fb51e6097831cd10d2bdc591edea5c888a4e14b36a6,SUPERSEDED_BY,EXPLICIT_ROW_ID_AND_REFERENCE_BINDING,MIGRATED_VERIFIED
8283ab91b10f89ac758d09ecf5fb4d6343536600a06dd468b1cc1ecf4ec747c4,ACTIVE_MASTER_V2_ILLUMEXT,RGB_BINDING_3.4.0,935,H030_L060_C045,214,115,107,2c8a2e4c738c2d3c7cec6a488c696253f95d7a8d165c3deec9426b94833f9d79,929cadfd1d7633d3812c2c1f333911e874515086fdbb0c37b8d1e751c4d02c3d,SUPERSEDED_BY,EXPLICIT_ROW_ID_AND_REFERENCE_BINDING,MIGRATED_VERIFIED
8283ab91b10f89ac758d09ecf5fb4d6343536600a06dd468b1cc1ecf4ec747c4,ACTIVE_MASTER_V2_ILLUMEXT,RGB_BINDING_3.4.0,936,H030_L060_C050,220,111,104,c4ed1d82c6976a4cc3744712c92950e764d469f33cb800950b4ef886f90ee7a1,b3a1c76ab6b20eb5f58bb8b20853724def796de325a206347ca73f43003c6bbb,SUPERSEDED_BY,EXPLICIT_ROW_ID_AND_REFERENCE_BINDING,MIGRATED_VERIFIED
8283ab91b10f89ac758d09ecf5fb4d6343536600a06dd468b1cc1ecf4ec747c4,ACTIVE_MASTER_V2_ILLUMEXT,RGB_BINDING_3.4.0,937,H030_L060_C055,228,106,99,234378f301d156f446cb03256f47497da1ad747a1a7224427b2a48fb33d266ce,eeaf4fbc8cfaad64b9d72fab9984d8facf19e63f8430e6727d28fa34618be216,SUPERSEDED_BY,EXPLICIT_ROW_ID_AND_REFERENCE_BINDING,MIGRATED_VERIFIED
8283ab91b10f89ac758d09ecf5fb4d6343536600a06dd468b1cc1ecf4ec747c4,ACTIVE_MASTER_V2_ILLUMEXT,RGB_BINDING_3.4.0,938,H030_L060_C060,233,101,96,d51ac9dd57435520c527962ac55e0d554f7f09fb5104eedfc6f00b59d64ff153,31c5606ba2ad4d5d9bc45e3655e7ec50105b2f5ab2ebfbf8cecc80133cad635b,SUPERSEDED_BY,EXPLICIT_ROW_ID_AND_REFERENCE_BINDING,MIGRATED_VERIFIED
8283ab91b10f89ac758d09ecf5fb4d6343536600a06dd468b1cc1ecf4ec747c4,ACTIVE_MASTER_V2_ILLUMEXT,RGB_BINDING_3.4.0,939,H030_L060_C065,239,96,91,3af8e9d909c16095ca0bc590bd1b9cc6ed8fd7389f77700d37bc14eb69628006,b1098a5b847b98dea2ed02ad6cd842a8b2782a91a66a8ebca49dc4927021adec,SUPERSEDED_BY,EXPLICIT_ROW_ID_AND_REFERENCE_BINDING,MIGRATED_VERIFIED
8283ab91b10f89ac758d09ecf5fb4d6343536600a06dd468b1cc1ecf4ec747c4,ACTIVE_MASTER_V2_ILLUMEXT,RGB_BINDING_3.4.0,940,H030_L060_C070,246,89,88,fbee1bfdc01d5b027b7e482643d34a23c4fa4e3424ba5f0fee1383b2ef916109,42644674a5009c7bffda1025ec4bdfababc0f5878ba424bfe1ec6abffe5db727,SUPERSEDED_BY,EXPLICIT_ROW_ID_AND_REFERENCE_BINDING,MIGRATED_VERIFIED
8283ab91b10f89ac758d09ecf5fb4d6343536600a06dd468b1cc1ecf4ec747c4,ACTIVE_MASTER_V2_ILLUMEXT,RGB_BINDING_3.4.0,941,H030_L060_C075,251,82,83,a32950a8019246cb490a4e2478f36e11a270cfa9d3698ebd34fdd1d05bbc0f6c,2d14ce788b3379e857291d07786a15410fcaea86414add5174a5f44e951aa7b6,SUPERSEDED_BY,EXPLICIT_ROW_ID_AND_REFERENCE_BINDING,MIGRATED_VERIFIED
8283ab91b10f89ac758d09ecf5fb4d6343536600a06dd468b1cc1ecf4ec747c4,ACTIVE_MASTER_V2_ILLUMEXT,RGB_BINDING_3.4.0,942,H030_L055_C005,140,129,126,46c45eab550380b8249f2a64cbbc4b5943f7ca56d1d31378b4f6c9dc56eb3046,d716d8932d5ac5685afcca648e7c80381f393918933576910a4a692579b885eb,SUPERSEDED_BY,EXPLICIT_ROW_ID_AND_REFERENCE_BINDING,MIGRATED_VERIFIED
8283ab91b10f89ac758d09ecf5fb4d6343536600a06dd468b1cc1ecf4ec747c4,ACTIVE_MASTER_V2_ILLUMEXT,RGB_BINDING_3.4.0,943,H030_L055_C010,150,126,123,de16e03647ab0787c33ed42d17b70c70f5549ad1847fcf09ccee393ea5460e9b,091325d1e6fed40da77d9420b5b4e19d531140b1c24c7df1d6f960f96fd500b6,SUPERSEDED_BY,EXPLICIT_ROW_ID_AND_REFERENCE_BINDING,MIGRATED_VERIFIED
8283ab91b10f89ac758d09ecf5fb4d6343536600a06dd468b1cc1ecf4ec747c4,ACTIVE_MASTER_V2_ILLUMEXT,RGB_BINDING_3.4.0,944,H030_L055_C015,157,123,118,6094c9a831550abd1419f2d016c902ad1e4afde7b60bee3c0a996ccd84502e77,ac57793b600d80ee2452260166cab408af7252f303388b4790cd4f423f3bcd4b,SUPERSEDED_BY,EXPLICIT_ROW_ID_AND_REFERENCE_BINDING,MIGRATED_VERIFIED
8283ab91b10f89ac758d09ecf5fb4d6343536600a06dd468b1cc1ecf4ec747c4,ACTIVE_MASTER_V2_ILLUMEXT,RGB_BINDING_3.4.0,945,H030_L055_C020,164,121,115,86d843819d679c1e3427ec9fde1c0eaa71290f129d9cbdf5bb88d6f5313ca70c,67addc1238a00d7643a1f3c0a2e61391ee70ac69a3d2013bca826480d7159b77,SUPERSEDED_BY,EXPLICIT_ROW_ID_AND_REFERENCE_BINDING,MIGRATED_VERIFIED
8283ab91b10f89ac758d09ecf5fb4d6343536600a06dd468b1cc1ecf4ec747c4,ACTIVE_MASTER_V2_ILLUMEXT,RGB_BINDING_3.4.0,946,H030_L055_C025,173,117,110,2422d12c1e104137e2f49685564c1c58f507a09dd5f37b7e4e3fa06937453e51,a3eaf190fc1d7d8c2a3dbd8550f8b9a3351e753c4994bb13d6feac2fc1fed861,SUPERSEDED_BY,EXPLICIT_ROW_ID_AND_REFERENCE_BINDING,MIGRATED_VERIFIED
8283ab91b10f89ac758d09ecf5fb4d6343536600a06dd468b1cc1ecf4ec747c4,ACTIVE_MASTER_V2_ILLUMEXT,RGB_BINDING_3.4.0,947,H030_L055_C030,179,113,107,9acef5c41d7df17dcd53781282c31ffacd4b0e0790d23a2400032f6b2463c646,cc12decceed72ffccaaf74ec4bf74f1aff1e69d70e5a6a0b38116ad5fd781054,SUPERSEDED_BY,EXPLICIT_ROW_ID_AND_REFERENCE_BINDING,MIGRATED_VERIFIED
8283ab91b10f89ac758d09ecf5fb4d6343536600a06dd468b1cc1ecf4ec747c4,ACTIVE_MASTER_V2_ILLUMEXT,RGB_BINDING_3.4.0,948,H030_L055_C035,185,110,102,9d1a77958fbcd201ed61baba64990f80dd4f532c1af19c0cd8358d6469f591cc,598db798aae19cdc2c84351475f8abd1ccd3d1eeb28cefe4a662501d28af5a21,SUPERSEDED_BY,EXPLICIT_ROW_ID_AND_REFERENCE_BINDING,MIGRATED_VERIFIED
8283ab91b10f89ac758d09ecf5fb4d6343536600a06dd468b1cc1ecf4ec747c4,ACTIVE_MASTER_V2_ILLUMEXT,RGB_BINDING_3.4.0,949,H030_L055_C040,193,106,99,b4f4fa4fd797cf98aa7c93dac0e7147240f70e9df080c7ad2efe1f3588318102,b913a016b368389b1766273bed9d4f150e7f72bd839c6855fb78353f96559cd9,SUPERSEDED_BY,EXPLICIT_ROW_ID_AND_REFERENCE_BINDING,MIGRATED_VERIFIED
8283ab91b10f89ac758d09ecf5fb4d6343536600a06dd468b1cc1ecf4ec747c4,ACTIVE_MASTER_V2_ILLUMEXT,RGB_BINDING_3.4.0,950,H030_L055_C045,199,102,94,0e2cd9685f3acfc17680a353f13271593155ae1a1112818a76968548ccb1b139,b944d902363c291d454a3cad918b8c595c5c3c79b41b1711cb8b48c2768f7be2,SUPERSEDED_BY,EXPLICIT_ROW_ID_AND_REFERENCE_BINDING,MIGRATED_VERIFIED
8283ab91b10f89ac758d09ecf5fb4d6343536600a06dd468b1cc1ecf4ec747c4,ACTIVE_MASTER_V2_ILLUMEXT,RGB_BINDING_3.4.0,951,H030_L055_C050,204,97,90,6cc4bfe728f9f74667e8d625e35c29584372bcaffc7f935a7b81e89c742ef855,894d03bca8562d94ab57de29dd380696372fb71bcc0a3c45de7435f92a07d2ad,SUPERSEDED_BY,EXPLICIT_ROW_ID_AND_REFERENCE_BINDING,MIGRATED_VERIFIED
8283ab91b10f89ac758d09ecf5fb4d6343536600a06dd468b1cc1ecf4ec747c4,ACTIVE_MASTER_V2_ILLUMEXT,RGB_BINDING_3.4.0,952,H030_L055_C055,212,92,86,ae67c67226a03dae88e57b26c3a87607fd673db5811a27eeb3286c402ca24381,456469b836d3f3a2ae6630fe183f52c8bf1c544a998fbc2cf5515f532d8cb785,SUPERSEDED_BY,EXPLICIT_ROW_ID_AND_REFERENCE_BINDING,MIGRATED_VERIFIED
8283ab91b10f89ac758d09ecf5fb4d6343536600a06dd468b1cc1ecf4ec747c4,ACTIVE_MASTER_V2_ILLUMEXT,RGB_BINDING_3.4.0,953,H030_L055_C060,217,86,83,d832e77fedfc82f8254440c77926f549df40357eb10a2e62a8ff44707bb82f57,2d727f88ad8afc71cc8470b5c09cab23737cee5e36d7e2acab63653d9270de34,SUPERSEDED_BY,EXPLICIT_ROW_ID_AND_REFERENCE_BINDING,MIGRATED_VERIFIED
8283ab91b10f89ac758d09ecf5fb4d6343536600a06dd468b1cc1ecf4ec747c4,ACTIVE_MASTER_V2_ILLUMEXT,RGB_BINDING_3.4.0,954,H030_L055_C065,223,81,79,613dfe1c1c4664626b506bb803225ad0d13ebd58c9428e36a31049b0757a8642,288c28da703cc4393c823536021ce5e793e306930ded18cde12462a719d31124,SUPERSEDED_BY,EXPLICIT_ROW_ID_AND_REFERENCE_BINDING,MIGRATED_VERIFIED
8283ab91b10f89ac758d09ecf5fb4d6343536600a06dd468b1cc1ecf4ec747c4,ACTIVE_MASTER_V2_ILLUMEXT,RGB_BINDING_3.4.0,955,H030_L055_C070,229,73,75,995eccfec5440d136ccecd5fcc67f5e111d25292170b7483cfe92d3e09353da4,208997d235ea0fc5dfd12d1bd7ddf82271cf8b9ca7881b14cb0aaaead50c172f,SUPERSEDED_BY,EXPLICIT_ROW_ID_AND_REFERENCE_BINDING,MIGRATED_VERIFIED
8283ab91b10f89ac758d09ecf5fb4d6343536600a06dd468b1cc1ecf4ec747c4,ACTIVE_MASTER_V2_ILLUMEXT,RGB_BINDING_3.4.0,956,H030_L055_C075,235,66,70,b3a0982ce3dd2a54d14ef369fc38f7821eeaf734575bc39239cb210b2c8a3176,fd5d2ac5b321c5a9fba22174fe858a3424fd4d84c05cd28c6faf2c77f445d5ef,SUPERSEDED_BY,EXPLICIT_ROW_ID_AND_REFERENCE_BINDING,MIGRATED_VERIFIED
8283ab91b10f89ac758d09ecf5fb4d6343536600a06dd468b1cc1ecf4ec747c4,ACTIVE_MASTER_V2_ILLUMEXT,RGB_BINDING_3.4.0,957,H030_L055_C080,240,58,68,2ff5642135e252d4d38e4d49711190f95d510c631810ee8993beed268b01db7a,ee1620624515b46111a5a98eafb244b57b4bcf00f27af7944b5f228822a606db,SUPERSEDED_BY,EXPLICIT_ROW_ID_AND_REFERENCE_BINDING,MIGRATED_VERIFIED
8283ab91b10f89ac758d09ecf5fb4d6343536600a06dd468b1cc1ecf4ec747c4,ACTIVE_MASTER_V2_ILLUMEXT,RGB_BINDING_3.4.0,958,H030_L055_C085,247,45,63,777a26715ab99193b75499d2cc68a9854e1c185b47c57dc11bb02928789f2602,3fc01eec6f705416d3ea0fc7ac191a47ecb464158e99f9ad9267c17662d41daf,SUPERSEDED_BY,EXPLICIT_ROW_ID_AND_REFERENCE_BINDING,MIGRATED_VERIFIED
8283ab91b10f89ac758d09ecf5fb4d6343536600a06dd468b1cc1ecf4ec747c4,ACTIVE_MASTER_V2_ILLUMEXT,RGB_BINDING_3.4.0,959,H030_L050_C005,128,117,114,4b5246a5f181ad24ee4ceeafe25a155a395f56968b004f31b55bca7ed573dd35,9a2144646aef7a0a03d3db3c8466688d7ce9ece6b750c803b6ccf2cbfdd91da9,SUPERSEDED_BY,EXPLICIT_ROW_ID_AND_REFERENCE_BINDING,MIGRATED_VERIFIED
8283ab91b10f89ac758d09ecf5fb4d6343536600a06dd468b1cc1ecf4ec747c4,ACTIVE_MASTER_V2_ILLUMEXT,RGB_BINDING_3.4.0,960,H030_L050_C010,136,113,111,c94aa060a89aa4a31f94c8073e67c160212fc0b0ed3d585d1a18ab164d107da5,203ea210363437db0e4f4d44be81aa1efa8cb566b06c6056d34e2432f2906bac,SUPERSEDED_BY,EXPLICIT_ROW_ID_AND_REFERENCE_BINDING,MIGRATED_VERIFIED
8283ab91b10f89ac758d09ecf5fb4d6343536600a06dd468b1cc1ecf4ec747c4,ACTIVE_MASTER_V2_ILLUMEXT,RGB_BINDING_3.4.0,961,H030_L050_C015,145,112,107,90737f0822e1f1682345aae75016236dd8ee0ac929c99f76c5d48cf45815aeec,5b596e282ec0a82f3e83ba9b5ec06fce537de042f78f9198199813b6d69a9c72,SUPERSEDED_BY,EXPLICIT_ROW_ID_AND_REFERENCE_BINDING,MIGRATED_VERIFIED
8283ab91b10f89ac758d09ecf5fb4d6343536600a06dd468b1cc1ecf4ec747c4,ACTIVE_MASTER_V2_ILLUMEXT,RGB_BINDING_3.4.0,962,H030_L050_C020,151,108,103,e1801068be9abaa49193cc82b28c4392ec064ca44e386b78b8ea0750f4e34681,890f59ea3a1cd10575dbe8161539657513124342f014f1bb5daf15f0c03ef81c,SUPERSEDED_BY,EXPLICIT_ROW_ID_AND_REFERENCE_BINDING,MIGRATED_VERIFIED
8283ab91b10f89ac758d09ecf5fb4d6343536600a06dd468b1cc1ecf4ec747c4,ACTIVE_MASTER_V2_ILLUMEXT,RGB_BINDING_3.4.0,963,H030_L050_C025,159,104,98,712338ab801cf059386152e9748a1b21858343ac1092949bcdc8bf1502f92b84,3454aab491da31f821889f7b7b992dbb3d7a58d62f02ee6a152e634e592fa431,SUPERSEDED_BY,EXPLICIT_ROW_ID_AND_REFERENCE_BINDING,MIGRATED_VERIFIED
8283ab91b10f89ac758d09ecf5fb4d6343536600a06dd468b1cc1ecf4ec747c4,ACTIVE_MASTER_V2_ILLUMEXT,RGB_BINDING_3.4.0,964,H030_L050_C030,166,102,96,32bf420810f8d84d0000d092644c2f57c2f9f8355f0555bcb47eceabb2e5cd42,47c49e394f98e18928444cdcc0db8cae3ab9d906ee60362a728eb52d616248fc,SUPERSEDED_BY,EXPLICIT_ROW_ID_AND_REFERENCE_BINDING,MIGRATED_VERIFIED
8283ab91b10f89ac758d09ecf5fb4d6343536600a06dd468b1cc1ecf4ec747c4,ACTIVE_MASTER_V2_ILLUMEXT,RGB_BINDING_3.4.0,965,H030_L050_C035,172,98,91,ad15c59e4da04b6962bf385ae7eae0c9b089df2fbbe0b3b90795bfbbd3301b9e,9035cc1b0238b2c33bf6a806fb40f2f7d3b0e2ac28e6cba743e33fae432edcb0,SUPERSEDED_BY,EXPLICIT_ROW_ID_AND_REFERENCE_BINDING,MIGRATED_VERIFIED
8283ab91b10f89ac758d09ecf5fb4d6343536600a06dd468b1cc1ecf4ec747c4,ACTIVE_MASTER_V2_ILLUMEXT,RGB_BINDING_3.4.0,966,H030_L050_C040,179,94,88,45c041c52351fe8abedc28c24d8e85feb93c3ef93c3e1c4513d33cc76a779175,2b344b13d60408e2dccbecb146cbfb77ddbb4c4323977e84f5d4847df73b96f3,SUPERSEDED_BY,EXPLICIT_ROW_ID_AND_REFERENCE_BINDING,MIGRATED_VERIFIED
8283ab91b10f89ac758d09ecf5fb4d6343536600a06dd468b1cc1ecf4ec747c4,ACTIVE_MASTER_V2_ILLUMEXT,RGB_BINDING_3.4.0,967,H030_L050_C045,185,89,82,82edc7dee9a7fccbf97952a8e3c07fccd2aafdb2a39a6c9e29d1e90b5d3f88bb,327b618087b20d101a741e43b45d4b816b1eb85403a11573a9589a9d6d61a949,SUPERSEDED_BY,EXPLICIT_ROW_ID_AND_REFERENCE_BINDING,MIGRATED_VERIFIED
8283ab91b10f89ac758d09ecf5fb4d6343536600a06dd468b1cc1ecf4ec747c4,ACTIVE_MASTER_V2_ILLUMEXT,RGB_BINDING_3.4.0,968,H030_L050_C050,191,86,80,7e3e6013be0b0a391ebd69a4c4d0ac7f26263943440b205032b274c4c685f8be,792686e4829f5283a9786c49cc5c2fc629da53da92acafa9583e8863a0959081,SUPERSEDED_BY,EXPLICIT_ROW_ID_AND_REFERENCE_BINDING,MIGRATED_VERIFIED
8283ab91b10f89ac758d09ecf5fb4d6343536600a06dd468b1cc1ecf4ec747c4,ACTIVE_MASTER_V2_ILLUMEXT,RGB_BINDING_3.4.0,969,H030_L050_C055,198,80,76,7837ced7046705980dac51da085b8854335feaaf5a3357c9990e8d679e4ce7d9,707dcaa96ad8cd6067a214d198a7476da624e2435a449fdf53c5613993f87413,SUPERSEDED_BY,EXPLICIT_ROW_ID_AND_REFERENCE_BINDING,MIGRATED_VERIFIED
8283ab91b10f89ac758d09ecf5fb4d6343536600a06dd468b1cc1ecf4ec747c4,ACTIVE_MASTER_V2_ILLUMEXT,RGB_BINDING_3.4.0,970,H030_L050_C060,202,73,72,f797647c02e98048e93aecf06fb5e125db27476ee758d41e065c051836710157,4d48a4485976532a1b16b080084c7626743cbcb3b68d1047f66ec6f998ee200c,SUPERSEDED_BY,EXPLICIT_ROW_ID_AND_REFERENCE_BINDING,MIGRATED_VERIFIED
8283ab91b10f89ac758d09ecf5fb4d6343536600a06dd468b1cc1ecf4ec747c4,ACTIVE_MASTER_V2_ILLUMEXT,RGB_BINDING_3.4.0,971,H030_L050_C065,208,68,67,0354a02fefe1da2c99429da5c5459aab2ea7ced48985aac490889c6beafaaf5c,e164174d5afbd84826e409f1688a6a0a36cac13742bda5eb7415af7d7f84306f,SUPERSEDED_BY,EXPLICIT_ROW_ID_AND_REFERENCE_BINDING,MIGRATED_VERIFIED
8283ab91b10f89ac758d09ecf5fb4d6343536600a06dd468b1cc1ecf4ec747c4,ACTIVE_MASTER_V2_ILLUMEXT,RGB_BINDING_3.4.0,972,H030_L050_C070,215,59,65,71e022afa8dc56bacf682b76b4c544a3d224effbde435fd2a1a4a68adabb414b,c82bb473caa1ab9e2f3a4505a1279740d7d07bd3b9efe3913a492313866601ef,SUPERSEDED_BY,EXPLICIT_ROW_ID_AND_REFERENCE_BINDING,MIGRATED_VERIFIED
8283ab91b10f89ac758d09ecf5fb4d6343536600a06dd468b1cc1ecf4ec747c4,ACTIVE_MASTER_V2_ILLUMEXT,RGB_BINDING_3.4.0,973,H030_L050_C075,220,51,60,237ee1f464a523dbcfe05939b535a7376b831c1ba7ef3188fb43474e74437c35,9149f224face9bd2c06feb3ea09fdd538afeee7d41e4948adb9e14e792c8c993,SUPERSEDED_BY,EXPLICIT_ROW_ID_AND_REFERENCE_BINDING,MIGRATED_VERIFIED
8283ab91b10f89ac758d09ecf5fb4d6343536600a06dd468b1cc1ecf4ec747c4,ACTIVE_MASTER_V2_ILLUMEXT,RGB_BINDING_3.4.0,974,H030_L050_C080,225,41,58,06f29a43259e454b252246c6fa6b0a49866748346d4f4bfd25a605cd67f3b15a,1489c380a8f740f921de45bc44f3a173be7ed5ad88efbf5bcb2d50c8d056dedc,SUPERSEDED_BY,EXPLICIT_ROW_ID_AND_REFERENCE_BINDING,MIGRATED_VERIFIED
8283ab91b10f89ac758d09ecf5fb4d6343536600a06dd468b1cc1ecf4ec747c4,ACTIVE_MASTER_V2_ILLUMEXT,RGB_BINDING_3.4.0,975,H030_L050_C085,232,20,53,0b3656ef814deddd02dc544d7ae5fba2004531484cb7cef4165341efa2595a1b,3996f20ab83a6f0991185f5bc6c77943cbe5443348fcee300ce8f7a21957a215,SUPERSEDED_BY,EXPLICIT_ROW_ID_AND_REFERENCE_BINDING,MIGRATED_VERIFIED
8283ab91b10f89ac758d09ecf5fb4d6343536600a06dd468b1cc1ecf4ec747c4,ACTIVE_MASTER_V2_ILLUMEXT,RGB_BINDING_3.4.0,976,H030_L045_C005,115,104,101,32b5b06eed3289ce4fc76751dd95173c574afb7a5e1fa124e94d26a2f7ebabdb,9e6543ffd2363aba48f9733ee9666e42b5fa390bff7942dded5abe4e58542db4,SUPERSEDED_BY,EXPLICIT_ROW_ID_AND_REFERENCE_BINDING,MIGRATED_VERIFIED
8283ab91b10f89ac758d09ecf5fb4d6343536600a06dd468b1cc1ecf4ec747c4,ACTIVE_MASTER_V2_ILLUMEXT,RGB_BINDING_3.4.0,977,H030_L045_C010,124,101,99,fa1055e28b52abd77f6542b6e7c671ed7a6a93a6eb87e099ce83302887ee37d9,f21456bbaccf44c8b07ecf0c98c987cce7ffeb0bf483d498d0d2264566de9429,SUPERSEDED_BY,EXPLICIT_ROW_ID_AND_REFERENCE_BINDING,MIGRATED_VERIFIED
8283ab91b10f89ac758d09ecf5fb4d6343536600a06dd468b1cc1ecf4ec747c4,ACTIVE_MASTER_V2_ILLUMEXT,RGB_BINDING_3.4.0,978,H030_L045_C015,130,98,93,f310433850f0f5b4a09639c2c9d3d9babe02adc93d664f922ed6d4be7886b931,ae9d13033bad876affd84b6192de2093d293a67a831547bc45a7632d9988b7c2,SUPERSEDED_BY,EXPLICIT_ROW_ID_AND_REFERENCE_BINDING,MIGRATED_VERIFIED
8283ab91b10f89ac758d09ecf5fb4d6343536600a06dd468b1cc1ecf4ec747c4,ACTIVE_MASTER_V2_ILLUMEXT,RGB_BINDING_3.4.0,979,H030_L045_C020,138,96,91,7e30178cafaa4ecc940fd7bafef7975262de469a7b506c5fbdf80dafc6b884c9,7bdd084967878af96ebf879e7fbefbf5067326abda5097c13c3666364b75486a,SUPERSEDED_BY,EXPLICIT_ROW_ID_AND_REFERENCE_BINDING,MIGRATED_VERIFIED
8283ab91b10f89ac758d09ecf5fb4d6343536600a06dd468b1cc1ecf4ec747c4,ACTIVE_MASTER_V2_ILLUMEXT,RGB_BINDING_3.4.0,980,H030_L045_C025,145,92,86,b387468d015bec180e6b27c45aa90b97c7c8797d1c574fcb2a19d0bd66ca60e6,d3cf25504814e0d3010557af75b2081e3251879428c2246b74e35c2d91afcb05,SUPERSEDED_BY,EXPLICIT_ROW_ID_AND_REFERENCE_BINDING,MIGRATED_VERIFIED
8283ab91b10f89ac758d09ecf5fb4d6343536600a06dd468b1cc1ecf4ec747c4,ACTIVE_MASTER_V2_ILLUMEXT,RGB_BINDING_3.4.0,981,H030_L045_C030,152,89,83,aa10b7d7736a091fa298a6f34e35ff0fae55fdd1d651a2f94c0b1e2011905870,2fe31a5710800a7e8689381857a308f781257bbfef727998f4935ca270ffc84c,SUPERSEDED_BY,EXPLICIT_ROW_ID_AND_REFERENCE_BINDING,MIGRATED_VERIFIED
8283ab91b10f89ac758d09ecf5fb4d6343536600a06dd468b1cc1ecf4ec747c4,ACTIVE_MASTER_V2_ILLUMEXT,RGB_BINDING_3.4.0,982,H030_L045_C035,157,85,78,03e432fe76d4f5e70b8cea0d417cd8d7ca6e0b8818050c4f65ae83a050c425a3,19c2ed113ef7c4ae5c40ef408856f8bcf5087bdc3753c655626bc233c3532f7e,SUPERSEDED_BY,EXPLICIT_ROW_ID_AND_REFERENCE_BINDING,MIGRATED_VERIFIED
8283ab91b10f89ac758d09ecf5fb4d6343536600a06dd468b1cc1ecf4ec747c4,ACTIVE_MASTER_V2_ILLUMEXT,RGB_BINDING_3.4.0,983,H030_L045_C040,164,80,75,31c5cfa3e49123c1f863b026506081708fc475cebd3bc6d84f0aa466530d692f,71cf21a999efa17a3e10f0e037fe9094159aa393b820746083a7ac33871bfcd5,SUPERSEDED_BY,EXPLICIT_ROW_ID_AND_REFERENCE_BINDING,MIGRATED_VERIFIED
8283ab91b10f89ac758d09ecf5fb4d6343536600a06dd468b1cc1ecf4ec747c4,ACTIVE_MASTER_V2_ILLUMEXT,RGB_BINDING_3.4.0,984,H030_L045_C045,170,76,70,6dbb90c095000e86cc1efe6cd226c2c236b6d82fc8069531212dad14739db348,4568b4dd61469f6daad5c9fcba7d19b6272083c704708b6af6acf38555e563a4,SUPERSEDED_BY,EXPLICIT_ROW_ID_AND_REFERENCE_BINDING,MIGRATED_VERIFIED
8283ab91b10f89ac758d09ecf5fb4d6343536600a06dd468b1cc1ecf4ec747c4,ACTIVE_MASTER_V2_ILLUMEXT,RGB_BINDING_3.4.0,985,H030_L045_C050,176,72,68,9f47c00bd9deb6a870f22560754db1d7c9790c5f5fc5c18acc7cbf17981ca4b5,ed0336dbc2fc922052d4849cde4c57b6aa3a809cd037f89bbc24971c925e53d5,SUPERSEDED_BY,EXPLICIT_ROW_ID_AND_REFERENCE_BINDING,MIGRATED_VERIFIED
8283ab91b10f89ac758d09ecf5fb4d6343536600a06dd468b1cc1ecf4ec747c4,ACTIVE_MASTER_V2_ILLUMEXT,RGB_BINDING_3.4.0,986,H030_L045_C055,182,65,63,e206484b657b0e1f358b9b26280b0c2e3612d801cb019c724bcd3fb1a5840108,fcac29826c1631629a1f61dd14b7badcd9502e4b3eb3c2c67e8c6968591c16c6,SUPERSEDED_BY,EXPLICIT_ROW_ID_AND_REFERENCE_BINDING,MIGRATED_VERIFIED
8283ab91b10f89ac758d09ecf5fb4d6343536600a06dd468b1cc1ecf4ec747c4,ACTIVE_MASTER_V2_ILLUMEXT,RGB_BINDING_3.4.0,987,H030_L045_C060,187,59,60,3c417755f72279e78a20b802196ee3875fb2e94359ad4993c6673162bfd917ce,0fc56bbc6b5f461c521bb6cd56daa14272da5bc6f2798bdb0723ddffccf1e88e,SUPERSEDED_BY,EXPLICIT_ROW_ID_AND_REFERENCE_BINDING,MIGRATED_VERIFIED
8283ab91b10f89ac758d09ecf5fb4d6343536600a06dd468b1cc1ecf4ec747c4,ACTIVE_MASTER_V2_ILLUMEXT,RGB_BINDING_3.4.0,988,H030_L045_C065,193,53,56,0551df57bccb0d44f0fea822d7b388ec08b0ff69f25bf48ccf2f22c3735fb4a8,5708987f7d7d9fdef31e095cf6cb811c0223052e68139e80e54e6ea7ca40ff05,SUPERSEDED_BY,EXPLICIT_ROW_ID_AND_REFERENCE_BINDING,MIGRATED_VERIFIED
8283ab91b10f89ac758d09ecf5fb4d6343536600a06dd468b1cc1ecf4ec747c4,ACTIVE_MASTER_V2_ILLUMEXT,RGB_BINDING_3.4.0,989,H030_L045_C070,199,42,53,0c84c9757fa1ecd098ef72e2099568b8624fce4a0e5eaa907c7c5592a71f190c,93fe0fe2f6d8832569a704e479b61c94b1f0dda8bae8840d9fe6237d2d871723,SUPERSEDED_BY,EXPLICIT_ROW_ID_AND_REFERENCE_BINDING,MIGRATED_VERIFIED
8283ab91b10f89ac758d09ecf5fb4d6343536600a06dd468b1cc1ecf4ec747c4,ACTIVE_MASTER_V2_ILLUMEXT,RGB_BINDING_3.4.0,990,H030_L045_C075,204,31,49,8d985fd97258645316240c11843a83b4c9311c2645b0a4f45cd2d543111ad843,dc363854759c1f970abed372e41b859c862168898087a94be7fa588b4e21b063,SUPERSEDED_BY,EXPLICIT_ROW_ID_AND_REFERENCE_BINDING,MIGRATED_VERIFIED
8283ab91b10f89ac758d09ecf5fb4d6343536600a06dd468b1cc1ecf4ec747c4,ACTIVE_MASTER_V2_ILLUMEXT,RGB_BINDING_3.4.0,991,H030_L045_C080,209,12,46,2cb34a68eac625aefb807a8a32ba86910206840f324f5b068c7d019c3247f0a0,5490b8e7ec3b6effa9ea5e7449552fc4c8f2de4bd0734f137012057f51511c01,SUPERSEDED_BY,EXPLICIT_ROW_ID_AND_REFERENCE_BINDING,MIGRATED_VERIFIED
8283ab91b10f89ac758d09ecf5fb4d6343536600a06dd468b1cc1ecf4ec747c4,ACTIVE_MASTER_V2_ILLUMEXT,RGB_BINDING_3.4.0,992,H030_L045_C085,214,0,42,3f18adb60287e35b5ddf91b522097328f87ad35dd9f54674ef294399a1819a17,c47aed699b52818526cd0b210d17d354c35b6e4564beecc06e758268b38de61b,SUPERSEDED_BY,EXPLICIT_ROW_ID_AND_REFERENCE_BINDING,MIGRATED_VERIFIED
8283ab91b10f89ac758d09ecf5fb4d6343536600a06dd468b1cc1ecf4ec747c4,ACTIVE_MASTER_V2_ILLUMEXT,RGB_BINDING_3.4.0,993,H030_L040_C005,102,92,90,37de5ab28cd0808c62c2b5e38f0028a0ff9f273a12cf7a70af1680a813717f76,3cd68e8faa3d9e04e277a6fa8dced08ceb5a695ba14b439dd9b4b09a977bcd7d,SUPERSEDED_BY,EXPLICIT_ROW_ID_AND_REFERENCE_BINDING,MIGRATED_VERIFIED
8283ab91b10f89ac758d09ecf5fb4d6343536600a06dd468b1cc1ecf4ec747c4,ACTIVE_MASTER_V2_ILLUMEXT,RGB_BINDING_3.4.0,994,H030_L040_C010,111,89,86,4138ff09ab08e522e167739899d3f097662a7b334163e0e7bcb41671e24a7516,a3f30567a7968cf36f1dd21206bbafc0ae13c00fc40325ca7fb883982350e281,SUPERSEDED_BY,EXPLICIT_ROW_ID_AND_REFERENCE_BINDING,MIGRATED_VERIFIED
8283ab91b10f89ac758d09ecf5fb4d6343536600a06dd468b1cc1ecf4ec747c4,ACTIVE_MASTER_V2_ILLUMEXT,RGB_BINDING_3.4.0,995,H030_L040_C015,118,86,82,f83dc04311767ce8225abd42b8a36d5d42991046d79f7de949ede99705b0bb5d,d52148b3cf069fea12d339199cbea966789467b6eba6eb4bddb7132e62c467f8,SUPERSEDED_BY,EXPLICIT_ROW_ID_AND_REFERENCE_BINDING,MIGRATED_VERIFIED
8283ab91b10f89ac758d09ecf5fb4d6343536600a06dd468b1cc1ecf4ec747c4,ACTIVE_MASTER_V2_ILLUMEXT,RGB_BINDING_3.4.0,996,H030_L040_C020,124,83,79,4feebc96351493d65508bc8e67bdf353bba392fec6e666038b24a55c719cf546,b598704d4ffff9b19567fc8fb0ee29008de422e183464becd46e4836838d4f83,SUPERSEDED_BY,EXPLICIT_ROW_ID_AND_REFERENCE_BINDING,MIGRATED_VERIFIED
8283ab91b10f89ac758d09ecf5fb4d6343536600a06dd468b1cc1ecf4ec747c4,ACTIVE_MASTER_V2_ILLUMEXT,RGB_BINDING_3.4.0,997,H030_L040_C025,132,80,74,80dc0a8b5595df7e9ba1b1032491bb6278b9c3ae9414fba1b1d61698d6d5eaea,8ad03937d991ba170920cc62d42a809bbd39f967b6e83e1e697681167a948b82,SUPERSEDED_BY,EXPLICIT_ROW_ID_AND_REFERENCE_BINDING,MIGRATED_VERIFIED
8283ab91b10f89ac758d09ecf5fb4d6343536600a06dd468b1cc1ecf4ec747c4,ACTIVE_MASTER_V2_ILLUMEXT,RGB_BINDING_3.4.0,998,H030_L040_C030,138,77,72,26ae8b1b4d8e50c1369f301607ac7e4eb0252f451a84d6acc18b07f261da239f,8f2f8967231c0f985146e51eb06a17388fcb1683795da92afd75963eef185c4c,SUPERSEDED_BY,EXPLICIT_ROW_ID_AND_REFERENCE_BINDING,MIGRATED_VERIFIED
8283ab91b10f89ac758d09ecf5fb4d6343536600a06dd468b1cc1ecf4ec747c4,ACTIVE_MASTER_V2_ILLUMEXT,RGB_BINDING_3.4.0,999,H030_L040_C035,143,73,66,dceae3cac6fc60cceaa2e0efa0722f8c3919fe96378c3a895b115fb59fcbbe13,0511a7400adcf1bab721bfe130db7d413221c1404937091182cd821d5df5b695,SUPERSEDED_BY,EXPLICIT_ROW_ID_AND_REFERENCE_BINDING,MIGRATED_VERIFIED
8283ab91b10f89ac758d09ecf5fb4d6343536600a06dd468b1cc1ecf4ec747c4,ACTIVE_MASTER_V2_ILLUMEXT,RGB_BINDING_3.4.0,1000,H030_L040_C040,150,67,63,b746e7a84e8b7c39cd62d32d4f9342d249513d2df5f9d2d990364c54bb1f742a,f495fe95cb10373c09a30f4f9aedabd43d4884b8a287ef6febb28f1cbb94219e,SUPERSEDED_BY,EXPLICIT_ROW_ID_AND_REFERENCE_BINDING,MIGRATED_VERIFIED
8283ab91b10f89ac758d09ecf5fb4d6343536600a06dd468b1cc1ecf4ec747c4,ACTIVE_MASTER_V2_ILLUMEXT,RGB_BINDING_3.4.0,1001,H030_L040_C045,156,64,60,0cdca7be3306aeff90b2b852eace57c31ebfd3af6ef757180597fa12977c198f,714b708758ada6e43d1d92002753e838076c09658be755b2422c1cb3b13d6b2a,SUPERSEDED_BY,EXPLICIT_ROW_ID_AND_REFERENCE_BINDING,MIGRATED_VERIFIED
8283ab91b10f89ac758d09ecf5fb4d6343536600a06dd468b1cc1ecf4ec747c4,ACTIVE_MASTER_V2_ILLUMEXT,RGB_BINDING_3.4.0,1002,H030_L040_C050,160,58,56,70ad33b191851654ca7d0b583f5e5dee5b19574f88d53d66302b0a6154f19999,94aa243bc28cd0f094dad9356ebff8c40e44c2369ca96eef3510f0070965ab44,SUPERSEDED_BY,EXPLICIT_ROW_ID_AND_REFERENCE_BINDING,MIGRATED_VERIFIED
8283ab91b10f89ac758d09ecf5fb4d6343536600a06dd468b1cc1ecf4ec747c4,ACTIVE_MASTER_V2_ILLUMEXT,RGB_BINDING_3.4.0,1003,H030_L040_C055,167,51,52,38cadffa1da0bffe69abcef4461b2e80fb3993fa98e180b689334aaa3c48fb6e,8068594cb4f8e3675869043106891262e3f66bbba2f7d1af85ce11c22bf08364,SUPERSEDED_BY,EXPLICIT_ROW_ID_AND_REFERENCE_BINDING,MIGRATED_VERIFIED
8283ab91b10f89ac758d09ecf5fb4d6343536600a06dd468b1cc1ecf4ec747c4,ACTIVE_MASTER_V2_ILLUMEXT,RGB_BINDING_3.4.0,1004,H030_L040_C060,172,45,49,595f122066209ff5ce1f3772cdfa96ff83c157d09e214bcb3492b49dd44c3750,45daaa0adf51b9efbe2f5804348c3ae34b25dbb4a8ecdff2b0342e2b7661e032,SUPERSEDED_BY,EXPLICIT_ROW_ID_AND_REFERENCE_BINDING,MIGRATED_VERIFIED
8283ab91b10f89ac758d09ecf5fb4d6343536600a06dd468b1cc1ecf4ec747c4,ACTIVE_MASTER_V2_ILLUMEXT,RGB_BINDING_3.4.0,1005,H030_L040_C065,177,36,44,e49a14a89f080ce77ddfd86fa24fe3406c0e52ae56dc3bbf90c80ecf1f45c301,ebdb121c172ee777a4babf25e05f402adcb4f244bfa6dfecd401e55f565bcd82,SUPERSEDED_BY,EXPLICIT_ROW_ID_AND_REFERENCE_BINDING,MIGRATED_VERIFIED
8283ab91b10f89ac758d09ecf5fb4d6343536600a06dd468b1cc1ecf4ec747c4,ACTIVE_MASTER_V2_ILLUMEXT,RGB_BINDING_3.4.0,1006,H030_L040_C070,183,21,42,4f50cd67177a1c5183fa43c330553944f22a76aa34b6db6fb4eed4fbbf01faac,b7c556517e5bd236ff969f78110b7dd6fb72b7bd0e61d6826cdb966099f9b688,SUPERSEDED_BY,EXPLICIT_ROW_ID_AND_REFERENCE_BINDING,MIGRATED_VERIFIED
8283ab91b10f89ac758d09ecf5fb4d6343536600a06dd468b1cc1ecf4ec747c4,ACTIVE_MASTER_V2_ILLUMEXT,RGB_BINDING_3.4.0,1007,H030_L040_C075,188,0,38,db552613df973e4bd69cc5ea79f79d9334a2806449ac047bd1430236eae80e9c,1c0a0873626d13b1dfc1e3f011e0fb28b45997c9cfba979e432328a24e0b1614,SUPERSEDED_BY,EXPLICIT_ROW_ID_AND_REFERENCE_BINDING,MIGRATED_VERIFIED
8283ab91b10f89ac758d09ecf5fb4d6343536600a06dd468b1cc1ecf4ec747c4,ACTIVE_MASTER_V2_ILLUMEXT,RGB_BINDING_3.4.0,1008,H030_L035_C005,89,79,77,aef08d39e31e6e0c3879d6006fdb477fcbd988793cfe3125bc0caf9f0c09c62f,e58019c725c4d13ad99d8f8dfd9944fcb509c62a07ee7cc0956248bfe4fbc0f2,SUPERSEDED_BY,EXPLICIT_ROW_ID_AND_REFERENCE_BINDING,MIGRATED_VERIFIED
8283ab91b10f89ac758d09ecf5fb4d6343536600a06dd468b1cc1ecf4ec747c4,ACTIVE_MASTER_V2_ILLUMEXT,RGB_BINDING_3.4.0,1009,H030_L035_C010,98,77,75,766b2a461f8340de394713a3ac8942b0148b7ddf8ee574348e48fbf033c1b0c2,12eb2866cd2375745d57c907861d939ac79fbf5008ed741c26de7a9936c7365e,SUPERSEDED_BY,EXPLICIT_ROW_ID_AND_REFERENCE_BINDING,MIGRATED_VERIFIED
8283ab91b10f89ac758d09ecf5fb4d6343536600a06dd468b1cc1ecf4ec747c4,ACTIVE_MASTER_V2_ILLUMEXT,RGB_BINDING_3.4.0,1010,H030_L035_C015,105,74,70,c39c5e7d274fa78cffdb8150f9696c0f5b046850697b3eb41c2dec3a338ca09f,3458c25afdf281a465b0ee35a33871d3e3bc8c7fc1b1924d810c1669b99534ad,SUPERSEDED_BY,EXPLICIT_ROW_ID_AND_REFERENCE_BINDING,MIGRATED_VERIFIED
8283ab91b10f89ac758d09ecf5fb4d6343536600a06dd468b1cc1ecf4ec747c4,ACTIVE_MASTER_V2_ILLUMEXT,RGB_BINDING_3.4.0,1011,H030_L035_C020,111,71,67,db38bec2b6c138f6729a7ac72656cd7d1c5c2afe6609f18a025c20fa2e06b6e3,b30d8a9fdaa8775e1c9513be935176c79ea23207c832f57e843b036004135467,SUPERSEDED_BY,EXPLICIT_ROW_ID_AND_REFERENCE_BINDING,MIGRATED_VERIFIED
8283ab91b10f89ac758d09ecf5fb4d6343536600a06dd468b1cc1ecf4ec747c4,ACTIVE_MASTER_V2_ILLUMEXT,RGB_BINDING_3.4.0,1012,H030_L035_C025,118,67,62,9d5b363f1a5731b72c7b67cbbc0a3ea7fd412e3c8e19327bf995a4fe1383562e,a8b627c1c9c22eeabe3d5f094ac960ce33ff9b144c39389840c08873aa9534fe,SUPERSEDED_BY,EXPLICIT_ROW_ID_AND_REFERENCE_BINDING,MIGRATED_VERIFIED
8283ab91b10f89ac758d09ecf5fb4d6343536600a06dd468b1cc1ecf4ec747c4,ACTIVE_MASTER_V2_ILLUMEXT,RGB_BINDING_3.4.0,1013,H030_L035_C030,124,65,60,876265e433e5a645a5c3a65d58498ebd9cf0f509f529cb9915a8b365c24b12a9,f5840921bef02870bc2b64a1388d7e1ac888eee0ce646ba7adac628ef321677b,SUPERSEDED_BY,EXPLICIT_ROW_ID_AND_REFERENCE_BINDING,MIGRATED_VERIFIED
8283ab91b10f89ac758d09ecf5fb4d6343536600a06dd468b1cc1ecf4ec747c4,ACTIVE_MASTER_V2_ILLUMEXT,RGB_BINDING_3.4.0,1014,H030_L035_C035,130,61,56,4c8b595fda84d23ed85dcff1859d1384ad6e73c941f5fe1ad3fd2ee9174abc72,13e9141c8b54085dfb64403a613987d286ad90112f9b781f2ce73a3dbc2446c8,SUPERSEDED_BY,EXPLICIT_ROW_ID_AND_REFERENCE_BINDING,MIGRATED_VERIFIED
8283ab91b10f89ac758d09ecf5fb4d6343536600a06dd468b1cc1ecf4ec747c4,ACTIVE_MASTER_V2_ILLUMEXT,RGB_BINDING_3.4.0,1015,H030_L035_C040,136,56,53,193688c76ca1d4228ec6fe06c78c3d690acbb7fde3e5efe319916e73d43cedf1,6f2c22cdd0d54bda75a1e82a68c7ffc5ec49086447a50570231a4bd16e9df525,SUPERSEDED_BY,EXPLICIT_ROW_ID_AND_REFERENCE_BINDING,MIGRATED_VERIFIED
8283ab91b10f89ac758d09ecf5fb4d6343536600a06dd468b1cc1ecf4ec747c4,ACTIVE_MASTER_V2_ILLUMEXT,RGB_BINDING_3.4.0,1016,H030_L035_C045,141,50,48,fa6be9735aff12b9138adcf2f665253a8572cf76b34c8e9d9463d01f5678f06f,bfdbdbe72050cf351774a5a44f1ad90368723f957815d1e74dde9f3796f40df0,SUPERSEDED_BY,EXPLICIT_ROW_ID_AND_REFERENCE_BINDING,MIGRATED_VERIFIED
8283ab91b10f89ac758d09ecf5fb4d6343536600a06dd468b1cc1ecf4ec747c4,ACTIVE_MASTER_V2_ILLUMEXT,RGB_BINDING_3.4.0,1017,H030_L035_C050,145,45,45,7a2a48c42a1624a32989dba4057f62fe34c21ed7fc40091e5110ee1b95afaf3e,1b6b1c31bca998fa2f0d0d105cb0ebcdd9baace0d777701ebe80d4b29ca36d06,SUPERSEDED_BY,EXPLICIT_ROW_ID_AND_REFERENCE_BINDING,MIGRATED_VERIFIED
8283ab91b10f89ac758d09ecf5fb4d6343536600a06dd468b1cc1ecf4ec747c4,ACTIVE_MASTER_V2_ILLUMEXT,RGB_BINDING_3.4.0,1018,H030_L035_C055,152,36,40,bfe4b8875756696238189629a573c379ca5802ba5f6208a44028142b6d6c1710,8a5d6fd2affee075b5f9ab00c63438eac9a09ace3ec598d0c51810eb82da4b7e,SUPERSEDED_BY,EXPLICIT_ROW_ID_AND_REFERENCE_BINDING,MIGRATED_VERIFIED
8283ab91b10f89ac758d09ecf5fb4d6343536600a06dd468b1cc1ecf4ec747c4,ACTIVE_MASTER_V2_ILLUMEXT,RGB_BINDING_3.4.0,1019,H030_L035_C060,157,28,38,cb76baab7c5d57b62a01567ca417953dcf18f05c9583e10e2c48ff15468827bb,06b3e27793db11d65e596e36f47edbde843ea0b476f06664265c273ff932a975,SUPERSEDED_BY,EXPLICIT_ROW_ID_AND_REFERENCE_BINDING,MIGRATED_VERIFIED
8283ab91b10f89ac758d09ecf5fb4d6343536600a06dd468b1cc1ecf4ec747c4,ACTIVE_MASTER_V2_ILLUMEXT,RGB_BINDING_3.4.0,1020,H030_L035_C065,162,15,34,017e9edc33beb227e8ef434b0b7e154ce53ef31301d74ebdb549fa3d6dd39289,a6e3d2e9c1049093522d6dc2f7cbe6044b329f3292679de70dbfcb58b57fd187,SUPERSEDED_BY,EXPLICIT_ROW_ID_AND_REFERENCE_BINDING,MIGRATED_VERIFIED
8283ab91b10f89ac758d09ecf5fb4d6343536600a06dd468b1cc1ecf4ec747c4,ACTIVE_MASTER_V2_ILLUMEXT,RGB_BINDING_3.4.0,1021,H030_L030_C005,79,69,66,3c569c9c7255008e66618f0e113cae28e5223d1d18fc0b19843a7b72ce2c5fb7,76a0139ab45443414e23314043ea9944f6e4129c35e00dd9627ffa79e7e3348c,SUPERSEDED_BY,EXPLICIT_ROW_ID_AND_REFERENCE_BINDING,MIGRATED_VERIFIED
8283ab91b10f89ac758d09ecf5fb4d6343536600a06dd468b1cc1ecf4ec747c4,ACTIVE_MASTER_V2_ILLUMEXT,RGB_BINDING_3.4.0,1022,H030_L030_C010,87,66,63,b8e7e56dc7c3712c92cc3ba4b1246c18656838e1befed9dac0cd12e9f90a534a,b25860d761591b8d38bf6a0d9b95d9592e6b0cc0ba61ed9e72b9f6337ec49fed,SUPERSEDED_BY,EXPLICIT_ROW_ID_AND_REFERENCE_BINDING,MIGRATED_VERIFIED
8283ab91b10f89ac758d09ecf5fb4d6343536600a06dd468b1cc1ecf4ec747c4,ACTIVE_MASTER_V2_ILLUMEXT,RGB_BINDING_3.4.0,1023,H030_L030_C015,93,63,59,8ebbd24bf194028d7b688b77000385a27be444d70276087533ee6f279cdc9223,1e4de7f311d5d477055641ac1ffbb2a60deb72d6f7df337ec2e18c13266eb813,SUPERSEDED_BY,EXPLICIT_ROW_ID_AND_REFERENCE_BINDING,MIGRATED_VERIFIED
8283ab91b10f89ac758d09ecf5fb4d6343536600a06dd468b1cc1ecf4ec747c4,ACTIVE_MASTER_V2_ILLUMEXT,RGB_BINDING_3.4.0,1024,H030_L030_C020,99,60,56,a8fe9d2df54e5f76f10752c1a42422124e596304c4857facd782f50ba7bd0506,b0237930b99cc882d70ceffe2fda9c8db80d5b3fd0fa2f8b5807ff96915871bc,SUPERSEDED_BY,EXPLICIT_ROW_ID_AND_REFERENCE_BINDING,MIGRATED_VERIFIED
8283ab91b10f89ac758d09ecf5fb4d6343536600a06dd468b1cc1ecf4ec747c4,ACTIVE_MASTER_V2_ILLUMEXT,RGB_BINDING_3.4.0,1025,H030_L030_C025,106,57,52,a210248b9fe7d306ab772437ae794ec142a3d54edc1f0aa984b12eb7fdc5f156,8810a37d41ed5c74f99dfe0e7085ab66eb48d29f154cb57b03bb175e7c324de8,SUPERSEDED_BY,EXPLICIT_ROW_ID_AND_REFERENCE_BINDING,MIGRATED_VERIFIED
8283ab91b10f89ac758d09ecf5fb4d6343536600a06dd468b1cc1ecf4ec747c4,ACTIVE_MASTER_V2_ILLUMEXT,RGB_BINDING_3.4.0,1026,H030_L030_C030,111,53,49,b189b550907b984dee3d1e403273e3c977ac49f01861f1273dc48d05f77aec8e,8ad210254d3e1bedadfe569a8e255c00f8e9c333219d1967ae9bb8c4510ef449,SUPERSEDED_BY,EXPLICIT_ROW_ID_AND_REFERENCE_BINDING,MIGRATED_VERIFIED
8283ab91b10f89ac758d09ecf5fb4d6343536600a06dd468b1cc1ecf4ec747c4,ACTIVE_MASTER_V2_ILLUMEXT,RGB_BINDING_3.4.0,1027,H030_L030_C035,116,49,45,c4fefd1e4fcc157c0a7181f272b96ce342815af09af4ca2f29ed462a716f5991,40ea2c4ecba70a691c8ceaa4934da06453f71b3dd4ccbec1badf055757628f2b,SUPERSEDED_BY,EXPLICIT_ROW_ID_AND_REFERENCE_BINDING,MIGRATED_VERIFIED
8283ab91b10f89ac758d09ecf5fb4d6343536600a06dd468b1cc1ecf4ec747c4,ACTIVE_MASTER_V2_ILLUMEXT,RGB_BINDING_3.4.0,1028,H030_L030_C040,123,44,43,02f05c1ba88943d96ce701a2b58ea4ce2c0a38ce0aebf4eff5563289da8f0aca,bdd547afb43c4d3f4bf391b585c6e3dd38d9b7015a23284f591ed9ac19576c33,SUPERSEDED_BY,EXPLICIT_ROW_ID_AND_REFERENCE_BINDING,MIGRATED_VERIFIED
8283ab91b10f89ac758d09ecf5fb4d6343536600a06dd468b1cc1ecf4ec747c4,ACTIVE_MASTER_V2_ILLUMEXT,RGB_BINDING_3.4.0,1029,H030_L030_C045,128,38,38,c5600cb896a1355a01df97bbdb81b2b4fe69bcdffe7905b3670a24480fafd19f,38cc84687f31153a1532262c1bb69fe00e66a3de62bff33e8d4e081aca3764ea,SUPERSEDED_BY,EXPLICIT_ROW_ID_AND_REFERENCE_BINDING,MIGRATED_VERIFIED
8283ab91b10f89ac758d09ecf5fb4d6343536600a06dd468b1cc1ecf4ec747c4,ACTIVE_MASTER_V2_ILLUMEXT,RGB_BINDING_3.4.0,1030,H030_L030_C050,132,32,35,801df4f87ce318f7d02d3b4f2e1cb7c819a6a29574430685eece22dc512490d3,08f811a8472ae1cf6bd95d39e96a7543c0dcb3ca39e5927de5c07d5d1a9b5dc8,SUPERSEDED_BY,EXPLICIT_ROW_ID_AND_REFERENCE_BINDING,MIGRATED_VERIFIED
8283ab91b10f89ac758d09ecf5fb4d6343536600a06dd468b1cc1ecf4ec747c4,ACTIVE_MASTER_V2_ILLUMEXT,RGB_BINDING_3.4.0,1031,H030_L030_C055,138,20,31,4f2fb3f3e6d7a1059864da52a44278d2239e5a921ddbb5c5b78017ca3d6695a3,0f120d81b8f062da36df09447ca5f6a6a3b4ff1b6553b2c4b7590e271ddc82ef,SUPERSEDED_BY,EXPLICIT_ROW_ID_AND_REFERENCE_BINDING,MIGRATED_VERIFIED
8283ab91b10f89ac758d09ecf5fb4d6343536600a06dd468b1cc1ecf4ec747c4,ACTIVE_MASTER_V2_ILLUMEXT,RGB_BINDING_3.4.0,1032,H030_L030_C060,143,6,29,9293129c3ea4835b2c47e8055050361dd3eabe129bb8244d194d0619539154b2,ca793ed285cd91433edf419555ef0a3327e77f95876be40c7df86de152b0e8c6,SUPERSEDED_BY,EXPLICIT_ROW_ID_AND_REFERENCE_BINDING,MIGRATED_VERIFIED
8283ab91b10f89ac758d09ecf5fb4d6343536600a06dd468b1cc1ecf4ec747c4,ACTIVE_MASTER_V2_ILLUMEXT,RGB_BINDING_3.4.0,1033,H030_L025_C005,67,58,56,08273b27b15b18d305d879c38e26f7f8151a330bc6f8fd617bbd16950f04ca96,13ded8320df761be071b11fb88de48543b392a82cabb45e9bf9ed66b2e8d84a1,SUPERSEDED_BY,EXPLICIT_ROW_ID_AND_REFERENCE_BINDING,MIGRATED_VERIFIED
8283ab91b10f89ac758d09ecf5fb4d6343536600a06dd468b1cc1ecf4ec747c4,ACTIVE_MASTER_V2_ILLUMEXT,RGB_BINDING_3.4.0,1034,H030_L025_C010,75,54,52,9460eb5ad2a96b849d373f4ab69b0778a732fab23ff278e225c5a2a1a7b99bee,70be3fc450c2153890f41d5449de8a4dc98d14cfe3fa28182bcc64c44c1ad02e,SUPERSEDED_BY,EXPLICIT_ROW_ID_AND_REFERENCE_BINDING,MIGRATED_VERIFIED
8283ab91b10f89ac758d09ecf5fb4d6343536600a06dd468b1cc1ecf4ec747c4,ACTIVE_MASTER_V2_ILLUMEXT,RGB_BINDING_3.4.0,1035,H030_L025_C015,81,52,48,e2017d2ce65536af9e2baf0751464540327dca9d13e98119d5697ff8394e6cdb,c263f17318b16c3f29a1bdbf9098f06e49dca45ec22195b00b9c281830783530,SUPERSEDED_BY,EXPLICIT_ROW_ID_AND_REFERENCE_BINDING,MIGRATED_VERIFIED
8283ab91b10f89ac758d09ecf5fb4d6343536600a06dd468b1cc1ecf4ec747c4,ACTIVE_MASTER_V2_ILLUMEXT,RGB_BINDING_3.4.0,1036,H030_L025_C020,86,49,45,ee1586af0e992f0dad5c29c030446c6449b21a1005c3558c2035d8e3c7122a1b,387b1cbba802512288623906d88f876a2d2cb14282b6a3f299c9fc3e87263dff,SUPERSEDED_BY,EXPLICIT_ROW_ID_AND_REFERENCE_BINDING,MIGRATED_VERIFIED
8283ab91b10f89ac758d09ecf5fb4d6343536600a06dd468b1cc1ecf4ec747c4,ACTIVE_MASTER_V2_ILLUMEXT,RGB_BINDING_3.4.0,1037,H030_L025_C025,93,45,41,729f4316c4415ee765d86a7c3608ee80333c338f33f07a8450c992bba0ce6695,9b8a86ab7d7323d89e17b98049242c56aec895ac540a5cb32f6c18fa2811d41d,SUPERSEDED_BY,EXPLICIT_ROW_ID_AND_REFERENCE_BINDING,MIGRATED_VERIFIED
8283ab91b10f89ac758d09ecf5fb4d6343536600a06dd468b1cc1ecf4ec747c4,ACTIVE_MASTER_V2_ILLUMEXT,RGB_BINDING_3.4.0,1038,H030_L025_C030,98,41,38,4f6cafcecab3df5f524df3e81ef0247d5631f89250c1d776d1426c5d8b4dc3b3,bdfbdada4ae4f79ce54303a25e6158b75a032abf567896d954106e32377cfd53,SUPERSEDED_BY,EXPLICIT_ROW_ID_AND_REFERENCE_BINDING,MIGRATED_VERIFIED
8283ab91b10f89ac758d09ecf5fb4d6343536600a06dd468b1cc1ecf4ec747c4,ACTIVE_MASTER_V2_ILLUMEXT,RGB_BINDING_3.4.0,1039,H030_L025_C035,103,37,34,66cebae90930a85cb364dfef5c09348238ac54e118c44e967cc5aa37f2f0cb69,d9b784d2d6f497a8e5eb875bf81b77534159cd5ef69c254d6ae516cfbc62ac84,SUPERSEDED_BY,EXPLICIT_ROW_ID_AND_REFERENCE_BINDING,MIGRATED_VERIFIED
8283ab91b10f89ac758d09ecf5fb4d6343536600a06dd468b1cc1ecf4ec747c4,ACTIVE_MASTER_V2_ILLUMEXT,RGB_BINDING_3.4.0,1040,H030_L025_C040,108,31,31,cdb9e96126f9e211eb983006723f885b169d0eaa6e513b33e1fd7ee801903aef,4747cb712f22729183c2c2dad297c39cb6b36c50fae07d1c07a2957752aad3e6,SUPERSEDED_BY,EXPLICIT_ROW_ID_AND_REFERENCE_BINDING,MIGRATED_VERIFIED
8283ab91b10f89ac758d09ecf5fb4d6343536600a06dd468b1cc1ecf4ec747c4,ACTIVE_MASTER_V2_ILLUMEXT,RGB_BINDING_3.4.0,1041,H030_L025_C045,113,24,27,82a2c24721680224428da47e98a56700fb4641a512a4923a59fb2148c1a7563c,b5eec1310d637599a1c2ef9125f3b55bcada9c8c8cbaa00655ce03706b3df263,SUPERSEDED_BY,EXPLICIT_ROW_ID_AND_REFERENCE_BINDING,MIGRATED_VERIFIED
8283ab91b10f89ac758d09ecf5fb4d6343536600a06dd468b1cc1ecf4ec747c4,ACTIVE_MASTER_V2_ILLUMEXT,RGB_BINDING_3.4.0,1042,H030_L025_C050,118,15,25,f5b8702fb0c3bb17cebcf654a12505256a5db93d441042e7ca2558ae49388111,d1747dcc34055ada02683e2f9880d118a4b40ec872d5c29bb8753feda1ac1ac6,SUPERSEDED_BY,EXPLICIT_ROW_ID_AND_REFERENCE_BINDING,MIGRATED_VERIFIED
8283ab91b10f89ac758d09ecf5fb4d6343536600a06dd468b1cc1ecf4ec747c4,ACTIVE_MASTER_V2_ILLUMEXT,RGB_BINDING_3.4.0,1043,H030_L020_C005,55,46,44,02cbd72a85bcf4b10604db3e487247ee9233296245bef9b5633bba757ddb441f,2a1d18d03063afb2b02ecdc63b1bff1533147e1de80b2296d17e66bcd5b38c8b,SUPERSEDED_BY,EXPLICIT_ROW_ID_AND_REFERENCE_BINDING,MIGRATED_VERIFIED
8283ab91b10f89ac758d09ecf5fb4d6343536600a06dd468b1cc1ecf4ec747c4,ACTIVE_MASTER_V2_ILLUMEXT,RGB_BINDING_3.4.0,1044,H030_L020_C010,63,44,42,3d873a6a4e783f0d670132b387c1366f5835c5b0bed2e8fd457de30347c629ae,30833114d15b532c7644d8370c20c4ef6f1dcf2e2202aa09156441286beb9d68,SUPERSEDED_BY,EXPLICIT_ROW_ID_AND_REFERENCE_BINDING,MIGRATED_VERIFIED
8283ab91b10f89ac758d09ecf5fb4d6343536600a06dd468b1cc1ecf4ec747c4,ACTIVE_MASTER_V2_ILLUMEXT,RGB_BINDING_3.4.0,1045,H030_L020_C015,68,41,37,a4ddaede10e1a16f2c6a613d532870f4bfb0c7c31170d59bfeca6804c3d60246,a225d90e1a0e74dea1fc9f6f9f1cffc56ff60e317bca44cf0ec662505045ee2e,SUPERSEDED_BY,EXPLICIT_ROW_ID_AND_REFERENCE_BINDING,MIGRATED_VERIFIED
8283ab91b10f89ac758d09ecf5fb4d6343536600a06dd468b1cc1ecf4ec747c4,ACTIVE_MASTER_V2_ILLUMEXT,RGB_BINDING_3.4.0,1046,H030_L020_C020,73,38,34,936cb0daace9f4b6dd0cfe422ef922a5ee51d461f630755f11cc3ed58c9bfef3,6d76c89866982b19cfe186ddcb5d070e02bc75cbca39138c936c0b8b5448826e,SUPERSEDED_BY,EXPLICIT_ROW_ID_AND_REFERENCE_BINDING,MIGRATED_VERIFIED
8283ab91b10f89ac758d09ecf5fb4d6343536600a06dd468b1cc1ecf4ec747c4,ACTIVE_MASTER_V2_ILLUMEXT,RGB_BINDING_3.4.0,1047,H030_L020_C025,80,34,31,5b4a5d7e0b35acf9cb4aa136cfda7bc1d62c55d25b775311e12885fa067fa701,d733c263842b76bc4e2e1e1b34d8e15ef80c8c40953a919364301433f58a8901,SUPERSEDED_BY,EXPLICIT_ROW_ID_AND_REFERENCE_BINDING,MIGRATED_VERIFIED
8283ab91b10f89ac758d09ecf5fb4d6343536600a06dd468b1cc1ecf4ec747c4,ACTIVE_MASTER_V2_ILLUMEXT,RGB_BINDING_3.4.0,1048,H030_L020_C030,84,29,28,6ecb90841d92eaae0abc6b4e7f0b9e0e8dde4492c37d06970bd1ef769566ca6a,18021212dc6e47a4d9d71d8a28d6775f26903315222c7e621364db0aab72df97,SUPERSEDED_BY,EXPLICIT_ROW_ID_AND_REFERENCE_BINDING,MIGRATED_VERIFIED
8283ab91b10f89ac758d09ecf5fb4d6343536600a06dd468b1cc1ecf4ec747c4,ACTIVE_MASTER_V2_ILLUMEXT,RGB_BINDING_3.4.0,1049,H030_L020_C035,89,25,24,54f266d8e3ea6761c82a6520cf047b1ec79b819c435f7e137433b11b983c48f2,0d853ccc6ca1caf96bceb68c31a5e1b86bed4eccdf0897a4cd98f9b92cd5f77f,SUPERSEDED_BY,EXPLICIT_ROW_ID_AND_REFERENCE_BINDING,MIGRATED_VERIFIED
8283ab91b10f89ac758d09ecf5fb4d6343536600a06dd468b1cc1ecf4ec747c4,ACTIVE_MASTER_V2_ILLUMEXT,RGB_BINDING_3.4.0,1050,H030_L020_C040,95,17,21,cf84bf95397bb54160108051f0cd6b0dfc474ad2ec16136b4177876a56c9adf0,0e28a4b0b821e711aa522cc86a4d5e5e8ee86f3abe72c94f1b9f814f882ba07b,SUPERSEDED_BY,EXPLICIT_ROW_ID_AND_REFERENCE_BINDING,MIGRATED_VERIFIED
8283ab91b10f89ac758d09ecf5fb4d6343536600a06dd468b1cc1ecf4ec747c4,ACTIVE_MASTER_V2_ILLUMEXT,RGB_BINDING_3.4.0,1051,H030_L015_C005,44,36,34,9b179a18b0dd7eb876baabbe74eab03f408c9cf1b9a4546fa478051d86c8dd91,98f61b3484a212860af9c01d0d1eb7169a8df801b428beb5b44187bc6d0f6f26,SUPERSEDED_BY,EXPLICIT_ROW_ID_AND_REFERENCE_BINDING,MIGRATED_VERIFIED
8283ab91b10f89ac758d09ecf5fb4d6343536600a06dd468b1cc1ecf4ec747c4,ACTIVE_MASTER_V2_ILLUMEXT,RGB_BINDING_3.4.0,1052,H030_L015_C010,51,32,31,b2d0de5edfe5c500ed03425586cc08ddd09034f80f6053b330b1f620fa2d8f3f,6baf82e69ee9ad3546f1dbe2ae2536aa7c86cefa2e2086126675170a7158e971,SUPERSEDED_BY,EXPLICIT_ROW_ID_AND_REFERENCE_BINDING,MIGRATED_VERIFIED
8283ab91b10f89ac758d09ecf5fb4d6343536600a06dd468b1cc1ecf4ec747c4,ACTIVE_MASTER_V2_ILLUMEXT,RGB_BINDING_3.4.0,1053,H030_L015_C015,56,29,26,a1a3d5b5d81e898fb66d6859ecaa789b55ba7a3169d4a69997922b9c641607c6,bbd63b48295578e36d6dd6b827bb2042453d47aa7d0dbdc559e06b6bde55aaca,SUPERSEDED_BY,EXPLICIT_ROW_ID_AND_REFERENCE_BINDING,MIGRATED_VERIFIED
8283ab91b10f89ac758d09ecf5fb4d6343536600a06dd468b1cc1ecf4ec747c4,ACTIVE_MASTER_V2_ILLUMEXT,RGB_BINDING_3.4.0,1054,H030_L015_C020,61,27,24,3c649d0d985faa37627e5caf84bd37a218f42ea143774eb25e5c304eeffccbff,d4d9bd3d3b3cd2ec61fc67b5fc7233d2f3bb069aefdfa9d6f14a8a0d6b421260,SUPERSEDED_BY,EXPLICIT_ROW_ID_AND_REFERENCE_BINDING,MIGRATED_VERIFIED
8283ab91b10f89ac758d09ecf5fb4d6343536600a06dd468b1cc1ecf4ec747c4,ACTIVE_MASTER_V2_ILLUMEXT,RGB_BINDING_3.4.0,1055,H030_L015_C025,67,22,20,14b1bb0d5ce27fb0cc23622548cceaf1285659cab82b088baf3e8fcf5b8a7193,b5bc82daa305734ffe306457e4d59c4de0a1e56b403ab191ea4e5c2db892589f,SUPERSEDED_BY,EXPLICIT_ROW_ID_AND_REFERENCE_BINDING,MIGRATED_VERIFIED
8283ab91b10f89ac758d09ecf5fb4d6343536600a06dd468b1cc1ecf4ec747c4,ACTIVE_MASTER_V2_ILLUMEXT,RGB_BINDING_3.4.0,1056,H030_L015_C030,71,17,17,e0f71b9100194dae110507478d9dc4300a5268155280c89e4ed0355d23cd907c,8a7d1a52a3ff976c7f98a25385edc9479151956e7c0865a45ca7516e2a1e7282,SUPERSEDED_BY,EXPLICIT_ROW_ID_AND_REFERENCE_BINDING,MIGRATED_VERIFIED
8283ab91b10f89ac758d09ecf5fb4d6343536600a06dd468b1cc1ecf4ec747c4,ACTIVE_MASTER_V2_ILLUMEXT,RGB_BINDING_3.4.0,1057,H030_L010_C005,34,25,23,1de3728bb3d3e8407f4179dca79e06a4c3e0e314fbadcbf24778d84881373574,049eb64886e71573095f16be6ad4354094596bf0c34f2ac24779c44a9d03a0ed,SUPERSEDED_BY,EXPLICIT_ROW_ID_AND_REFERENCE_BINDING,MIGRATED_VERIFIED
8283ab91b10f89ac758d09ecf5fb4d6343536600a06dd468b1cc1ecf4ec747c4,ACTIVE_MASTER_V2_ILLUMEXT,RGB_BINDING_3.4.0,1058,H030_L010_C010,41,23,22,4977d37f62e1f76999e1e97d4e0cae4ca33c817e0bc35f35749ac3675367039e,670539012f1ca968fec6ea8d2408202d15c3b0c64a51257c0b1563fd4ff1b187,SUPERSEDED_BY,EXPLICIT_ROW_ID_AND_REFERENCE_BINDING,MIGRATED_VERIFIED
8283ab91b10f89ac758d09ecf5fb4d6343536600a06dd468b1cc1ecf4ec747c4,ACTIVE_MASTER_V2_ILLUMEXT,RGB_BINDING_3.4.0,1059,H030_L010_C015,46,20,17,8ccfe70c4c61184896f9a2196505ec4059fd7dc39976d312ac55683ae1b6dbbe,cade99fe34d32af0f672b092537f956dd678b115cbd0a28d134cf928ace0a481,SUPERSEDED_BY,EXPLICIT_ROW_ID_AND_REFERENCE_BINDING,MIGRATED_VERIFIED
8283ab91b10f89ac758d09ecf5fb4d6343536600a06dd468b1cc1ecf4ec747c4,ACTIVE_MASTER_V2_ILLUMEXT,RGB_BINDING_3.4.0,1060,H030_L010_C020,50,17,14,c3493e83f3f2a55118a39c490b8cde6bf5f40f08a9d64f16c4ed6ddd41cf8862,e72c79a07484653f16079ba61cde5742c62c6a8742d3f99afb59de54ad381722,SUPERSEDED_BY,EXPLICIT_ROW_ID_AND_REFERENCE_BINDING,MIGRATED_VERIFIED
8283ab91b10f89ac758d09ecf5fb4d6343536600a06dd468b1cc1ecf4ec747c4,ACTIVE_MASTER_V2_ILLUMEXT,RGB_BINDING_3.4.0,1061,H030_L005_C005,24,14,11,6183d5f70bded294b3afe42ec8e3bab36e9ad280e87d66297cdd26ed07738b1e,5051ddd5fdaa1e8a8fdb682c095bbedd70550416fff1e6842c92a116a4563445,SUPERSEDED_BY,EXPLICIT_ROW_ID_AND_REFERENCE_BINDING,MIGRATED_VERIFIED
8283ab91b10f89ac758d09ecf5fb4d6343536600a06dd468b1cc1ecf4ec747c4,ACTIVE_MASTER_V2_ILLUMEXT,RGB_BINDING_3.4.0,1062,H035_L090_C005,237,224,222,6735b81d2b0316c95cb3dc218de440290801ff774d1c079d127d24015633bd17,786dbd84e0330bae326a88c6f30d5385ccd0830ac38bca6c713333353bb00894,SUPERSEDED_BY,EXPLICIT_ROW_ID_AND_REFERENCE_BINDING,MIGRATED_VERIFIED
8283ab91b10f89ac758d09ecf5fb4d6343536600a06dd468b1cc1ecf4ec747c4,ACTIVE_MASTER_V2_ILLUMEXT,RGB_BINDING_3.4.0,1063,H035_L090_C010,246,221,216,144629c3910481a0eb4f20d42bda38158dbd25ba074c93be8268a17e0626ad1f,1c8f97f1a122c2f912affb9485949b65500112268aa4b68681ddd625cbe702f1,SUPERSEDED_BY,EXPLICIT_ROW_ID_AND_REFERENCE_BINDING,MIGRATED_VERIFIED
8283ab91b10f89ac758d09ecf5fb4d6343536600a06dd468b1cc1ecf4ec747c4,ACTIVE_MASTER_V2_ILLUMEXT,RGB_BINDING_3.4.0,1064,H035_L085_C005,222,209,206,e87af0d0892a146f4ec329617a4debc601f53057cf593787426ee411e84f98d8,7c764ed76bd858afac245c70e2d9a02510d3cece52d248e999781ac2007d059d,SUPERSEDED_BY,EXPLICIT_ROW_ID_AND_REFERENCE_BINDING,MIGRATED_VERIFIED
8283ab91b10f89ac758d09ecf5fb4d6343536600a06dd468b1cc1ecf4ec747c4,ACTIVE_MASTER_V2_ILLUMEXT,RGB_BINDING_3.4.0,1065,H035_L085_C010,232,207,202,fab968560832fe947a62ae5decddc86cc8d90ac54de5b8da8f67dd80923d02e1,6e691fdd1b93fdaedda8dc17bafe827295e7bdaf011a89154e7b8059656d9026,SUPERSEDED_BY,EXPLICIT_ROW_ID_AND_REFERENCE_BINDING,MIGRATED_VERIFIED
8283ab91b10f89ac758d09ecf5fb4d6343536600a06dd468b1cc1ecf4ec747c4,ACTIVE_MASTER_V2_ILLUMEXT,RGB_BINDING_3.4.0,1066,H035_L085_C015,239,204,196,dc3bf947d25d86946b4e802425d3aa5f14c53fc17ef359f0acf79d69816399c2,9d8330a2bd8d94ac46352d497c5d66d78fcd5306c18dc71a46d78fff51afcf03,SUPERSEDED_BY,EXPLICIT_ROW_ID_AND_REFERENCE_BINDING,MIGRATED_VERIFIED
8283ab91b10f89ac758d09ecf5fb4d6343536600a06dd468b1cc1ecf4ec747c4,ACTIVE_MASTER_V2_ILLUMEXT,RGB_BINDING_3.4.0,1067,H035_L085_C020,248,201,193,13e32fa09d63b851550f79f709650d927b6c75074dddde3956dad7431cacbcf6,92df386e115c737b549cb1555df0211239bd27fb3c09cbf7af8161465f92ed49,SUPERSEDED_BY,EXPLICIT_ROW_ID_AND_REFERENCE_BINDING,MIGRATED_VERIFIED
8283ab91b10f89ac758d09ecf5fb4d6343536600a06dd468b1cc1ecf4ec747c4,ACTIVE_MASTER_V2_ILLUMEXT,RGB_BINDING_3.4.0,1068,H035_L085_C025,255,198,187,8641dd091b78f58d191e5e232a5154805b3a79fa683acfff4dc24317b212e311,0cbd114cec36e2249d919c0d94d1a51a15c39015127c8c7c7e1f920c38f31cd7,SUPERSEDED_BY,EXPLICIT_ROW_ID_AND_REFERENCE_BINDING,MIGRATED_VERIFIED
8283ab91b10f89ac758d09ecf5fb4d6343536600a06dd468b1cc1ecf4ec747c4,ACTIVE_MASTER_V2_ILLUMEXT,RGB_BINDING_3.4.0,1069,H035_L080_C005,208,196,193,a972be2cac678efb38c3f1763f2b8eba347f3c4ecb630d0d9b7823fb9d1732a4,9cffd6d0171c880417bd8e7175c2fcad2f51a9177105260da4d77252c2808f74,SUPERSEDED_BY,EXPLICIT_ROW_ID_AND_REFERENCE_BINDING,MIGRATED_VERIFIED
8283ab91b10f89ac758d09ecf5fb4d6343536600a06dd468b1cc1ecf4ec747c4,ACTIVE_MASTER_V2_ILLUMEXT,RGB_BINDING_3.4.0,1070,H035_L080_C010,216,193,187,a32f281bc0241444bc271aa1043a3b506db3c80fcb8be61c7217ad626dceae62,6915a7369dec34eb7196f19183c7111d994af709a34522783faae0a799f3705c,SUPERSEDED_BY,EXPLICIT_ROW_ID_AND_REFERENCE_BINDING,MIGRATED_VERIFIED
8283ab91b10f89ac758d09ecf5fb4d6343536600a06dd468b1cc1ecf4ec747c4,ACTIVE_MASTER_V2_ILLUMEXT,RGB_BINDING_3.4.0,1071,H035_L080_C015,225,190,182,fc723836f8a51848f6117935f43127898cfcdf9729e26543eaae9798e5dff163,478e995e6ae1c0a44a42f11b281b06c88bff507a63147cb594fa71dbd5492f4f,SUPERSEDED_BY,EXPLICIT_ROW_ID_AND_REFERENCE_BINDING,MIGRATED_VERIFIED
8283ab91b10f89ac758d09ecf5fb4d6343536600a06dd468b1cc1ecf4ec747c4,ACTIVE_MASTER_V2_ILLUMEXT,RGB_BINDING_3.4.0,1072,H035_L080_C020,233,188,179,f9ea68ac1e1d00c006ad35400d10b7e5f030a8eba063883e58213bcf898d5873,c67c3264aa0f07cb2660e95c0716dae4a25e8a7b9b46769947b191ad9e374d21,SUPERSEDED_BY,EXPLICIT_ROW_ID_AND_REFERENCE_BINDING,MIGRATED_VERIFIED
8283ab91b10f89ac758d09ecf5fb4d6343536600a06dd468b1cc1ecf4ec747c4,ACTIVE_MASTER_V2_ILLUMEXT,RGB_BINDING_3.4.0,1073,H035_L080_C025,241,185,174,694514ce109549b2f08a415980062b6eb50118f50e906aad6ca4107a93a0fb2c,b4e25e1838339d3fb8e01cad26e5c40f3d5a47515642a8a5446bfff3bc243974,SUPERSEDED_BY,EXPLICIT_ROW_ID_AND_REFERENCE_BINDING,MIGRATED_VERIFIED
8283ab91b10f89ac758d09ecf5fb4d6343536600a06dd468b1cc1ecf4ec747c4,ACTIVE_MASTER_V2_ILLUMEXT,RGB_BINDING_3.4.0,1074,H035_L080_C030,250,180,168,2baadad3d91fce1470e83779cc567d91ca7fa878c001b8f98acbc57c8ffe1624,8ad5767d442bc0f98463ecd44c99dc6bcdd090a815da448c321001b85fab69bf,SUPERSEDED_BY,EXPLICIT_ROW_ID_AND_REFERENCE_BINDING,MIGRATED_VERIFIED
8283ab91b10f89ac758d09ecf5fb4d6343536600a06dd468b1cc1ecf4ec747c4,ACTIVE_MASTER_V2_ILLUMEXT,RGB_BINDING_3.4.0,1075,H035_L080_C035,255,177,163,c63fe618eb46a586c74a88eb4d6aea9a87e0b64dc51f845e6c1431beeed78315,0db99ab69f087dbbcc9d1cd07e03bed1fd95463664b4367241367173f7d597a0,SUPERSEDED_BY,EXPLICIT_ROW_ID_AND_REFERENCE_BINDING,MIGRATED_VERIFIED
8283ab91b10f89ac758d09ecf5fb4d6343536600a06dd468b1cc1ecf4ec747c4,ACTIVE_MASTER_V2_ILLUMEXT,RGB_BINDING_3.4.0,1076,H035_L075_C005,194,182,179,b156eadd0437e2d2e8a438e14e1f069b65f4de7a694b56b39e82e564e2f5591c,0550724ab55b4b2b0849e659c4102d3b62e28fa0baf8ea68046523e1172b4f86,SUPERSEDED_BY,EXPLICIT_ROW_ID_AND_REFERENCE_BINDING,MIGRATED_VERIFIED
8283ab91b10f89ac758d09ecf5fb4d6343536600a06dd468b1cc1ecf4ec747c4,ACTIVE_MASTER_V2_ILLUMEXT,RGB_BINDING_3.4.0,1077,H035_L075_C010,202,179,173,7efed22a80e405ab4f38497745aeb3485b7138375423a2d701061cd9e8bd32b2,d53216f2cc935b54b9ebf42193a11cbeb3ed0fa47640cf2a7e0538fc628287e3,SUPERSEDED_BY,EXPLICIT_ROW_ID_AND_REFERENCE_BINDING,MIGRATED_VERIFIED
8283ab91b10f89ac758d09ecf5fb4d6343536600a06dd468b1cc1ecf4ec747c4,ACTIVE_MASTER_V2_ILLUMEXT,RGB_BINDING_3.4.0,1078,H035_L075_C015,211,176,168,2d893cd089dd1d90bafab13f964f2472ccebc68c2f8e8436e9ef11a8119b783a,bf2687a771d053dd0c4edd09454edda0f5853ab0d85bcd9492519f7a661ef913,SUPERSEDED_BY,EXPLICIT_ROW_ID_AND_REFERENCE_BINDING,MIGRATED_VERIFIED
8283ab91b10f89ac758d09ecf5fb4d6343536600a06dd468b1cc1ecf4ec747c4,ACTIVE_MASTER_V2_ILLUMEXT,RGB_BINDING_3.4.0,1079,H035_L075_C020,218,173,165,6da37a45cef4bff37a731a2d51bf6b5691ccb71bc5ae2e2a6bdfe833b5e45300,3da6134b640941b89b01b407ebb86137a76b4ee718a38e2b16ac64b306e1d5b9,SUPERSEDED_BY,EXPLICIT_ROW_ID_AND_REFERENCE_BINDING,MIGRATED_VERIFIED
8283ab91b10f89ac758d09ecf5fb4d6343536600a06dd468b1cc1ecf4ec747c4,ACTIVE_MASTER_V2_ILLUMEXT,RGB_BINDING_3.4.0,1080,H035_L075_C025,227,171,160,90d031edd1bffcc4343e53d9550a89e2c9d272de0d8cd052fb88be4728723ce2,6be17fccbaadb1ce53898f13342ed727d9cbf85e04626e33a30f27bc30d3ad37,SUPERSEDED_BY,EXPLICIT_ROW_ID_AND_REFERENCE_BINDING,MIGRATED_VERIFIED
8283ab91b10f89ac758d09ecf5fb4d6343536600a06dd468b1cc1ecf4ec747c4,ACTIVE_MASTER_V2_ILLUMEXT,RGB_BINDING_3.4.0,1081,H035_L075_C030,236,167,155,3b75fdb3ce2cc1f258dbe6f56374f990959f053ddf1fd24d609cdeb22a88f996,86fc432c1c570e6eba4b2b0f4345d4651887f3c4b440de316efcb5b7273eb3c2,SUPERSEDED_BY,EXPLICIT_ROW_ID_AND_REFERENCE_BINDING,MIGRATED_VERIFIED
8283ab91b10f89ac758d09ecf5fb4d6343536600a06dd468b1cc1ecf4ec747c4,ACTIVE_MASTER_V2_ILLUMEXT,RGB_BINDING_3.4.0,1082,H035_L075_C035,242,163,149,0fef7df08d36b0b2e48d4208a15f40fde8e27c23add2e592e07e85fc475a9eb9,f5af37771305abb56f93e74d26b007282ae8a37c7566f218aded2a80ea2429ce,SUPERSEDED_BY,EXPLICIT_ROW_ID_AND_REFERENCE_BINDING,MIGRATED_VERIFIED
8283ab91b10f89ac758d09ecf5fb4d6343536600a06dd468b1cc1ecf4ec747c4,ACTIVE_MASTER_V2_ILLUMEXT,RGB_BINDING_3.4.0,1083,H035_L075_C040,250,160,144,7df79f6c8bf99f3467c9cd1a46ec1f4a6d85afe406f772c47b80c95b75bc30b4,025abdabe04f9a8a1142c0b982b2341464e47a4e8d4bc050935b6bec2df837db,SUPERSEDED_BY,EXPLICIT_ROW_ID_AND_REFERENCE_BINDING,MIGRATED_VERIFIED
8283ab91b10f89ac758d09ecf5fb4d6343536600a06dd468b1cc1ecf4ec747c4,ACTIVE_MASTER_V2_ILLUMEXT,RGB_BINDING_3.4.0,1084,H035_L075_C045,255,156,139,0b7f00502608bdc8ab129416c47bd668b141c53d03bd54e6384701600c50e1f8,5379f2ef6f8bd6f872df3d87cdb99834e4603690f4f489e7e93eb992be568f9d,SUPERSEDED_BY,EXPLICIT_ROW_ID_AND_REFERENCE_BINDING,MIGRATED_VERIFIED
8283ab91b10f89ac758d09ecf5fb4d6343536600a06dd468b1cc1ecf4ec747c4,ACTIVE_MASTER_V2_ILLUMEXT,RGB_BINDING_3.4.0,1085,H035_L075_C050,255,153,134,348603332bac2722ec957ba5a07ba2fdd50b24a2ec6e92a2179c6e166faa0b8c,c6a937fcc12ee10946a887967201deeb212b9973a64108d62e6fa8bcdb812b51,SUPERSEDED_BY,EXPLICIT_ROW_ID_AND_REFERENCE_BINDING,MIGRATED_VERIFIED
8283ab91b10f89ac758d09ecf5fb4d6343536600a06dd468b1cc1ecf4ec747c4,ACTIVE_MASTER_V2_ILLUMEXT,RGB_BINDING_3.4.0,1086,H035_L070_C005,181,169,166,9ba0fdd5ea7a38197f473399dedaa0341c59715ab2174366c891e7220478fe5b,2ffc5385408422b005e6617c09020aca82841e64380fb60b871a379671d19874,SUPERSEDED_BY,EXPLICIT_ROW_ID_AND_REFERENCE_BINDING,MIGRATED_VERIFIED
8283ab91b10f89ac758d09ecf5fb4d6343536600a06dd468b1cc1ecf4ec747c4,ACTIVE_MASTER_V2_ILLUMEXT,RGB_BINDING_3.4.0,1087,H035_L070_C010,190,167,161,259c6d2a04a777a30fff5910221027e49edb70c6b55d29e11b79e60da1a7ddec,582d37de6c5c345f3740dcaf15d71e791c1022009f6afc01fce352c39f5e05a2,SUPERSEDED_BY,EXPLICIT_ROW_ID_AND_REFERENCE_BINDING,MIGRATED_VERIFIED
8283ab91b10f89ac758d09ecf5fb4d6343536600a06dd468b1cc1ecf4ec747c4,ACTIVE_MASTER_V2_ILLUMEXT,RGB_BINDING_3.4.0,1088,H035_L070_C015,198,164,156,2b1f3327bdb5a79b2eda3c557f2d60e1176d57b2db8f8e794bc2e74ac939d41f,6ba47cca9b81e15fabda81101df031baaf5209ac63854c627e2510150c61f79b,SUPERSEDED_BY,EXPLICIT_ROW_ID_AND_REFERENCE_BINDING,MIGRATED_VERIFIED
8283ab91b10f89ac758d09ecf5fb4d6343536600a06dd468b1cc1ecf4ec747c4,ACTIVE_MASTER_V2_ILLUMEXT,RGB_BINDING_3.4.0,1089,H035_L070_C020,205,161,152,4191f8f6cc23a29d4384915dd08be1c51ece8a3e90369bd17ef0aee76023540e,10277b2944ea88f5d374f52831798d77ed97d58063afd735c247f4e36b0b223a,SUPERSEDED_BY,EXPLICIT_ROW_ID_AND_REFERENCE_BINDING,MIGRATED_VERIFIED
8283ab91b10f89ac758d09ecf5fb4d6343536600a06dd468b1cc1ecf4ec747c4,ACTIVE_MASTER_V2_ILLUMEXT,RGB_BINDING_3.4.0,1090,H035_L070_C025,213,158,148,f344a245b03ba8b7b777965a5907a38938197724e9ba4422b3ed31ee30a48b60,23b94e6e238572b41d362ace7f56278a75ef061b2acc24cc2ce94abb84683ae6,SUPERSEDED_BY,EXPLICIT_ROW_ID_AND_REFERENCE_BINDING,MIGRATED_VERIFIED
8283ab91b10f89ac758d09ecf5fb4d6343536600a06dd468b1cc1ecf4ec747c4,ACTIVE_MASTER_V2_ILLUMEXT,RGB_BINDING_3.4.0,1091,H035_L070_C030,222,154,142,290c8e10ade5d165cea2ccfca6837802abefccd364660b3b53ede91ac6efba3c,d993ea0c24ac6217dd2d70ce0252df5491a44c9529d7d31af3c80fc9a02b4811,SUPERSEDED_BY,EXPLICIT_ROW_ID_AND_REFERENCE_BINDING,MIGRATED_VERIFIED
8283ab91b10f89ac758d09ecf5fb4d6343536600a06dd468b1cc1ecf4ec747c4,ACTIVE_MASTER_V2_ILLUMEXT,RGB_BINDING_3.4.0,1092,H035_L070_C035,228,150,137,328309bfe397e8d76e3c51fd247bc4bedc96154ed8ea7addb92de0377f80483e,60f079a0322c33250e1ba8d5a67d0da1da9205e7fd6182777f3d632c2d6f63fe,SUPERSEDED_BY,EXPLICIT_ROW_ID_AND_REFERENCE_BINDING,MIGRATED_VERIFIED
8283ab91b10f89ac758d09ecf5fb4d6343536600a06dd468b1cc1ecf4ec747c4,ACTIVE_MASTER_V2_ILLUMEXT,RGB_BINDING_3.4.0,1093,H035_L070_C040,236,148,132,0a925a7da83867492006587bc780db168a7ca0021521d26f8100df29f4723530,95d0b7943d8d8c55da6ffeab7f291576b8cc62bcbd8296867b45db5965129821,SUPERSEDED_BY,EXPLICIT_ROW_ID_AND_REFERENCE_BINDING,MIGRATED_VERIFIED
8283ab91b10f89ac758d09ecf5fb4d6343536600a06dd468b1cc1ecf4ec747c4,ACTIVE_MASTER_V2_ILLUMEXT,RGB_BINDING_3.4.0,1094,H035_L070_C045,243,144,127,cbf3044650c17c44b8f985118d5adde7ddef856e1adae213b8b614c3bcf2b76b,b222b27b22b4757ea69ac8155652145146a3aae3577b43e212d03942e12a59b3,SUPERSEDED_BY,EXPLICIT_ROW_ID_AND_REFERENCE_BINDING,MIGRATED_VERIFIED
8283ab91b10f89ac758d09ecf5fb4d6343536600a06dd468b1cc1ecf4ec747c4,ACTIVE_MASTER_V2_ILLUMEXT,RGB_BINDING_3.4.0,1095,H035_L070_C050,249,140,122,481c623073e3ab22b37a05d5b749e927320bb13278b868c083da395de085e8f8,664b0b92b5e10b3e66f904846fad6cfcfc5a1cf9c02dfed626a953985f75db07,SUPERSEDED_BY,EXPLICIT_ROW_ID_AND_REFERENCE_BINDING,MIGRATED_VERIFIED
8283ab91b10f89ac758d09ecf5fb4d6343536600a06dd468b1cc1ecf4ec747c4,ACTIVE_MASTER_V2_ILLUMEXT,RGB_BINDING_3.4.0,1096,H035_L070_C055,255,136,117,baad4a93a78d847000c14280f3d4a4c951a55130c4f5357a6e93db3abd6a939e,4d043824d1b7aeb38dbcd8af1758df3d6a4e198653613ed883423ef04df28c47,SUPERSEDED_BY,EXPLICIT_ROW_ID_AND_REFERENCE_BINDING,MIGRATED_VERIFIED
8283ab91b10f89ac758d09ecf5fb4d6343536600a06dd468b1cc1ecf4ec747c4,ACTIVE_MASTER_V2_ILLUMEXT,RGB_BINDING_3.4.0,1097,H035_L070_C060,255,131,112,1d887616042590288cf4d5dd140abf13be87d692537042a9b057c59f932f5bbb,009f66f1ae941bc88e23cd54b6a01b13dcb3ae2425cf5eb62a5be6cdfc20f857,SUPERSEDED_BY,EXPLICIT_ROW_ID_AND_REFERENCE_BINDING,MIGRATED_VERIFIED
8283ab91b10f89ac758d09ecf5fb4d6343536600a06dd468b1cc1ecf4ec747c4,ACTIVE_MASTER_V2_ILLUMEXT,RGB_BINDING_3.4.0,1098,H035_L070_C065,255,126,107,647eef3006eb49936e311ba30ba059a4139899d472f73fc356c0133318248e8c,5f971358c7752801d4fafeab0330f831b86f16250874b7982bb7a8d18433c901,SUPERSEDED_BY,EXPLICIT_ROW_ID_AND_REFERENCE_BINDING,MIGRATED_VERIFIED
8283ab91b10f89ac758d09ecf5fb4d6343536600a06dd468b1cc1ecf4ec747c4,ACTIVE_MASTER_V2_ILLUMEXT,RGB_BINDING_3.4.0,1099,H035_L065_C005,166,155,152,a58943df7f9efa8d2ae6ecef997b24d6ca418768e5bb1b396ff612f42425ad5e,ca2eba4651513cb9111194b30f685926ad0bcb152f10937163a8f0d77179b8a4,SUPERSEDED_BY,EXPLICIT_ROW_ID_AND_REFERENCE_BINDING,MIGRATED_VERIFIED
8283ab91b10f89ac758d09ecf5fb4d6343536600a06dd468b1cc1ecf4ec747c4,ACTIVE_MASTER_V2_ILLUMEXT,RGB_BINDING_3.4.0,1100,H035_L065_C010,175,153,148,24b447baaffc3af48f16296cfe28ede0a3f22a3653b2ec32dac8f814ce1417c4,08d574e13e4b2a02b89bee84d17c39497b2d79ccef2749f076f7900fc823267d,SUPERSEDED_BY,EXPLICIT_ROW_ID_AND_REFERENCE_BINDING,MIGRATED_VERIFIED
8283ab91b10f89ac758d09ecf5fb4d6343536600a06dd468b1cc1ecf4ec747c4,ACTIVE_MASTER_V2_ILLUMEXT,RGB_BINDING_3.4.0,1101,H035_L065_C015,184,150,143,b2df24c5457c659951b80f22c64291da2f3a0c1c554e289a2bb273cff93d16bb,f8da2d192913e85f5f5991452707356b955060fc17a5d1b822a9d90cd76c40f5,SUPERSEDED_BY,EXPLICIT_ROW_ID_AND_REFERENCE_BINDING,MIGRATED_VERIFIED
8283ab91b10f89ac758d09ecf5fb4d6343536600a06dd468b1cc1ecf4ec747c4,ACTIVE_MASTER_V2_ILLUMEXT,RGB_BINDING_3.4.0,1102,H035_L065_C020,190,147,139,1a75d1c0fba3596906e0006800d4f6c08f83638a012f17497b925f040820fdf1,98b9d8332f92106ec7a29995b825e0fbe5c26bd4598045b0ad2de5f99b7b5fe7,SUPERSEDED_BY,EXPLICIT_ROW_ID_AND_REFERENCE_BINDING,MIGRATED_VERIFIED
8283ab91b10f89ac758d09ecf5fb4d6343536600a06dd468b1cc1ecf4ec747c4,ACTIVE_MASTER_V2_ILLUMEXT,RGB_BINDING_3.4.0,1103,H035_L065_C025,199,145,134,44973a3b015aa718eb593e751f56e779176589fcc3c5fd6151338792eb715aa4,b891c37754a41eb46ec4bdfd94331e1a212a8a1cb7cebe175b233a067a0ecf0a,SUPERSEDED_BY,EXPLICIT_ROW_ID_AND_REFERENCE_BINDING,MIGRATED_VERIFIED
8283ab91b10f89ac758d09ecf5fb4d6343536600a06dd468b1cc1ecf4ec747c4,ACTIVE_MASTER_V2_ILLUMEXT,RGB_BINDING_3.4.0,1104,H035_L065_C030,207,141,129,a449156c71162ff61cd7bec9be632b4fe6ee23af26736ea628d24a5be591d2e4,c76b2baff38e48a475617d6c44691884d81e04579158147732509de94ddaecf0,SUPERSEDED_BY,EXPLICIT_ROW_ID_AND_REFERENCE_BINDING,MIGRATED_VERIFIED
8283ab91b10f89ac758d09ecf5fb4d6343536600a06dd468b1cc1ecf4ec747c4,ACTIVE_MASTER_V2_ILLUMEXT,RGB_BINDING_3.4.0,1105,H035_L065_C035,214,137,124,d2b3c1f33485613cc2013d229685ff1b0788da5187791f33a778d682ae6a34af,7d196c8509dcc99986b27f772bc8edc998f5db124ca4dcdb2bb3c4315d05062c,SUPERSEDED_BY,EXPLICIT_ROW_ID_AND_REFERENCE_BINDING,MIGRATED_VERIFIED
8283ab91b10f89ac758d09ecf5fb4d6343536600a06dd468b1cc1ecf4ec747c4,ACTIVE_MASTER_V2_ILLUMEXT,RGB_BINDING_3.4.0,1106,H035_L065_C040,221,134,119,6a0fd4d2668d486ed545f601dd6909d17d99e735191baeb536be8622833f1a6c,7dad6911262156a268ba55fa0aa2d43faae98c6c6b04f5a305fd64e9abcc4102,SUPERSEDED_BY,EXPLICIT_ROW_ID_AND_REFERENCE_BINDING,MIGRATED_VERIFIED
8283ab91b10f89ac758d09ecf5fb4d6343536600a06dd468b1cc1ecf4ec747c4,ACTIVE_MASTER_V2_ILLUMEXT,RGB_BINDING_3.4.0,1107,H035_L065_C045,227,130,114,6ca1bb203156b64c40974c6e2f21fcae336253d645c9a1c119461912d3d11db8,512ace4fda3dcb0111b2759dedf61aee9a3025fedb01afa265d23fef019a765f,SUPERSEDED_BY,EXPLICIT_ROW_ID_AND_REFERENCE_BINDING,MIGRATED_VERIFIED
8283ab91b10f89ac758d09ecf5fb4d6343536600a06dd468b1cc1ecf4ec747c4,ACTIVE_MASTER_V2_ILLUMEXT,RGB_BINDING_3.4.0,1108,H035_L065_C050,233,126,109,08a0b6c199d72562f5dc77498d064fe28976fada36b326095b3859f86f645126,8577deed50de582eacd71429d2deccbb84e781296d8b94db0d9cdb5bcc6dd483,SUPERSEDED_BY,EXPLICIT_ROW_ID_AND_REFERENCE_BINDING,MIGRATED_VERIFIED
8283ab91b10f89ac758d09ecf5fb4d6343536600a06dd468b1cc1ecf4ec747c4,ACTIVE_MASTER_V2_ILLUMEXT,RGB_BINDING_3.4.0,1109,H035_L065_C055,240,122,104,1283266b8a50538fc208211fcc64c15dd077ae4b5837f47ce3452551356a53e5,520302f34bd95b6bf5a6b0fc2075e49204ad0ce804990be2d26b0854ac5cc33d,SUPERSEDED_BY,EXPLICIT_ROW_ID_AND_REFERENCE_BINDING,MIGRATED_VERIFIED
8283ab91b10f89ac758d09ecf5fb4d6343536600a06dd468b1cc1ecf4ec747c4,ACTIVE_MASTER_V2_ILLUMEXT,RGB_BINDING_3.4.0,1110,H035_L065_C060,245,118,100,4309bc9ed10d7298c2b30a2585080ad9f2590727c531acaf412f5266a8d4ce06,711ec482f9071c28d02e751db3f9b435c5aa5bf7b8fb18f9bdc226609b1da7af,SUPERSEDED_BY,EXPLICIT_ROW_ID_AND_REFERENCE_BINDING,MIGRATED_VERIFIED
8283ab91b10f89ac758d09ecf5fb4d6343536600a06dd468b1cc1ecf4ec747c4,ACTIVE_MASTER_V2_ILLUMEXT,RGB_BINDING_3.4.0,1111,H035_L065_C065,251,113,95,d909860beddaa5f8196ac93fb2cde72f899dfda73a834804ff6f974d87a72c88,fbd03783d5b8bb7700965bbb5b4f3a513ce63d953390dd8221443c6d99115a42,SUPERSEDED_BY,EXPLICIT_ROW_ID_AND_REFERENCE_BINDING,MIGRATED_VERIFIED
8283ab91b10f89ac758d09ecf5fb4d6343536600a06dd468b1cc1ecf4ec747c4,ACTIVE_MASTER_V2_ILLUMEXT,RGB_BINDING_3.4.0,1112,H035_L065_C070,255,108,90,07906b6e34982cddf4d54ae7a3edc1e998ed3832c8c61c472e48616d55415a15,6ee7c347e72974dbd2fd6a69510dbdd0ee2e948a9f1d68dcab78c0778c9e1d7c,SUPERSEDED_BY,EXPLICIT_ROW_ID_AND_REFERENCE_BINDING,MIGRATED_VERIFIED
8283ab91b10f89ac758d09ecf5fb4d6343536600a06dd468b1cc1ecf4ec747c4,ACTIVE_MASTER_V2_ILLUMEXT,RGB_BINDING_3.4.0,1113,H035_L065_C075,255,102,85,0e5fcad88a63dab0c47f5051ed817b473708bdc76806606ef5c663f59a8c4ef4,a9d73676554d3c91152bd79097125f9855f05f476aae4009b3bc60f5f58f2df2,SUPERSEDED_BY,EXPLICIT_ROW_ID_AND_REFERENCE_BINDING,MIGRATED_VERIFIED
8283ab91b10f89ac758d09ecf5fb4d6343536600a06dd468b1cc1ecf4ec747c4,ACTIVE_MASTER_V2_ILLUMEXT,RGB_BINDING_3.4.0,1114,H035_L060_C005,153,142,139,23625c69cac0d5f14aa0da2b31b8d0b0a58597c31ef9d741c054d5683fe2d756,30bcd144dc513185a00a887b41c5a966c4c9e2aa0cc5bb0f4447615f2555f637,SUPERSEDED_BY,EXPLICIT_ROW_ID_AND_REFERENCE_BINDING,MIGRATED_VERIFIED
8283ab91b10f89ac758d09ecf5fb4d6343536600a06dd468b1cc1ecf4ec747c4,ACTIVE_MASTER_V2_ILLUMEXT,RGB_BINDING_3.4.0,1115,H035_L060_C010,162,140,135,1233c561bd2e75d58ad0b4b509da40ceab39db432feb606c71b435ef8ca25ae6,07b71e113541b13e245a03652b6ee11523427fedd6125cd8c7cc270fe7c6ffc0,SUPERSEDED_BY,EXPLICIT_ROW_ID_AND_REFERENCE_BINDING,MIGRATED_VERIFIED
8283ab91b10f89ac758d09ecf5fb4d6343536600a06dd468b1cc1ecf4ec747c4,ACTIVE_MASTER_V2_ILLUMEXT,RGB_BINDING_3.4.0,1116,H035_L060_C015,169,136,129,8f66c8a95aefae6367b680fbc1902edc43eec9080203ae4e660ce1b5991ab706,b2ddca5ccd2417ca3abe634c7edbb6a37b1f6bd1fd08ecf5063ab538ff9ad622,SUPERSEDED_BY,EXPLICIT_ROW_ID_AND_REFERENCE_BINDING,MIGRATED_VERIFIED
8283ab91b10f89ac758d09ecf5fb4d6343536600a06dd468b1cc1ecf4ec747c4,ACTIVE_MASTER_V2_ILLUMEXT,RGB_BINDING_3.4.0,1117,H035_L060_C020,177,134,126,5cf27b7ed749796c3fc824afe218136a23caea94d6db010dd62050d649ab9a29,59d61be133d7ccb65167bfa21757b1d5d67e9f437789e6fa2349d56658af3369,SUPERSEDED_BY,EXPLICIT_ROW_ID_AND_REFERENCE_BINDING,MIGRATED_VERIFIED
8283ab91b10f89ac758d09ecf5fb4d6343536600a06dd468b1cc1ecf4ec747c4,ACTIVE_MASTER_V2_ILLUMEXT,RGB_BINDING_3.4.0,1118,H035_L060_C025,184,131,121,f05e34fec880bfabf703e9caadf8ec5ac338b8f03beff630350f3ef152417216,5d4ab5b72da9fe9cb5e8a65038fa59e068acd02869544448f7480b71e38ae6f5,SUPERSEDED_BY,EXPLICIT_ROW_ID_AND_REFERENCE_BINDING,MIGRATED_VERIFIED
8283ab91b10f89ac758d09ecf5fb4d6343536600a06dd468b1cc1ecf4ec747c4,ACTIVE_MASTER_V2_ILLUMEXT,RGB_BINDING_3.4.0,1119,H035_L060_C030,193,127,116,24457c6b4d59845af67756a61609273793344d7845d3b9d3e8d42b74e5f223f0,225b2ebe930ac5f591313cb03b584674a8b89e6b5cd026adecf92831ccba9cda,SUPERSEDED_BY,EXPLICIT_ROW_ID_AND_REFERENCE_BINDING,MIGRATED_VERIFIED
8283ab91b10f89ac758d09ecf5fb4d6343536600a06dd468b1cc1ecf4ec747c4,ACTIVE_MASTER_V2_ILLUMEXT,RGB_BINDING_3.4.0,1120,H035_L060_C035,199,124,111,6fb1a813ef8a9258105f5129913e75994c486ebfa2e9cfb5622ed7ff3a2ad38b,191e085e8952319a79ecf761b648d6b1b00cf9cb17eb845680ded2b0b526efdc,SUPERSEDED_BY,EXPLICIT_ROW_ID_AND_REFERENCE_BINDING,MIGRATED_VERIFIED
8283ab91b10f89ac758d09ecf5fb4d6343536600a06dd468b1cc1ecf4ec747c4,ACTIVE_MASTER_V2_ILLUMEXT,RGB_BINDING_3.4.0,1121,H035_L060_C040,206,121,106,a95effc628aa61b7fd0a97f224c4939816137f02ce464b36e5da7cddbcacbcae,ae38b77975ae68bf3b6abcb17e0370be136799e50ae212927015f08da3b6fddc,SUPERSEDED_BY,EXPLICIT_ROW_ID_AND_REFERENCE_BINDING,MIGRATED_VERIFIED
8283ab91b10f89ac758d09ecf5fb4d6343536600a06dd468b1cc1ecf4ec747c4,ACTIVE_MASTER_V2_ILLUMEXT,RGB_BINDING_3.4.0,1122,H035_L060_C045,212,117,101,c827c4b29fc053032d26d188498cfbb716761b64fe1e64471d7d7eea0d12062b,09fd81c7522de99a88c8802777f599253c5d8e1d5f4923640c1aaf93bfecdea4,SUPERSEDED_BY,EXPLICIT_ROW_ID_AND_REFERENCE_BINDING,MIGRATED_VERIFIED
8283ab91b10f89ac758d09ecf5fb4d6343536600a06dd468b1cc1ecf4ec747c4,ACTIVE_MASTER_V2_ILLUMEXT,RGB_BINDING_3.4.0,1123,H035_L060_C050,218,113,96,1a3984a2c9a21fce7d29de085c6638fadad9f2739b049ea78bcb34ec24d85160,77d05401e75e718e1d8a0d1481f93c04f47a371e9ed351796e7f004f3efb8fb8,SUPERSEDED_BY,EXPLICIT_ROW_ID_AND_REFERENCE_BINDING,MIGRATED_VERIFIED
8283ab91b10f89ac758d09ecf5fb4d6343536600a06dd468b1cc1ecf4ec747c4,ACTIVE_MASTER_V2_ILLUMEXT,RGB_BINDING_3.4.0,1124,H035_L060_C055,224,108,91,98f453c4e4491cef75ef4cdd0cbe8d730533bf57d2f8e23eb36a98c7b69b1d7e,9983516b0b683f34a1e75a591053d1c219820084faf57b6e7249ed53df8b9e21,SUPERSEDED_BY,EXPLICIT_ROW_ID_AND_REFERENCE_BINDING,MIGRATED_VERIFIED
8283ab91b10f89ac758d09ecf5fb4d6343536600a06dd468b1cc1ecf4ec747c4,ACTIVE_MASTER_V2_ILLUMEXT,RGB_BINDING_3.4.0,1125,H035_L060_C060,229,104,88,9dd4d591598bf9b934596474ec29c13a30f4afb54c40f0ce5d86a133c7056869,b5e36fed542332bffa154ebc4d869f6ecb5af2fd9d334d2fd53a1ebc73923d90,SUPERSEDED_BY,EXPLICIT_ROW_ID_AND_REFERENCE_BINDING,MIGRATED_VERIFIED
8283ab91b10f89ac758d09ecf5fb4d6343536600a06dd468b1cc1ecf4ec747c4,ACTIVE_MASTER_V2_ILLUMEXT,RGB_BINDING_3.4.0,1126,H035_L060_C065,236,99,83,aa34bd9b2c7718eedc73ba266e8ed5f2a4857751c3e02eae962b39d097ebe159,4714c3d28b81b2b3e907db32224385ec6979be9c5bbc90fab7d35121d74d0f7b,SUPERSEDED_BY,EXPLICIT_ROW_ID_AND_REFERENCE_BINDING,MIGRATED_VERIFIED
8283ab91b10f89ac758d09ecf5fb4d6343536600a06dd468b1cc1ecf4ec747c4,ACTIVE_MASTER_V2_ILLUMEXT,RGB_BINDING_3.4.0,1127,H035_L060_C070,241,94,78,c0fed47ef055917aa39bf86fd3ba7751f5ff6dd6cb78b22b3b919e5d648bc3b9,92c15cd21171415e4357af1f351b88f75e5a996dee57227fa612aa9340605bbc,SUPERSEDED_BY,EXPLICIT_ROW_ID_AND_REFERENCE_BINDING,MIGRATED_VERIFIED
8283ab91b10f89ac758d09ecf5fb4d6343536600a06dd468b1cc1ecf4ec747c4,ACTIVE_MASTER_V2_ILLUMEXT,RGB_BINDING_3.4.0,1128,H035_L060_C075,247,88,73,3e3324bc5bf7c4e6b5ccb08f7c5dc079c8da852c12c4f1b37c2e80ac405eff6b,f9306ebe0ef1071f4c296e80f466b4bf3d5f0895aa287668920d2f0e478dc990,SUPERSEDED_BY,EXPLICIT_ROW_ID_AND_REFERENCE_BINDING,MIGRATED_VERIFIED
8283ab91b10f89ac758d09ecf5fb4d6343536600a06dd468b1cc1ecf4ec747c4,ACTIVE_MASTER_V2_ILLUMEXT,RGB_BINDING_3.4.0,1129,H035_L060_C080,253,80,68,1aabc8f39bac4663b5cd6fe59161b9673fad2ff0c32598a0507237d67930fff5,208d051f36e5ce37e5aa315706ab6a3bbcb5c2bc95b9cdf5a7d6004c8efb0315,SUPERSEDED_BY,EXPLICIT_ROW_ID_AND_REFERENCE_BINDING,MIGRATED_VERIFIED
8283ab91b10f89ac758d09ecf5fb4d6343536600a06dd468b1cc1ecf4ec747c4,ACTIVE_MASTER_V2_ILLUMEXT,RGB_BINDING_3.4.0,1130,H035_L055_C005,140,129,126,b59c7bee5d96ffa76999d793118ec49c55590cb88db2d4155c141b06314e4f70,ad75a1f7f8bc8e2dd5f278efe2fcfbe7826b31bf200f47466f7918574a7bebd8,SUPERSEDED_BY,EXPLICIT_ROW_ID_AND_REFERENCE_BINDING,MIGRATED_VERIFIED
8283ab91b10f89ac758d09ecf5fb4d6343536600a06dd468b1cc1ecf4ec747c4,ACTIVE_MASTER_V2_ILLUMEXT,RGB_BINDING_3.4.0,1131,H035_L055_C010,148,127,122,e2dc1fe5daab1d0a6afc8731b283f5910ab76a4f63ae3cc5bec0b4f87660a677,4887dfb6475994047266f3df22d45cc52f09d0ea12a6212dbda08917946f029a,SUPERSEDED_BY,EXPLICIT_ROW_ID_AND_REFERENCE_BINDING,MIGRATED_VERIFIED
8283ab91b10f89ac758d09ecf5fb4d6343536600a06dd468b1cc1ecf4ec747c4,ACTIVE_MASTER_V2_ILLUMEXT,RGB_BINDING_3.4.0,1132,H035_L055_C015,156,124,117,5612ccff6104a98b1cb52192fa97eed5cd7f53a235fd9a592a129520b2162b24,a12ba349f0bbdaf722d52d206158bb8bdf11b504009a32f9f3660093f004664c,SUPERSEDED_BY,EXPLICIT_ROW_ID_AND_REFERENCE_BINDING,MIGRATED_VERIFIED
8283ab91b10f89ac758d09ecf5fb4d6343536600a06dd468b1cc1ecf4ec747c4,ACTIVE_MASTER_V2_ILLUMEXT,RGB_BINDING_3.4.0,1133,H035_L055_C020,162,121,113,e643d414eb956420d944a6d9723f30d58470b43379953176d0e4b2bb5970dc11,79779472598328237c68dbb5b3a4ca14c65cf55b99f8d3a7e79fd907e62bcb93,SUPERSEDED_BY,EXPLICIT_ROW_ID_AND_REFERENCE_BINDING,MIGRATED_VERIFIED
8283ab91b10f89ac758d09ecf5fb4d6343536600a06dd468b1cc1ecf4ec747c4,ACTIVE_MASTER_V2_ILLUMEXT,RGB_BINDING_3.4.0,1134,H035_L055_C025,170,118,108,1e20a983614e94fb9ab2387317ec9d223f55fc5c35ee84205994d9552840a06f,11145e9f4aea34801460f6c8787e305fc3b3215a097deebb05a9e7c10d4a7fa5,SUPERSEDED_BY,EXPLICIT_ROW_ID_AND_REFERENCE_BINDING,MIGRATED_VERIFIED
8283ab91b10f89ac758d09ecf5fb4d6343536600a06dd468b1cc1ecf4ec747c4,ACTIVE_MASTER_V2_ILLUMEXT,RGB_BINDING_3.4.0,1135,H035_L055_C030,178,114,103,77f33c7bf969f181d88c8b1f663cef2898263b1feb00384e496f3def26a781f1,8e63042f9bf59735b2f4314fc9f5d1e14f9c329e2eb7ed886096b5b88abeabba,SUPERSEDED_BY,EXPLICIT_ROW_ID_AND_REFERENCE_BINDING,MIGRATED_VERIFIED
8283ab91b10f89ac758d09ecf5fb4d6343536600a06dd468b1cc1ecf4ec747c4,ACTIVE_MASTER_V2_ILLUMEXT,RGB_BINDING_3.4.0,1136,H035_L055_C035,184,110,98,fed0fb146c9435d6aef5b0537f5be350c04cc59c10412d20fb92389e3315daa8,38e463cf4c98d47bbf27e3f01aeef5a981c330fa8bf51a9df77d8e3bd889d9e8,SUPERSEDED_BY,EXPLICIT_ROW_ID_AND_REFERENCE_BINDING,MIGRATED_VERIFIED
8283ab91b10f89ac758d09ecf5fb4d6343536600a06dd468b1cc1ecf4ec747c4,ACTIVE_MASTER_V2_ILLUMEXT,RGB_BINDING_3.4.0,1137,H035_L055_C040,191,108,94,002bb775859e9def9f499fdcaa28fc4b9b9c7de352e685bdb97a3668d05c00e0,4c7c0d949f9784a82490e0f19938b1f044650cbedc5544276c27c4aec91d8518,SUPERSEDED_BY,EXPLICIT_ROW_ID_AND_REFERENCE_BINDING,MIGRATED_VERIFIED
8283ab91b10f89ac758d09ecf5fb4d6343536600a06dd468b1cc1ecf4ec747c4,ACTIVE_MASTER_V2_ILLUMEXT,RGB_BINDING_3.4.0,1138,H035_L055_C045,197,104,89,df6edf412a9633aae19a4584f2abbb3f7b4f0bb8d846bfaa953a03f14f667613,a76a254ea073486369b877f3dd0349f19b958aae412233d9a9a183a5b6d99d67,SUPERSEDED_BY,EXPLICIT_ROW_ID_AND_REFERENCE_BINDING,MIGRATED_VERIFIED
8283ab91b10f89ac758d09ecf5fb4d6343536600a06dd468b1cc1ecf4ec747c4,ACTIVE_MASTER_V2_ILLUMEXT,RGB_BINDING_3.4.0,1139,H035_L055_C050,202,99,83,917208e9446ca96ef10aba4aa192900578b4395a68010b45ab7df1f03883e36a,dae9d4b15ebfcb2cefe10922b4f76238a6aadf29fee3bb2913d699f8e62fce32,SUPERSEDED_BY,EXPLICIT_ROW_ID_AND_REFERENCE_BINDING,MIGRATED_VERIFIED
8283ab91b10f89ac758d09ecf5fb4d6343536600a06dd468b1cc1ecf4ec747c4,ACTIVE_MASTER_V2_ILLUMEXT,RGB_BINDING_3.4.0,1140,H035_L055_C055,209,95,79,31cdaeef32d77a28a364fc14b8081e5a4066a3e9d6b86d773d8daab0a31ad773,f5dd2c2151f4f91bb40c25b7de1137f21c35472318a75b9d755ec95bc4195b3c,SUPERSEDED_BY,EXPLICIT_ROW_ID_AND_REFERENCE_BINDING,MIGRATED_VERIFIED
8283ab91b10f89ac758d09ecf5fb4d6343536600a06dd468b1cc1ecf4ec747c4,ACTIVE_MASTER_V2_ILLUMEXT,RGB_BINDING_3.4.0,1141,H035_L055_C060,214,90,75,a1feabc7dd2918fb1b8bdb59c2ca2b9978fc667dc3b536218ae1de39110e5137,c91d4059dd52652afd23e608a0d0a64837250cb440b019a2e20ba0b1847f6093,SUPERSEDED_BY,EXPLICIT_ROW_ID_AND_REFERENCE_BINDING,MIGRATED_VERIFIED
8283ab91b10f89ac758d09ecf5fb4d6343536600a06dd468b1cc1ecf4ec747c4,ACTIVE_MASTER_V2_ILLUMEXT,RGB_BINDING_3.4.0,1142,H035_L055_C065,219,85,70,364e1810c394c4463d2f204b614654fc88419ef8661a4b012eab2a9a8a7088ea,b88b2011539bd6aeccca1fe625e0556e834d7e5bb865a28a0a5d122a2a8456c7,SUPERSEDED_BY,EXPLICIT_ROW_ID_AND_REFERENCE_BINDING,MIGRATED_VERIFIED
8283ab91b10f89ac758d09ecf5fb4d6343536600a06dd468b1cc1ecf4ec747c4,ACTIVE_MASTER_V2_ILLUMEXT,RGB_BINDING_3.4.0,1143,H035_L055_C070,225,80,66,3baf05ce5cf08bf92565153e734ef30b2e9475b92b382d487572fe4fc85e0029,7cc15927edddbdefdeaef4431b2e521f9c5dd10f3e49e405bb0225c8066ca314,SUPERSEDED_BY,EXPLICIT_ROW_ID_AND_REFERENCE_BINDING,MIGRATED_VERIFIED
8283ab91b10f89ac758d09ecf5fb4d6343536600a06dd468b1cc1ecf4ec747c4,ACTIVE_MASTER_V2_ILLUMEXT,RGB_BINDING_3.4.0,1144,H035_L055_C075,230,73,61,9911bd11f478fac8cdb1670bc2fa7d5321c898a960056a1928da4fd5fa691fcc,24826ab90cae4e891fc4e4de34a5be10278b6fd69e2a3c590bd5122d362a1a1f,SUPERSEDED_BY,EXPLICIT_ROW_ID_AND_REFERENCE_BINDING,MIGRATED_VERIFIED
8283ab91b10f89ac758d09ecf5fb4d6343536600a06dd468b1cc1ecf4ec747c4,ACTIVE_MASTER_V2_ILLUMEXT,RGB_BINDING_3.4.0,1145,H035_L055_C080,237,64,56,3ccd45a52343961198e2ccccabd55897f5c560979136b8fdb47f487cafe4d8e3,81aa49bf6f2e52b78e40df45833025d5d1cc8fdd0c8865c9c5bb714debf5140a,SUPERSEDED_BY,EXPLICIT_ROW_ID_AND_REFERENCE_BINDING,MIGRATED_VERIFIED
8283ab91b10f89ac758d09ecf5fb4d6343536600a06dd468b1cc1ecf4ec747c4,ACTIVE_MASTER_V2_ILLUMEXT,RGB_BINDING_3.4.0,1146,H035_L055_C085,243,56,52,97895d4878fca9132f287a9a2bef5466d9795f7cc20088318a8229472d3c07fb,da24d0aaacb63e80e5efb3a804336cb8cc809fb99ca98ad23d6a25b9a1bcd864,SUPERSEDED_BY,EXPLICIT_ROW_ID_AND_REFERENCE_BINDING,MIGRATED_VERIFIED
8283ab91b10f89ac758d09ecf5fb4d6343536600a06dd468b1cc1ecf4ec747c4,ACTIVE_MASTER_V2_ILLUMEXT,RGB_BINDING_3.4.0,1147,H035_L055_C090,247,44,47,096682f3ea315b8399f56c7866642715d5187ffb9ba0ab2115451ff3c5c2b2c0,759304072b30188e62dd72544f1e28364543aa7327a13f96bc94e3348fb790f1,SUPERSEDED_BY,EXPLICIT_ROW_ID_AND_REFERENCE_BINDING,MIGRATED_VERIFIED
8283ab91b10f89ac758d09ecf5fb4d6343536600a06dd468b1cc1ecf4ec747c4,ACTIVE_MASTER_V2_ILLUMEXT,RGB_BINDING_3.4.0,1148,H035_L050_C005,128,117,114,0865e34cddcbe74b6da80f71ad4fbba6960d4eb90c4f13afeaa757b01e09921f,b9f85f250aa66c3b9ca3ecda4744951ab13503cb2b2a5fb283c2ccad205c038d,SUPERSEDED_BY,EXPLICIT_ROW_ID_AND_REFERENCE_BINDING,MIGRATED_VERIFIED
8283ab91b10f89ac758d09ecf5fb4d6343536600a06dd468b1cc1ecf4ec747c4,ACTIVE_MASTER_V2_ILLUMEXT,RGB_BINDING_3.4.0,1149,H035_L050_C010,136,114,109,7491110a55c65de8a5326a6ca95352f17eba35d2d29bb8b0046b5b057e004310,e23b073ab1986765d2542cb1321263a9eea497d089fc4d03617b3693a580b615,SUPERSEDED_BY,EXPLICIT_ROW_ID_AND_REFERENCE_BINDING,MIGRATED_VERIFIED
8283ab91b10f89ac758d09ecf5fb4d6343536600a06dd468b1cc1ecf4ec747c4,ACTIVE_MASTER_V2_ILLUMEXT,RGB_BINDING_3.4.0,1150,H035_L050_C015,143,112,105,9376623f08e5ef298f6308230ed78e114861a9a9aa338e8c317d3345d61448a4,9b1fc13f0a98fe59cc11fe8ce8c7d1897c55bba6e2ea86353b89a58b98f6d843,SUPERSEDED_BY,EXPLICIT_ROW_ID_AND_REFERENCE_BINDING,MIGRATED_VERIFIED
8283ab91b10f89ac758d09ecf5fb4d6343536600a06dd468b1cc1ecf4ec747c4,ACTIVE_MASTER_V2_ILLUMEXT,RGB_BINDING_3.4.0,1151,H035_L050_C020,150,109,101,2f7bb0a2af90fcfc656177f4064cd479138e7660097f43e43bdc63bb6943286b,987e0e8f30f09f45c74edf0a60d078329ebe0c03f4d44184a5e8f5079295fcb6,SUPERSEDED_BY,EXPLICIT_ROW_ID_AND_REFERENCE_BINDING,MIGRATED_VERIFIED
8283ab91b10f89ac758d09ecf5fb4d6343536600a06dd468b1cc1ecf4ec747c4,ACTIVE_MASTER_V2_ILLUMEXT,RGB_BINDING_3.4.0,1152,H035_L050_C025,157,106,97,10e62e8dd67cae0c879f1bb1ac0abd667347b6aa9a53bed512a0ba5bf16f7f28,e5f1de671c97093e57f65cc188dad49c3c44d4e17eeed8b28aa5a52807dd4436,SUPERSEDED_BY,EXPLICIT_ROW_ID_AND_REFERENCE_BINDING,MIGRATED_VERIFIED
8283ab91b10f89ac758d09ecf5fb4d6343536600a06dd468b1cc1ecf4ec747c4,ACTIVE_MASTER_V2_ILLUMEXT,RGB_BINDING_3.4.0,1153,H035_L050_C030,165,102,92,d6c4b91473e291203b0fc280903a1358abbb188e15ca40144d9e26ee48c0b82e,ae46a28a6e8dd0a2e46d35fc5c24cce0ebfc33b7f6a0d6d6a9d3221ee5057d1f,SUPERSEDED_BY,EXPLICIT_ROW_ID_AND_REFERENCE_BINDING,MIGRATED_VERIFIED
8283ab91b10f89ac758d09ecf5fb4d6343536600a06dd468b1cc1ecf4ec747c4,ACTIVE_MASTER_V2_ILLUMEXT,RGB_BINDING_3.4.0,1154,H035_L050_C035,171,99,87,4dc511999db54c9ab0e34a8d2a6e70c4c6b6df939ee1fe19a571671aa7bd64e8,9f3b1a02234078a8ce29c8629af7c1c2c75496418b6b974915a84f43710e60a6,SUPERSEDED_BY,EXPLICIT_ROW_ID_AND_REFERENCE_BINDING,MIGRATED_VERIFIED
8283ab91b10f89ac758d09ecf5fb4d6343536600a06dd468b1cc1ecf4ec747c4,ACTIVE_MASTER_V2_ILLUMEXT,RGB_BINDING_3.4.0,1155,H035_L050_C040,177,95,82,7566d85e11826f28be22aba31427a7b662ea0af9ec6739e085762bbbe3b44ecd,eefaa470dd3afc8960d49047233f4847f8aeefcea68a5b5c92b5ed46d04f79aa,SUPERSEDED_BY,EXPLICIT_ROW_ID_AND_REFERENCE_BINDING,MIGRATED_VERIFIED
8283ab91b10f89ac758d09ecf5fb4d6343536600a06dd468b1cc1ecf4ec747c4,ACTIVE_MASTER_V2_ILLUMEXT,RGB_BINDING_3.4.0,1156,H035_L050_C045,183,92,78,47ef4afe6140a0c0df2cbf5bb361e7d456a46d3d9482e41cb949857c9d09539f,29f4ba0f990a86d8d987b5189b560e312cc88a461b3cabcc26b3de60aba93ffc,SUPERSEDED_BY,EXPLICIT_ROW_ID_AND_REFERENCE_BINDING,MIGRATED_VERIFIED
8283ab91b10f89ac758d09ecf5fb4d6343536600a06dd468b1cc1ecf4ec747c4,ACTIVE_MASTER_V2_ILLUMEXT,RGB_BINDING_3.4.0,1157,H035_L050_C050,189,87,73,808ea6fe72e52a8e78ba99fec39725818e75088e06d07c704296464c81eefe4d,cf94b0af988d3de0d2ad107dcab456fe51e18142a1a819b1cd41a1f5e3008e71,SUPERSEDED_BY,EXPLICIT_ROW_ID_AND_REFERENCE_BINDING,MIGRATED_VERIFIED
8283ab91b10f89ac758d09ecf5fb4d6343536600a06dd468b1cc1ecf4ec747c4,ACTIVE_MASTER_V2_ILLUMEXT,RGB_BINDING_3.4.0,1158,H035_L050_C055,195,83,68,062fbc1c376bbebc0afd490d3d1384d87a6a082ea807a2f5633b63edb23a6323,0da783e3ecb9ff3afcd5c893ab731090485bcd3bdc01ec43d98852923fe7576d,SUPERSEDED_BY,EXPLICIT_ROW_ID_AND_REFERENCE_BINDING,MIGRATED_VERIFIED
8283ab91b10f89ac758d09ecf5fb4d6343536600a06dd468b1cc1ecf4ec747c4,ACTIVE_MASTER_V2_ILLUMEXT,RGB_BINDING_3.4.0,1159,H035_L050_C060,199,77,64,179221499b8e3af7871444c7580bcfacd9549d502b41b6652c5aa56c2f0e1186,507e7df5c96747e98431185d51990601575021e73b0b4089cc7cc3b80c75e6e7,SUPERSEDED_BY,EXPLICIT_ROW_ID_AND_REFERENCE_BINDIЦч╩ОMйв╛╒h╜╣ГLммLм█▄L≥▌▄XьлYXы█XммьмPуU▒WсPTуT≈у▄≈рSSQV▒п≈п▓S▒S▒влк█▄L▄L▌KллсWпллMLKLлклNY▌Yы≥≤м▌≤≥▄л▌YXн≥█▄LL≤м≤лNXMнл▄▌M█▌ммLллNXлYYLMнLмMN≤MYы≤ьм▌▌L▄≥≥█Lьыл▄лNLY≤M≥≥≤▌X≤▌KуTT■яQQп√KVPрUт⌠уврQпS▒т▒Q▒T▒S░яWп▓S▒S▒кRQт░UQу▒T▓Q▓QQ▌▌ьX▌LX▄L▌XXммNYXы█Y≤█▄ммLм█▄L≥▌▄XьлYXы█XммьмPуU▒WсPTуT≈у▄≈рSSQV▒п≈п▓S▒S▒влк█▄L▄LлллсWплмKMкLм▀ьNL≥≤M≤▄██NXLY█Y▌≤█NX█LMXY█лнXыLм▌Mл≥LM▌XMн≤MMY▀▄▄▄ыYMLNLYYьMLмL▄Nмн█LыX≥≤л≥█мX≥Y█Y█≤▄≥млNMYNY≥уTT■яQQп√KVPрUт⌠уврQпS▒т▒Q▒T▒S░яWп▓S▒S▒кRQт░UQу▒T▓Q▓QQ▌▌ьX▌LX▄L▌XXммNYXы█Y≤█▄ммLм█▄L≥▌▄XьлYXы█XммьмPуU▒WсPTуT≈у▄≈рSSQV▒п≈п▓S▒S▒влк█▄L▄LлKллсWплMLKкMK▄мYNY≤ль▄MM██▄ьMLLLX▄MM▄≤≤LYL█н≤L▄XX▄LM█мь≤≥Nь█L▌X▄▌мM▌LмMммл≤MлX≤█▄Y≤ыьLмLNXнMмNXLNXм▄≥▌▄▄▌YуTT■яQQп√KVPрUт⌠уврQпS▒т▒Q▒T▒S░яWп▓S▒S▒кRQт░UQу▒T▓Q▓QQ▌▌ьX▌LX▄L▌XXммNYXы█Y≤█▄ммLм█▄L≥▌▄XьлYXы█XммьмPуU▒WсPTуT≈у▄≈рSSQV▒п≈п▓S▒S▒влк█▄L▄Lл▀ллсWплKMMKнKMKXь≥≤≤м≥≤L▄лн▌LXNY▄ы█мнX▌NM≥MMьY█L▄▄ьY▄X▌XьыY▄LY≤м≥LLM█KыXNмXXь█ьMLнMлLнX█мM▄▄нN≤л█NL▄▄X█ьMм≥мнXLNM▄█▌м≥█л▀уTT■яQQп√KVPрUт⌠уврQпS▒т▒Q▒T▒S░яWп▓S▒S▒кRQт░UQу▒T▓Q▓QQ▌▌ьX▌LX▄L▌XXммNYXы█Y≤█▄ммLм█▄L≥▌▄XьлYXы█XммьмPуU▒WсPTуT≈у▄≈рSSQV▒п≈п▓S▒S▒влк█▄L▄LлкллсWплLMNмKMKML≥▌мLML▌L██мь≤мь█≥ьMмXL▌Mл▄█м≤█мY▄м▄LLLлLX▌NNYY█ы▄ы█лY██LY█м≥MY≤Yл≥ML≥Mм≤LMм▄ыYNXMNNлMнMл▄уTT■яQQп√KVPрUт⌠уврQпS▒т▒Q▒T▒S░яWп▓S▒S▒кRQт░UQу▒T▓Q▓QQ▌▌ьX▌LX▄L▌XXммNYXы█Y≤█▄ммLм█▄L≥▌▄XьлYXы█XммьмPуU▒WсPTуT≈у▄≈рSSQV▒п≈п▓S▒S▒влк█▄L▄LмллсWплMKM█▌KMLк█YXлмлы≥≤ьмNL█ы▌ынNLн█ь█LXL▌L≤MнN▄M▄█▄▌≤ы█ы▄ммь██MлLы█MNNлX█≤█лM▌N≥лM▄ыMь▄м≤≤NL█ыMмлы▄лм█▌YYкуTT■яQQп√KVPрUт⌠уврQпS▒т▒Q▒T▒S░яWп▓S▒S▒кRQт░UQу▒T▓Q▓QQ▌▌ьX▌LX▄L▌XXммNYXы█Y≤█▄ммLм█▄L≥▌▄XьлYXы█XммьмPуU▒WсPTуT≈у▄≈рSSQV▒п≈п▓S▒S▒влк█▄L▄LмKллсWпл▄M▌K█KMNKм▄Y▌Y█Y▄█лы≤NY▄мл≤▌L≤нMLмл▄ыMнYмнMYMь█LьXл≤M█ьLLK▄MLY≤▄лмNN≥≤▌Y≤ыL≤ььYнLLлMнNMлм≥≥█▄█LYYXMыYX▄мм≤л≤ь≤YNN▀уTT■яQQп√KVPрUт⌠уврQпS▒т▒Q▒T▒S░яWп▓S▒S▒кRQт░UQу▒T▓Q▓QQ▌▌ьX▌LX▄L▌XXммNYXы█Y≤█▄ммLм█▄L≥▌▄XьлYXы█XммьмPуU▒WсPTуT≈у▄≈рSSQV▒п≈п▓S▒S▒влк█▄L▄Lм▀ллсWпл█KMмNKM▄▀MLл██NX▄L▄≤≤XыLM≤█X█нXL█▄▄LыьмлM█м▄█▄YXы≥Y█ьLY█MLKL≤X▄█≤≤нN≥█мLыNMY▌MMнNXльмнNM█м█лль█M≥▌LY≤▄█▄MXьMXкуTT■яQQп√KVPрUт⌠уврQпS▒т▒Q▒T▒S░яWп▓S▒S▒кRQт░UQу▒T▓Q▓QQ▌▌ьX▌LX▄L▌XXммNYXы█Y≤█▄ммLм█▄L≥▌▄XьлYXы█XммьмPуU▒WсPTуT≈у▄≈рSSQV▒п≈п▓S▒S▒влк█▄L▄LмкллсWпллMнKLM█кMMыL≥▄мX≥лл≤▄█нLн≥YLNMн█▄MмN█ы█Y█X▄▌Lм≤▌▌▄▀≥NMы█▄≤ь█M▌X≥LLYYYMLыXнLXXн▄Y▌MNYXнMыY█X▄л▄Lмл▀уTT■яQQп√KVPрUт⌠уврQпS▒т▒Q▒T▒S░яWп▓S▒S▒кRQт░UQу▒T▓Q▓QQ▌▌ьX▌LX▄L▌XXммNYXы█Y≤█▄ммLм█▄L≥▌▄XьлYXы█XммьмPуU▒WсPTуT≈у▄≈рSSQV▒п≈п▓S▒S▒влк█▄L▄LнллсWплмKNкKMлXLьLX≤ы▄LX▌Y≥MN▌мX█LML≥ьMYыYLмьMыXл≤MNMьXXллMмX≤л▄MьлKыы█ы≤MM▄▄█YMM≤█▄▄≤█Y█лмY▄Y▄ьм▌ML█▄≥Y█▄≤YY≤лы▄L█KуTT■яQQп√KVPрUт⌠уврQпS▒т▒Q▒T▒S░яWп▓S▒S▒кRQт░UQу▒T▓Q▓QQ▌▌ьX▌LX▄L▌XXммNYXы█Y≤█▄ммLм█▄L≥▌▄XьлYXы█XммьмPуU▒WсPTуT≈у▄≈рSSQV▒п≈п▓S▒S▒влк█▄L▄LнKллсплKNKL▀Mк≥▄л▌≤▌L█▌NLMNMн█ь≥NNы█MлмыLLмNLNXX█нYYLLMN≤█XMMLM≥ы█≥н▄YL▄нYYY▄ммY▄ы≥XнY≤нM█ыXYX≤ььXм▌L▄XкуTT■яQQп√KVPрUт⌠уврQпS▒т▒Q▒T▒S░яWп▓S▒S▒кRQт░UQу▒T▓Q▓QQ▌▌ьX▌LX▄L▌XXммNYXы█Y≤█▄ммLм█▄L≥▌▄XьлYXы█XммьмPуU▒WсPTуT≈у▄≈рSSQV▒п≈п▓S▒S▒влк█▄L▄MллсплLLкLLкXX▄ыLLY█LнY▄ь≥MX▄▄X≤ы▄Y≤Lмь▄LX▌м▄Lм≥≤▄≤MыX≤Y≥M≤Y≤м▌L█X≤≥▌KNL≤Nм▄X▄≤ыMмNL≤мMY█M▄▌MYLьььL▌ьлLL▌LY█≥▄мM▄LL▌KуTT■яQQп√KVPрUт⌠уврQпS▒т▒Q▒T▒S░яWп▓S▒S▒кRQт░UQу▒T▓Q▓QQ▌▌ьX▌LX▄L▌XXммNYXы█Y≤█▄ммLм█▄L≥▌▄XьлYXы█XммьмPуU▒WсPTуT≈у▄≈рSSQV▒п≈п▓S▒S▒влк█▄L▄MKллсплMKLLKкL▀MMлыMммьM█NM█ы▌M≥≤л≤MLLY▄█L≥ы≤≥Y█M▌M≥▌XX█мM≤≥NXLKYMмX≥█NXM≥YLXX██▌XY█≥▌X▌LY▄ьN█MлXXM█л▄≥L≥ынXлкуTT■яQQп√KVPрUт⌠уврQпS▒т▒Q▒T▒S░яWп▓S▒S▒кRQт░UQу▒T▓Q▓QQ▌▌ьX▌LX▄L▌XXммNYXы█Y≤█▄ммLм█▄L≥▌▄XьлYXы█XммьмPуU▒WсPTуT≈у▄≈рSSQV▒п≈п▓S▒S▒влк█▄L▄M▀ллспл▄LMKLLK▌ы≥≤ьл≥≥NMлыMYмNMYMNXNX█ммL█NXLлYьь≤Y▄лнLLL≤л≤YKLY█▄ьXм≤LмLыM≤Y≤≤██≥▄≥LмMY≥≥M≤▄лнXLллXмMнMXьXNXLMKуTT■яQQп√KVPрUт⌠уврQпS▒т▒Q▒T▒S░яWп▓S▒S▒кRQт░UQу▒T▓Q▓QQ▌▌ьX▌LX▄L▌XXммNYXы█Y≤█▄ммLм█▄L≥▌▄XьлYXы█XммьмPуU▒WсPTуT≈у▄≈рSSQV▒п≈п▓S▒S▒влк█▄L▄Mкллспл█KL▄▀LMм▄мLM≥Y█≥█Lмнм█мнYNYм▄≥Lь▄ьы██ь█▄MьY≥≥█NY≤YлMMLмX▄кX≥██▌Mлн≥NXY█▄ьNLXлMM▌Lл▄L█лYX≥Mь▌NлмXммллLьXмXь█YLL█▀уTT■яQQп√KVPрUт⌠уврQпS▒т▒Q▒T▒S░яWп▓S▒S▒кRQт░UQу▒T▓Q▓QQ▌▌ьX▌LX▄L▌XXммNYXы█Y≤█▄ммLм█▄L≥▌▄XьлYXы█XммьмPуU▒WсPTуT≈у▄≈рSSQV▒п≈п▓S▒S▒влк█▄L▄MллспллL█▀мкLNKнньмнMYLXNMьX█≥MNXллм≥▄NXLNLмьмм≤█MLмLн█▌л▌LKы▄м▌Yы█л≤X█N≤лмьы█нMь≤▄LLXм≥NMьмь▄нлMY▄Mл≥ыMл▄M▀уTT■яQQп√KVPрUт⌠уврQпS▒т▒Q▒T▒S░яWп▓S▒S▒кRQт░UQу▒T▓Q▓QQ▌▌ьX▌LX▄L▌XXммNYXы█Y≤█▄ммLм█▄L≥▌▄XьлYXы█XммьмPуU▒WсPTуT≈у▄≈рSSQV▒п≈п▓S▒S▒влк█▄L▄MKллсплмKLлKмKL▄кMNMM▄≥≤нLлMM≤▄M█▄X≤н▌Y≤X≤нYXY▄ьXY≥≤≥█м≤NN▄LлMNLY≤KлыM█Y▄лыXыM▄мLнLыXL▄▌▌LXLьY≤▄█Xлл█▄Mлл█ммXьYYX▄≤MM█лKуTT■яQQп√KVPрUт⌠уврQпS▒т▒Q▒T▒S░яWп▓S▒S▒кRQт░UQу▒T▓Q▓QQ▌▌ьX▌LX▄L▌XXммNYXы█Y≤█▄ммLм█▄L≥▌▄XьлYXы█XммьмPуU▒WсPTуT≈у▄≈рSSQV▒п≈п▓S▒S▒влк█▄L▄M▀ллсплLмклL▌мLLMLLмXNLь≤≤л█X█ы▌Mлл≤≤YX≤ыY≤л▄мMь≥LьMXнL▄L▄мьььл█▄л▀LNYLLNNYM≤ьлмYMYMM≥▌MYL≥≥Y▄Lь█≥≥≤▄лY≥▄XыMLML▀уTT■яQQп√KVPрUт⌠уврQпS▒т▒Q▒T▒S░яWп▓S▒S▒кRQт░UQу▒T▓Q▓QQ▌▌ьX▌LX▄L▌XXммNYXы█Y≤█▄ммLм█▄L≥▌▄XьлYXы█XммьмPуU▒WсPTуT≈у▄≈рSSQV▒п≈п▓S▒S▒влк█▄L▄MкллсплKMK█▀LлK≥MNX≤█Mмы≤YNLYMьXлX▌Mьь▄нL≥▄XM█N▄≤м██YYMнNLьYX▀мXMLNXMLXм▌LXы≤MNYMYYмXммX≤XYL≥NьнYNYXXNы▄уTT■яQQп√KVPрUт⌠уврQпS▒т▒Q▒T▒S░яWп▓S▒S▒кRQт░UQу▒T▓Q▓QQ▌▌ьX▌LX▄L▌XXммNYXы█Y≤█▄ммLм█▄L≥▌▄XьлYXы█XммьмPуU▒WсPTуT≈у▄≈рSSQV▒п≈п▓S▒S▒влк█▄L▄MллсплLMK▄KLм▀MнX█L▌Lл≤LM█Xл▄ьлXYYNNMлMNLллXмммXльллмн≥M▄XMLлMLM≤кX▄▌MNL█Y██л≥MыXLYN≥▄▄≥Lм█YXXX▄≥YY▌≥Xл█ыML▌NXмMуTT■яQQп√KVPрUт⌠уврQпS▒т▒Q▒T▒S░яWп▓S▒S▒кRQт░UQу▒T▓Q▓QQ▌▌ьX▌LX▄L▌XXммNYXы█Y≤█▄ммLм█▄L≥▌▄XьлYXы█XммьмPуU▒WсPTуT≈у▄≈рSSQV▒п≈п▓S▒S▒влк█▄L▄MKллсплMKMLMKLнKLлLыNNLм█L▌M█≥▄M≥█≥██▄лNXлм≤LьLьм▄▌XLX██ы▄Mь≤≥LлYKыммымML█≤XьL▄▄льY≥▄MыYY≥N≥≤▄нX▄▌≥L█ы≤ьыX≤ыYYмL≤ыуTT■яQQп√KVPрUт⌠уврQпS▒т▒Q▒T▒S░яWп▓S▒S▒кRQт░UQу▒T▓Q▓QQ▌▌ьX▌LX▄L▌XXммNYXы█Y≤█▄ммLм█▄L≥▌▄XьлYXы█XммьмPуU▒WсPTуT≈у▄≈рSSQV▒п≈п▓S▒S▒влк█▄L▄MLллспл▄MMKMлX█ы▄█NLнL≥≤ь▄YXьY▄Y█ььXM▌NYL▌Yн█M▄Y█ML▄▄лX≤нLыX█ыLKMLN▄лYM≤нM█м▄нMN▄Y▌Xы▌ьL█▄лMмыLNNX█≤ыL▌ль▄≤≤YLлкуTT■яQQп√KVPрUт⌠уврQпS▒т▒Q▒T▒S░яWп▓S▒S▒кRQт░UQу▒T▓Q▓QQ▌▌ьX▌LX▄L▌XXммNYXы█Y≤█▄ммLм█▄L≥▌▄XьлYXы█XммьмPуU▒WсPTуT≈у▄≈рSSQV▒п≈п▓S▒S▒влк█▄L▄MLKллспл█KMNKкM≥L≤LXM▄YыMLм≥L██ь▄≤м≤█ы▄≤L≤YY▄нL≤LMMм≤MMлNNYLьы≤▌LKY≥≥NYLLNNY▄нYMM▄LX▌MM▄XLьL██ммлLьL▌MNMM▌ь█X▄▌≥█мм≤█уTT■яQQп√KVPрUт⌠уврQпS▒т▒Q▒T▒S░яWп▓S▒S▒кRQт░UQу▒T▓Q▓QQ▌▌ьX▌LX▄L▌XXммNYXы█Y≤█▄ммLм█▄L≥▌▄XьлYXы█XммьмPуU▒WсPTуT≈у▄≈рSSQV▒п≈п▓S▒S▒влк█▄L▄ML▀ллспллM█лкMM≥MнMMмY≥▄NLLLнX█M▌YMYYXL██M▄нML▄▄XX▄ы≥▄▄≥X≤нMьл≤лXлX≥Xмыы▄▌нYY█≤мN▄лYY█NYMыX≤≥█ьы▄мYь▄мм▄▄▄мLы▀уTT■яQQп√KVPрUт⌠уврQпS▒т▒Q▒T▒S░яWп▓S▒S▒кRQт░UQу▒T▓Q▓QQ▌▌ьX▌LX▄L▌XXммNYXы█Y≤█▄ммLм█▄L≥▌▄XьлYXы█XммьмPуU▒WсPTуT≈у▄≈рSSQV▒п≈п▓S▒S▒влк█▄L▄MLкллсплмKM▌NKMMкы▄л≥█XXY≥NLLYXMMLьнLнL█▄Mьм▄льLьыыM≥нX≤MмYXL█ль▀█MMLMмLлLNXMMлл≤≤≥Y█YXл▌█YYL≤мьYLыXнM≥Mл▄ы≤NXлL≥≥KуTT■яQQп√KVPрUт⌠уврQпS▒т▒Q▒T▒S░яWп▓S▒S▒кRQт░UQу▒T▓Q▓QQ▌▌ьX▌LX▄L▌XXммNYXы█Y≤█▄ммLм█▄L≥▌▄XьлYXы█XммьмPуU▒WсPTуT≈у▄≈рSSQV▒п≈п▓S▒S▒влк█▄L▄MMллсмWплKкKLXYYX≥≥≥мYN▄LьлыYXьMYY▄▄≤ы≤мM≤MNYNX▄▄X▄≤▄л≥█XY▄л▄▀≥NYMN▄XмьNYL▄мY▄██≥█X█M█ыXMNX█ыXX≤YMNL≤≤ь≥YYX▄KуTT■яQQп√KVPрUт⌠уврQпS▒т▒Q▒T▒S░яWп▓S▒S▒кRQт░UQу▒T▓Q▓QQ▌▌ьX▌LX▄L▌XXммNYXы█Y≤█▄ммLм█▄L≥▌▄XьлYXы█XммьмPуU▒WсPTуT≈у▄≈рSSQV▒п≈п▓S▒S▒влк█▄L▄MMKллсмWплLLкмкL█▄YXXыMX▄нM▌M≥YM▄≥ь██▄NMLн▄мы▄█мLыNXлнNX▄L▄ммK≥▄≥LL▄Xм█Xм≤ылLXмл≤▄ы█Y≥≥≥YмMнLLXм≤лYмLлLнNн≤M█≥уTT■яQQп√KVPрUт⌠уврQпS▒т▒Q▒T▒S░яWп▓S▒S▒кRQт░UQу▒T▓Q▓QQ▌▌ьX▌LX▄L▌XXммNYXы█Y≤█▄ммLм█▄L≥▌▄XьлYXы█XммьмPуU▒WсPTуT≈у▄≈рSSQV▒п≈п▓S▒S▒влк█▄L▄MM▀ллсмWплMKNмKLкMXMь█≥▌N▄нY▌нLы█LXM▌LнлY▄Y▌YL█ML▄Y█LынY≤LKмM█≥L█ыXьньнXмнLлмMыLL█ллл▌MNMLMыY▄млмMнY▄█▄Xл▀уTT■яQQп√KVPрUт⌠уврQпS▒т▒Q▒T▒S░яWп▓S▒S▒кRQт░UQу▒T▓Q▓QQ▌▌ьX▌LX▄L▌XXммNYXы█Y≤█▄ммLм█▄L≥▌▄XьлYXы█XммьмPуU▒WсPTуT≈у▄≈рSSQV▒п≈п▓S▒S▒влк█▄L▄MMкллсмWпл▄Lкл▀NKY≥▄Y≥LLM≤MыN▌▌MмLLыMY█LNXNL≥мLыYX≤▄M▌ьь█▌ML█▄м▄к█≤X█ьм≤MыM≤█N▄LMNьл▄MнLLмLLN≤≥N▄▌ьMNM██LмMNуTT■яQQп√KVPрUт⌠уврQпS▒т▒Q▒T▒S░яWп▓S▒S▒кRQт░UQу▒T▓Q▓QQ▌▌ьX▌LX▄L▌XXммNYXы█Y≤█▄ммLм█▄L≥▌▄XьлYXы█XммьмPуU▒WсPTуT≈у▄≈рSSQV▒п≈п▓S▒S▒влк█▄L▄MNллсмWпл█KLK▌KL▀Y▄≥≥X█≥≤X≥▄Y≥█MYыM≤≥мXNM▄X█▄ьL≤м≥█LYX█ы▄L≥Y█Lлы▀▌██MXM▄▌NYLM≤LXмнX█NXM▄▄YMы██лы≥M≥L█льMLMллмLL≤нLы▀уTT■яQQп√KVPрUт⌠уврQпS▒т▒Q▒T▒S░яWп▓S▒S▒кRQт░UQу▒T▓Q▓QQ▌▌ьX▌LX▄L▌XXммNYXы█Y≤█▄ммLм█▄L≥▌▄XьлYXы█XммьмPуU▒WсPTуT≈у▄≈рSSQV▒п≈п▓S▒S▒влк█▄L▄MNKллсмWпллLLк█▀LкнNMнX█L≤MLMNLMMLNYY≥M≥█≤M█ыL█≥▌LY▌LMнXн▌ьL≥N▀н≥ллл≥≥≤≥N▌L█нXMмMьMыLы█нм█Xы≥LX█▌MMы≤лX≥LXYNKуTT■яQQп√KVPрUт⌠уврQпS▒т▒Q▒T▒S░яWп▓S▒S▒кRQт░UQу▒T▓Q▓QQ▌▌ьX▌LX▄L▌XXммNYXы█Y≤█▄ммLм█▄L≥▌▄XьлYXы█XммьмPуU▒WсPTуT≈у▄≈рSSQV▒п≈п▓S▒S▒влк█▄L▄M▄ллсмWплмKLN▄▀LLX▄█MMLXLлл▄L█▌Lы█мыLL█мл≤ьMл▌лнM▄X▄NLL▄█YXы≤YLы≥NLKммN≥XLLь█▄L▄≤▄мь≤мнLMNMY█≤Xь▌Yы▄▄ы▌XX≥X█н██лXль▌NLьыXNY▀уTT■яQQп√KVPрUт⌠уврQпS▒т▒Q▒T▒S░яWп▓S▒S▒кRQт░UQу▒T▓Q▓QQ▌▌ьX▌LX▄L▌XXммNYXы█Y≤█▄ммLм█▄L≥▌▄XьлYXы█XммьмPуU▒WсPTуT≈у▄≈рSSQV▒п≈п▓S▒S▒влк█▄L▄M▄KллсмWплL▄кNLMK≤ь≤ь≤XMы≤≤л▄ь▌Xм≤NMыYNлXN≥YXь≤YнM≤YNN▌L▌YL≤Y█≤≤KмьнмLLXYYммллYMX▄LLLM▌X▌M≥≥≤N≥≤ь█≥LнмXмNXMы█M≤L≤≥NLл≤куTT■яQQп√KVPрUт⌠уврQпS▒т▒Q▒T▒S░яWп▓S▒S▒кRQт░UQу▒T▓Q▓QQ▌▌ьX▌LX▄L▌XXммNYXы█Y≤█▄ммLм█▄L≥▌▄XьлYXы█XммьмPуU▒WсPTуT≈у▄≈рSSQV▒п≈п▓S▒S▒влк█▄L▄M▄▀ллсмWплKL█кLкLNYYYY▄ы≥▌лл█≥≤Y▄Lы▌▌M▄льл▌█ыLXLLYYN≤лыNM≤ыN▄ыMнMыNKNMXы≤LNMл≥█нY≥█ыN▌X██≥ыM▄▌LMLььLыLы≥MXы█ьM█Lл██KуTT■яQQп√KVPрUт⌠уврQпS▒т▒Q▒T▒S░яWп▓S▒S▒кRQт░UQу▒T▓Q▓QQ▌▌ьX▌LX▄L▌XXммNYXы█Y≤█▄ммLм█▄L≥▌▄XьлYXы█XммьмPуU▒WсPTуT≈у▄≈рSSQV▒п≈п▓S▒S▒влк█▄L▄M▄кллсмWплLLлKKL█ь▄ьы≤≤ь▌Xл≥▌▄L█MLLXY≥≤ы≥≤█LыM≥▄█NLмXML≤ыLнMм≥≥≤█X▀ы▄▄ыMMмнYNL▄M≤≥XMYYYMNX█мNMмнLлXXL≤ьX▄▄▌ьMнKуTT■яQQп√KVPрUт⌠уврQпS▒т▒Q▒T▒S░яWп▓S▒S▒кRQт░UQу▒T▓Q▓QQ▌▌ьX▌LX▄L▌XXммNYXы█Y≤█▄ммLм█▄L≥▌▄XьлYXы█XммьмPуU▒WсPTуT≈у▄≈рSSQV▒п≈п▓S▒S▒влк█▄L▄M█ллсмWплMKLм▀KL█▀ы▄ь█M▌MNX▌≤ь▌Lм≤L≤ы█YNM▌YMл█≥▌XN▄нMнM▌ыXь▄льмLKM█мLYLлLL≥M≤MMьммYX▄≥M≤ыXXYнXыLXMнMлXь≤▄MлLLKуTT■яQQп√KVPрUт⌠уврQпS▒т▒Q▒T▒S░яWп▓S▒S▒кRQт░UQу▒T▓Q▓QQ▌▌ьX▌LX▄L▌XXммNYXы█Y≤█▄ммLм█▄L≥▌▄XьлYXы█XммьмPуU▒WсPTуT≈у▄≈рSSQV▒п≈п▓S▒S▒влк█▄L▄M█KллсмWпл▄MмLлKнLL≥LX≤м≤ь▄лNYMм▄м≥MмMы≤▄ы▄L≥X▌ьNNNлмMX█лYLK▄ыM█▄XлL≤█XмньYNL█ллы█Y≥Y▄≤█≥█▌YN≤██мM≤Y▌LL█MMкуTT■яQQп√KVPрUт⌠уврQпS▒т▒Q▒T▒S░яWп▓S▒S▒кRQт░UQу▒T▓Q▓QQ▌▌ьX▌LX▄L▌XXммNYXы█Y≤█▄ммLм█▄L≥▌▄XьлYXы█XммьмPуU▒WсPTуT≈у▄≈рSSQV▒п≈п▓S▒S▒влк█▄L▄M█▀ллсмWпл█KM█KLмXм≤ыL≥MM█ь▄█N≤≥≤ьXь≤M≤█L▌M▌MY≤MьмYNнM▌L▄L≥█▌█KXL≤≤LLмыNL▄LлY≥≤ь≥█≥лYMлY≥≥Xн≥▄лY█MXлнL█NLYMXмX▄ьмNYYXKуTT■яQQп√KVPрUт⌠уврQпS▒т▒Q▒T▒S░яWп▓S▒S▒кRQт░UQу▒T▓Q▓QQ▌▌ьX▌LX▄L▌XXммNYXы█Y≤█▄ммLм█▄L≥▌▄XьлYXы█XммьмPуU▒WсPTуT≈у▄≈рSSQV▒п≈п▓S▒S▒влк█▄L▄M█кллсмWпллML▀MYYMлLы≤▌YL≥▄ылл▌█▌Mь▌XL≥≥MныLлNY▌LMл██≥█NMY≤Xм▀NLXNLMMнMьMь▌YLMN≤нX▄Lм▄мнYLY≤▄≥XXL▄≥≤MлнLмM█LY≤Y▀уTT■яQQп√KVPрUт⌠уврQпS▒т▒Q▒T▒S░яWп▓S▒S▒кRQт░UQу▒T▓Q▓QQ▌▌ьX▌LX▄L▌XXммNYXы█Y≤█▄ммLм█▄L≥▌▄XьлYXы█XммьмPуU▒WсPTуT≈у▄≈рSSQV▒п≈п▓S▒S▒влк█▄L▄M▌ллсмWплмKMLкMкM▄мYM▄л≥MXLMY▄лн≥XыXMм≤ль≥N▄≤лMьL▄лмл█мнX≥NM≥лY█LXнмыLLLьMNYMM≤Y≥█ьYы≥L█мMьXьы█ь█▌куTT■яQQп√KVPрUт⌠уврQпS▒т▒Q▒T▒S░яWп▓S▒S▒кRQт░UQу▒T▓Q▓QQ▌▌ьX▌LX▄L▌XXммNYXы█Y≤█▄ммLм█▄L≥▌▄XьлYXы█XммьмPуU▒WсPTуT≈у▄≈рSSQV▒п≈п▓S▒S▒влк█▄L▄M▌KллслплKм▀▌Kм▄X█▄≤ыXMыNMLNMLYNYN≤ь▄█лN█LM≤ыьь▄≤мL▌YMY▄LM▄KMM▄MNMNXLнL█▄MLныNL▌X█мм█▄л█▄≥▄NM▄ьLL≥≥LNYXML▌куTT■яQQп√KVPрUт⌠уврQпS▒т▒Q▒T▒S░яWп▓S▒S▒кRQт░UQу▒T▓Q▓QQ▌▌ьX▌LX▄L▌XXммNYXы█Y≤█▄ммLм█▄L≥▌▄XьлYXы█XммьмPуU▒WсPTуT≈у▄≈рSSQV▒п≈п▓S▒S▒влк█▄L▄MлллслплL▀█▀нKMмы≥YY▄Mлл▄мььM▄л▄█м≤мым▌MлM▌NY▌LыM≤млLммь▄ы▄кл▄X█▌NнMN▄█≤X▌LLл≥≥≥MM≤ьнM≤≥▄X█л▌M▌M≤м█Xь▄█L≤≤▄ллкуTT■яQQп√KVPрUт⌠уврQпS▒т▒Q▒T▒S░яWп▓S▒S▒кRQт░UQу▒T▓Q▓QQ▌▌ьX▌LX▄L▌XXммNYXы█Y≤█▄ммLм█▄L≥▌▄XьлYXы█XммьмPуU▒WсPTуT≈у▄≈рSSQV▒п≈п▓S▒S▒влк█▄L▄MлKллслплMK█к≤█X▄мNY▄≥▌ьLYMYыL≤NLмYY▄YNNы▄▄л█Xм≤█MнYY▌YLььY▌Y█L█Lн█Lн≥≤▄▄NLы≥Lм█Y▄ьььмь≤L≥≥≥Mь▌Y█MлнLX≤YMьм▀уTT■яQQп√KVPрUт⌠уврQпS▒т▒Q▒T▒S░яWп▓S▒S▒кRQт░UQу▒T▓Q▓QQ▌▌ьX▌LX▄L▌XXммNYXы█Y≤█▄ммLм█▄L≥▌▄XьлYXы█XммьмPуU▒WсPTуT≈у▄≈рSSQV▒п≈п▓S▒S▒влк█▄L▄Mл▀ллслпл▄LK▄KкмNLьM≥▄XL≥≤ьм≤лYYXыX≥▄NMXмьм▄L▄≤мнMнY▄NY█▌MыM≤▌L▄мьLкмL█нXь███л≥NLLл▄▄ыY≥LYыллм≥YLмMMNL█ыM▄л≤▄▄Nы▌Y≥█▀уTT■яQQп√KVPрUт⌠уврQпS▒т▒Q▒T▒S░яWп▓S▒S▒кRQт░UQу▒T▓Q▓QQ▌▌ьX▌LX▄L▌XXммNYXы█Y≤█▄ммLм█▄L≥▌▄XьлYXы█XммьмPуU▒WсPTуT≈у▄≈рSSQV▒п≈п▓S▒S▒влк█▄L▄Mлкллслпл█KMкNLKLь██XMмLнN≤н▌ылм▄█ыXыLнYXлLL▄YLXNьLMYлX██ьLкLмLл▌≥M≥XYYY█M▌▄лнMMм▄MLYMNмлML▄≤лм▄MNLMLY█уTT■яQQп√KVPрUт⌠уврQпS▒т▒Q▒T▒S░яWп▓S▒S▒кRQт░UQу▒T▓Q▓QQ▌▌ьX▌LX▄L▌XXммNYXы█Y≤█▄ммLм█▄L≥▌▄XьлYXы█XммьмPуU▒WсPTуT≈у▄≈рSSQV▒п≈п▓S▒S▒влк█▄L▄MмллслпллLKMKMKмыLылNMл≥MлNY▄лXнL≤XLLMLы▌XьMьLмыXLлыьM▌YX██м▄мLLYNK█XNX≤MMлX█XмлMмYXYLLыNYYNNMь▄XMл▌Y█XLMLLYLNXNь≤мXлкуTT■яQQп√KVPрUт⌠уврQпS▒т▒Q▒T▒S░яWп▓S▒S▒кRQт░UQу▒T▓Q▓QQ▌▌ьX▌LX▄L▌XXммNYXы█Y≤█▄ммLм█▄L≥▌▄XьлYXы█XммьмPуU▒WсPTуT≈у▄≈рSSQV▒п≈п▓S▒S▒влк█▄L▄MмKллслплмKLKLKNNY█ныM▌Y≥█MыML█≤M▄LLмьы█Y█Y█≥≥LммMь▄NньнNMMNL▄YM≥MLXлнNYы▌≤Xь▄M≤ы▌≥LнN≤MYY≥≥XM≤м▄≤ллM█▌NY▌уTT■яQQп√KVPрUт⌠уврQпS▒т▒Q▒T▒S░яWп▓S▒S▒кRQт░UQу▒T▓Q▓QQ▌▌ьX▌LX▄L▌XXммNYXы█Y≤█▄ммLм█▄L≥▌▄XьлYXы█XммьмPуU▒WсPTуT≈у▄≈рSSQV▒п≈п▓S▒S▒влк█▄L▄Mм▀ллслплLLK▀LкMм▄L≥ммMм≤лL█▌█лM█нMY≥мMNLLнYMл██▄нлл▄XMмY≤≥▄██кNLмы▄≥X≥YмXNXMNXм▄XнMьлмYM≤M█LьML█нYNLM█XмнMLльYNLнY▌NуTT■яQQп√KVPрUт⌠уврQпS▒т▒Q▒T▒S░яWп▓S▒S▒кRQт░UQу▒T▓Q▓QQ▌▌ьX▌LX▄L▌XXммNYXы█Y≤█▄ммLм█▄L≥▌▄XьлYXы█XммьмPуU▒WсPTуT≈у▄≈рSSQV▒п≈п▓S▒S▒влк█▄L▄MмкллслплKLMK▀Lкы▄N█L≥█мY█лм≥LльYY≤MльYM≥L≥≥L▌MXMLлMыNM≤L██ннлн█лл█Y▌YNY█м▌ыY≥L▄▄Y≥▌L≥ьNM▌ы█ы≤MMнY█YLYLYуTT■яQQп√KVPрUт⌠уврQпS▒т▒Q▒T▒S░яWп▓S▒S▒кRQт░UQу▒T▓Q▓QQ▌▌ьX▌LX▄L▌XXммNYXы█Y≤█▄ммLм█▄L≥▌▄XьлYXы█XммьмPуU▒WсPTуT≈у▄≈рSSQV▒п≈п▓S▒S▒влк█▄L▄MнллслплLLNKм▀LLKM██Y≥Lль▄нXM█YNY▌█▄ь≥≥M▄≤ьмьыXыMлмYNLм▄≥█▄▄ы≤▄лыNKы█ы█X▄MлLX▄мMь≥▄XьYLMYY█MXXM≥▄ы≤лYнN≥XY█Lым█≥LуTT■яQQп√KVPрUт⌠уврQпS▒т▒Q▒T▒S░яWп▓S▒S▒кRQт░UQу▒T▓Q▓QQ▌▌ьX▌LX▄L▌XXммNYXы█Y≤█▄ммLм█▄L≥▌▄XьлYXы█XммьмPуU▒WсPTуT≈у▄≈рSSQV▒п≈п▓S▒S▒влк█▄L▄MнKллслплMKL█▌LMKLнMNYLM█NMLLYNм≥Lь≥▄≤NX▌NM▌Lлы█MY▌MYLLXнNнY▄M█ы█▄лLLн█▄█ьллMы▌Y▄≤лм█≤≥≤NыX█LьML█Y≥YMыMы▄нNM▄мXNKуTT■яQQп√KVPрUт⌠уврQпS▒т▒Q▒T▒S░яWп▓S▒S▒кRQт░UQу▒T▓Q▓QQ▌▌ьX▌LX▄L▌XXммNYXы█Y≤█▄ммLм█▄L≥▌▄XьлYXы█XммьмPуU▒WсPTуT≈у▄≈рSSQV▒п≈п▓S▒S▒влк█▄L▄Nллслпл▄L▌NL▄YY█Y██ыY▌Y≥█ь█≥X≤ьь█MьM▄Lы▌MлX≥XMLL▄MXNL≥█MыLK█≤M▌LьY≤▄M≥█л▌█нMь≥Xьл▄ьLыXыNXNYYLXLMл≥ыXM≤▄LXM█▌NNXь≤▀уTT■яQQп√KVPрUт⌠уврQпS▒т▒Q▒T▒S░яWп▓S▒S▒кRQт░UQу▒T▓Q▓QQ▌▌ьX▌LX▄L▌XXммNYXы█Y≤█▄ммLм█▄L≥▌▄XьлYXы█XммьмPуU▒WсPTуT≈у▄≈рSSQV▒п≈п▓S▒S▒влк█▄L▄NKллслпл█KLлKKL▄▀≥Lлл█≤MYYN▄≥▄ы≤█NXY▄LX≤X▄≤ы▌Y▌L≥LLм≤лXьмнYM█YK≤LLмл▄ь▄Nь█LннммMMXл▄▄ь≤льNL≥YY▄≥X▌L▄ы█л▌NXMMлLKуTT■яQQп√KVPрUт⌠уврQпS▒т▒Q▒T▒S░яWп▓S▒S▒кRQт░UQу▒T▓Q▓QQ▌▌ьX▌LX▄L▌XXммNYXы█Y≤█▄ммLм█▄L≥▌▄XьлYXы█XммьмPуU▒WсPTуT≈у▄≈рSSQV▒п≈п▓S▒S▒влк█▄L▄N▀ллслпллLмKL█кY≥лXлM▄≤ыL▄LL▄мX≤LNлXлM≤≤█лML█≥XыNXмы▄≤мMYM▄M▄X≥█▀▄лNMMлXM█мYML▄≥мX▌м▄Xл█N≥LлLYьмLLY≤ылLм≥▄≤▀уTT■яQQп√KVPрUт⌠уврQпS▒т▒Q▒T▒S░яWп▓S▒S▒кRQт░UQу▒T▓Q▓QQ▌▌ьX▌LX▄L▌XXммNYXы█Y≤█▄ммLм█▄L≥▌▄XьлYXы█XммьмPуU▒WсPTуT≈у▄≈рSSQV▒п≈п▓S▒S▒влк█▄L▄Nкллс█WплK█KN▄кY▄LMNMы≤Y█ыMNь█≥MY▄▌YмнNNNM▌NLMM█Lлл▌NLллы▀Lл▄ыY▄льMY≤▄≥▄▄ыы█L▌млL≥≥X█м▌Lл≥▄YL█лY█XлLлл██XN▌≥▀уTT■яQQп√KVPрUт⌠уврQпS▒т▒Q▒T▒S░яWп▓S▒S▒кRQт░UQу▒T▓Q▓QQ▌▌ьX▌LX▄L▌XXммNYXы█Y≤█▄ммLм█▄L≥▌▄XьлYXы█XммьмPуU▒WсPTуT≈у▄≈рSSQV▒п≈п▓S▒S▒влк█▄L▄Nллс█WплLлMK█кLXL≥▌Y≥█нMыLл▄▄▌≤▄NнLLл▄▄█▄MLL≥≤█≤L█л▌Nьм≥X▄MY▌LYK▌Y█≤мы≥≥XллYY≥NXMYL█ьл≥XLMм≤L▌Y▌█LлыLллYXLLы▄YYYM▄куTT■яQQп√KVPрUт⌠уврQпS▒т▒Q▒T▒S░яWп▓S▒S▒кRQт░UQу▒T▓Q▓QQ▌▌ьX▌LX▄L▌XXммNYXы█Y≤█▄ммLм█▄L≥▌▄XьлYXы█XммьмPуU▒WсPTуT≈у▄≈рSSQV▒п≈п▓S▒S▒влк█▄L▄NKллс█WплMKмKLкльNн█≤ь▄L▄≥LYY█≤л▌Lыы█Lл▌▄██≥NY≤█MнMл██лмMXXY▄█K≤LLмYX▌▄▄MмYл█▄▄нY█L▄▌▄MNLMьлыXMмXL█ьнL≥ы▄█KуTT■яQQп√KVPрUт⌠уврQпS▒т▒Q▒T▒S░яWп▓S▒S▒кRQт░UQу▒T▓Q▓QQ▌▌ьX▌LX▄L▌XXммNYXы█Y≤█▄ммLм█▄L≥▌▄XьлYXы█XммьмPуU▒WсPTуT≈у▄≈рSSQV▒п≈п▓S▒S▒влк█▄L▄N▀ллс█Wпл▄нKKмK≤ыN≥█ьNьXYLнXьM≥нX≤ьMXьнX▄YX≤ы▄≥X█≤█M▌MлмLYMлNNLL█лM▌Lьл█нL██NMьыY▌N▄ыMлмнNL▄л≤█л▄ыMXNLXM≤мM█XX≤YX≤лLM█уTT■яQQп√KVPрUт⌠уврQпS▒т▒Q▒T▒S░яWп▓S▒S▒кRQт░UQу▒T▓Q▓QQ▌▌ьX▌LX▄L▌XXммNYXы█Y≤█▄ммLм█▄L≥▌▄XьлYXы█XммьмPуU▒WсPTуT≈у▄≈рSSQV▒п≈п▓S▒S▒влк█▄L▄Nкллс█Wпл█K▀н█LYMMлмьм▌Y▄лNXL≤YM≥▄≤ыMML≤м██L█NX≥▌▄█▌Y▌ьL≤L█ьмLXLL▀лY▌Y▄▌лLн▌ь█XY≥Y≥Y≥█XX▄▌Lмлы█≤≥LыXL█XнX≤≤лмыL█ы≥уTT■яQQп√KVPрUт⌠уврQпS▒т▒Q▒T▒S░яWп▓S▒S▒кRQт░UQу▒T▓Q▓QQ▌▌ьX▌LX▄L▌XXммNYXы█Y≤█▄ммLм█▄L≥▌▄XьлYXы█XммьмPуU▒WсPTуT≈у▄≈рSSQV▒п≈п▓S▒S▒влк█▄L▄Nллс█Wплл▀▀≥ML▄ыM▄▄██нXлл≥N▄XYMы█лX█YY≥ьYыLльм█Y▄XNYMYL▌LMыLX▌ML█л▌KXл▌м▌█≤ьMXм≥YMьMXLLXMлX≤██≥≤лм≤X▄ыM≥█ьмMыь█куTT■яQQп√KVPрUт⌠уврQпS▒т▒Q▒T▒S░яWп▓S▒S▒кRQт░UQу▒T▓Q▓QQ▌▌ьX▌LX▄L▌XXммNYXы█Y≤█▄ммLм█▄L≥▌▄XьлYXы█XммьмPуU▒WсPTуT≈у▄≈рSSQV▒п≈п▓S▒S▒влк█▄L▄NKллс█WплмKL▀нK▀LL▄ммX▄≤▌NMM▄лMыYX≤Y≥ы▄ы▄X≤ллMN█лнMLы≥XьXм▄███▀YLыNлыMмь▌NX≥≥▄▌NM≥Lы≤NX▄≤█NNмXь▄ьXLYь▄≤YL≤LY█≤куTT■яQQп√KVPрUт⌠уврQпS▒т▒Q▒T▒S░яWп▓S▒S▒кRQт░UQу▒T▓Q▓QQ▌▌ьX▌LX▄L▌XXммNYXы█Y≤█▄ммLм█▄L≥▌▄XьлYXы█XммьмPуU▒WсPTуT≈у▄≈рSSQV▒п≈п▓S▒S▒влк█▄L▄NLллс█WплMклкLXM▄YLMь≥█YM██▌MY█LMLьMMYM≥LXлнXыьMMYM▄ыXYX▄м▄л≤кY█ьлLмммнMл▌NLмL≥X≤мM█л█Mнм≥Nм▌мY≤NNMLымL▄нLуTT■яQQп√KVPрUт⌠уврQпS▒т▒Q▒T▒S░яWп▓S▒S▒кRQт░UQу▒T▓Q▓QQ▌▌ьX▌LX▄L▌XXммNYXы█Y≤█▄ммLм█▄L≥▌▄XьлYXы█XммьмPуU▒WсPTуT≈у▄≈рSSQV▒п≈п▓S▒S▒влк█▄L▄NLKллс█WплKL▀▌M▄лмMл▄ьмнMLX≥M▄M≥≤▄л▄м▄M≤ь≥X█▌Y█≤≥▌L█NL█мMXлY≤ьKыLмY≤л█▄▄YNM▌≤м≤млYLNMлXY█ьLмы█▄LM≤м≤ьYY≤MьмнLыX▄KуTT■яQQп√KVPрUт⌠уврQпS▒т▒Q▒T▒S░яWп▓S▒S▒кRQт░UQу▒T▓Q▓QQ▌▌ьX▌LX▄L▌XXммNYXы█Y≤█▄ммLм█▄L≥▌▄XьлYXы█XммьмPуU▒WсPTуT≈у▄≈рSSQV▒п≈п▓S▒S▒влк█▄L▄NL▀ллс█WплLLK▄KN≤мыLм≥≤мыYMXL≤▄█X≥█≤мллMLNY▌█XX▌X≥MXL≥███≥M▄█XMм≤л≥≤▌≥L▄мьлLX≤ы≥LллY≤XлM▌Y≤▌Y▄≤Y≤Xь≥≥лX▌X▄лмXлкуTT■яQQп√KVPрUт⌠уврQпS▒т▒Q▒T▒S░яWп▓S▒S▒кRQт░UQу▒T▓Q▓QQ▌▌ьX▌LX▄L▌XXммNYXы█Y≤█▄ммLм█▄L≥▌▄XьлYXы█XммьмPуU▒WсPTуT≈у▄≈рSSQV▒п≈п▓S▒S▒влк█▄L▄NLкллс█WплMKLLкL▀≤Y█▌Y▄▄▌Y≥▌MYLNы▄л██YLLLM≥M▄▌YXлLLьлм≥MX█ьл▌MLNKYLммLMM▄лмнMлMьMLь≤ьMнYM▄▌MXL█L█ь█≥▄Y█▀уTT■яQQп√KVPрUт⌠уврQпS▒т▒Q▒T▒S░яWп▓S▒S▒кRQт░UQу▒T▓Q▓QQ▌▌ьX▌LX▄L▌XXммNYXы█Y≤█▄ммLм█▄L≥▌▄XьлYXы█XммьмPуU▒WсPTуT≈у▄≈рSSQV▒п≈п▓S▒S▒влк█▄L▄NMллс█Wпл▄LLкL▀▄▄лM≥█Y▄ы≥X▄мыYNYMYL≤L▄мы█≥▄█м≥Nь█ы≤▄нL▄█▄▄█Y█▀нX█ьNXYNXMXлM≤ыMY▄Lн≤ллм▄█MX≤ы█N█▌Mы█L▄ыMмYY█ьлKуTT■яQQп√KVPрUт⌠уврQпS▒т▒Q▒T▒S░яWп▓S▒S▒кRQт░UQу▒T▓Q▓QQ▌▌ьX▌LX▄L▌XXммNYXы█Y≤█▄ммLм█▄L≥▌▄XьлYXы█XммьмPуU▒WсPTуT≈у▄≈рSSQV▒п≈п▓S▒S▒влк█▄L▄NMKллс█Wпл█KLMкLLьX▌Y≤XY▄MMY≥YмLмM▌Lм▄XXнL▄▄≥YN█▄█ыM█лXY█YX≥▄л█▄▌L≤LM▄≥LMьлNмNYMллMLыL█NLXлMы▌█NNMMьYM≥Xль▄▀уTT■яQQп√KVPрUт⌠уврQпS▒т▒Q▒T▒S░яWп▓S▒S▒кRQт░UQу▒T▓Q▓QQ▌▌ьX▌LX▄L▌XXммNYXы█Y≤█▄ммLм█▄L≥▌▄XьлYXы█XммьмPуU▒WсPTуT≈у▄≈рSSQV▒п≈п▓S▒S▒влк█▄L▄NM▀ллс▄плKLк▀LK▄█мXл≤▄X≥≥лY▄M█≥ль≤≥█▄≥Y▌мMX██L▄M▄▄л▄██≤л≤▀LмL▌Yн≤нNYLLм≤лMы▄лL≥≤L▄ь≥X▌LMLXNY█MнYYы≥▄NуTT■яQQп√KVPрUт⌠уврQпS▒т▒Q▒T▒S░яWп▓S▒S▒кRQт░UQу▒T▓Q▓QQ▌▌ьX▌LX▄L▌XXммNYXы█Y≤█▄ммLм█▄L≥▌▄XьлYXы█XммьмPуU▒WсPTуT≈у▄≈рSSQV▒п≈п▓S▒S▒влк█▄L▄NMкллс▄плLNкMKы≤м▄YNьMмнYYLXM▄мьXлLM≥NY≥▄L▄лL≤YY▄≤L▄▌Xьм▌NNMMLKL█м█ллNXX█≥≤Y▌L█Y≥M▌█▄█н≥≥▄X▄≥▄YLл≥нLY≤лMY≥млM▀уTT■яQQп√KVPрUт⌠уврQпS▒т▒Q▒T▒S░яWп▓S▒S▒кRQт░UQу▒T▓Q▓QQ▌▌ьX▌LX▄L▌XXммNYXы█Y≤█▄ммLм█▄L≥▌▄XьлYXы█XммьмPуU▒WсPTуT≈у▄≈рSSQV▒п≈п▓S▒S▒влк█▄L▄NNллс▄плMK▄кKNKм█NNLлYMьMMьNY≤нNXX≥≤ыMX▄нXLьLXм≤≥≤мнY▌NM▄█≤YNXMXL≥██Mм▄мLLX▄≥L█M▌MмьYY▄MнMыY▄▄льмлN▄ыY▌▄NX▄л≥уTT■яQQп√KVPрUт⌠уврQпS▒т▒Q▒T▒S░яWп▓S▒S▒кRQт░UQу▒T▓Q▓QQ▌▌ьX▌LX▄L▌XXммNYXы█Y≤█▄ммLм█▄L≥▌▄XьлYXы█XммьмPуU▒WсPTуT≈у▄≈рSSQV▒п≈п▓S▒S▒влк█▄L▄NNKллс▄пл▄█кн▄кLы▄MXYLNн≤≤▌LMX▄▄NлXNNMY█NXмX≥▄LLнY≥NKXXM≤≤▄≥≥LмLь≤█M≥мLьXLX≥▄MMмм█лXX≥≥XнMьыM≥Lл▄XMм▌уTT■яQQп√KVPрUт⌠уврQпS▒т▒Q▒T▒S░яWп▓S▒S▒кRQт░UQу▒T▓Q▓QQ▌▌ьX▌LX▄L▌XXммNYXы█Y≤█▄ммLм█▄L≥▌▄XьлYXы█XммьмPуU▒WсPTуT≈у▄≈рSSQV▒п≈п▓S▒S▒влк█▄L▄▄ллс▄пл█KлкмK█к▄≤ыMльY≥XмNLLмм≤X▌X≤м≥Xы≤M≤л≤мы█нNNXX▌нLYNл█ьYYьYMMKL≤N≤L█Mлмл≥мMыX▌▄L█LY▄≤YMYX▄L▄ьлM█Xь█лL█▄м≤ммм▄м≥▄NYуTT■яQQп√KVPрUт⌠уврQпS▒т▒Q▒T▒S░яWп▓S▒S▒кRQт░UQу▒T▓Q▓QQ▌▌ьX▌LX▄L▌XXммNYXы█Y≤█▄ммLм█▄L≥▌▄XьлYXы█XммьмPуU▒WсPTуT≈у▄≈рSSQV▒п≈п▓S▒S▒влк█▄L▄▄Kллс▄пллм▀л▀лKXXMмымл██▄≥YX█L▌▌M≤м▄▄NY▄л▄ьмл≥≥▄▄ыXMььYMыY≤▌LлыMN█ы≤л▄м█ы▌ьYыY▄▄нл█ьмL█нXнMы█ыL▄Lмь▌≤NMкуTT■яQQп√KVPрUт⌠уврQпS▒т▒Q▒T▒S░яWп▓S▒S▒кRQт░UQу▒T▓Q▓QQ▌▌ьX▌LX▄L▌XXммNYXы█Y≤█▄ммLм█▄L≥▌▄XьлYXы█XммьмPуU▒WсPTуT≈у▄≈рSSQV▒п≈п▓S▒S▒влк█▄L▄▄▀ллс▄плмK█кмMM▄LL≤█MNMыMLьнM██▄≤ь≥LM█≥≥█▄▌≤█LNLлыM█M█▄YLXMML≥XьмыXM≤льы≤лLмLLM▄Y█нY█нNL▄X█▄M▌█лN▄MнMмM█Y▌LLуTT■яQQп√KVPрUт⌠уврQпS▒т▒Q▒T▒S░яWп▓S▒S▒кRQт░UQу▒T▓Q▓QQ▌▌ьX▌LX▄L▌XXммNYXы█Y≤█▄ммLм█▄L≥▌▄XьлYXы█XммьмPуU▒WсPTуT≈у▄≈рSSQV▒п≈п▓S▒S▒влк█▄L▄▄кллс▄пл▄нлLьM▌MX≥M▄YNXYX≥NM▌≤L≥м▄м▌M▌н▄ьNMььMнL▄█≥L▌Y▌XK▄M█≤мNXмыл≥X≤█≥LыLь▄▄█≤L█▌XY≥▄м█M≤Mь█▌L▄ллY█≥YY▄MNX▄уTT■яQQп√KVPрUт⌠уврQпS▒т▒Q▒T▒S░яWп▓S▒S▒кRQт░UQу▒T▓Q▓QQ▌▌ьX▌LX▄L▌XXммNYXы█Y≤█▄ммLм█▄L≥▌▄XьлYXы█XммьмPуU▒WсPTуT≈у▄≈рSSQV▒п≈п▓S▒S▒влк█▄L▄▄ллс▄плKKLк▀лым▌LLM▄ь▌ьYM▌Lм≥XY█ы▄ыX≤≥▄██Mлм▄ы▄ы≤л▌▄лX≤▌X▄LM▄≤ы▀Xм▄M█Y▌YN≥YLьNXьLмнL≤LмнLLXYY≥██ы▄Y▄YM▌LNLX≥≥≥KуTT■яQQп√KVPрUт⌠уврQпS▒т▒Q▒T▒S░яWп▓S▒S▒кRQт░UQу▒T▓Q▓QQ▌▌ьX▌LX▄L▌XXммNYXы█Y≤█▄ммLм█▄L≥▌▄XьлYXы█XммьмPуU▒WсPTуT≈у▄≈рSSQV▒п≈п▓S▒S▒влк█▄L▄▄Kллс▄плLL▀к▀N≤LXYLLL▌Mь≥MYXLынYMьь≥MмыMYM▄≥MMмлYLм▌▄Xы≤ы█лкмYY≤█▄лMмMь▌ьм▌Y█л█мьмлXмлMл▄ммMLLм≤▌м█LNMMыMы▄≥NY≤XлыуTT■яQQп√KVPрUт⌠уврQпS▒т▒Q▒T▒S░яWп▓S▒S▒кRQт░UQу▒T▓Q▓QQ▌▌ьX▌LX▄L▌XXммNYXы█Y≤█▄ммLм█▄L≥▌▄XьлYXы█XммьмPуU▒WсPTуT≈у▄≈рSSQV▒п≈п▓S▒S▒влк█▄L▄▄▀ллс▄плMKM▀LлN▌м≤N≤X≤≤NNL█ыXммLнN▄ьLы≥ы▄ьлMлмLMXL≤≥ыX▄Lы█Yмлл≤≤ньм▄LLмм≥Mн≥MYLьX█Xь≤лMы▄LмY█X≥YX▄м█LM█LLKуTT■яQQп√KVPрUт⌠уврQпS▒т▒Q▒T▒S░яWп▓S▒S▒кRQт░UQу▒T▓Q▓QQ▌▌ьX▌LX▄L▌XXммNYXы█Y≤█▄ммLм█▄L≥▌▄XьлYXы█XммьмPуU▒WсPTуT≈у▄≈рSSQV▒п≈п▓S▒S▒влк█▄L▄▄кллсMWплK▀мK≥▄NL▄▄ы█ьX≤≥M▄ль▄≤≥MNY≥▄лнX▄▄XYXмм▌Y≥X█Y▄ьмLMYY▄лYL≥≥LNMXYл≥Y≥LLьм▄нY≥Nлы█XллMнXX█ьMм▌LM≤л▄ь█MLмXкуTT■яQQп√KVPрUт⌠уврQпS▒т▒Q▒T▒S░яWп▓S▒S▒кRQт░UQу▒T▓Q▓QQ▌▌ьX▌LX▄L▌XXммNYXы█Y≤█▄ммLм█▄L≥▌▄XьлYXы█XммьмPуU▒WсPTуT≈у▄≈рSSQV▒п≈п▓S▒S▒влк█▄L▄▄ллсMWплLклкK▄XьMXм█ы█ьLMыMмN≥▄▌L≥мLнXь█ь█LMм≤▄X█ьнYL▄L≤NM▌NьыMм≥L≥YMл≤ыLYXмнMMLN≥XMньX▄≤█≤Mм█L≥ы≤≥LXмXьYMXM≥KуTT■яQQп√KVPрUт⌠уврQпS▒т▒Q▒T▒S░яWп▓S▒S▒кRQт░UQу▒T▓Q▓QQ▌▌ьX▌LX▄L▌XXммNYXы█Y≤█▄ммLм█▄L≥▌▄XьлYXы█XммьмPуU▒WсPTуT≈у▄≈рSSQV▒п≈п▓S▒S▒влк█▄L▄▄KллсMWплMKL▀лK█L▌MнмM▄MлLM▄ыY█≥≤Y█ь█нNYMыMXL▄YYY≥XYLлM▄Nмк▄лXYYMьM≤ьMY▄ь▄≥▄█ььл▌Y▄лXл▄лXь≥MлYL▄л▄M▌≥≥л▄NKуTT■яQQп√KVPрUт⌠уврQпS▒т▒Q▒T▒S░яWп▓S▒S▒кRQт░UQу▒T▓Q▓QQ▌▌ьX▌LX▄L▌XXммNYXы█Y≤█▄ммLм█▄L≥▌▄XьлYXы█XммьмPуU▒WсPTуT≈у▄≈рSSQV▒п≈п▓S▒S▒влк█▄L▄▄LллсMWпл▄MK▌L▀NYM▄M▌MLMYX█ьы▄LнLы≥NXы▄Y≥▄ыL≤█млY▌L▄XNмXLL█LXY█LNNK≤▄▌Lм≥ы≤мY≤Y█▄ьл▄L≥█MLнXY█ыXыYLMLY≥NYыNMNMMLMьLлнMуTT■яQQп√KVPрUт⌠уврQпS▒т▒Q▒T▒S░яWп▓S▒S▒кRQт░UQу▒T▓Q▓QQ▌▌ьX▌LX▄L▌XXммNYXы█Y≤█▄ммLм█▄L≥▌▄XьлYXы█XммьмPуU▒WсPTуT≈у▄≈рSSQV▒п≈п▓S▒S▒влк█▄L▄▄LKллсMWпл█K▄▄кM≤X▄л≤ы█ы≥█нYMLXныLMн▄X█≥▄≤нXMм▌LнLмь▄X█мL▌YY≥▄K█X▄MыMм≤▄мLы≥▌N▌L▄н≤▄≥≤█ьYYYMMMXL█MYннXNLыY▄▄луTT■яQQп√KVPрUт⌠уврQпS▒т▒Q▒T▒S░яWп▓S▒S▒кRQт░UQу▒T▓Q▓QQ▌▌ьX▌LX▄L▌XXммNYXы█Y≤█▄ммLм█▄L≥▌▄XьлYXы█XммьмPуU▒WсPTуT≈у▄≈рSSQV▒п≈п▓S▒S▒влк█▄L▄▄L▀ллсMWплл█▄▄LьY≤█ыNь▌Y▌нMMм≥█M█▄млXмYLYMь█л≥MлMMмN█ь≥≥LмY▄≥XNXMMьL█▄ь▌YX█≤M≥LM▄нL█▄н▄≤Nы██нM▄лMKуTT■яQQп√KVPрUт⌠уврQпS▒т▒Q▒T▒S░яWп▓S▒S▒кRQт░UQу▒T▓Q▓QQ▌▌ьX▌LX▄L▌XXммNYXы█Y≤█▄ммLм█▄L≥▌▄XьлYXы█XммьмPуU▒WсPTуT≈у▄≈рSSQV▒п≈п▓S▒S▒влк█▄L▄▄LкллсMWплмK▌MK▄▀ыL≤≤█▄ллXX▄█▌MM≥YMьMY█NY▌ь▄≤ы█≤ML≤≥MллнM≤ммы▌M≥▀XX▄M▄▌LNYLл█MьNLллX≥M≥█≥лM▄█ьнлL▄▄MLL▄X≥NY≥█л≥≥KуTT■яQQп√KVPрUт⌠уврQпS▒т▒Q▒T▒S░яWп▓S▒S▒кRQт░UQу▒T▓Q▓QQ▌▌ьX▌LX▄L▌XXммNYXы█Y≤█▄ммLм█▄L≥▌▄XьлYXы█XммьмPуU▒WсPTуT≈у▄≈рSSQV▒п≈п▓S▒S▒влк█▄L▄▄MллсMWплл▀K█▀█M≥ььMLNX▌Lн▄лььыL▄ььмNXLL█ыLL▄█▄L█≥≤ьлM≥≤ылLл▄LьK≤▄ьм≤M██ы≤нMNM█ььмYMьY█мьNL≤L▄▄MX▄M▄лн≥мымл▀уTT■яQQп√KVPрUт⌠уврQпS▒т▒Q▒T▒S░яWп▓S▒S▒кRQт░UQу▒T▓Q▓QQ▌▌ьX▌LX▄L▌XXммNYXы█Y≤█▄ммLм█▄L≥▌▄XьлYXы█XммьмPуU▒WсPTуT≈у▄≈рSSQV▒п≈п▓S▒S▒влк█▄L▄▄MKллсLплKл▀█KлLм≤YLXY≥L▄≤Yл▄LMмM█ыNLXмн▄N▄мY█Y█≤ььY▄LXмYYNY▌YMь█≥█KXLл▄Y██M≤█лNNMLыN█ы█▌мнлыль▌LL▄ыYнLLY≥▄л▄█KуTT■яQQп√KVPрUт⌠уврQпS▒т▒Q▒T▒S░яWп▓S▒S▒кRQт░UQу▒T▓Q▓QQ▌▌ьX▌LX▄L▌XXммNYXы█Y≤█▄ммLм█▄L≥▌▄XьлYXы█XммьмPуU▒WсPTуT≈у▄≈рSSQV▒п≈п▓S▒S▒влк█▄L▄▄M▀ллсLплLмк▄км▌NXмь≥≤YLлMLNY█▄Xм█ыLMNYXNMыXлл█▌LнM≤▌LM≥MыNYлм≥▌LM█L≤▄≥XL≤ы≤▄L▌LX≤MнY█н█ллXммыY≥X≥M≤≥L≥Y≥ь▌NXкуTT■яQQп√KVPрUт⌠уврQпS▒т▒Q▒T▒S░яWп▓S▒S▒кRQт░UQу▒T▓Q▓QQ▌▌ьX▌LX▄L▌XXммNYXы█Y≤█▄ммLм█▄L≥▌▄XьлYXы█XммьмPуU▒WсPTуT≈у▄≈рSSQV▒п≈п▓S▒S▒влк█▄L▄▄MкллсLплMKK▄KнM≥≤XXMы█м≤█≥LM█X▌▄NLьL▄▄X█мльмXLлMмM▌YLьY≤м▄Xмл≥XML≥XлыMыL█NNNмл≤█ьMмл█L▌█MнLMNNм█▌█лMлM▄ьл≥█лLл≤ы≥мNуTT■яQQп√KVPрUт⌠уврQпS▒т▒Q▒T▒S░яWп▓S▒S▒кRQт░UQу▒T▓Q▓QQ▌▌ьX▌LX▄L▌XXммNYXы█Y≤█▄ммLм█▄L≥▌▄XьлYXы█XммьмPуU▒WсPTуT≈у▄≈рSSQV▒п≈п▓S▒S▒влк█▄L▄▄NллсLпл▄KN▀NMYY█ы≥YY██мы≤MьXMXM▌L█▌NLмLь≤█≤ммьын≥▌M▄M≤мL▄▄M▌YYMKYY≥L█Xь≤≤≥▄▄YL▄▄█ы█мь▄ьL▄▄≥XYY█ыM▌XLы≥X▄м≥X≤м▄≥YKуTT■яQQп√KVPрUт⌠уврQпS▒т▒Q▒T▒S░яWп▓S▒S▒кRQт░UQу▒T▓Q▓QQ▌▌ьX▌LX▄L▌XXммNYXы█Y≤█▄ммLм█▄L≥▌▄XьлYXы█XммьмPуU▒WсPTуT≈у▄≈рSSQV▒п≈п▓S▒S▒влк█▄L▄▄NKллсLпл█KKLкL█нYмыLYL█≥≥Y≥лLL▄м██Y▄лL█ь▄▄Lм≥XM▌M█Y▄L≤X≤мы▀▌нY▄█▄Y█Lы▌LьYM██M▌м█M▄≤≤л≤▄XмY██Lл≥Y█мнXM▄MммкуTT■яQQп√KVPрUт⌠уврQпS▒т▒Q▒T▒S░яWп▓S▒S▒кRQт░UQу▒T▓Q▓QQ▌▌ьX▌LX▄L▌XXммNYXы█Y≤█▄ммLм█▄L≥▌▄XьлYXы█XммьмPуU▒WсPTуT≈у▄≈рSSQV▒п≈п▓S▒S▒влк█▄L▄▄▄ллсLпллL▀K≥MNXнныM▌M▄мMXьы▌YMынл≤█≤▄▄M≤м≤Lлл▄▄млMлML█YL≤▄к▄льмль██▌нM▌MM█N█M▄NXл≥ы█м█▄YNLLьYYNLMыM▄≤ь▄≤X≥▄л█м≥▀уTT■яQQп√KVPрUт⌠уврQпS▒т▒Q▒T▒S░яWп▓S▒S▒кRQт░UQу▒T▓Q▓QQ▌▌ьX▌LX▄L▌XXммNYXы█Y≤█▄ммLм█▄L≥▌▄XьлYXы█XммьмPуU▒WсPTуT≈у▄≈рSSQV▒п≈п▓S▒S▒влк█▄L▄▄▄KллсWплK▄▀MK▄LNNм▌NYMN█≤лм▄мыLY█▄▄YLXYы▄N▄L▄█ы≤ы▄л▄█N▄л≥█≥NKы≤█ь≤Mы≥█NL▌YLыXы≥лX≤LьXXXMмXь██м≥ы≤ы≥≥≤▌XNXм█Yл▄мNуTT■яQQп√KVPрUт⌠уврQпS▒т▒Q▒T▒S░яWп▓S▒S▒кRQт░UQу▒T▓Q▓QQ▌▌ьX▌LX▄L▌XXммNYXы█Y≤█▄ммLм█▄L≥▌▄XьлYXы█XммьмPуU▒WсPTуT≈у▄≈рSSQV▒п≈п▓S▒S▒влк█▄L▄▄▄▀ллсWплL█кLK█▄нн≥▌LNл≥≤мY≤▌н█лYмY██≥█▄≥X▌Mь≤Xь▌NYM▄█нM≥NMMMы▀LмX≥Xы≤█мл█▌ьн≤Mь≤Y▄лмLXмMY≤█LлLLмMм▄XLм≥NX▄▀уTT■яQQп√KVPрUт⌠уврQпS▒т▒Q▒T▒S░яWп▓S▒S▒кRQт░UQу▒T▓Q▓QQ▌▌ьX▌LX▄L▌XXммNYXы█Y≤█▄ммLм█▄L≥▌▄XьлYXы█XммьмPуU▒WсPTуT≈у▄≈рSSQV▒п≈п▓S▒S▒влк█▄L▄▄▄клмWсLплK▄мK▄▄к▄лы█LMMNXX█LLY▄LлMлы≥█Lл▄M█м≤L≥лыL▄м▌L≥L▄█м▄≥≤Lь≤≥K█≥▌L≥X█мY█ммL≤XьныMLьN█MLX≤XмнXL≥▌L█▌MYNYXлыNM≥≤YLLуTT■яQQп√KVPрUт⌠уврQпS▒т▒Q▒T▒S░яWп▓S▒S▒кRQт░UQу▒T▓Q▓QQ▌▌ьX▌LX▄L▌XXммNYXы█Y≤█▄ммLм█▄L≥▌▄XьлYXы█XммьмPуU▒WсPTуT≈у▄≈рSSQV▒п≈п▓S▒S▒влк█▄L▄▄█лмWсLплL█▀▄▄K▄мKXM█MXмNY▄Mм≤нM█≤ь▌Y▌NLL▄█▄LXLь█X█M≤N≥M▄ньXы≥ымMмклL▄▌█▌▄▌ыX█мм▌L≤лMMXL≤мLл≥≤MNYL≤Y≥▌MXьMмм█нX▄уTT■яQQп√KVPрUт⌠уврQпS▒т▒Q▒T▒S░яWп▓S▒S▒кRQт░UQу▒T▓Q▓QQ▌▌ьX▌LX▄L▌XXммNYXы█Y≤█▄ммLм█▄L≥▌▄XьлYXы█XммьмPуU▒WсPTуT≈у▄≈рSSQV▒п≈п▓S▒S▒влк█▄L▄▄█KлмWсWплK▄▄K▄K▄M▀Xм█X≤ыY▌MMьLM█мL▌≤мы▄▄Lл≥ммLN▌LY▄≤▌LY≥≥NXLMлL█мы█LлYMмлMыKYXлXнN≤L▄м▄X▄ы≥▄M▄Y≤≤█м≤▄█▄≥≥XY≥MнMYYNYY▄ль▌X≤LXкуTT■яQQп√KVPрUт⌠уврQпS▒т▒Q▒T▒S░яWп▓S▒S▒кRQт░UQу▒T▓Q▓QQ▌▌ьX▌LX▄L▌XXммNYXы█Y≤█▄ммLм█▄L≥▌▄XьлYXы█XммьмPуU▒WсPTуT≈у▄≈рSSQV▒п≈п▓S▒S▒влк█▄L▄▄█▀лмWсWплL▄█к▄к▄▄KLLлX█≤M▄M≤▌XNнL≥▄▌█≤м█▌X≤█YYLLMмLлл≤█MLмNY█X≤▀NMьы▄XлM▄█▄NMXMым≥█NL≤▄LмLмьлMLLYL█M≤ы██NLL≥▌▌▀уTT■яQQп√KVPрUт⌠уврQпS▒т▒Q▒T▒S░яWп▓S▒S▒кRQт░UQу▒T▓Q▓QQ▌▌ьX▌LX▄L▌XXммNYXы█Y≤█▄ммLм█▄L≥▌▄XьлYXы█XммьмPуU▒WсPTуT≈у▄≈рSSQV▒п≈п▓S▒S▒влк█▄L▄▄█клмWсWплMK▄мK▄▄█Kл█ь█Xн≤лLмь█≤≥█L█MXыL≥LYL≤█Mьм≤л≥▄YXнYLM▄█≥≥X▄ы▄█≥нXKмNY≤м▄Y≤ьлллLн≥▄ллнLL▄LL▄L█ьXмLм≥XыXмM▄NX▄▀уTT■яQQп√KVPрUт⌠уврQпS▒т▒Q▒T▒S░яWп▓S▒S▒кRQт░UQу▒T▓Q▓QQ▌▌ьX▌LX▄L▌XXммNYXы█Y≤█▄ммLм█▄L≥▌▄XьлYXы█XммьмPуU▒WсPTуT≈у▄≈рSSQV▒п≈п▓S▒S▒влк█▄L▄▄▌лмWсWпл▄█K▄▄▌LYLYNM█Y█лл≤█ььY█ыY▄YMн≥Xыл▌LNML█LмX█≥▄л≥██MыьмьлXлL▌MмY≤≤MLXNLл▄ыNMMлX█м▌мы≥▄▌X█ььXM█лмN≥YXыKуTT■яQQп√KVPрUт⌠уврQпS▒т▒Q▒T▒S░яWп▓S▒S▒кRQт░UQу▒T▓Q▓QQ▌▌ьX▌LX▄L▌XXммNYXы█Y≤█▄ммLм█▄L≥▌▄XьлYXы█XммьмPуU▒WсPTуT≈у▄≈рSSQV▒п≈п▓S▒S▒влк█▄L▄▄▌KлмWсWпл█K█KNN▄мK≥▄YNYы▌XньYXм≥≥▄▄л≥лл▄MXM▄л≤≥≤лммXллM≤█YLXX≤≥ьLXLмл▄ммнKY≤▌≥≤▄▄▄нM█▄ыY≥≤▄≤LYLNмыX▌≤█ыLыLMLлY▌LьMнYXMуTT■яQQп√KVPрUт⌠уврQпS▒т▒Q▒T▒S░яWп▓S▒S▒кRQт░UQу▒T▓Q▓QQ▌▌ьX▌LX▄L▌XXммNYXы█Y≤█▄ммLм█▄L≥▌▄XьлYXы█XммьмPуU▒WсPTуT≈у▄≈рSSQV▒п≈п▓S▒S▒влк█▄L▄▄ллмWсплK▄▀NMK▄▀лM≥▌NLLн██XнLXмMыMл▌NXL≥LыXNьмYMмыN█▌Y▌NXLм▌M≤X≥KьыLмь≥▄M█▄мL█ьNX▄≤XM▄Mл≤█н≤л≤ьлY≤Y█≤▄X≥≤мLыL≥L≥█лNY▀уTT■яQQп√KVPрUт⌠уврQпS▒т▒Q▒T▒S░яWп▓S▒S▒кRQт░UQу▒T▓Q▓QQ▌▌ьX▌LX▄L▌XXммNYXы█Y≤█▄ммLм█▄L≥▌▄XьлYXы█XммьмPуU▒WсPTуT≈у▄≈рSSQV▒п≈п▓S▒S▒влк█▄L▄▄лKлмWсплL▄L▀NL▀▄▀█≤ьLLLм≤X█нMLMNXL▄нлX▌XNM≤≤лM▄NX▌MыXLнYXмXы███≥≥M▀X▌ML█Xл≥L▄█≤▌XLMлYMMл≥NX≤NM█MY≤≥MYнLлM≥ь≤L▄ьмL▀уTT■яQQп√KVPрUт⌠уврQпS▒т▒Q▒T▒S░яWп▓S▒S▒кRQт░UQу▒T▓Q▓QQ▌▌ьX▌LX▄L▌XXммNYXы█Y≤█▄ммLм█▄L≥▌▄XьлYXы█XммьмPуU▒WсPTуT≈у▄≈рSSQV▒п≈п▓S▒S▒влк█▄L▄▄л▀лмWсплMK▄▄NK▄LLLмY▌MY≥NM▌NY█ль▌L≤XYNL▌XлX≥█нXл██NM▄нY█≥▄L≥YKн█л█нM▌ь≤LныLл≥Lь▄мLыL≥LM▄▄█лYXымьь█л▌█муTT■яQQп√KVPрUт⌠уврQпS▒т▒Q▒T▒S░яWп▓S▒S▒кRQт░UQу▒T▓Q▓QQ▌▌ьX▌LX▄L▌XXммNYXы█Y≤█▄ммLм█▄L≥▌▄XьлYXы█XммьмPуU▒WсPTуT≈у▄≈рSSQV▒п≈п▓S▒S▒влк█▄L▄▄лклмWспл▄▄█кNк▄MY▄L█LьLL█XXнYY≤лм≥X▌M≥█▌LмXыMY≥▌л≥▄XX█X▄▄▌NM█▌LM▀▌YX≥▄█▄█LыXьM█▌LлмLLMMнMXXLNл≥█≤XьML██лмM▄▄мLмXKуTT■яQQп√KVPрUт⌠уврQпS▒т▒Q▒T▒S░яWп▓S▒S▒кRQт░UQу▒T▓Q▓QQ▌▌ьX▌LX▄L▌XXммNYXы█Y≤█▄ммLм█▄L≥▌▄XьлYXы█XммьмPуU▒WсPTуT≈у▄≈рSSQV▒п≈п▓S▒S▒влк█▄L▄▄млмWспл█K▄лкNк▄NK≥Y█▄мM≤≤██YYLн█XXыYMNYYNX≥ьмнM▄YлXьMнX▄ьMьYMLLMY≥▌KлMMнLлY█Xь▄≥ь≤Y▄ыыMмL≤≤лX▌ыLLM≤мл█мLXмLL█л▌█ыNM▄ькуTT■яQQп√KVPрUт⌠уврQпS▒т▒Q▒T▒S░яWп▓S▒S▒кRQт░UQу▒T▓Q▓QQ▌▌ьX▌LX▄L▌XXммNYXы█Y≤█▄ммLм█▄L≥▌▄XьлYXы█XммьмPуU▒WсPTуT≈у▄≈рSSQV▒п≈п▓S▒S▒влк█▄L▄▄мKлмWсплл▄нKNK▄██M█≥MмN▄XYлнMь▌L≤ьмL≥▌NьX≥XX≥л█≥XXNLX≤LлLLM█м▄MX█ыX█л▄▄▄XXлы▌Xм▌YMX▄нM≤█YN≥XYL≤Xы▄ль▄мY≥≥MMLYYMнL▄ны▄█KуTT■яQQп√KVPрUт⌠уврQпS▒т▒Q▒T▒S░яWп▓S▒S▒кRQт░UQу▒T▓Q▓QQ▌▌ьX▌LX▄L▌XXммNYXы█Y≤█▄ммLм█▄L≥▌▄XьлYXы█XммьмPуU▒WсPTуT≈у▄≈рSSQV▒п≈п▓S▒S▒влк█▄L▄▄м▀лмWсплмK█кMмк▄█кLMN█M▄мLл≥LыLX▌ы█ллл▄лYLыX█ьыX≤ьLXMлY≤LLь≥лNYX▌M██▀L▌NX▌X▌MмMнXMм▄Xллы█≥▄ML≤NN≥л≤LNX█YYYL≥▄L▄лM≤LLкуTT■яQQп√KVPрUт⌠уврQпS▒т▒Q▒T▒S░яWп▓S▒S▒кRQт░UQу▒T▓Q▓QQ▌▌ьX▌LX▄L▌XXммNYXы█Y≤█▄ммLм█▄L≥▌▄XьлYXы█XммьмPуU▒WсPTуT≈у▄≈рSSQV▒п≈п▓S▒S▒влк█▄L▄▄мклмWсмWплKNL▀NKN≤нMь▄▄л▄▄м≥NM▄▄Y≤мMMYл▌XлнYл≥▄ь▄≤█NYLны▌MXм≤л≤ыL█Mьь≤▄Nы≤мY≤ыYыMLMьM≥YMнNNXNN≤█мMм≥YL█▄ьLмNL▄≤█≥L≤▀уTT■яQQп√KVPрUт⌠уврQпS▒т▒Q▒T▒S░яWп▓S▒S▒кRQт░UQу▒T▓Q▓QQ▌▌ьX▌LX▄L▌XXммNYXы█Y≤█▄ммLм█▄L≥▌▄XьлYXы█XммьмPуU▒WсPTуT≈у▄≈рSSQV▒п≈п▓S▒S▒влк█▄L▄▄нлмWсмWплLNNMнNL▀лYNY▄мXNY▄ыY██Lл▄мNNLмы≥лMNY≤мYXл█▌≤▄LY≤L▄ьY≤м▀NMYMы█L▌L█▌█▄≥▌мьY▄YL≥Yл██нлXMлYY≥▄Y▄X≤MX▄ыXыNL▀уTT■яQQп√KVPрUт⌠уврQпS▒т▒Q▒T▒S░яWп▓S▒S▒кRQт░UQу▒T▓Q▓QQ▌▌ьX▌LX▄L▌XXммNYXы█Y≤█▄ммLм█▄L≥▌▄XьлYXы█XммьмPуU▒WсPTуT≈у▄≈рSSQV▒п≈п▓S▒S▒влк█▄L▄▄нKлмWсмWплMK▄▀MмKNM▀YY≤LNыMы▄█ьLNY█MыXлл▌Yм≤▌▄ьNм▄▄LьнNLьMX≥█Y≥▀XL▄ьь▄██≤XмнN█YьM▌ьNмьы▌LMNыMь█ыL≥≤█MYX▄█LнMY▄куTT■яQQп√KVPрUт⌠уврQпS▒т▒Q▒T▒S░яWп▓S▒S▒кRQт░UQу▒T▓Q▓QQ▌▌ьX▌LX▄L▌XXммNYXы█Y≤█▄ммLм█▄L≥▌▄XьлYXы█XммьмPуU▒WсPTуT≈у▄≈рSSQV▒п≈п▓S▒S▒влк█▄L▄█лмWсмWпл▄▄L▀Mл▀NNKлллX≤YLлXл█▌л█XY█X≥MMNXм▄ь≥MYL≤мMм█Mмл≤X█YLыNXьлL▄мXкмл≤≥MN≥Xь▄█LнLNMлльY▄NLMXM█л▄L≤ммX≤≤нLмY▄Y█ь≥LLы≤KуTT■яQQп√KVPрUт⌠уврQпS▒т▒Q▒T▒S░яWп▓S▒S▒кRQт░UQу▒T▓Q▓QQ▌▌ьX▌LX▄L▌XXммNYXы█Y≤█▄ммLм█▄L≥▌▄XьлYXы█XммьмPуU▒WсPTуT≈у▄≈рSSQV▒п≈п▓S▒S▒влк█▄L▄█KлмWсмWпл█K▄NKM▌K▄K█N≥ы▄≤N█M▄≤ннMн▌LM≥XMьMьM▌NLY≥LLмы██YL≤L≥█лY▄XьMк≥█м≤L▄▌█ы≥Y▄▌X≥MY███≤▌нL▄Y≥≤L≤XL≥≤ь≤нMYмыьNMKуTT■яQQп√KVPрUт⌠уврQпS▒т▒Q▒T▒S░яWп▓S▒S▒кRQт░UQу▒T▓Q▓QQ▌▌ьX▌LX▄L▌XXммNYXы█Y≤█▄ммLм█▄L≥▌▄XьлYXы█XммьмPуU▒WсPTуT≈у▄≈рSSQV▒п≈п▓S▒S▒влк█▄L▄█▀лмWсмWплл▄█M█▀▄KML█NLLыY≥нXLLNNLьлLYLY▄Xы▄≤▌XььL███Lы▄MLLMы▄█MY▌ьN▄L▄ь█YM≥LнMьMXXM≤м█ы≤≤XL≥≤≥≤ыL█X≤ыMM▌NM█X█ьлMнY▀уTT■яQQп√KVPрUт⌠уврQпS▒т▒Q▒T▒S░яWп▓S▒S▒кRQт░UQу▒T▓Q▓QQ▌▌ьX▌LX▄L▌XXммNYXы█Y≤█▄ммLм█▄L≥▌▄XьлYXы█XммьмPуU▒WсPTуT≈у▄≈рSSQV▒п≈п▓S▒S▒влк█▄L▄█клмWсмWплмK▄лKM▄▀▄L▀LыX█L▄NY≤лLыN≤MXлM█лльмл█ьNY█LмлLььYYNL≤л▄≥X▄Y≥Mм≥≥≤≥LKY≥XXмMYMXллX▄X≥█ыMN█≥X██≥л▄нMь▄Xмы≤лMмMY▄X█Y▄лY█≥YM▌мнNKуTT■яQQп√KVPрUт⌠уврQпS▒т▒Q▒T▒S░яWп▓S▒S▒кRQт░UQу▒T▓Q▓QQ▌▌ьX▌LX▄L▌XXммNYXы█Y≤█▄ммLм█▄L≥▌▄XьлYXы█XммьмPуU▒WсPTуT≈у▄≈рSSQV▒п≈п▓S▒S▒влк█▄L▄█лмWсмWпл▄мкMNK▄M▀▌ML≥≤мL▄≥MмNXMN▌NNYMM█≥▄NX█MYMл█≤Mм≤ы▄YXь▌X█л▀LьLмLм██XльLMNYY▄NLX█YXN▄XM█ьмм≥▌LMлYMыY█▌ьL▀уTT■яQQп√KVPрUт⌠уврQпS▒т▒Q▒T▒S░яWп▓S▒S▒кRQт░UQу▒T▓Q▓QQ▌▌ьX▌LX▄L▌XXммNYXы█Y≤█▄ммLм█▄L≥▌▄XьлYXы█XммьмPуU▒WсPTуT≈у▄≈рSSQV▒п≈п▓S▒S▒влк█▄L▄█KлмWсмWплK█MMK▄▄KYLLL≥▌YX≤ьLл≥≥N≤█LNыLлXы██▌ыMYNNLлNL▌≤▌██▌LY▄L▌MY≤KNX▄≥MнLX▄ыLNXмLL█M▄≤≤лYM≥≥≥M▌MLнYYмлM≤▄X▌▌ы≥█≤≥XьмкуTT■яQQп√KVPрUт⌠уврQпS▒т▒Q▒T▒S░яWп▓S▒S▒кRQт░UQу▒T▓Q▓QQ▌▌ьX▌LX▄L▌XXммNYXы█Y≤█▄ммLм█▄L≥▌▄XьлYXы█XммьмPуU▒WсPTуT≈у▄≈рSSQV▒п≈п▓S▒S▒влк█▄L▄█▀лмWслплKMнKM▌MмKMLMм▄л▌MлLYMнLL▄X█Mм▌≥M█ы≤▄≥YYь≤Lлл▄▄X█▄L█мL≤лY≥NMMXк▄▄≤ы≥≤ы▄MXыLXNNL█ы█L█YN█L▄м≤Mм≤≥LнY≥ммы≤█мL≤ы▄≥NLKуTT■яQQп√KVPрUт⌠уврQпS▒т▒Q▒T▒S░яWп▓S▒S▒кRQт░UQу▒T▓Q▓QQ▌▌ьX▌LX▄L▌XXммNYXы█Y≤█▄ммLм█▄L≥▌▄XьлYXы█XммьмPуU▒WсPTуT≈у▄≈рSSQV▒п≈п▓S▒S▒влк█▄L▄█клмWслплLN▀M█▀MнKM█▄≤█Y≥≥XYNLYM█Y≥M≤ьы▌▌M▌L█мL≤≤▌LмMмM█▄≤█M▄ыY▌мXLь≥M▌NLыYY█MXX▌нL≤Y█XьLмXNлл▄≥█Lь█LьL≥XM≤▀уTT■яQQп√KVPрUт⌠уврQпS▒т▒Q▒T▒S░яWп▓S▒S▒кRQт░UQу▒T▓Q▓QQ▌▌ьX▌LX▄L▌XXммNYXы█Y≤█▄ммLм█▄L≥▌▄XьлYXы█XммьмPуU▒WсPTуT≈у▄≈рSSQV▒п≈п▓S▒S▒влк█▄L▄█лмWслплMKNLкM▄▀N▀н█L▄м█YYмX▌L≥≥▌LьыNьнXM▌LьNл▄MY≤▄▌NллXLь≤кY≥≤NLL█▄MNXYX≤█▄▌XLY▄Lьл▌Lмы≤лNYMь≥≤м▄ы≤лмLMьл▀уTT■яQQп√KVPрUт⌠уврQпS▒т▒Q▒T▒S░яWп▓S▒S▒кRQт░UQу▒T▓Q▓QQ▌▌ьX▌LX▄L▌XXммNYXы█Y≤█▄ммLм█▄L≥▌▄XьлYXы█XммьмPуU▒WсPTуT≈у▄≈рSSQV▒п≈п▓S▒S▒влк█▄L▄█KлмWслпл▄NNKM▄KNк≥Y≤≥Lь≥▄ьь█мы▄ы█ы≤X≤Y█м▄NL▌XыLнмXыMY█▄▄LMLнл█MX▌≤▌Lы▄нM≤█X▌X≥LNм≥▌≥▄XL▄█м▌YLлX█Y≤ы▄нLMLмL≤█≥Y▄ыNXKуTT■яQQп√KVPрUт⌠уврQпS▒т▒Q▒T▒S░яWп▓S▒S▒кRQт░UQу▒T▓Q▓QQ▌▌ьX▌LX▄L▌XXммNYXы█Y≤█▄ммLм█▄L≥▌▄XьлYXы█XммьмPуU▒WсPTуT≈у▄≈рSSQV▒п≈п▓S▒S▒влк█▄L▄█LлмWслпл█K▄KMM▀NL▀мм▄л█ьл≤≥▌YLLYыMм▄ллX▌Y▄MыLмн≤██▄█LлььL▌Mь▌MлY██Y≤KлнLX▄ь≥YLXы▄лX≤Xл≥YXM≥≤█▄ьYLY█L▄NLн▄≥≤XьN▌LмXY▌L≤нY▄MX▀уTT■яQQп√KVPрUт⌠уврQпS▒т▒Q▒T▒S░яWп▓S▒S▒кRQт░UQу▒T▓Q▓QQ▌▌ьX▌LX▄L▌XXммNYXы█Y≤█▄ммLм█▄L≥▌▄XьлYXы█XммьмPуU▒WсPTуT≈у▄≈рSSQV▒п≈п▓S▒S▒влк█▄L▄█LKлмWслплл▄LKMMNM▀NX≥≥≥≤X█м≤M█▌M██л█Lм▄▄≤Xь≤▄ы▌NмнMнNNLNM█ммыYNMMK≥≤≤нYYXLлL█≥█ь█X█ыMмл▌▌≤XьыYM█▄L≥LLLнM≥XлM▄лл≥█Y▄YML█уTT■яQQп√KVPрUт⌠уврQпS▒т▒Q▒T▒S░яWп▓S▒S▒кRQт░UQу▒T▓Q▓QQ▌▌ьX▌LX▄L▌XXммNYXы█Y≤█▄ммLм█▄L≥▌▄XьлYXы█XммьмPуU▒WсPTуT≈у▄≈рSSQV▒п≈п▓S▒S▒влк█▄L▄█L▀лмWслплмK▄NML▄MLLлLMLыYXм≥NLмL▌Lь█▌LлX≥L▌M▄█XNMлX█≤█≥M▌KYL≤XLл≥Y≥≤▄▄L█YMLM█ы▄льл▄ннлY≤≥≤▄XYXмнLмььнY≤ьML▄MMMуTT■яQQп√KVPрUт⌠уврQпS▒т▒Q▒T▒S░яWп▓S▒S▒кRQт░UQу▒T▓Q▓QQ▌▌ьX▌LX▄L▌XXммNYXы█Y≤█▄ммLм█▄L≥▌▄XьлYXы█XммьмPуU▒WсPTуT≈у▄≈рSSQV▒п≈п▓S▒S▒влк█▄L▄█LклмWслпл▄█Mк▄ьл≤≥L█мьы█M█лMл▌M█≤мыY▄ьM▄▄м▌ьL▄≤м≥NыLYYы▄▌M≥≥≥ьX▀█мYXьXлLLлL≤Lмн█▌LYLNMы≥MMм≤XLь█▄MLN▌MMXыLыY≥уTT■яQQп√KVPрUт⌠уврQпS▒т▒Q▒T▒S░яWп▓S▒S▒кRQт░UQу▒T▓Q▓QQ▌▌ьX▌LX▄L▌XXммNYXы█Y≤█▄ммLм█▄L≥▌▄XьлYXы█XммьмPуU▒WсPTуT≈у▄≈рSSQV▒п≈п▓S▒S▒влк█▄L▄█MлмWслплK▄лM▀▄кLы≤X▌Mм≤█ымNMнLмлл≤▌мNXXL▌Mм≥▄YMм▄▌M█XнNMLмN█▄MнLYLь▄█нMLMNX≤лLнLл██≥▄нXнNMXмLLьмм▌MмM▄NM▌L▄XлуTT■яQQп√KVPрUт⌠уврQпS▒т▒Q▒T▒S░яWп▓S▒S▒кRQт░UQу▒T▓Q▓QQ▌▌ьX▌LX▄L▌XXммNYXы█Y≤█▄ммLм█▄L≥▌▄XьлYXы█XммьмPуU▒WсPTуT≈у▄≈рSSQV▒п≈п▓S▒S▒влк█▄L▄█MKлмWслплL▄мKLн▄LKьыL▌YNY≤YлLь█ьлMYL≥ы▄≥ьм▄≤█л█≤▌X▄LYMN▄NN≤≥LLLмLXX▀▄X▄█ьм▌Mы▄MмMл▄XYMXыX≤Xм█Y█XнX▌≥YLYLYXMMYMYLNMнньL≤ь▀уTT■яQQп√KVPрUт⌠уврQпS▒т▒Q▒T▒S░яWп▓S▒S▒кRQт░UQу▒T▓Q▓QQ▌▌ьX▌LX▄L▌XXммNYXы█Y≤█▄ммLм█▄L≥▌▄XьлYXы█XммьмPуU▒WсPTуT≈у▄≈рSSQV▒п≈п▓S▒S▒влк█▄L▄█M▀лмWслплMK█кLм▄MK▌≤Y█лX█M▄≥▄нн≥ь█XьL▄▄мл▌ныNN≥▄NLY█XнMLыLX█ь≥YLь▄▌ыY≥MXьлYMM≥NLX█≤≥YXYMмLыXX█ьM≥YYM≤ыLм≥NMнXь▌KуTT■яQQп√KVPрUт⌠уврQпS▒т▒Q▒T▒S░яWп▓S▒S▒кRQт░UQу▒T▓Q▓QQ▌▌ьX▌LX▄L▌XXммNYXы█Y≤█▄ммLм█▄L≥▌▄XьлYXы█XммьмPуU▒WсPTуT≈у▄≈рSSQV▒п≈п▓S▒S▒влк█▄L▄█MклмWс█WплKM█KMMKM▄KьMлMныMьл≤MYX▌NMы▄лXлL█▌NLмX≥█Xь▄ьLLL▄≥▄≥≤▄▄▄л▀нLYM▄л▄≤█≥M█NYMлLмь▄мYL▄мл▄LLY≤мLM█мY≥MXнYMьь▄куTT■яQQп√KVPрUт⌠уврQпS▒т▒Q▒T▒S░яWп▓S▒S▒кRQт░UQу▒T▓Q▓QQ▌▌ьX▌LX▄L▌XXммNYXы█Y≤█▄ммLм█▄L≥▌▄XьлYXы█XммьмPуU▒WсPTуT≈у▄≈рSSQV▒п≈п▓S▒S▒влк█▄L▄█NлмWс█WплLMл▀MLкM█K≤мNYLMXYXн≥≥█▌MьYM█≤MLыL≤XX▌м≥YY▄█MлMXLL█LLль≤KL█≥XмL≥YLXYY▄≥M▄н≤█м▄█мл▄Lмм▄≥NNMNмMMLыY▄▌XмYLLы▄куTT■яQQп√KVPрUт⌠уврQпS▒т▒Q▒T▒S░яWп▓S▒S▒кRQт░UQу▒T▓Q▓QQ▌▌ьX▌LX▄L▌XXммNYXы█Y≤█▄ммLм█▄L≥▌▄XьлYXы█XммьмPуU▒WсPTуT≈у▄≈рSSQV▒п≈п▓S▒S▒влк█▄L▄█NKлмWс█WплMKMнKMKM▌K█▄н█Y██льыL█M▄NMыXL▌≤MY▄≥YL≤Mм≥≤≤Y▄мL▄▄мьXXмYX▌X▄нMMKы█NM▄MыYXMыNXы▄█▌█X▌нмMмл█≤мYMMLь▄LY≤▄≤X█YMмнXLлMуTT■яQQп√KVPрUт⌠уврQпS▒т▒Q▒T▒S░яWп▓S▒S▒кRQт░UQу▒T▓Q▓QQ▌▌ьX▌LX▄L▌XXммNYXы█Y≤█▄ммLм█▄L≥▌▄XьлYXы█XммьмPуU▒WсPTуT≈у▄≈рSSQV▒п≈п▓S▒S▒влк█▄L▄█▄лмWс█Wпл▄NKMкMлкL≥Nм≥█NLXYмыLл≥XьмMн≥▄▌LлY≥Y≤≤▄лXX█млXнмм≤ьYYYYY▌YM▄▌ьL▌█NLы█≤мл▄MLMнL≤мNX▄XMMы≥▄Y≥≥█X▄≤мL≥NLкуTT■яQQп√KVPрUт⌠уврQпS▒т▒Q▒T▒S░яWп▓S▒S▒кRQт░UQу▒T▓Q▓QQ▌▌ьX▌LX▄L▌XXммNYXы█Y≤█▄ммLм█▄L≥▌▄XьлYXы█XммьмPуU▒WсPTуT≈у▄≈рSSQV▒п≈п▓S▒S▒влк█▄L▄█▄KлмWс█Wпл█KNLKMкMн≤▄л█ь▄YMлNXLннL≥█≥≥Xнь≥█ы▌Y≥▄▄MLл▄█лLL▄ыXнL▄█н███ыKMMмYьм█LM█≥MXX▄ным▄▄≤▌YLY≤н≤льLLы██N█≤YMмM▄M≥MкуTT■яQQп√KVPрUт⌠уврQпS▒т▒Q▒T▒S░яWп▓S▒S▒кRQт░UQу▒T▓Q▓QQ▌▌ьX▌LX▄L▌XXммNYXы█Y≤█▄ммLм█▄L≥▌▄XьлYXы█XммьмPуU▒WсPTуT≈у▄≈рSSQV▒п≈п▓S▒S▒влк█▄L▄█▄▀лмWс█WпллNMкMN▀м██≤≥LнLы█X≥ыMMлмX≤▌██Y█ыNM≥≤ыNYM█ылM≤мM█ьLXLь█мнM▄≤LXыLмX█м████▄ьь█≤ьмл≤Mн▄Y≤█≤нл≤лмыXмM▄█Y▄м▄уTT■яQQп√KVPрUт⌠уврQпS▒т▒Q▒T▒S░яWп▓S▒S▒кRQт░UQу▒T▓Q▓QQ▌▌ьX▌LX▄L▌XXммNYXы█Y≤█▄ммLм█▄L≥▌▄XьлYXы█XммьмPуU▒WсPTуT≈у▄≈рSSQV▒п≈п▓S▒S▒влк█▄L▄█▄клмWс█WплмK▄LмкN▀█≤ллLLьнNYY≤ыXNL▄ыLX≥Y█л≤▄▄NY≤≤█≤ьмMмYLмYLл▄≤LмX▌Y▌M▄Xы≤▌NмлььлнL≥YM▄мNMLмлыMлнNMLMXYXL≤NY≥▌XM≥LуTT■яQQп√KVPрUт⌠уврQпS▒т▒Q▒T▒S░яWп▓S▒S▒кRQт░UQу▒T▓Q▓QQ▌▌ьX▌LX▄L▌XXммNYXы█Y≤█▄ммLм█▄L≥▌▄XьлYXы█XммьмPуU▒WсPTуT≈у▄≈рSSQV▒п≈п▓S▒S▒влк█▄L▄██лмWс█Wпл▄KLлкNK≤≤ь▄YLмымNM▌YMь≥YMXL▄██MлыM≥Y▌XьNMM≥≤ьлллYмY▄≥K█нLм█мXл▌MнNY▄MьMMMLL≤▄NNьнNNLлыM≥Mм≤ммMмкуTT■яQQп√KVPрUт⌠уврQпS▒т▒Q▒T▒S░яWп▓S▒S▒кRQт░UQу▒T▓Q▓QQ▌▌ьX▌LX▄L▌XXммNYXы█Y≤█▄ммLм█▄L≥▌▄XьлYXы█XммьмPуU▒WсPTуT≈у▄≈рSSQV▒п≈п▓S▒S▒влк█▄L▄██KлмWс█WплK▄M▀L▌KNM▄≥XXыL≤≤≤Xы▄ллMLXXл█L█≤Mм▄нXXнX▌≥X█MX█м≤XYL≤LMм≥MXнM▄MLMл▌≥LNYL▄мL▌L▌M█лLы▄LнM▄NMьм▄Lл≥Lл▄██лXьMMьL≤XнLкуTT■яQQп√KVPрUт⌠уврQпS▒т▒Q▒T▒S░яWп▓S▒S▒кRQт░UQу▒T▓Q▓QQ▌▌ьX▌LX▄L▌XXммNYXы█Y≤█▄ммLм█▄L≥▌▄XьлYXы█XммьмPуU▒WсPTуT≈у▄≈рSSQV▒п≈п▓S▒S▒влк█▄L▄██▀лмWс█WплL▄▄L█KNMкLM▌▌LлLYXы█X▌мм█▄ьLлммьMл█▌LNYY≥Y█▌MнN█▄▀█ьыMы▄ымлLXьлL█мь≥▄▄ньы▄Y▌N█л█м█≤▌≥Y▄ь█Xы≥≤ьYKуTT■яQQп√KVPрUт⌠уврQпS▒т▒Q▒T▒S░яWп▓S▒S▒кRQт░UQу▒T▓Q▓QQ▌▌ьX▌LX▄L▌XXммNYXы█Y≤█▄ммLм█▄L≥▌▄XьлYXы█XммьмPуU▒WсPTуT≈у▄≈рSSQV▒п≈п▓S▒S▒влк█▄L▄██клмWс█WплMK▄▌L▄▄K▄ьN≤█MXMMMн▄л≤≥▄MMMнM▌ль▄ы▄█ь▄▄N≤ммль≥≤M██мXXмк▌NLлYNLY≥YNXмы≥MLн≥█м▄XNLл≤LNM▄NX≥XY█XмXLмMл█ьYXMыY▀уTT■яQQп√KVPрUт⌠уврQпS▒т▒Q▒T▒S░яWп▓S▒S▒кRQт░UQу▒T▓Q▓QQ▌▌ьX▌LX▄L▌XXммNYXы█Y≤█▄ммLм█▄L≥▌▄XьлYXы█XммьмPуU▒WсPTуT≈у▄≈рSSQV▒п≈п▓S▒S▒влк█▄L▄█▌лмWс█Wпл▄▄л▀LM▀▄KыL≥LNм█≤Lллл▄YMMML█мX▌X≤X█LьNM▄M▄M≤YYьм≥▌LXлыMкь█▌≥Lм≤≥Y▄≤▄L█YMNLлы≤L▄MM≥█ьмLY≤≤▌≤≥Y≥LNMXL█M█м▌YXькуTT■яQQп√KVPрUт⌠уврQпS▒т▒Q▒T▒S░яWп▓S▒S▒кRQт░UQу▒T▓Q▓QQ▌▌ьX▌LX▄L▌XXммNYXы█Y≤█▄ммLм█▄L≥▌▄XьлYXы█XммьмPуU▒WсPTуT≈у▄≈рSSQV▒п≈п▓S▒S▒влк█▄L▄█▌KлмWс▄плKML▀MKMмNL▌X≥L▌M≤лNLыL≥≥▄ыMYNXмннYX▌Mьь█≤▄лL▄M█XYьYY≤N█Xкь≤м▌▌XыM≥LL▄NMыMYXм▌MLмьY≥MY≤YY█≤XL≤нX≤мX≥Mл█≤██▌KуTT■яQQп√KVPрUт⌠уврQпS▒т▒Q▒T▒S░яWп▓S▒S▒кRQт░UQу▒T▓Q▓QQ▌▌ьX▌LX▄L▌XXммNYXы█Y≤█▄ммLм█▄L≥▌▄XьлYXы█XммьмPуU▒WсPTуT≈у▄≈рSSQV▒п≈п▓S▒S▒влк█▄L▄█ллмWс▄плLMNLнKML▀▌ь≥N≤█льл█ьMYXL≥NNнX▄█NM≤≤л▄≤MY≤▄Mм█Lл▄мX▄ы▄мKXыXлX█л▌LьX▌нL█Y▄LлмL≥█ы≤нXьл▄M▄Nм█Y▌Lь██≤NM≤ы≥N█LM█KуTT■яQQп√KVPрUт⌠уврQпS▒т▒Q▒T▒S░яWп▓S▒S▒кRQт░UQу▒T▓Q▓QQ▌▌ьX▌LX▄L▌XXммNYXы█Y≤█▄ммLм█▄L≥▌▄XьлYXы█XммьмPуU▒WсPTуT≈у▄≈рSSQV▒п≈п▓S▒S▒влк█▄L▄█лKлмWс▄плMKM█KLм▀MMK≥LнMMы▌YX≤MNXXL▄▌ы█л≥Y█ыMXл▄XмыNYYXмLYXл≥▄YьлLм▄ы█Xлы▌NMм█▌Y≤X▄▄█ы▌MM█MNLY≥лY█YMMM≥▌▌мNуTT■яQQп√KVPрUт⌠уврQпS▒т▒Q▒T▒S░яWп▓S▒S▒кRQт░UQу▒T▓Q▓QQ▌▌ьX▌LX▄L▌XXммNYXы█Y≤█▄ммLм█▄L≥▌▄XьлYXы█XммьмPуU▒WсPTуT≈у▄≈рSSQV▒п≈п▓S▒S▒влк█▄L▄█л▀лмWс▄пл▄MлLлкMNKMыNML≤≥мMл▌MLY≥▄LLX≥XY≥█L≤MLLMM≤LLMы█L≤нM█L≤ььм≤м▀█LNLYмы≥≤▌Y≥L▄≥MYXлм▌Mь█X≤≥▌YL▌ыM█Y█YMллNLмXMм█ммы▀уTT■яQQп√KVPрUт⌠уврQпS▒т▒Q▒T▒S░яWп▓S▒S▒кRQт░UQу▒T▓Q▓QQ▌▌ьX▌LX▄L▌XXммNYXы█Y≤█▄ммLм█▄L≥▌▄XьлYXы█XммьмPуU▒WсPTуT≈у▄≈рSSQV▒п≈п▓S▒S▒влк█▄L▄█лклмWс▄пл█KMнLлM█K≥█ьм≥▌█LLм≤L≥YыыXьь▄LYN█NX▌X≥▌Y▄м▄XXXл≥≥NLM≤KN▄L█ьX█мYL▄YNM≥L≤▄MNLY▌ьN▄▄л≤▄█ль≥█L█▌██ы▄█LX≤▄▀уTT■яQQп√KVPрUт⌠уврQпS▒т▒Q▒T▒S░яWп▓S▒S▒кRQт░UQу▒T▓Q▓QQ▌▌ьX▌LX▄L▌XXммNYXы█Y≤█▄ммLм█▄L≥▌▄XьлYXы█XммьмPуU▒WсPTуT≈у▄≈рSSQV▒п≈п▓S▒S▒влк█▄L▄█млмWс▄пллNкL█кM▌M≤█лYXLM≤лM▄лл█NNY▄XнLыNYY≥█M▄▌NXл▄ль█льыMы≥█≤ы≤≤мььX▄K≥▄нXыY≥▄нNYY▄ыL▌LM≤≤▄Y█XMXMьлн▄█XN█▄▌Y▌Xл≤≥▄Y▌M█ыKуTT■яQQп√KVPрUт⌠уврQпS▒т▒Q▒T▒S░яWп▓S▒S▒кRQт░UQу▒T▓Q▓QQ▌▌ьX▌LX▄L▌XXммNYXы█Y≤█▄ммLм█▄L≥▌▄XьлYXы█XммьмPуU▒WсPTуT≈у▄≈рSSQV▒п≈п▓S▒S▒влк█▄L▄█мKлмWс▄плмKNKL▄кMл▀M█Y≤MY≤лм█≤NY▌X▄м▄█M██≤▄нMлMYNYM█▄≥L≥YXы█▄YX≥Mм█L≤м█LYммM≥▄▄YL▄NXм≥≤L▄м≥N█лLL█лмллMMы▄ыLL≤YNMX█ь█нNMXыMл▌KуTT■яQQп√KVPрUт⌠уврQпS▒т▒Q▒T▒S░яWп▓S▒S▒кRQт░UQу▒T▓Q▓QQ▌▌ьX▌LX▄L▌XXммNYXы█Y≤█▄ммLм█▄L≥▌▄XьлYXы█XммьмPуU▒WсPTуT≈у▄≈рSSQV▒п≈п▓S▒S▒влк█▄L▄█м▀лмWс▄плNMKL▄Mм▀Y█≤M▌MLL█NM▌X≥▌мы≥▌▌YлXX≥XLлн▌NLль▄нNXL▄▄L≥NMXм▄L▀█M█ьM█▌нLл█L▄лм▄ммл▌Lь≤ьмы≤лMмXл█н≥≥LьMYMл▌█л▌▀уTT■яQQп√KVPрUт⌠уврQпS▒т▒Q▒T▒S░яWп▓S▒S▒кRQт░UQу▒T▓Q▓QQ▌▌ьX▌LX▄L▌XXммNYXы█Y≤█▄ммLм█▄L≥▌▄XьлYXы█XммьмPуU▒WсPTуT≈у▄≈рSSQV▒п≈п▓S▒S▒влк█▄L▄█мклмWс▄плK▄KLMKMнK▄≥LXнMLLыLXYX▄▄▄Y≥NMлNY█л▄ьмNнлы≤L≤≤млы≤ь≤ыLыY▄л▀XY▄Mл≥▌Lы▄≤Mм▌≥NьььX▄лм≤мLн≤лььXьь▄█≤лMLм█XмLNNM▀уTT■яQQп√KVPрUт⌠уврQпS▒т▒Q▒T▒S░яWп▓S▒S▒кRQт░UQу▒T▓Q▓QQ▌▌ьX▌LX▄L▌XXммNYXы█Y≤█▄ммLм█▄L≥▌▄XьлYXы█XммьмPуU▒WсPTуT≈у▄≈рSSQV▒п≈п▓S▒S▒влк█▄L▄█нлмWс▄плL▄▀LL▀NкьYLXл≤▄N≥▌YYYмлнXYнLLь█≤≥NLY█≤█ыMмM▌L▄M▄ьMлLLн█н≤▌NMллььL≤ы≤M≥≤≤█ьNMLL▄LMXл≤█Yь█≥█▄Lмь▌N≤▄█MLл≥≥█куTT■яQQп√KVPрUт⌠уврQпS▒т▒Q▒T▒S░яWп▓S▒S▒кRQт░UQу▒T▓Q▓QQ▌▌ьX▌LX▄L▌XXммNYXы█Y≤█▄ммLм█▄L≥▌▄XьлYXы█XммьмPуU▒WсPTуT≈у▄≈рSSQV▒п≈п▓S▒S▒влк█▄L▄█нKлмWс▄плMK▄L▀L▀N▀▄█▄мL▄Y≥NX≥LMX≥█ьLY≥≥≤X≤ыXлMYNыY▄MMY▄мMл≥мл≥YNLNы▌YKM≤≥≤Nы█M≤█ы≥л▄ыXXMмXX≥LLьлнл▌Y█≥▌MлыLы▄MлмлLлYL▌▀уTT■яQQп√KVPрUт⌠уврQпS▒т▒Q▒T▒S░яWп▓S▒S▒кRQт░UQу▒T▓Q▓QQ▌▌ьX▌LX▄L▌XXммNYXы█Y≤█▄ммLм█▄L≥▌▄XьлYXы█XммьмPуU▒WсPTуT≈у▄≈рSSQV▒п≈п▓S▒S▒влк█▄L▄▌лмWс▄пл▄▄MкL▀NLMY≤YLM█M≥XмлMYL▄ьы▄Y≤≤лы▄≤X▄ьM≥X█мXY≤ыь≤мы█ьы▄MMKXлLльлNы█≤▄Y█LYMNLY█▄█Mм▄нMMлN▌XыMMMXYL▄ьыMMлмыLKуTT■яQQп√KVPрUт⌠уврQпS▒т▒Q▒T▒S░яWп▓S▒S▒кRQт░UQу▒T▓Q▓QQ▌▌ьX▌LX▄L▌XXммNYXы█Y≤█▄ммLм█▄L≥▌▄XьлYXы█XммьмPуU▒WсPTуT≈у▄≈рSSQV▒п≈п▓S▒S▒влк█▄L▄▌KлмWс▄пл█K▄█M▀NMл≥NLм≤мX≥YMMыLмнL█≥ллм≤M▄LьXм▄█ыXнXMыY≥▄нM█≥MNлY█≤▄≤▀ыLL▄▌M≤█MLл≥Y▌L≤лм≤NлнNMлM▄ы▌NNL≤NM█≤мм▌Xыы≥▌мXь≥уTT■яQQп√KVPрUт⌠уврQпS▒т▒Q▒T▒S░яWп▓S▒S▒кRQт░UQу▒T▓Q▓QQ▌▌ьX▌LX▄L▌XXммNYXы█Y≤█▄ммLм█▄L≥▌▄XьлYXы█XммьмPуU▒WсPTуT≈у▄≈рSSQV▒п≈п▓S▒S▒влк█▄L▄▌▀лмWсMWплKLнKL▌KLмKMнY≥лLм▄X▄Y≤ыLльл▄LлL≥M█мX▄Y≥M▄L≥M≥█≤LMнLMN▄лкNXLлL▄≥█ьNNYLн≤LX≤ы▄MXYьX≥≥≤лX▌█L≥█Mмны▌≤м▀уTT■яQQп√KVPрUт⌠уврQпS▒т▒Q▒T▒S░яWп▓S▒S▒кRQт░UQу▒T▓Q▓QQ▌▌ьX▌LX▄L▌XXммNYXы█Y≤█▄ммLм█▄L≥▌▄XьлYXы█XммьмPуU▒WсPTуT≈у▄≈рSSQV▒п≈п▓S▒S▒влк█▄L▄▌клмWсMWплLML█▀LнX▌MьNььX██Y▌Mьм█лYM≤мXNNXY█▄XNYL▄мMлNXN≥≤▄ь▄ыM▌M▌KNYYNLNY▄██Nм█лм█YLNM≥XнYм≥M█нNXлнLн≥Lь≥Lн█Y≥уTT■яQQп√KVPрUт⌠уврQпS▒т▒Q▒T▒S░яWп▓S▒S▒кRQт░UQу▒T▓Q▓QQ▌▌ьX▌LX▄L▌XXммNYXы█Y≤█▄ммLм█▄L≥▌▄XьлYXы█XммьмPуU▒WсPTуT≈у▄≈рSSQV▒п≈п▓S▒S▒влк█▄L▄▌лмWсMWплMKMLKL▄кM▀≥лN≥█≤LY≤Y█LмьнX▌Y≤ь█мNNNMY█MнммнMYL█YX≥MXы█M≥▀█ы█мLLльмXXY▄█мNYLMMнMXм≤YYYXXYM▄▄лл█▌YXNыLкуTT■яQQп√KVPрUт⌠уврQпS▒т▒Q▒T▒S░яWп▓S▒S▒кRQт░UQу▒T▓Q▓QQ▌▌ьX▌LX▄L▌XXммNYXы█Y≤█▄ммLм█▄L≥▌▄XьлYXы█XммьмPуU▒WсPTуT≈у▄≈рSSQV▒п≈п▓S▒S▒влк█▄L▄▌KлмWсMWпл▄MMкL▄KM▀▌Mм≤ьыN▄█ы█▌ьнLMMьь█лXы▄ььымлY≤▌м≤ы≤нY█≤≥█XнLY▀мын▄LL▄нM≤█лNYY█Lл█≤MY▄X≥лMLнLм█ьNнY▌NY▄л█Y█куTT■яQQп√KVPрUт⌠уврQпS▒т▒Q▒T▒S░яWп▓S▒S▒кRQт░UQу▒T▓Q▓QQ▌▌ьX▌LX▄L▌XXммNYXы█Y≤█▄ммLм█▄L≥▌▄XьлYXы█XммьмPуU▒WсPTуT≈у▄≈рSSQV▒п≈п▓S▒S▒влк█▄L▄▌▀лмWсMWпл█KM▄кLMкMLKьн▄нX█MMм▄█XмM▄ь≥≥▄Mы█X≤Nы▌YLлллY≤нMY▌L▄█л█▄нMMLK▄▄Y▄▄ы█LY█NL▄█л≥LXлLMл▄ьм▌X≤YY≤█N█≤нMXлыXNL≤≤▌Lнь≤▀уTT■яQQп√KVPрUт⌠уврQпS▒т▒Q▒T▒S░яWп▓S▒S▒кRQт░UQу▒T▓Q▓QQ▌▌ьX▌LX▄L▌XXммNYXы█Y≤█▄ммLм█▄L≥▌▄XьлYXы█XммьмPуU▒WсPTуT≈у▄≈рSSQV▒п≈п▓S▒S▒влк█▄L▄▌клмWсMWпллM▌KLMMMK≥XьXлYNXMь▌NY▄▌YLлY≤мл▄▄LмLл▄нX▄≤▄▄ь≥X██ыLм▌YNнXMKл▄X≥Xьн▌LY▌LмXь≥▄XX▄L▄XьXLXымнMY▌ыN≥L▄лLмыL≤нM▄н▄KуTT■яQQп√KVPрUт⌠уврQпS▒т▒Q▒T▒S░яWп▓S▒S▒кRQт░UQу▒T▓Q▓QQ▌▌ьX▌LX▄L▌XXммNYXы█Y≤█▄ммLм█▄L≥▌▄XьлYXы█XммьмPуU▒WсPTуT≈у▄≈рSSQV▒п≈п▓S▒S▒влк█▄L▄▌лмWсMWплмKMмKLLMNX≤л≤ьлLл▄▌XмY≥M█мM██≤█нNY█YLь▄▌M▌XыYX≥▄YX▌LY▄мLLYYMнL▌Y▌█лX▄≥█YьN▄N▄XXNM▌X≤X▄█MммY▌L▄LX▄█LмX≥Lы▄≤KуTT■яQQп√KVPрUт⌠уврQпS▒т▒Q▒T▒S░яWп▓S▒S▒кRQт░UQу▒T▓Q▓QQ▌▌ьX▌LX▄L▌XXммNYXы█Y≤█▄ммLм█▄L≥▌▄XьлYXы█XммьмPуU▒WсPTуT≈у▄≈рSSQV▒п≈п▓S▒S▒влк█▄L▄▌KлмWсMWплNL▀M▄▀▌Lл▄ыYL▄мL▌YLL▄м≤м█ьYNL▌M▄NY▌MMYMнмл▄█л▄XYMнYL█▄нLмь▌Lлы≥Y█ы≤Yм██XLь▄Lь██LыYMм▌YX≥█NMьы≥X▀уTT■яQQп√KVPрUт⌠уврQпS▒т▒Q▒T▒S░яWп▓S▒S▒кRQт░UQу▒T▓Q▓QQ▌▌ьX▌LX▄L▌XXммNYXы█Y≤█▄ммLм█▄L≥▌▄XьлYXы█XммьмPуU▒WсPTуT≈у▄≈рSSQV▒п≈п▓S▒S▒влк█▄L▄▌LлмWсMWплKNкL▀M█▀ыXY≥▄▄Xь▄л≥LYMXX▌XMм▄Mмыьь≤Mль≥≤м█MYл≤N██▄нмнKL█M≤Y█ы▄Lмы▄ь▌XLN≥MнL≥M≤лXX≤ь≥YMл▄M▄LNY≤▄≤█ы▄уTT■яQQп√KVPрUт⌠уврQпS▒т▒Q▒T▒S░яWп▓S▒S▒кRQт░UQу▒T▓Q▓QQ▌▌ьX▌LX▄L▌XXммNYXы█Y≤█▄ммLм█▄L≥▌▄XьлYXы█XммьмPуU▒WсPTуT≈у▄≈рSSQV▒п≈п▓S▒S▒влк█▄L▄▌LKлмWсMWплLNLKNM▌K█нXYыл▄≤LннLYXьY█ыXL≤▌M≤▄▌лL▌L≤млLл▌L█≥м≤▌Lы≥K≤M≥Mлм▄мYмыMX█Y≥XMлLмML█лнL▄ьXM≥нNL▄XL≥л█≥LL≥L▌X▄▌L▌KуTT■яQQп√KVPрUт⌠уврQпS▒т▒Q▒T▒S░яWп▓S▒S▒кRQт░UQу▒T▓Q▓QQ▌▌ьX▌LX▄L▌XXммNYXы█Y≤█▄ммLм█▄L≥▌▄XьлYXы█XммьмPуU▒WсPTуT≈у▄≈рSSQV▒п≈п▓S▒S▒влк█▄L▄▌L▀лмWсMWплMKNNL▀MлкN▌Mь≤██▄MлXXыNLY█ы≥≥██л▄≥▄▄L▄ыNм█ыLн▌MMнLYMьM▄Y▄≤MNY▄▄YMььмXN≤▌▌Xнмл≥█N▌▌N▄XмлмьXM≤LYNN≤ьы▀уTT■яQQп√KVPрUт⌠уврQпS▒т▒Q▒T▒S░яWп▓S▒S▒кRQт░UQу▒T▓Q▓QQ▌▌ьX▌LX▄L▌XXммNYXы█Y≤█▄ммLм█▄L≥▌▄XьлYXы█XммьмPуU▒WсPTуT≈у▄≈рSSQV▒п≈п▓S▒S▒влк█▄L▄▌LклмWсMWпл▄▄▀Mм▀N█YMXLN≥YY≤Lь█▄нL▄LLьл≤ыLлмY≤LYыь≥XMл▄█▄≤лMMXл█лкM▄лыLXML█нL█≥█лм▄ьл≤LL██YLMYN▄▌▄ы≥█≤Lл▌L█M▌уTT■яQQп√KVPрUт⌠уврQпS▒т▒Q▒T▒S░яWп▓S▒S▒кRQт░UQу▒T▓Q▓QQ▌▌ьX▌LX▄L▌XXммNYXы█Y≤█▄ммLм█▄L≥▌▄XьлYXы█XммьмPуU▒WсPTуT≈у▄≈рSSQV▒п≈п▓S▒S▒влк█▄L▄▌MлмWсMWпл█K▄KN▄≤ыYY≤MXьмLLX≤ыYYLлY▄▄NN█LмX≥█L▄мMлXN▌▌XыMYMыкMNXммMьL≤ыL██▌MыXм█ыMы≤л█LMXMм≤л≥MLXMYM▄ы≥≥≤YY≥█≤ьYXLуTT■яQQп√KVPрUт⌠уврQпS▒т▒Q▒T▒S░яWп▓S▒S▒кRQт░UQу▒T▓Q▓QQ▌▌ьX▌LX▄L▌XXммNYXы█Y≤█▄ммLм█▄L≥▌▄XьлYXы█XммьмPуU▒WсPTуT≈у▄≈рSSQV▒п≈п▓S▒S▒влк█▄L▄▌MKлмWсMWплл▄Lкм▀NK▄≤█нL▌мм█ь▄MMY▌лMыNY█LлYLлNLNL≤ы▄м≥LXM≥M▄Y≥≤█нXнNKмY≥YY▌XлNм▄≥█Mы▄▄м▄ыL▌XлмMLNL≤≤≥▌L≤▄▌MYXлXмMыN≤куTT■яQQп√KVPрUт⌠уврQпS▒т▒Q▒T▒S░яWп▓S▒S▒кRQт░UQу▒T▓Q▓QQ▌▌ьX▌LX▄L▌XXммNYXы█Y≤█▄ммLм█▄L≥▌▄XьлYXы█XммьмPуU▒WсPTуT≈у▄≈рSSQV▒п≈п▓S▒S▒влк█▄L▄▌M▀лмWсLплKL█кLMкL▄кмNL≥YMмXь▄≤▄█Y█ны▌Mллмь▄ынNM▄██≤▌X█нYX█ь≥MXMыM▀мXYLмнL█XьыL▄ыYXн≥█м≥LмыLLы≥L█M▌█ы█Y▄YнNYM▌MKуTT■яQQп√KVPрUт⌠уврQпS▒т▒Q▒T▒S░яWп▓S▒S▒кRQт░UQу▒T▓Q▓QQ▌▌ьX▌LX▄L▌XXммNYXы█Y≤█▄ммLм█▄L≥▌▄XьлYXы█XммьмPуU▒WсPTуT≈у▄≈рSSQV▒п≈п▓S▒S▒влк█▄L▄▌MклмWсLплLLлкLML█кYмнYX≤мм█≥X≤▌MMY▄ыXLN≥≥≤▌ML≤≥█M≥≤ыNL█XLY▄мLLь▄≥X≤≥▀MLлLMы≥▄≥▄Mл█XLлыL▌YLм▄▄Lь█▄лыY≥NYX≥▌YNMллнXь▄N≥ы≤MKуTT■яQQп√KVPрUт⌠уврQпS▒т▒Q▒T▒S░яWп▓S▒S▒кRQт░UQу▒T▓Q▓QQ▌▌ьX▌LX▄L▌XXммNYXы█Y≤█▄ммLм█▄L≥▌▄XьлYXы█XммьмPуU▒WсPTуT≈у▄≈рSSQV▒п≈п▓S▒S▒влк█▄L▄▌NлмWсLплMKLнKLLKLл≤█≥NMX█M█▌YлX▌YMMM≥NX≤≥█▄л▌X▄██мY██≥≥▄▌YMлLмX≥MNMк≤M≥█ь≥YXMы█MнLMNLMXллMлM█▄ыLы≤≤≥YMь▌LN▄≥█≥▄м█ьл█Lмл▀уTT■яQQп√KVPрUт⌠уврQпS▒т▒Q▒T▒S░яWп▓S▒S▒кRQт░UQу▒T▓Q▓QQ▌▌ьX▌LX▄L▌XXммNYXы█Y≤█▄ммLм█▄L≥▌▄XьлYXы█XммьмPуU▒WсPTуT≈у▄≈рSSQV▒п≈п▓S▒S▒влк█▄L▄▌NKлмWсLпл▄MKLLлкныX▌ыLYL▄▌MьXM█▄█л█мNYл▌YMMXыLXM≤ьMлYMNYY▌LMкYYXм≥█л≤лL█L█LY≥X▄LыMлльлLлль█YM▄≤≥▄█Nл▌≤ыь▄мLы≥KуTT■яQQп√KVPрUт⌠уврQпS▒т▒Q▒T▒S░яWп▓S▒S▒кRQт░UQу▒T▓Q▓QQ▌▌ьX▌LX▄L▌XXммNYXы█Y≤█▄ммLм█▄L≥▌▄XьлYXы█XммьмPуU▒WсPTуT≈у▄≈рSSQV▒п≈п▓S▒S▒влк█▄L▄ллмWсLпл█KMLKLKLнK█N█Y≥█лMLь≤≥≤MLYN█≥≥NNл▄LXлыNыNMыынYXьм▄нM▄▌≤кыNL█Lмм▄L▌LYYы█NLL▄≥MX≥≥L≤▌Y█M≥L█≥X██MMмLы≤млмькуTT■яQQп√KVPрUт⌠уврQпS▒т▒Q▒T▒S░яWп▓S▒S▒кRQт░UQу▒T▓Q▓QQ▌▌ьX▌LX▄L▌XXммNYXы█Y≤█▄ммLм█▄L≥▌▄XьлYXы█XммьмPуU▒WсPTуT≈у▄≈рSSQV▒п≈п▓S▒S▒влк█▄L▄лKлмWсLпллMM▀L▀M▀YмXнXYлы≤ььл▄ль≥Y≤лNM▄▌≥NLн█NXлMM▄н≥≥▄≥N▄MXмь≤л▀MLмMм≤▄ьыMML≤≤ыY▌LмX█YL▄мл≤LлXы▄LM▄LMM▄YXYXыLL▌KуTT■яQQп√KVPрUт⌠уврQпS▒т▒Q▒T▒S░яWп▓S▒S▒кRQт░UQу▒T▓Q▓QQ▌▌ьX▌LX▄L▌XXммNYXы█Y≤█▄ммLм█▄L≥▌▄XьлYXы█XммьмPуU▒WсPTуT≈у▄≈рSSQV▒п≈п▓S▒S▒влк█▄L▄л▀лмWсLплмKM▄▀NM▀▄лMYL▌м▌L▄LмXы≤ьмXM█л≥Y█ммлM█XL█LLнYNY▌≤≤YMYXмMыLLX█Y█ы≤▄Y≥█≥MMLл▄м█L█▄л█Y█нMN≥LыM█L█YL█мкуTT■яQQп√KVPрUт⌠уврQпS▒т▒Q▒T▒S░яWп▓S▒S▒кRQт░UQу▒T▓Q▓QQ▌▌ьX▌LX▄L▌XXммNYXы█Y≤█▄ммLм█▄L≥▌▄XьлYXы█XммьмPуU▒WсPTуT≈у▄≈рSSQV▒п≈п▓S▒S▒влк█▄L▄лклмWсLплM█кMMKNMM█MN≤мLM█▄ль≥▌≤н█XлLXыM≥▄▌≤█L≥ьY▌л█▄MN█ь▌LMл▀лNм█M▌▄LMыMмL█м▌M▄≤▄▌ь██NY≥MM≤лмMNXYыL▄ыLX█▄MKуTT■яQQп√KVPрUт⌠уврQпS▒т▒Q▒T▒S░яWп▓S▒S▒кRQт░UQу▒T▓Q▓QQ▌▌ьX▌LX▄L▌XXммNYXы█Y≤█▄ммLм█▄L≥▌▄XьлYXы█XммьмPуU▒WсPTуT≈у▄≈рSSQV▒п≈п▓S▒S▒влк█▄L▄ллмWсLплKMмLMLкNNMMMMмн█▌LмLMы▌лMыL█▄YYLL≤Y▄≤MMлмыM▌XлммNLXььнN▄▌MY▌мLмMн▌XYMмYNLы▌NYXм≤ь≥YNLNлMY▄XMыLлMыX≤LNкуTT■яQQп√KVPрUт⌠уврQпS▒т▒Q▒T▒S░яWп▓S▒S▒кRQт░UQу▒T▓Q▓QQ▌▌ьX▌LX▄L▌XXммNYXы█Y≤█▄ммLм█▄L≥▌▄XьлYXы█XммьмPуU▒WсPTуT≈у▄≈рSSQV▒п≈п▓S▒S▒влк█▄L▄лKлмWсLплLMнKMM▀YX≤нYымыXлLыMлX▌YM≤█≤X▌≥YьMмLLы▄нXY▌≥▌мY▄л▌MьNYMXKы▄█MXмNMмMLлл≤нMлнLMXм≥▄XNY▌XYM█Lы▌XY█м▄█ьY≥≥MыY≤▀уTT■яQQп√KVPрUт⌠уврQпS▒т▒Q▒T▒S░яWп▓S▒S▒кRQт░UQу▒T▓Q▓QQ▌▌ьX▌LX▄L▌XXммNYXы█Y≤█▄ммLм█▄L≥▌▄XьлYXы█XммьмPуU▒WсPTуT≈у▄≈рSSQV▒п≈п▓S▒S▒влк█▄L▄л▀лмWсLплMKNнKM▄≤█мLMыь▄X█ьMXMм▄M█ль≥▌L≥Lм≥LмMNLMмы█ьNнY▄XL█н≤ьнYMнKY≥L█LYX█≥NLXM▄ыYXNLX█ыXьNXы≥≤▄█лMмы▄▄ыьл≤л▌N▌L≥MYKуTT■яQQп√KVPрUт⌠уврQпS▒т▒Q▒T▒S░яWп▓S▒S▒кRQт░UQу▒T▓Q▓QQ▌▌ьX▌LX▄L▌XXммNYXы█Y≤█▄ммLм█▄L≥▌▄XьлYXы█XммьмPуU▒WсPTуT≈у▄≈рSSQV▒п≈п▓S▒S▒влк█▄L▄лклмWсLпл▄NKмKM▄клMлL█мNлмл≤ммX▄л≤MX▌▌M▄ннL≥▄LMыьNYLм█X≤ьMLM█ьKXLнN█нь█YYYLл≤LьммNNXMXYNXLыYMлXь█нNM▄мLль█L▄мкуTT■яQQп√KVPрUт⌠уврQпS▒т▒Q▒T▒S░яWп▓S▒S▒кRQт░UQу▒T▓Q▓QQ▌▌ьX▌LX▄L▌XXммNYXы█Y≤█▄ммLм█▄L≥▌▄XьлYXы█XммьмPуU▒WсPTуT≈у▄≈рSSQV▒п≈п▓S▒S▒влк█▄L▄ллмWсLпл█KNMK▌M▌лмь▌NNLYM█нL≥▄MLXL▄▄ы█м▄нL≤Y▄█X█NMMл≥YLMь≤Y█L≤Y≥YYX≤MнMыMMM██L▄L≤MлнYYY▄ьы▄▄LNMыLь███≥≤▄лYNLыNLXXXLLLуTT■яQQп√KVPрUт⌠уврQпS▒т▒Q▒T▒S░яWп▓S▒S▒кRQт░UQу▒T▓Q▓QQ▌▌ьX▌LX▄L▌XXммNYXы█Y≤█▄ммLм█▄L≥▌▄XьлYXы█XммьмPуU▒WсPTуT≈у▄≈рSSQV▒п≈п▓S▒S▒влк█▄L▄лKлмWсLпллNNK▄KMл▀▌XMьл≥ыMX≤▄нMыN▌█M▄YMYMнYY≥LLL≥█лL▄лM≤█▀Y≥ыY▄Xм█≤Nь█▄ь▄ньX█ь▄Y▄м█≤▄L≥≤л≥NM▄≥ьнNXXYM≥≤мNкуTT■яQQп√KVPрUт⌠уврQпS▒т▒Q▒T▒S░яWп▓S▒S▒кRQт░UQу▒T▓Q▓QQ▌▌ьX▌LX▄L▌XXммNYXы█Y≤█▄ммLм█▄L≥▌▄XьлYXы█XммьмPуU▒WсPTуT≈у▄≈рSSQV▒п≈п▓S▒S▒влк█▄L▄лLлмWсLплмK▄KL▀Mм▀▌YLы≥Y▄NXлM≥▄ыXMмнMнYYL▄M▄▄ьXмнYLLнY█лLL≤M█M≤≥M▀ыM≥L≥лY≥LL█YY▄NLыXM█▄MLL█лNлY▄ь█лX█нMMM▄YL≥M▌▌▄≥уTT■яQQп√KVPрUт⌠уврQпS▒т▒Q▒T▒S░яWп▓S▒S▒кRQт░UQу▒T▓Q▓QQ▌▌ьX▌LX▄L▌XXммNYXы█Y≤█▄ммLм█▄L≥▌▄XьлYXы█XммьмPуU▒WсPTуT≈у▄≈рSSQV▒п≈п▓S▒S▒влк█▄L▄лLKлмWсWплKLMLLLм▄XNMN█ыX≥м▌XLмм█Mмы▌Y█LыNNM▄≤MлNLXь▄LL█Y▄▄ы▄▄█к≤л█Lнл≥L▄л█M█ь▄ллн≥Y█нM▌Y▌MMм▄XX▄LмM≤L▄█LььыYKуTT■яQQп√KVPрUт⌠уврQпS▒т▒Q▒T▒S░яWп▓S▒S▒кRQт░UQу▒T▓Q▓QQ▌▌ьX▌LX▄L▌XXммNYXы█Y≤█▄ммLм█▄L≥▌▄XьлYXы█XммьмPуU▒WсPTуT≈у▄≈рSSQV▒п≈п▓S▒S▒влк█▄L▄лL▀лмWсWплLL▄L▀LMNXNLYMYMY▄≥Y≥█N≥MXьлLXY≤▌YLYнYX█MLLы≥█ь≥MмKYLл█Y█Mм██M▌LYM█M≤MNY≤лы▄м▄Y██L█≤▄█лLл≤Y▄≥▄NьXл≥уTT■яQQп√KVPрUт⌠уврQпS▒т▒Q▒T▒S░яWп▓S▒S▒кRQт░UQу▒T▓Q▓QQ▌▌ьX▌LX▄L▌XXммNYXы█Y≤█▄ммLм█▄L≥▌▄XьлYXы█XммьмPуU▒WсPTуT≈у▄≈рSSQV▒п≈п▓S▒S▒влк█▄L▄лLклмWсWплMKL█▀NLMкLMьлL█XнмMXл▌≥≥LыLL█MьнN█нLмлль▄ны▌NXмы▌≥н█≤NY▀мы≥█NN▄NMNLмь≥▌█лMY▄YM≥≤ллл≤█≥MYMXX▄лм≤мNNYL≥▄KуTT■яQQп√KVPрUт⌠уврQпS▒т▒Q▒T▒S░яWп▓S▒S▒кRQт░UQу▒T▓Q▓QQ▌▌ьX▌LX▄L▌XXммNYXы█Y≤█▄ммLм█▄L≥▌▄XьлYXы█XммьмPуU▒WсPTуT≈у▄≈рSSQV▒п≈п▓S▒S▒влк█▄L▄лMлмWсWпл▄LлKM▀L▄LLMьM≥▄ььX▄▄ьXXL██н▄M▌Y█≥█нл▄л≥█л≤ьX≥ььLLыXлYыYмXлXYMы▄≥MYN≤ыN█ьнXмNY█YX▌L≤MYм▄L▌YL▄MнXл▌LYY≥▌XNLмнуTT■яQQп√KVPрUт⌠уврQпS▒т▒Q▒T▒S░яWп▓S▒S▒кRQт░UQу▒T▓Q▓QQ▌▌ьX▌LX▄L▌XXммNYXы█Y≤█▄ммLм█▄L≥▌▄XьлYXы█XммьмPуU▒WсPTуT≈у▄≈рSSQV▒п≈п▓S▒S▒влк█▄L▄лMKлмWсWпл█KLмкL▀L█▀▄▄Y≤LL▄X≥█Lл▌нNL▌▄▄≥NLYXMNMM█M≤█▄ллNыNN≤MMMыXLK▌XнMLлм≥L≥LXMLл▄м▌MнL≤XMLLX≤мм█L≥≥N▄XыL▄MY▄▀уTT■яQQп√KVPрUт⌠уврQпS▒т▒Q▒T▒S░яWп▓S▒S▒кRQт░UQу▒T▓Q▓QQ▌▌ьX▌LX▄L▌XXммNYXы█Y≤█▄ммLм█▄L≥▌▄XьлYXы█XммьмPуU▒WсPTуT≈у▄≈рSSQV▒п≈п▓S▒S▒влк█▄L▄лM▀лмWсWпллM▀KL▌KX≤XMM▌LN≥Y▌мMмLлYMML▄M≤XмML≥YML≤ьььXл≤█XLMьXлYYL▀YьLM≥Y≤█ы▄M≤▄нм▄≥Y▄MнYM≥▄ы█нXLMLыыM█NMмыNлKуTT■яQQп√KVPрUт⌠уврQпS▒т▒Q▒T▒S░яWп▓S▒S▒кRQт░UQу▒T▓Q▓QQ▌▌ьX▌LX▄L▌XXммNYXы█Y≤█▄ммLм█▄L≥▌▄XьлYXы█XммьмPуU▒WсPTуT≈у▄≈рSSQV▒п≈п▓S▒S▒влк█▄L▄лMклмWсWплмKMKLл▀M▄ьNYYMьY▄ы█▄≥▌лмL█Y▄▄▄M≥≥ыL██нX▄ь▄▄≥LX≥▄нX≥M▌≥█≤XMьKM█л█ьы▄LMыYX▄LM▄LмMXLY▄лмлмLл≤м≥▄M▄≥≥мLX▄L▄мн█ыYYN▄уTT■яQQп√KVPрUт⌠уврQпS▒т▒Q▒T▒S░яWп▓S▒S▒кRQт░UQу▒T▓Q▓QQ▌▌ьX▌LX▄L▌XXммNYXы█Y≤█▄ммLм█▄L≥▌▄XьлYXы█XммьмPуU▒WсPTуT≈у▄≈рSSQV▒п≈п▓S▒S▒влк█▄L▄лNлмWсWплMLк▀Lм▀█≤M≥≤X▌█ы≥YLXнXмM▌▄M≤н≥█XL█ь≥≥▄мьX≥█MыM▄ьнMы█MKы▄NM▄YLн█≥█ыMMмыMнXL≤MM≥Xм▌LX≤█м▄MMл▄≤XYM≥YуTT■яQQп√KVPрUт⌠уврQпS▒т▒Q▒T▒S░яWп▓S▒S▒кRQт░UQу▒T▓Q▓QQ▌▌ьX▌LX▄L▌XXммNYXы█Y≤█▄ммLм█▄L≥▌▄XьлYXы█XммьмPуU▒WсPTуT≈у▄≈рSSQV▒п≈п▓S▒S▒влк█▄L▄лNKлмWсWплKMNKмкLнKмMNL≤█лл≥▌NYL▄L≤▄█L▄≤млммMлL▄м███ылы█ыMыNл≤ьL▄ьмNL▌MY≥NMYM█≤LьX█LY▄ML▄M▄█мYLл≥▄M█LX≥X▄≤XNL▄LY█мNL≥≥KуTT■яQQп√KVPрUт⌠уврQпS▒т▒Q▒T▒S░яWп▓S▒S▒кRQт░UQу▒T▓Q▓QQ▌▌ьX▌LX▄L▌XXммNYXы█Y≤█▄ммLм█▄L≥▌▄XьлYXы█XммьмPуU▒WсPTуT≈у▄≈рSSQV▒п≈п▓S▒S▒влк█▄L▄л▄лмWсWплLM█лкMклM█▌LY≥ммл█Y█▄MY≤█≤M█ы█▄≥ллLX▄NN▄≤MXнMлYMX≥MьмXL≥KLмXмY█L≤M█ьNMл▄Mм▄≥≤ьYLYX▌LмM▌Mы≥NY≥YY≤M▄Y≥LM▌L▄≤мYм▀уTT■яQQп√KVPрUт⌠уврQпS▒т▒Q▒T▒S░яWп▓S▒S▒кRQт░UQу▒T▓Q▓QQ▌▌ьX▌LX▄L▌XXммNYXы█Y≤█▄ммLм█▄L≥▌▄XьлYXы█XммьмPуU▒WсPTуT≈у▄≈рSSQV▒п≈п▓S▒S▒влк█▄L▄л▄KлмWсWплMKMл█▀Mклм▄ьль▄█MLY█MыM≤▄ьнN█ммь▄ь≥NXNY≤▌LN▄▄≥▄NY≥▄NYM▄YM▄▀▌MлY▌Y█M▄л≥LмM█▌MMмM≥XннMXмьы█≥▄LYY█NLNMLX≥MXкуTT■яQQп√KVPрUт⌠уврQпS▒т▒Q▒T▒S░яWп▓S▒S▒кRQт░UQу▒T▓Q▓QQ▌▌ьX▌LX▄L▌XXммNYXы█Y≤█▄ммLм█▄L≥▌▄XьлYXы█XммьмPуU▒WсPTуT≈у▄≈рSSQV▒п≈п▓S▒S▒влк█▄L▄л▄▀лмWсWпл▄Mм▄ML▌XмY██Mм≤Y≥█м▄▄YYл≥ML█L≥Y█л▄Xьм≥YY≤≥ыY█▄ь▌Y▌L≥≤MмXмк▌ь█X▄MыX▄Lлы≤█ь▄ыM▌YLмNLнN█M≤лн≥Xлл▄нL▌≥≥MMYLXNнуTT■яQQп√KVPрUт⌠уврQпS▒т▒Q▒T▒S░яWп▓S▒S▒кRQт░UQу▒T▓Q▓QQ▌▌ьX▌LX▄L▌XXммNYXы█Y≤█▄ммLм█▄L≥▌▄XьлYXы█XммьмPуU▒WсPTуT≈у▄≈рSSQV▒п≈п▓S▒S▒влк█▄L▄л▄клмWсWпл█KNL▀MLкLM█▌LX█Xь▄≤мNYNNMы▌L█≤л≤н≥▌▄ы≤LLMм≥н█Lл≥█Lл▄▌LY▀L█▄█≤█▄▌YXмыMYMлN▄мMXLь█M▌M▄ьнYьNLXнM█Xьлы▄≤▄ыMмYM▀уTT■яQQп√KVPрUт⌠уврQпS▒т▒Q▒T▒S░яWп▓S▒S▒кRQт░UQу▒T▓Q▓QQ▌▌ьX▌LX▄L▌XXммNYXы█Y≤█▄ммLм█▄L≥▌▄XьлYXы█XммьмPуU▒WсPTуT≈у▄≈рSSQV▒п≈п▓S▒S▒влк█▄L▄л█лмWсWпллNкMNY≤NLлXY▌MлLмм█X▄лмл▌M▄л≥▌XXM≤YLыYNLLл≥█X▄≤лм▌MькXL≥▄X≥ь≤YNM▄л▌Y█ьL▄ыX▄льLMNь▄NNмLXмL█мы█▌Y≥XX≥ьл▄YKуTT■яQQп√KVPрUт⌠уврQпS▒т▒Q▒T▒S░яWп▓S▒S▒кRQт░UQу▒T▓Q▓QQ▌▌ьX▌LX▄L▌XXммNYXы█Y≤█▄ммLм█▄L≥▌▄XьлYXы█XммьмPуU▒WсPTуT≈у▄≈рSSQV▒п≈п▓S▒S▒влк█▄L▄л█KлмWсWплмKNKлKM▄▀≤X▄█м█N█LL≤мM█ы≥MмN≤лLмYYYLмьы≤≤ыY≤нь≥M█≤л≤▌NMмнLYK▄█ы≤мY≥≤н▌ы▄нYYM▄LMY≥▄м▄лX██≥Y▄м▄M▄X≥M▄M≥≤ы▄▌LY▄KуTT■яQQп√KVPрUт⌠уврQпS▒т▒Q▒T▒S░яWп▓S▒S▒кRQт░UQу▒T▓Q▓QQ▌▌ьX▌LX▄L▌XXммNYXы█Y≤█▄ммLм█▄L≥▌▄XьлYXы█XммьмPуU▒WсPTуT≈у▄≈рSSQV▒п≈п▓S▒S▒влк█▄L▄л█▀лмWсплKLKL▀NLм≤ь█≤█▌Xммллм≤≥M▌ы≤█ьXX██ы▄ыLмMьLыM≥ьл≤≥ы≥█ыLXNX≥L▄нлNLMнM≤▄MьлMл≤лыL≤▄м▄нYX≥≤ыXн≥▌XNььь▄▄Lл≥XMуTT■яQQп√KVPрUт⌠уврQпS▒т▒Q▒T▒S░яWп▓S▒S▒кRQт░UQу▒T▓Q▓QQ▌▌ьX▌LX▄L▌XXммNYXы█Y≤█▄ммLм█▄L≥▌▄XьлYXы█XммьмPуU▒WсPTуT≈у▄≈рSSQV▒п≈п▓S▒S▒влк█▄L▄л█клмWсплLLкLLKL▄Xы█L≥▄≤▄нL▌мнYмLлNMмы▌▄нLьM▄л█мX▌M██ь≤≥Xь█M▄XьыN█л▄Lы█▄≤ь█M≤млXLMY≤ммMYM≥▌Lь█N▄MYMьмXлы▄█нLллYYLнуTT■яQQп√KVPрUт⌠уврQпS▒т▒Q▒T▒S░яWп▓S▒S▒кRQт░UQу▒T▓Q▓QQ▌▌ьX▌LX▄L▌XXммNYXы█Y≤█▄ммLм█▄L≥▌▄XьлYXы█XммьмPуU▒WсPTуT≈у▄≈рSSQV▒п≈п▓S▒S▒влк█▄L▄л▌лмWсплMKLLк▀LY█X≥L≤L█XыMлмMXMм≥LнNNYN██млы▄X█LMьы▄X█MлмM██л▄█M▀Lь▄мьLMXмLMY≥YMYX█м≤м▌NXXXыLMMыLMыXL≥N≤≤ы▄≥LLьмькуTT■яQQп√KVPрUт⌠уврQпS▒т▒Q▒T▒S░яWп▓S▒S▒кRQт░UQу▒T▓Q▓QQ▌▌ьX▌LX▄L▌XXммNYXы█Y≤█▄ммLм█▄L≥▌▄XьлYXы█XммьмPуU▒WсPTуT≈у▄≈рSSQV▒п≈п▓S▒S▒влк█▄L▄л▌KлмWспл▄LNкL▄м≥≥▄█▌L≥NY▄▄▌≤LXY▌X≤≥█≤NXыM█≤▄MьMмлY▄льмь█M≥▀▄XXLллY≥▌NNXM▌MлMXьыLLымм≥L≤≤█▄≤X█LM▌MNLьL▄Y≤LKуTT■яQQп√KVPрUт⌠уврQпS▒т▒Q▒T▒S░яWп▓S▒S▒кRQт░UQу▒T▓Q▓QQ▌▌ьX▌LX▄L▌XXммNYXы█Y≤█▄ммLм█▄L≥▌▄XьлYXы█XммьмPуU▒WсPTуT≈у▄≈рSSQV▒п≈п▓S▒S▒влк█▄L▄лллмWспл█KL█LLкь≤ыMмXNX≤XMNM≥▌YNNL≤▄YмY▄ль≤Y█≥ы▄X█ыY≥XыX≥Y▄ныLкь▄≤лYM≥█ыM█Xл▄Y▌NLLьY▌ьыYY≤█≥ь▄NLY▄≥Yы█нNL█л▄≥куTT■яQQп√KVPрUт⌠уврQпS▒т▒Q▒T▒S░яWп▓S▒S▒кRQт░UQу▒T▓Q▓QQ▌▌ьX▌LX▄L▌XXммNYXы█Y≤█▄ммLм█▄L≥▌▄XьлYXы█XммьмPуU▒WсPTуT≈у▄≈рSSQV▒п≈п▓S▒S▒влк█▄L▄ллKлмWспллL▌KмкLM▀л≥M▌M≤л▄≤▄м≤лм▄XXыLл≥≤ы≥XLмьXLLьY≥ы≥≥≤≤нYM▄▄л▀▄█▌X█≤л█Lмьмл▄ь▄≤нлYMлыL█≤≤л▄Lм█X█LммY≥L≤L█L▄л▌L▄KуTT■яQQп√KVPрUт⌠уврQпS▒т▒Q▒T▒S░яWп▓S▒S▒кRQт░UQу▒T▓Q▓QQ▌▌ьX▌LX▄L▌XXммNYXы█Y≤█▄ммLм█▄L≥▌▄XьлYXы█XммьмPуU▒WсPTуT≈у▄≈рSSQV▒п≈п▓S▒S▒влк█▄L▄лл▀лмWсплмKLмKлкL▄▌мь▄█ьм≥ммL≤M▄Yны▌XмX≤ь█≥л▌L▄NL≤ьM≤█ьыLMк█Y≥мLX≤н█л≤█ы██▌YNMY█лы≤≤MLнLмыL▄Mь▌YY█≥█нLY▄YYYLYY█LKуTT■яQQп√KVPрUт⌠уврQпS▒т▒Q▒T▒S░яWп▓S▒S▒кRQт░UQу▒T▓Q▓QQ▌▌ьX▌LX▄L▌XXммNYXы█Y≤█▄ммLм█▄L≥▌▄XьлYXы█XммьмPуU▒WсPTуT≈у▄≈рSSQV▒п≈п▓S▒S▒влк█▄L▄ллклмWсплM▌KL▄кыыMXлл≤█≥█M≤MX≥▄ы█L≤ы≥нLM≤ы▄≥ныXX█ьыM█▄≥нXNм▀XLY▄лмNYммMYYM██XN▄ынXXыYL▄NLь▄█льMы█ы≤█лмMмM██ллYKуTT■яQQп√KVPрUт⌠уврQпS▒т▒Q▒T▒S░яWп▓S▒S▒кRQт░UQу▒T▓Q▓QQ▌▌ьX▌LX▄L▌XXммNYXы█Y≤█▄ммLм█▄L≥▌▄XьлYXы█XммьмPуU▒WсPTуT≈у▄≈рSSQV▒п≈п▓S▒S▒влк█▄L▄лмлмWсплKMK▄кL█▀▄▄L≥X≤≥≤л≤▄LYX▄▄нYьX▄≥▄ньм≥Yлл≥YL≤лXLмлны≤▌LMMнM≥≥N≥лNMьыYX▄MLныMX≤L≤мLьыXмMьл≥≥≤ныLMYNX≤█ыLMммыL≥уTT■яQQп√KVPрUт⌠уврQпS▒т▒Q▒T▒S░яWп▓S▒S▒кRQт░UQу▒T▓Q▓QQ▌▌ьX▌LX▄L▌XXммNYXы█Y≤█▄ммLм█▄L≥▌▄XьлYXы█XммьмPуU▒WсPTуT≈у▄≈рSSQV▒п≈п▓S▒S▒влк█▄L▄лмKлмWсплLMKNL▌KлXлM▌▄Y█▄▄ML≤Xмнл≥≤▄M▄лы█ьм≥█≥MLл≤LмXьY██лNM█M▌LKлль▄MмлY█≤Lллль█лнмY██▄Xь≥M█≤нMYLLNмLML█▌LM≥NM▀уTT■яQQп√KVPрUт⌠уврQпS▒т▒Q▒T▒S░яWп▓S▒S▒кRQт░UQу▒T▓Q▓QQ▌▌ьX▌LX▄L▌XXммNYXы█Y≤█▄ммLм█▄L≥▌▄XьлYXы█XммьмPуU▒WсPTуT≈у▄≈рSSQV▒п≈п▓S▒S▒влк█▄L▄лм▀лмWсплMKMMKL▀Lлк▄л≥XXл≤≤мл≤M≥л▄нXы≥ыN▌YLьLN▌L█≤ы█Lы▄млл≤▄≤ь≤≥▄ь▄Kы≤L▄нM▄мMнл▌█нYX▄██LM█Y≥NыM≤NMMYX▄L█≤▄мLXмыNY≤луTT■яQQп√KVPрUт⌠уврQпS▒т▒Q▒T▒S░яWп▓S▒S▒кRQт░UQу▒T▓Q▓QQ▌▌ьX▌LX▄L▌XXммNYXы█Y≤█▄ммLм█▄L≥▌▄XьлYXы█XммьмPуU▒WсPTуT≈у▄≈рSSQV▒п≈п▓S▒S▒влк█▄L▄лмклмWспл▄M▄▀Lмклм≤≤▄≤≥MLXмьм≤Y▄≥YлMы≥▌X▄нм≤ы▌MMн▄≤льMY≥L▄Y█LллL≥▄▄MLM≥YYY█≥≤▌X█нY█л▄█LNмMм▄▌LLL█MYMьь▌LM≤лX█муTT■яQQп√KVPрUт⌠уврQпS▒т▒Q▒T▒S░яWп▓S▒S▒кRQт░UQу▒T▓Q▓QQ▌▌ьX▌LX▄L▌XXммNYXы█Y≤█▄ммLм█▄L≥▌▄XьлYXы█XммьмPуU▒WсPTуT≈у▄≈рSSQV▒п≈п▓S▒S▒влк█▄L▄лнлмWспл█KM█Kм▀M█N▌M█X≥NMYYYь▄▌NYY▄Mьл▌Y█▄ыMьMыMыM▄X≤MXMльNNLы█ML≤█▀≤▄Y▌M≤LYм≥▌лN▌X█LNM≥NNмXXXл▄≥≤▄▄▄≥≤льл█нмNM▄LмлM▄L█LуTT■яQQп√KVPрUт⌠уврQпS▒т▒Q▒T▒S░яWп▓S▒S▒кRQт░UQу▒T▓Q▓QQ▌▌ьX▌LX▄L▌XXммNYXы█Y≤█▄ммLм█▄L≥▌▄XьлYXы█XммьмPуU▒WсPTуT≈у▄≈рSSQV▒п≈п▓S▒S▒влк█▄L▄лнKлмWспллM▌K█KMKл≥LL≥Nль≤L▄≤ыXLмL█▌█м█нY≥MлY≥NLLX▄▌L▄█ыYXXы▌█н▄▄K≤█Y≥MмYL≥≤≥лнM▄ь≥≥ML█▌ы≥Y▄нM█LыYNNMм▄YMXьнKуTT■яQQп√KVPрUт⌠уврQпS▒т▒Q▒T▒S░яWп▓S▒S▒кRQт░UQу▒T▓Q▓QQ▌▌ьX▌LX▄L▌XXммNYXы█Y≤█▄ммLм█▄L≥▌▄XьлYXы█XммьмPуU▒WсPTуT≈у▄≈рSSQV▒п≈п▓S▒S▒влк█▄L▄млмWсплмKMмM▌ML▄M██LLь≤лмнм≤м▄мMM█мьл≥L≥L██мNMы▄XY▌█▄л█≥≥MMY▌Mы≥≤▄ь▄██MMLмYLLNX▄NыLмYMLь▄LьXLXLNYкуTT■яQQп√KVPрUт⌠уврQпS▒т▒Q▒T▒S░яWп▓S▒S▒кRQт░UQу▒T▓Q▓QQ▌▌ьX▌LX▄L▌XXммNYXы█Y≤█▄ммLм█▄L≥▌▄XьлYXы█XммьмPуU▒WсPTуT≈у▄≈рSSQV▒п≈п▓S▒S▒влк█▄L▄мKлмWсмWплKKнKKNXL≤≥≤YY▌XM█≤█мл▌YM█M≤лL≥█≤≤≥LMXNLX≥л▌Lь≤≤ьлMмлL▄YYнY▌MX▌Y█NYNXнMыLл≤≤мYY█ыMM██M≥≤NьмлLлMXXмKуTT■яQQп√KVPрUт⌠уврQпS▒т▒Q▒T▒S░яWп▓S▒S▒кRQт░UQу▒T▓Q▓QQ▌▌ьX▌LX▄L▌XXммNYXы█Y≤█▄ммLм█▄L≥▌▄XьлYXы█XммьмPуU▒WсPTуT≈у▄≈рSSQV▒п≈п▓S▒S▒влк█▄L▄м▀лмWсмWплLMмкK▄LNNNY▄ь▌XьNьмN█MYLыXлL▄▄≥L█N▄M≤▌NMY▄нNLыNM≥нX≥мкXXьLNнMьLX▄мYN▌X▄█ыXмL≤ы▌Mы≥█Xм▄YXл▄ь▄XлыXMLмл≤≥уTT■яQQп√KVPрUт⌠уврQпS▒т▒Q▒T▒S░яWп▓S▒S▒кRQт░UQу▒T▓Q▓QQ▌▌ьX▌LX▄L▌XXммNYXы█Y≤█▄ммLм█▄L≥▌▄XьлYXы█XммьмPуU▒WсPTуT≈у▄≈рSSQV▒п≈п▓S▒S▒влк█▄L▄мклмWсмWплMKLмL▀MM▄м▄≥≥Y█≤≥Lьл▌Y█NMнMX▄YYMм▄XMы≥LыMYL▄м≥≥Lьм▌Y▄л█▌▌≤ы≥XммN█NLььY▌M≥≤мNнX█нм≥YLлL█L█MMм▌Mы▄YKуTT■яQQп√KVPрUт⌠уврQпS▒т▒Q▒T▒S░яWп▓S▒S▒кRQт░UQу▒T▓Q▓QQ▌▌ьX▌LX▄L▌XXммNYXы█Y≤█▄ммLм█▄L≥▌▄XьлYXы█XммьмPуU▒WсPTуT≈у▄≈рSSQV▒п≈п▓S▒S▒влк█▄L▄млмWсмWпл▄LKлKMKMXNL█н▄лYM█MY≤≥NYл≥█X▄мыXллн≤ыLьы█лы▌MLMл▄л█мм≤лY▀м≤LXмMыXLмлм▄NM█≤ль██≤≤YMXMXYXM≥X▌X▄≤▄MлNYM█л≤KуTT■яQQп√KVPрUт⌠уврQпS▒т▒Q▒T▒S░яWп▓S▒S▒кRQт░UQу▒T▓Q▓QQ▌▌ьX▌LX▄L▌XXммNYXы█Y≤█▄ммLм█▄L≥▌▄XьлYXы█XммьмPуU▒WсPTуT≈у▄≈рSSQV▒п≈п▓S▒S▒влк█▄L▄мKлмWсмWпл█KLLK▌LK≤ы█M≤≥▌Xь▌MM≥≤лл█≥X▌LL█▄мллы≥MлNLмнYYL▌L▌Xл≤▄YLкLл█мNымл≥Mы≥M≤XммYMMыXлXL█LыXY▌NXX█ь≥ь▄≤YNXмYкуTT■яQQп√KVPрUт⌠уврQпS▒т▒Q▒T▒S░яWп▓S▒S▒кRQт░UQу▒T▓Q▓QQ▌▌ьX▌LX▄L▌XXммNYXы█Y≤█▄ммLм█▄L≥▌▄XьлYXы█XммьмPуU▒WсPTуT≈у▄≈рSSQV▒п≈п▓S▒S▒влк█▄L▄м▀лмWсмWпллLMK█KLкмXм▄≤≥MлN▄Y≥NXMLлYNLMм≥LX▌YXл≤YX▄лл▄▌XыLьнNьLMXK≥≤мY▌MNY≥N≥≤MXL≤лм▄л▄мL≥NL≥ьLлнMLы▌Y▄█▄мY▄XлX≥нXY▌KуTT■яQQп√KVPрUт⌠уврQпS▒т▒Q▒T▒S░яWп▓S▒S▒кRQт░UQу▒T▓Q▓QQ▌▌ьX▌LX▄L▌XXммNYXы█Y≤█▄ммLм█▄L≥▌▄XьлYXы█XммьмPуU▒WсPTуT≈у▄≈рSSQV▒п≈п▓S▒S▒влк█▄L▄мклмWсмWплмKL▄K▄Lк▄лмMьыMы≤█NNLXнMн≥L≥█YXM≤ьYLXл≥≥L≥LXYLLмлNм█≥X≥кY▄ыыNLL≤█ь█NXллы≤ьы≤█ьXы≥XNXнNL≥м█L≤≤ьNNльллNлы≥▄мKуTT■яQQп√KVPрUт⌠уврQпS▒т▒Q▒T▒S░яWп▓S▒S▒кRQт░UQу▒T▓Q▓QQ▌▌ьX▌LX▄L▌XXммNYXы█Y≤█▄ммLм█▄L≥▌▄XьлYXы█XммьмPуU▒WсPTуT≈у▄≈рSSQV▒п≈п▓S▒S▒влк█▄L▄млмWсмWплL█▀M▀LLлн▌XYMY▌M▄▌Y≤▄ыX█≥█ь█мм▄█N█≤▄ь≤LыXы≤≤мXYX█ымлыYьм≤мLYы▌NNLNьL≥▌MLььм█M▄мXNл█NLLлX≤≤XымYуTT■яQQп√KVPрUт⌠уврQпS▒т▒Q▒T▒S░яWп▓S▒S▒кRQт░UQу▒T▓Q▓QQ▌▌ьX▌LX▄L▌XXммNYXы█Y≤█▄ммLм█▄L≥▌▄XьлYXы█XммьмPуU▒WсPTуT≈у▄≈рSSQV▒п≈п▓S▒S▒влк█▄L▄мKлмWсмWплKLлKLLLкьнLY≤X█▄ыN█XYлнMYL≤лмыY▄ыNXллL▄Xл≥LYNLMлXX▄Nы≤▀≤≤█▄LY▄м▄▌▌≥≤N≥≤█LLл≤мнX≥LLлнMмм▌YLмыл▌L≤≤▄л▄▄уTT■яQQп√KVPрUт⌠уврQпS▒т▒Q▒T▒S░яWп▓S▒S▒кRQт░UQу▒T▓Q▓QQ▌▌ьX▌LX▄L▌XXммNYXы█Y≤█▄ммLм█▄L≥▌▄XьлYXы█XммьмPуU▒WсPTуT≈у▄≈рSSQV▒п≈п▓S▒S▒влк█▄L▄мLлмWсмWплLLм▀KLMкльL▄≥█MлLыX▄ы▄ыMM█Y█ммX≥Xь▄ыLXYY█мMLьLLXNY≤▄≥≤≤XMKLM▄█≤YL▄Y▄█YYY≤≤мNLьNY≤нMы▄LьM≥MлLXLы█≥X≥YYXнLмY▀уTT■яQQп√KVPрUт⌠уврQпS▒т▒Q▒T▒S░яWп▓S▒S▒кRQт░UQу▒T▓Q▓QQ▌▌ьX▌LX▄L▌XXммNYXы█Y≤█▄ммLм█▄L≥▌▄XьлYXы█XммьмPуU▒WсPTуT≈у▄≈рSSQV▒п≈п▓S▒S▒влк█▄L▄мLKлмWсмWплMKMKнL▄≤L▄M▄▄▌L≥XьNLы▌Lы≤ммнXXLмNNY≥XXлNXлнь≥Y██ллMннM▌Kммл▄XMыMн▄LNXYXM≥▄ыXY≤ыYM▄MнX≥X≥ы█мLл█N≥≥Nмыл█куTT■яQQп√KVPрUт⌠уврQпS▒т▒Q▒T▒S░яWп▓S▒S▒кRQт░UQу▒T▓Q▓QQ▌▌ьX▌LX▄L▌XXммNYXы█Y≤█▄ммLм█▄L≥▌▄XьлYXы█XммьмPуU▒WсPTуT≈у▄≈рSSQV▒п≈п▓S▒S▒влк█▄L▄мL▀лмWсмWпл▄M▀▌KL█мMмNMMлллLLлY▌LX▄LлNYNLьмXнM≥≤NYXXMLXXн█лмL≤л≤≥KL≤л▌LL▄NX≤Y▄▌L▌L█м≥Lл≤▌X▌ыY█≤≥█ьыLмь≥≥█л≥≥ыYнKуTT■яQQп√KVPрUт⌠уврQпS▒т▒Q▒T▒S░яWп▓S▒S▒кRQт░UQу▒T▓Q▓QQ▌▌ьX▌LX▄L▌XXммNYXы█Y≤█▄ммLм█▄L≥▌▄XьлYXы█XммьмPуU▒WсPTуT≈у▄≈рSSQV▒п≈п▓S▒S▒влк█▄L▄мLклмWсмWпл█KMLKML█кмMьм▄ыьYX▌MM█XыLYX▄LLNMMы▌XмY▌XL█YMыLXMьл≤≥█лM█ы≤█▌█Y≥≥▄Y≤нл█л≥≤мм█Mм█≥█MмXXнY≥≥л█м█LMьLыLнLX▀уTT■яQQп√KVPрUт⌠уврQпS▒т▒Q▒T▒S░яWп▓S▒S▒кRQт░UQу▒T▓Q▓QQ▌▌ьX▌LX▄L▌XXммNYXы█Y≤█▄ммLм█▄L≥▌▄XьлYXы█XммьмPуU▒WсPTуT≈у▄≈рSSQV▒п≈п▓S▒S▒влк█▄L▄мMлмWсмWпллMMKLл▀≥л▌NNXмX▌л≤ь≥NM≤YXYLмн≤ьY██X▌YLLы≥Mл≥▄Y██≥Y≥YNN▄▌X≤LYлмь▌NNXXьM▄≤мXXMMY≤млL≥≥M▄л▄▄ьлYMнм≥≥NуTT■яQQп√KVPрUт⌠уврQпS▒т▒Q▒T▒S░яWп▓S▒S▒кRQт░UQу▒T▓Q▓QQ▌▌ьX▌LX▄L▌XXммNYXы█Y≤█▄ммLм█▄L≥▌▄XьлYXы█XммьмPуU▒WсPTуT≈у▄≈рSSQV▒п≈п▓S▒S▒влк█▄L▄мMKлмWсмWплмKM▄LмKN█LY≥NX█LMXь▄L≥▄лXьX≥YNL▄≤≤н▄≥L≥≥XььY≤л▄ыLмMмKыLLX▄ыьммNл▄▄л≤▌YLы≤лLм≤ь≤MY█≤YMMьY█▌м▄LY≤Lм▀уTT■яQQп√KVPрUт⌠уврQпS▒т▒Q▒T▒S░яWп▓S▒S▒кRQт░UQу▒T▓Q▓QQ▌▌ьX▌LX▄L▌XXммNYXы█Y≤█▄ммLм█▄L≥▌▄XьлYXы█XммьмPуU▒WсPTуT≈у▄≈рSSQV▒п≈п▓S▒S▒влк█▄L▄мM▀лмWслплKн▌м≥MYLLY▌LмLнMM█≤≥NM█ьNX≥▄▄≥NыY▌MлYл▄L▄м≤LLльмL▄X≤мXлLKыNYNNXь▄лLMлLN≥YLь▌Mы≥M▄нMм≥YNNM▄мLLX≥≤≥XьMм▄█▄KуTT■яQQп√KVPрUт⌠уврQпS▒т▒Q▒T▒S░яWп▓S▒S▒кRQт░UQу▒T▓Q▓QQ▌▌ьX▌LX▄L▌XXммNYXы█Y≤█▄ммLм█▄L≥▌▄XьлYXы█XммьмPуU▒WсPTуT≈у▄≈рSSQV▒п≈п▓S▒S▒влк█▄L▄мMклмWслплLк█▀ныL≥L▄нMMммY█LMлYL≤M█ьXм≥X▄▄м▌▄мLXны█MXMXм▄лLY█X█≥▀MLь▄MMXл▄MXлл≤▄▄Lм▄л≥L█XX▌ыNLылнMьмыXлл█≥X▌XыYY≥LYKуTT■яQQп√KVPрUт⌠уврQпS▒т▒Q▒T▒S░яWп▓S▒S▒кRQт░UQу▒T▓Q▓QQ▌▌ьX▌LX▄L▌XXммNYXы█Y≤█▄ммLм█▄L≥▌▄XьлYXы█XммьмPуU▒WсPTуT≈у▄≈рSSQV▒п≈п▓S▒S▒влк█▄L▄мNлмWслплMKK█K▌M█≥█XMмьL█Xмы█▄NLXнL▄█▄л≥≥XNY▄Xы█≤LLLмы≤Xы▄MM█NNM█M≤NML█▄≥MMл█MNM≥LLLYX▄▌Mьн▄≤ь█M≥MымL≥YYLM≤≤Xн▄мN█лкуTT■яQQп√KVPрUт⌠уврQпS▒т▒Q▒T▒S░яWп▓S▒S▒кRQт░UQу▒T▓Q▓QQ▌▌ьX▌LX▄L▌XXммNYXы█Y≤█▄ммLм█▄L≥▌▄XьлYXы█XммьмPуU▒WсPTуT≈у▄≈рSSQV▒п≈п▓S▒S▒влк█▄L▄мNKлмWслпл▄Lк▄XX▄ьыMM▄нXMXYLX▄X▌█▄ы≤≤█мнY▄Nм▌ы≤м≤л▄▄M▄LLыLмMMкмLNLM≤льX▌YL≥█≥MыLм▄▌X▌Yь███мY█L≤≤ыL≥≥лY≤ьXнMнXMкуTT■яQQп√KVPрUт⌠уврQпS▒т▒Q▒T▒S░яWп▓S▒S▒кRQт░UQу▒T▓Q▓QQ▌▌ьX▌LX▄L▌XXммNYXы█Y≤█▄ммLм█▄L≥▌▄XьлYXы█XммьмPуU▒WсPTуT≈у▄≈рSSQV▒п≈п▓S▒S▒влк█▄L▄м▄лмWслпл█KNKMкKLMмXYмX▌MX▌LM██LL▌Y≤XXлXM≥LмY≤▄ьYYN▄ьLLм█лNX▌▌▄ылкл▄MYMнлX█MLнL▄нM≤л▄ыYXы▄ьыXM▄лмMнXнXMы≥█▄≥▄ьX≥MLL▀уTT■яQQп√KVPрUт⌠уврQпS▒т▒Q▒T▒S░яWп▓S▒S▒кRQт░UQу▒T▓Q▓QQ▌▌ьX▌LX▄L▌XXммNYXы█Y≤█▄ммLм█▄L≥▌▄XьлYXы█XммьмPуU▒WсPTуT≈у▄≈рSSQV▒п≈п▓S▒S▒влк█▄L▄м▄KлмWслпллLкLкL▀NXы≥≤лм▄XнLL≤≥▄█ммML▄▄≥▄мLY▌█л≤L≤▄ьмыLYX▄ллXм█MXьлM▄LкY▄LнLMYY≤XьXмNьм≤Y≤м▌ьM▄█MльM▄██Xлл█XьY≥Lм▄█Y≥▄нMKуTT■яQQп√KVPрUт⌠уврQпS▒т▒Q▒T▒S░яWп▓S▒S▒кRQт░UQу▒T▓Q▓QQ▌▌ьX▌LX▄L▌XXммNYXы█Y≤█▄ммLм█▄L≥▌▄XьлYXы█XммьмPуU▒WсPTуT≈у▄≈рSSQV▒п≈п▓S▒S▒влк█▄L▄м▄▀лмWслплмKLKKMKXлNMыXXь≤≤NMLMыXы≥▄XNM█нь≤NX█▄≤NMьY▄нXY▄ы≥▄X≤≤K≥M█▄X▌X▄▌Y≥MML▄льNYм≤█м▌Y≥▄ьY≥л█ы▄X≥≤█MнNXLлM▄▄ыьмуTT■яQQп√KVPрUт⌠уврQпS▒т▒Q▒T▒S░яWп▓S▒S▒кRQт░UQу▒T▓Q▓QQ▌▌ьX▌LX▄L▌XXммNYXы█Y≤█▄ммLм█▄L≥▌▄XьлYXы█XммьмPуU▒WсPTуT≈у▄≈рSSQV▒п≈п▓S▒S▒влк█▄L▄м▄клмWслплLLкKNKмл▄█ьLX█ыыLьYMMX█N▄█LыYлмL▄X▄мMY≥нN▌Y≥лкXм▄L≤млL≥≥▄█мыл▄NLYY▄Lм▄нMь█нл≤ьь█▄лыYX█NM█▄≥█м▄лKуTT■яQQп√KVPрUт⌠уврQпS▒т▒Q▒T▒S░яWп▓S▒S▒кRQт░UQу▒T▓Q▓QQ▌▌ьX▌LX▄L▌XXммNYXы█Y≤█▄ммLм█▄L≥▌▄XьлYXы█XммьмPуU▒WсPTуT≈у▄≈рSSQV▒п≈п▓S▒S▒влк█▄L▄м█лмWслплKLNKнL▀мнL▄ы█▌Lль≥▄ыYNLXMY▌мьмY▌▄XнNMYнLL▌YMNL▄LL≤≥▄Kлм▌лы█мьыXXнмX≤LьY█YLлLм▄MыM▄ьYX▄≥≥▄Mм≥MMмLNLMY▄Mы█XKуTT■яQQп√KVPрUт⌠уврQпS▒т▒Q▒T▒S░яWп▓S▒S▒кRQт░UQу▒T▓Q▓QQ▌▌ьX▌LX▄L▌XXммNYXы█Y≤█▄ммLм█▄L≥▌▄XьлYXы█XммьмPуU▒WсPTуT≈у▄≈рSSQV▒п≈п▓S▒S▒влк█▄L▄м█KлмWслплLL▄кл▀LKNнNX▄▌Xь█Lы≥█мYY█Y█ы▌YY≤L█ьXьыNXLьY█л≥YMYL≥▄кL≥▄ьL▄██NMLX█ыM█Y≥▄ыNYX▄█XM▄XX≤▌X▄Yн█мL█MYYMьXKуTT■яQQп√KVPрUт⌠уврQпS▒т▒Q▒T▒S░яWп▓S▒S▒кRQт░UQу▒T▓Q▓QQ▌▌ьX▌LX▄L▌XXммNYXы█Y≤█▄ммLм█▄L≥▌▄XьлYXы█XммьмPуU▒WсPTуT≈у▄≈рSSQV▒п≈п▓S▒S▒влк█▄L▄м█▀лмWслплMKL▌▄KLL█мLл▄нM≥▄M≥≥MмM▄ы≥▄н≤ьMььY≥≤XXMY▌▄≥Y▄█▌XY▀нM▄█XNL▄MNM≥≤█M▄≤YNNX▄▌Mм█M≥Y≤ь▄≥M▄XLьLYнX█н▄▄▌м▌M▄M█KуTT■яQQп√KVPрUт⌠уврQпS▒т▒Q▒T▒S░яWп▓S▒S▒кRQт░UQу▒T▓Q▓QQ▌▌ьX▌LX▄L▌XXммNYXы█Y≤█▄ммLм█▄L≥▌▄XьлYXы█XммьмPуU▒WсPTуT≈у▄≈рSSQV▒п≈п▓S▒S▒влк█▄L▄м█клмWслпл▄Lл▀LLKY≥≤≥ы≥LYMлльлы▄Y█≤█Y▌≤ыMM≥X▄ыMNMN▄LыN▌LXлы≤YMNY≥ы≥YL≤XY▌X█л█L▄м≤LыY█Xл▌▄XXXл≥нNMMьMьLL≤▌м▄Y█ьKуTT■яQQп√KVPрUт⌠уврQпS▒т▒Q▒T▒S░яWп▓S▒S▒кRQт░UQу▒T▓Q▓QQ▌▌ьX▌LX▄L▌XXммNYXы█Y≤█▄ммLм█▄L≥▌▄XьлYXы█XммьмPуU▒WсPTуT≈у▄≈рSSQV▒п≈п▓S▒S▒влк█▄L▄м▌лмWслпл█KLмкLMKл█▄L▄мL█н≥NLYYьMмXMYY▄≤≥YьыM≤▄ььмXM▄нYLMMXLLYьY▄Y▌X█ьлLнYYYNмл≤MLнNL≥MX≥L█▌L≥MлмM▄LмY≤L≤▌Mьл≥Lьы▀уTT■яQQп√KVPрUт⌠уврQпS▒т▒Q▒T▒S░яWп▓S▒S▒кRQт░UQу▒T▓Q▓QQ▌▌ьX▌LX▄L▌XXммNYXы█Y≤█▄ммLм█▄L≥▌▄XьлYXы█XммьмPуU▒WсPTуT≈у▄≈рSSQV▒п≈п▓S▒S▒влк█▄L▄м▌KлмWслпллMKLNK█Y▌Nы▌MY▄лY▄XYX█N▌м▄▄LYXьYMн▄нNY▄ыXY██м▄XM≥MлKL≤▌YYM▄ь▄█нY██▄MльнLYLLлX▄X█MXнY▌X▄л▌M██N▄█LLY≤м█LмKуTT■яQQп√KVPрUт⌠уврQпS▒т▒Q▒T▒S░яWп▓S▒S▒кRQт░UQу▒T▓Q▓QQ▌▌ьX▌LX▄L▌XXммNYXы█Y≤█▄ммLм█▄L≥▌▄XьлYXы█XммьмPуU▒WсPTуT≈у▄≈рSSQV▒п≈п▓S▒S▒влк█▄L▄мллмWс█WплK█▀Mк▄▀л█≤MXX▄█ьл≥Mм██Y≤ыXMMMмь≤Lы█≥Y█▌L≤▄ыLXY≥L≥█ыN▄ь≥ыMMк█▌MLы▄NLMYы▌Lл▄X≥▄▄YL≤м▄█▄LмL≥▄NXыMMмм█LьмLлуTT■яQQп√KVPрUт⌠уврQпS▒т▒Q▒T▒S░яWп▓S▒S▒кRQт░UQу▒T▓Q▓QQ▌▌ьX▌LX▄L▌XXммNYXы█Y≤█▄ммLм█▄L≥▌▄XьлYXы█XммьмPуU▒WсPTуT≈у▄≈рSSQV▒п≈п▓S▒S▒влк█▄L▄млKлмWс█WплLлKMK█▀█ыXLлM▄NLLн▄██лыXMY≤▌≤Lы█YMLмMл█Mл▌YьныNNN≤XLыкYLы≥MMX█ь▌YXьL≤ььXыY▄лLY≥XLыXнM≥▄лY▄█MммMл█ььLм▌█Mлы≥LXXKуTT■яQQп√KVPрUт⌠уврQпS▒т▒Q▒T▒S░яWп▓S▒S▒кRQт░UQу▒T▓Q▓QQ▌▌ьX▌LX▄L▌XXммNYXы█Y≤█▄ммLм█▄L≥▌▄XьлYXы█XммьмPуU▒WсPTуT≈у▄≈рSSQV▒п≈п▓S▒S▒влк█▄L▄мл▀лмWс█WплMKмкL▀▌Kмь≤MY≥≤≥██≤≤ы█MMнMMлMы▄MY█лL█▄MлX▌▄L≤лм≤Lь█K▄NMлNыY█ммьXыMM≤▄YMллLль≤N▄ьXML█≥M▄XлыLл▌XлL█н▀уTT■яQQп√KVPрUт⌠уврQпS▒т▒Q▒T▒S░яWп▓S▒S▒кRQт░UQу▒T▓Q▓QQ▌▌ьX▌LX▄L▌XXммNYXы█Y≤█▄ммLм█▄L≥▌▄XьлYXы█XммьмPуU▒WсPTуT≈у▄≈рSSQV▒п≈п▓S▒S▒влк█▄L▄млклмWс█Wпл▄KKл▀█≤▄м≥█Xм█YXLNLMYLньл█ьL▄≥M██м█▄YXLLмлMь≥LMX▌XMл≥XL≤кнNM≤YX█ы█MMYXь▌NXьыYLL▄≤YMYX██MYM≥нY≤м██▄≥NKуTT■яQQп√KVPрUт⌠уврQпS▒т▒Q▒T▒S░яWп▓S▒S▒кRQт░UQу▒T▓Q▓QQ▌▌ьX▌LX▄L▌XXммNYXы█Y≤█▄ммLм█▄L≥▌▄XьлYXы█XммьмPуU▒WсPTуT≈у▄≈рSSQV▒п≈п▓S▒S▒влк█▄L▄ммлмWс█Wпл█KкKмкьл█▌нX▄█YYLмXнXь█ьлXLLY≥MY█▄мX▄м▄XNLM█▄▄▌XькьL▌MMX▌≥XXMммнMнл≥NMMXмM▄ьMы▄LLьMMы█▌Y≥Y≤NYL██л█уTT■яQQп√KVPрUт⌠уврQпS▒т▒Q▒T▒S░яWп▓S▒S▒кRQт░UQу▒T▓Q▓QQ▌▌ьX▌LX▄L▌XXммNYXы█Y≤█▄ммLм█▄L≥▌▄XьлYXы█XммьмPуU▒WсPTуT≈у▄≈рSSQV▒п≈п▓S▒S▒влк█▄L▄ммKлмWс█WпллLK▀NLMN▌≥≥ML▄нLYMлLмL≥NNNнM▄M≥L▄Mь▄N▌≤YYMYK≤LлLммLлы█L≤MYL█ы▌█лнYXлXлMьм█▌YLMыM≤Yм≥н≤L≥▄▀уTT■яQQп√KVPрUт⌠уврQпS▒т▒Q▒T▒S░яWп▓S▒S▒кRQт░UQу▒T▓Q▓QQ▌▌ьX▌LX▄L▌XXммNYXы█Y≤█▄ммLм█▄L≥▌▄XьлYXы█XммьмPуU▒WсPTуT≈у▄≈рSSQV▒п≈п▓S▒S▒влк█▄L▄мм▀лмWс█WплмKM▀м▀кYXLLM▌NX≤ыLNLY█YM▄л▄█≥Y█XXXL▌YM▌NY█YNмXмL▄█L█YL≤MMм██▀YLLнXNLмLмьY▄NM▄▄Xлл≥▄ньыNX≤MMы▄мM≤л▄м▄лы▄MлLм▀уTT■яQQп√KVPрUт⌠уврQпS▒т▒Q▒T▒S░яWп▓S▒S▒кRQт░UQу▒T▓Q▓QQ▌▌ьX▌LX▄L▌XXммNYXы█Y≤█▄ммLм█▄L≥▌▄XьлYXы█XммьмPуU▒WсPTуT≈у▄≈рSSQV▒п≈п▓S▒S▒влк█▄L▄ммклмWс█WплLл▀▀█NX▄▄NLллыыNY≤Y≥MY≤ь≤ы≤N≤L█≥NMM▄ь≥≤лX█MллYXмLьлльы▀▄ньX≥XY≥▄Lь≤LлLXMLM▄▌YMMMMNLм█лYMы▄нX≥▄LмMлMLы≥л▄ыMуTT■яQQп√KVPрUт⌠уврQпS▒т▒Q▒T▒S░яWп▓S▒S▒кRQт░UQу▒T▓Q▓QQ▌▌ьX▌LX▄L▌XXммNYXы█Y≤█▄ммLм█▄L≥▌▄XьлYXы█XммьмPуU▒WсPTуT≈у▄≈рSSQV▒п≈п▓S▒S▒влк█▄L▄мнлмWс█WплKLK█K≥▄█▄X≤лLLM≤█▄█YMыMNX≤нMы≥▄L▌ммлL≥█▄м≥▄н≤нM≥м≥≤LлькYL█л≥█XLы▄Y▄█льNLыLXыыXNXмML█≥≥MY█нXыMлN▄ы▄лKуTT■яQQп√KVPрUт⌠уврQпS▒т▒Q▒T▒S░яWп▓S▒S▒кRQт░UQу▒T▓Q▓QQ▌▌ьX▌LX▄L▌XXммNYXы█Y≤█▄ммLм█▄L≥▌▄XьлYXы█XммьмPуU▒WсPTуT≈у▄≈рSSQV▒п≈п▓S▒S▒влк█▄L▄мнKлмWс█WплLLKM▀L▀XM≤лMXыL≤N█мы▄M█▄▌л≤ьLмм≥≤ьMX▄ыYN█≤Y▄L▄ь▌▄Y▄≥MLлмьN≤YMXLл▌X█≥NYMMлнLм█▌ыM▄л▄XNM≥Lь▄лLл▄мьмы≥ML≥Lнь▄≥M≥L▄KуTT■яQQп√KVPрUт⌠уврQпS▒т▒Q▒T▒S░яWп▓S▒S▒кRQт░UQу▒T▓Q▓QQ▌▌ьX▌LX▄L▌XXммNYXы█Y≤█▄ммLм█▄L≥▌▄XьлYXы█XммьмPуU▒WсPTуT≈у▄≈рSSQV▒п≈п▓S▒S▒влк█▄L▄нлмWс█WплMKLMMK█м█LNY▄XLн≥▄мыLM▌ыььMMьXммл▄█≥L▌мь≥NYYXь≤ыMьммклн█мMLыY≥ьYXMыMLньл▄нN█M≥MXыL▌M▄MY▄█NLLLыMNYMкуTT■яQQп√KVPрUт⌠уврQпS▒т▒Q▒T▒S░яWп▓S▒S▒кRQт░UQу▒T▓Q▓QQ▌▌ьX▌LX▄L▌XXммNYXы█Y≤█▄ммLм█▄L≥▌▄XьлYXы█XммьмPуU▒WсPTуT≈у▄≈рSSQV▒п≈п▓S▒S▒влк█▄L▄нKлмWс█Wпл▄LNNKым█≤мьYL≤▌Lль▄▄м≥X▌X▄XM▌L▌M≤ь≥млY≤▄█X▌M▄ы▄м≥NLLмк▄▄ьм≥█LнMьнL█▄лMьлыM█XмлмL▄Y≤XMь█YMMMл≥▄≤ыLм▄L▀уTT■яQQп√KVPрUт⌠уврQпS▒т▒Q▒T▒S░яWп▓S▒S▒кRQт░UQу▒T▓Q▓QQ▌▌ьX▌LX▄L▌XXммNYXы█Y≤█▄ммLм█▄L≥▌▄XьлYXы█XммьмPуU▒WсPTуT≈у▄≈рSSQV▒п≈п▓S▒S▒влк█▄L▄н▀лмWс▄плKMK▀L▀NLYM▄X█≥▄ьMNLлмX▄ь≤≥≥XLл≤▄ынMNMLмNM▄≤≤Lл▄█ыXNьMMNMм█≤≤XмM≥≤█N▄≥≤≤YN██нNX≤≤нLX▄мл▄NLмXл█Y█Y≤≤Mы▄≥▌NL▀уTT■яQQп√KVPрUт⌠уврQпS▒т▒Q▒T▒S░яWп▓S▒S▒кRQт░UQу▒T▓Q▓QQ▌▌ьX▌LX▄L▌XXммNYXы█Y≤█▄ммLм█▄L≥▌▄XьлYXы█XммьмPуU▒WсPTуT≈у▄≈рSSQV▒п≈п▓S▒S▒влк█▄L▄нклмWс▄плL▄MKXл▌X≤▄█▄▄▄Y≤██Y█▄▌L≤нMXм█ьLNM≥YMнMLX▄▄Y▌LььLь≥≤N█M▄л≥█≥█YNLM▄лмыMNьXY≥▄XL≤≤▌MьLNXX▌LныMмXь▌LьMY▀уTT■яQQп√KVPрUт⌠уврQпS▒т▒Q▒T▒S░яWп▓S▒S▒кRQт░UQу▒T▓Q▓QQ▌▌ьX▌LX▄L▌XXммNYXы█Y≤█▄ммLм█▄L≥▌▄XьлYXы█XммьмPуU▒WсPTуT≈у▄≈рSSQV▒п≈п▓S▒S▒влк█▄L▄нлмWс▄плMK█KKNM▄ьмYYX█MнM▌LY█NXYMьNY█ь≥Lьм█XMLL▌YY█Lмы▌L▄ы▄≤▄KыLл▄▄LлLмнX█мыMX≥млYM▄ьMлM▄NN█▄мM≥YN▄▌▄лLм▄нY≤LкуTT■яQQп√KVPрUт⌠уврQпS▒т▒Q▒T▒S░яWп▓S▒S▒кRQт░UQу▒T▓Q▓QQ▌▌ьX▌LX▄L▌XXммNYXы█Y≤█▄ммLм█▄L≥▌▄XьлYXы█XммьмPуU▒WсPTуT≈у▄≈рSSQV▒п≈п▓S▒S▒влк█▄L▄нKлмWс▄пл▄▌Kн▄ьл▌█≤▄XььNLLNM▄▌≤█мXXMмL▄ьM≥██≤▄NXL▄LNNMлYXьк█XY█Xы█▌нM≥█▌Mы▌LLы█≥Y▄ыLнLл▌ынLлY▄N█▄≤≤Mы█Lм▀уTT■яQQп√KVPрUт⌠уврQпS▒т▒Q▒T▒S░яWп▓S▒S▒кRQт░UQу▒T▓Q▓QQ▌▌ьX▌LX▄L▌XXммNYXы█Y≤█▄ммLм█▄L≥▌▄XьлYXы█XммьмPуU▒WсPTуT≈у▄≈рSSQV▒п≈п▓S▒S▒влк█▄L▄н▀лмWс▄пл█Kмм█KM≤█▌X▌L█LM█Xм▄ь≤ьмNYыYьмL≤≤LыMM█N≤X≤▄█л≤NыL█≥▄Lы▄мLX≤NKLлXл▄мыLLлM▄XнNMь≤ы▄≥XL≤льMь▄нлMMыYXNLX≥YY█▄█NLыL█мXLкуTT■яQQп√KVPрUт⌠уврQпS▒т▒Q▒T▒S░яWп▓S▒S▒кRQт░UQу▒T▓Q▓QQ▌▌ьX▌LX▄L▌XXммNYXы█Y≤█▄ммLм█▄L≥▌▄XьлYXы█XммьмPуU▒WсPTуT≈у▄≈рSSQV▒п≈п▓S▒S▒влк█▄L▄нклмWс▄пллнл▌M▌M▄Mь█н≤▄л█ььXм█▌лXм█ьYXы≥█▄YXьыY▄мMYNXмNXXмкMY█ьм▄YX▄Nл≤XыLы▄N█▄ыMMны≥Y≥▌NMнYNM███M█XьNMкуTT■яQQп√KVPрUт⌠уврQпS▒т▒Q▒T▒S░яWп▓S▒S▒кRQт░UQу▒T▓Q▓QQ▌▌ьX▌LX▄L▌XXммNYXы█Y≤█▄ммLм█▄L≥▌▄XьлYXы█XммьмPуU▒WсPTуT≈у▄≈рSSQV▒п≈п▓S▒S▒влк█▄L▄нлмWс▄плмK█KлKь█лLYNXлNлMы▄█ыLY▄ьXMYлыXX≥≥ыLLыLMMX≥█X▄≤MM▄≤м≤ML▀ы▄▄м≤нXьы≤Mлн█лNL█LXLMY█≤ML█л██≤лNL≤л≤≥L██▌LNMмNMXл▀уTT■яQQп√KVPрUт⌠уврQпS▒т▒Q▒T▒S░яWп▓S▒S▒кRQт░UQу▒T▓Q▓QQ▌▌ьX▌LX▄L▌XXммNYXы█Y≤█▄ммLм█▄L≥▌▄XьлYXы█XммьмPуU▒WсPTуT≈у▄≈рSSQV▒п≈п▓S▒S▒влк█▄L▄нKлмWс▄плкNмNMYM▄ьLLY▄▄▌мM▄≥L▄Lм█≥YXLьL█LьLыMм█≥≥LLыX█Lм≤M▀NX▄NY≤≤л≤≥ьл█ыL≥Xл▌LM▄LX≤▄▄▌LмLь≤XY█▄ь≤нMль█≤л≥L▀уTT■яQQп√KVPрUт⌠уврQпS▒т▒Q▒T▒S░яWп▓S▒S▒кRQт░UQу▒T▓Q▓QQ▌▌ьX▌LX▄L▌XXммNYXы█Y≤█▄ммLм█▄L≥▌▄XьлYXы█XммьмPуU▒WсPTуT≈у▄≈рSSQV▒п≈п▓S▒S▒влк█▄L▄нLлмWс▄плKL▀▀мкл█≥LY≤≥▌▄мMмMLл█≥Xы≤█ь▄MлM▄X▌≥▄LмNм≤ь≤L≤▄▄лMY▌█MM▀≥█лMмMXXлLMм≤█▄X≤млX≤XY≤█ылм▄ыM≤лYYMN█▄▌X▄XXл█≥LMKуTT■яQQп√KVPрUт⌠уврQпS▒т▒Q▒T▒S░яWп▓S▒S▒кRQт░UQу▒T▓Q▓QQ▌▌ьX▌LX▄L▌XXммNYXы█Y≤█▄ммLм█▄L≥▌▄XьлYXы█XммьмPуU▒WсPTуT≈у▄≈рSSQV▒п≈п▓S▒S▒влк█▄L▄нLKлмWс▄плLM▀M▌≥▌Lм≥LмьYYLмM≤мллM█Y▄≥▄н≥LMнMы≤ьнYLY█NXнYNNMыXKьYLл█MYM█мL█LNXMNммыьLLм█нXлMYL≥≥▄X▄≥YMNXмкуTT■яQQп√KVPрUт⌠уврQпS▒т▒Q▒T▒S░яWп▓S▒S▒кRQт░UQу▒T▓Q▓QQ▌▌ьX▌LX▄L▌XXммNYXы█Y≤█▄ммLм█▄L≥▌▄XьлYXы█XммьмPуU▒WсPTуT≈у▄≈рSSQV▒п≈п▓S▒S▒влк█▄L▄нL▀лмWсMWплKкмK≥Lл██L≥M▄L▌ьлX≤L≥Xыы▄▄M≥▄м▌YMY≤NLллMьMммNL█L≤▄LMлмKNN█лнLX▄MMмьXL▄NNLX▌NыX▌лX▄M▄≥▌M█ьL▌м≥█▌MNM██ьMYXкуTT■яQQп√KVPрUт⌠уврQпS▒т▒Q▒T▒S░яWп▓S▒S▒кRQт░UQу▒T▓Q▓QQ▌▌ьX▌LX▄L▌XXммNYXы█Y≤█▄ммLм█▄L≥▌▄XьлYXы█XммьмPуU▒WсPTуT≈у▄≈рSSQV▒п≈п▓S▒S▒влк█▄L▄нLклмWсMWплLлккYMLMLXммм≤≥ньлYL█≥YыML▄м▄лXмыXY█MYM█ьн≤NXL≥▌Lм▀мнMмYXл≥Y▌Xы≤мнLMMY≤ыYYYл≥█нMLNY██≤▄▄M█MLнXLY█мXLыKуTT■яQQп√KVPрUт⌠уврQпS▒т▒Q▒T▒S░яWп▓S▒S▒кRQт░UQу▒T▓Q▓QQ▌▌ьX▌LX▄L▌XXммNYXы█Y≤█▄ммLм█▄L≥▌▄XьлYXы█XммьмPуU▒WсPTуT≈у▄≈рSSQV▒п≈п▓S▒S▒влк█▄L▄нMлмWсMWплMKLк▌K▀м█X█XL▄NL▄ьNML≤Lь█LлNX▄ьлLMммьммY██MылMM▄мXл█▌Xл▄Xы█кль▌Mл█MNM▄л≤л≥▄Lьмь▄Mл█ллнN≤≥▌≤≤▌Xл█лYMNллYкуTT■яQQп√KVPрUт⌠уврQпS▒т▒Q▒T▒S░яWп▓S▒S▒кRQт░UQу▒T▓Q▓QQ▌▌ьX▌LX▄L▌XXммNYXы█Y≤█▄ммLм█▄L≥▌▄XьлYXы█XммьмPуU▒WсPTуT≈у▄≈рSSQV▒п≈п▓S▒S▒влк█▄L▄нMKлмWсMWпл▄N█кK≥M≥▌NM≥≥▄M≥X≤L≥XM█лY▄ь██л▄≥MYXнY█▌м█X▄█Lл≤██ы≥M≤▄XьXXKXXыLL≤ььыYLMML█LLь≥MX█л▌M█≤ыьмLY█ь≥█L≤L≥Lым▄лM█NKуTT■яQQп√KVPрUт⌠уврQпS▒т▒Q▒T▒S░яWп▓S▒S▒кRQт░UQу▒T▓Q▓QQ▌▌ьX▌LX▄L▌XXммNYXы█Y≤█▄ммLм█▄L≥▌▄XьлYXы█XммьмPуU▒WсPTуT≈у▄≈рSSQV▒п≈п▓S▒S▒влк█▄L▄нM▀лмWсMWпл█K▄K▄▀Lк≥▄ьMн▌Y≥≤LM≤≤нXXь▄нм▄YLм≥█XмYXылмLмьыLлM█ьNYXYм≤▄мX≤ькNX▄NYM≥█▌л▄ьм▄Y≤ыMы≤мNX≤MLLь≤лMь█NL█ы▌NY█M▄≥уTT■яQQп√KVPрUт⌠уврQпS▒т▒Q▒T▒S░яWп▓S▒S▒кRQт░UQу▒T▓Q▓QQ▌▌ьX▌LX▄L▌XXммNYXы█Y≤█▄ммLм█▄L≥▌▄XьлYXы█XммьмPуU▒WсPTуT≈у▄≈рSSQV▒п≈п▓S▒S▒влк█▄L▄нMклмWсMWплл█▀NM▀█XльM▌Mм≤MYXыM≥YLMMмMY≥█MMXмLMLY≤Nы▌NY≥≤ыM▄ыMл█нX▄KNXы≤ы▄L▄мL▄YNY≤мYLMмль≤▄л█лX▌MLмLNM█ы▌YMYLуTT■яQQп√KVPрUт⌠уврQпS▒т▒Q▒T▒S░яWп▓S▒S▒кRQт░UQу▒T▓Q▓QQ▌▌ьX▌LX▄L▌XXммNYXы█Y≤█▄ммLм█▄L≥▌▄XьлYXы█XммьмPуU▒WсPTуT≈у▄≈рSSQV▒п≈п▓S▒S▒влк█▄L▄нNлмWсMWплмKлLNKммNыMLMMн█≤LYYMNNы≤▄нX█MMлX▄≤MYY≥Y≥YM█▄M█Lь▀XYY██NYYY█≤мльнлмYл▌Mььы█NLNLл▌≥█▄≤м▄≤мKуTT■яQQп√KVPрUт⌠уврQпS▒т▒Q▒T▒S░яWп▓S▒S▒кRQт░UQу▒T▓Q▓QQ▌▌ьX▌LX▄L▌XXммNYXы█Y≤█▄ммLм█▄L≥▌▄XьлYXы█XммьмPуU▒WсPTуT≈у▄≈рSSQV▒п≈п▓S▒S▒влк█▄L▄нNKлмWсMWплмк▄▀н▄лмл≤M▌LXнMXь≤м≤LмM≥ь≤ы≥м▄Mм≤█л▄нXыMмLMXь▄NM▀Y▄≤ыXнXXм▌NмYXмL█л≥XMлMMNммX≤≤█MYYLLнLL█▌≤≥LMY▀уTT■яQQп√KVPрUт⌠уврQпS▒т▒Q▒T▒S░яWп▓S▒S▒кRQт░UQу▒T▓Q▓QQ▌▌ьX▌LX▄L▌XXммNYXы█Y≤█▄ммLм█▄L≥▌▄XьлYXы█XммьмPуU▒WсPTуT≈у▄≈рSSQV▒п≈п▓S▒S▒влк█▄L█лмWсLплKлк█KлXM▌LMмммY≥▄LмX▌л▄лMYм█ыYYM≥▄Y≥XмNLм▄▄≤≥YMнL█▀Lлн≤нLXY≥XMн≤▄ь≤≥ыY≤лл▄≥LXл≥≥L▌▄≥Y▄XYMы▄≤м▄█ьMYьы≤≥▀уTT■яQQп√KVPрUт⌠уврQпS▒т▒Q▒T▒S░яWп▓S▒S▒кRQт░UQу▒T▓Q▓QQ▌▌ьX▌LX▄L▌XXммNYXы█Y≤█▄ммLм█▄L≥▌▄XьлYXы█XммьмPуU▒WсPTуT≈у▄≈рSSQV▒п≈п▓S▒S▒влк█▄L█KлмWсLплLн▄клкMY█мXX▄N█л≤л≤мMл▄█л█▌≤Lл█X█Mн▄█M█▄Mь▄Mы≤MKM▌▄Lлы█MныMьмLXMн▄N≤л≤ыM≥≤Nы≤≤≤L▄м█ы█лмLь≤LMKуTT■яQQп√KVPрUт⌠уврQпS▒т▒Q▒T▒S░яWп▓S▒S▒кRQт░UQу▒T▓Q▓QQ▌▌ьX▌LX▄L▌XXммNYXы█Y≤█▄ммLм█▄L≥▌▄XьлYXы█XммьмPуU▒WсPTуT≈у▄≈рSSQV▒п≈п▓S▒S▒влк█▄L█▀лмWсLплMKк▄мк≥XNM≤▄ы≥▄YLыXмы▌NL█ыLXLYмLXXX▄Mм▌Y≥Y▄ьLы▄≥X≤≥≥X█M≤LYM≥MLы▌LXмLMMмл▌лL▌мь▄лL▌YMм█NMYYMLXкуTT■яQQп√KVPрUт⌠уврQпS▒т▒Q▒T▒S░яWп▓S▒S▒кRQт░UQу▒T▓Q▓QQ▌▌ьX▌LX▄L▌XXммNYXы█Y≤█▄ммLм█▄L≥▌▄XьлYXы█XммьмPуU▒WсPTуT≈у▄≈рSSQV▒п≈п▓S▒S▒влк█▄L█клмWсLпл▄▀MкнKмлMLXынMыM≥N▄▄NY≤ь█LлыM▄█▌M≤L▄ы≥▄ьNXN▄≤█мMXлк≤X█≤л▄L≥▌X█≤ллN▌Xы▄л≥▌MьX≥▄NX≥▄▄▄▌≥▌L≤Lы≥▄Y≤L▄LьмXкуTT■яQQп√KVPрUт⌠уврQпS▒т▒Q▒T▒S░яWп▓S▒S▒кRQт░UQу▒T▓Q▓QQ▌▌ьX▌LX▄L▌XXммNYXы█Y≤█▄ммLм█▄L≥▌▄XьлYXы█XммьмPуU▒WсPTуT≈у▄≈рSSQV▒п≈п▓S▒S▒влк█▄L█лмWсLпл█KLKLKкLьYX≤▌YXмM▄NM▌X▄Lл≤л▌█XL▌LLььыNXь█▄XыM█ны█нLмьл█L█кMлы█≤█Xм██XмYX▄≤XX▌ьYMм█≤M≥MMN▄NL▄ы█▌XY▄лN≥▄M▄м█куTT■яQQп√KVPрUт⌠уврQпS▒т▒Q▒T▒S░яWп▓S▒S▒кRQт░UQу▒T▓Q▓QQ▌▌ьX▌LX▄L▌XXммNYXы█Y≤█▄ммLм█▄L≥▌▄XьлYXы█XммьмPуU▒WсPTуT≈у▄≈рSSQV▒п≈п▓S▒S▒влк█▄L█KлмWсWплK█M▄KMмL≤█мнLL≤ы▄█XнMMм≥XLM█нN█нX▌≤мLNь≤XLыM▄≥≥LMNM≤мль▌K█YX▌Mы█▄ь▄▌M≤ьмнLNMлLмL≤ыYN≥MьYLмLMь▄MLY█Xм≤ьл▀уTT■яQQп√KVPрUт⌠уврQпS▒т▒Q▒T▒S░яWп▓S▒S▒кRQт░UQу▒T▓Q▓QQ▌▌ьX▌LX▄L▌XXммNYXы█Y≤█▄ммLм█▄L≥▌▄XьлYXы█XммьмPуU▒WсPTуT≈у▄≈рSSQV▒п≈п▓S▒S▒влк█▄L█▀лмWсWплL▌LK▄км██▄▄≤нMыыMYлY≥M≤мM█≥▄ь≥Mы▄лLл≤MNXьмыNMLл▌ыMкXLY█MY≥Y▄N▌YXYM▄LнY█LNXNY█Mь▌L▌XьыLн▄XлLм≤ыNYLь█≥уTT■яQQп√KVPрUт⌠уврQпS▒т▒Q▒T▒S░яWп▓S▒S▒кRQт░UQу▒T▓Q▓QQ▌▌ьX▌LX▄L▌XXммNYXы█Y≤█▄ммLм█▄L≥▌▄XьлYXы█XммьмPуU▒WсPTуT≈у▄≈рSSQV▒п≈п▓S▒S▒влк█▄L█кмсLплK▄м▀▄█▄лK≤ыNLн▄мLыXл▌лL▄м▄млYM≥≤▄ьL▄ь█MX≥▄≤X≤мы▄ьLL█MьлмлKлыXMYMьы≤XXмMл█▄L█л█▄█▄Mмл≥≥L≤ы▄LыNLY▌LлY▌KуTT■яQQп√KVPрUт⌠уврQпS▒т▒Q▒T▒S░яWп▓S▒S▒кRQт░UQу▒T▓Q▓QQ▌▌ьX▌LX▄L▌XXммNYXы█Y≤█▄ммLм█▄L≥▌▄XьлYXы█XммьмPуU▒WсPTуT≈у▄≈рSSQV▒п≈п▓S▒S▒влк█▄L█мсLплL█▀▄▄K▄лк≤мX▌XM≤NлLNXLNXXXLы▄LлMXYNX█L▌Y≤ыM≥▄M≤мнXм█YN≤XнXлклLьNMYXY▄≥≥█XMXмыL▄≥█Y▄MмыNY≤L≥≤LYNYLLьYNMMX≤≥█лмX▀уTT■яQQп√KVPрUт⌠уврQпS▒т▒Q▒T▒S░яWп▓S▒S▒кRQт░UQу▒T▓Q▓QQ▌▌ьX▌LX▄L▌XXммNYXы█Y≤█▄ммLм█▄L≥▌▄XьлYXы█XммьмPуU▒WсPTуT≈у▄≈рSSQV▒п≈п▓S▒S▒влк█▄L█KмсWплK▄▄K▄L▄M▀XмNл≥▄▄▄XLь≥█LX█M█ллYY█ынM▌█▄XмN█Mы▄ьл▌Lь▄█ь▄XLнMYLXKLмMн≥мYLльлы≥LыX█Xьм▌YY▄≥L▄мYL≥MмлнY▌LL≥█ы≥л█≤M≤нKуTT■яQQп√KVPрUт⌠уврQпS▒т▒Q▒T▒S░яWп▓S▒S▒кRQт░UQу▒T▓Q▓QQ▌▌ьX▌LX▄L▌XXммNYXы█Y≤█▄ммLм█▄L≥▌▄XьлYXы█XммьмPуU▒WсPTуT≈у▄≈рSSQV▒п≈п▓S▒S▒влк█▄L█LмсWплL▄█к▄▀▄NьYNXлXNMнMь███MY≥≤▌▌M▄≥LNMY≤≤▌LнY▄N▌▄L≤нLMлY█≥▄≤MNкY▌LMь█≤▌█≥Y▌XыXYX≥YLNLлNMYY▄LMыXмLL▌Lь≤ы▌M█≥M█LыX≥NYYKуTT■яQQп√KVPрUт⌠уврQпS▒т▒Q▒T▒S░яWп▓S▒S▒кRQт░UQу▒T▓Q▓QQ▌▌ьX▌LX▄L▌XXммNYXы█Y≤█▄ммLм█▄L≥▌▄XьлYXы█XммьмPуU▒WсPTуT≈у▄≈рSSQV▒п≈п▓S▒S▒влк█▄L█LKмсWплMK▄м▀▄▄▄кьыL≥Nь█л≤M█LмYMN≤н≤N█▄MLмXь▄M▌M≤≤лMY▄L▄L≤LM▄YYX▌X█LMKNN≥XьYL▌YY≥▌L▄NLMXмнL▌лL≥Yььм█YNL≥≤≤NLнLMьMM▄ь≤нY▌MуTT■яQQп√KVPрUт⌠уврQпS▒т▒Q▒T▒S░яWп▓S▒S▒кRQт░UQу▒T▓Q▓QQ▌▌ьX▌LX▄L▌XXммNYXы█Y≤█▄ммLм█▄L≥▌▄XьлYXы█XммьмPуU▒WсPTуT≈у▄≈рSSQV▒п≈п▓S▒S▒влк█▄L█L▀мсWпл▄█к▄▄█▀Yм≤LNмXм≥≤ьнNYM█ы█≥н≥≥█YY≥X█м█XY≤л≥█▄YNNLYXNMML≥≤█к≤NMл≥Y≥≤▄▄н≤▄█L≥█млNM▄Xы▄MYNм█XмыMMYLX≥█ыN≤лX▀уTT■яQQп√KVPрUт⌠уврQпS▒т▒Q▒T▒S░яWп▓S▒S▒кRQт░UQу▒T▓Q▓QQ▌▌ьX▌LX▄L▌XXммNYXы█Y≤█▄ммLм█▄L≥▌▄XьлYXы█XммьмPуU▒WсPTуT≈у▄≈рSSQV▒п≈п▓S▒S▒влк█▄L█LкмсWпл█K█LNMк▄л█YXL█▄MY█YYYMл≥LLлмM██LY██X▄MMNыMY▄LY▄M▄█MылY▀≤ы█≥N≥▌L▌LьмлYнXл█L≥LX▄л≥ьнXьL▄▄нYLXьX≤≥██NкуTT■яQQп√KVPрUт⌠уврQпS▒т▒Q▒T▒S░яWп▓S▒S▒кRQт░UQу▒T▓Q▓QQ▌▌ьX▌LX▄L▌XXммNYXы█Y≤█▄ммLм█▄L≥▌▄XьлYXы█XммьмPуU▒WсPTуT≈у▄≈рSSQV▒п≈п▓S▒S▒влк█▄L█MмсплK▄▀NMK▄▀ымY≥XьXыллл█ы≤█ы≤LYY▄лмн█NLьY▄▌XыNлLы≥█≥MNM≥X≤KN▄▄лллYMнMыLл≥мX▄█нXьXMM█NYл▌MNнXл≥ьXммYNLKуTT■яQQп√KVPрUт⌠уврQпS▒т▒Q▒T▒S░яWп▓S▒S▒кRQт░UQу▒T▓Q▓QQ▌▌ьX▌LX▄L▌XXммNYXы█Y≤█▄ммLм█▄L≥▌▄XьлYXы█XммьмPуU▒WсPTуT≈у▄≈рSSQV▒п≈п▓S▒S▒влк█▄L█MKмсплL▄LкNLк▄M▄NLллMьN≤н≥L▄лYY█≥█≤ыLX≤ыYLLXл▄ы▄YNLь▄лLYY▄█нYY▄ыLы≤нL≥Lл█≥Mм▄▄▄▄█▌Y█M▄M█ь≤≤NLмLNL≤▄лX█X≤ыNLкуTT■яQQп√KVPрUт⌠уврQпS▒т▒Q▒T▒S░яWп▓S▒S▒кRQт░UQу▒T▓Q▓QQ▌▌ьX▌LX▄L▌XXммNYXы█Y≤█▄ммLм█▄L≥▌▄XьлYXы█XммьмPуU▒WсPTуT≈у▄≈рSSQV▒п≈п▓S▒S▒влк█▄L█M▀мсплMK▄▄KNK▄≤█L≤MM▄L▄Y██▌MYLл▄YLYXN█NY█≤▄LNL▄NY█L▌█L≤ы≤≥NL▄X▀≤≥LXNXLнLьNXнLыXY▄L≥▄нL▌YM▄мXLYл▌XыY█MM≤ылм▄ыXY▀уTT■яQQп√KVPрUт⌠уврQпS▒т▒Q▒T▒S░яWп▓S▒S▒кRQт░UQу▒T▓Q▓QQ▌▌ьX▌LX▄L▌XXммNYXы█Y≤█▄ммLм█▄L≥▌▄XьлYXы█XммьмPуU▒WсPTуT≈у▄≈рSSQV▒п≈п▓S▒S▒влк█▄L█Mкмспл▄▄▌KN▀▄L▀L██LL▄мы≥L≥YLX▌LYLлMNMл≥L▄▌XLX▌MXынNX▄л≥Lл▄▌≤KNY▌≤ль▌L≤YM≥YMLьMмMмLYл█≥YYLY≤мY▄мLLнMMNL█ыуTT■яQQп√KVPрUт⌠уврQпS▒т▒Q▒T▒S░яWп▓S▒S▒кRQт░UQу▒T▓Q▓QQ▌▌ьX▌LX▄L▌XXммNYXы█Y≤█▄ммLм█▄L≥▌▄XьлYXы█XммьмPуU▒WсPTуT≈у▄≈рSSQV▒п≈п▓S▒S▒влк█▄L█Nмспл█K▄мKNк▄M▀мы▄LLMллLY▄▌M▄≤мLлNMMыMNX≥MнX≥M≤M≤XLлLLLлмLX█KLYLь≥≤ьыNмьY≥▄≤█▄▄≥▄XннL▄NмMл▄XMм▄ы≥≥≤▄мь▌LNXым▀уTT■яQQп√KVPрUт⌠уврQпS▒т▒Q▒T▒S░яWп▓S▒S▒кRQт░UQу▒T▓Q▓QQ▌▌ьX▌LX▄L▌XXммNYXы█Y≤█▄ммLм█▄L≥▌▄XьлYXы█XммьмPуU▒WсPTуT≈у▄≈рSSQV▒п≈п▓S▒S▒влк█▄L█NKмсплл█кN▄N▌мммм≥X≤≤██▄L▌NNль█ьLлннYXLьььYьXM█X██м▄ыL▄ы≤LLьл≤Xм≤▀лXьмл≥NLьь▄ы≤лмX≤ьмNм█LYмы▄YY▄≥≥L≤лL▄X█▄нл█LKуTT■яQQп√KVPрUт⌠уврQпS▒т▒Q▒T▒S░яWп▓S▒S▒кRQт░UQу▒T▓Q▓QQ▌▌ьX▌LX▄L▌XXммNYXы█Y≤█▄ммLм█▄L≥▌▄XьлYXы█XммьмPуU▒WсPTуT≈у▄≈рSSQV▒п≈п▓S▒S▒влк█▄L█▄мсплмK█KMмK▄▄K█мMNMMLL≤▄▌X▌M≤YMыXлXYL█м█≤≥≥LY█XXы▄▄мь≤≥█MY▌льXNYь▀XNMмNYNXмллNMлы█▄▄нLмL≤ьль≥M≤L▄LY▌MY▄▄ы█ммьMлкуTT■яQQп√KVPрUт⌠уврQпS▒т▒Q▒T▒S░яWп▓S▒S▒кRQт░UQу▒T▓Q▓QQ▌▌ьX▌LX▄L▌XXммNYXы█Y≤█▄ммLм█▄L≥▌▄XьлYXы█XммьмPуU▒WсPTуT≈у▄≈рSSQV▒п≈п▓S▒S▒влк█▄L█▄KмсмWплKNLкNKNыNL≥X▄█▄NXNнLььXнм≥≥▌YLмы█мN█нYXл≤лLнл▄█ьX≥▄▄NлMк█▄нY≥ыXYMьм▄NL≤≤YXXY█▄MY▄MMM█XLMMыMы█лнXмMль█XнуTT■яQQп√KVPрUт⌠уврQпS▒т▒Q▒T▒S░яWп▓S▒S▒кRQт░UQу▒T▓Q▓QQ▌▌ьX▌LX▄L▌XXммNYXы█Y≤█▄ммLм█▄L≥▌▄XьлYXы█XммьмPуU▒WсPTуT≈у▄≈рSSQV▒п≈п▓S▒S▒влк█▄L█▄▀мсмWплLNNKMнNLMь≤X█LYмьX█L≥█лYNM≥NLьныььы▄Lм▄≤ьы≤L▌▌Xм▄мL▄≤Mьк█L█YM█≥Y≥XнY█л▄ы▄н≥≤██XN▄▌X≥Y≥▄L▄м≥YYYXMмь▄MY█▄м≤XкуTT■яQQп√KVPрUт⌠уврQпS▒т▒Q▒T▒S░яWп▓S▒S▒кRQт░UQу▒T▓Q▓QQ▌▌ьX▌LX▄L▌XXммNYXы█Y≤█▄ммLм█▄L≥▌▄XьлYXы█XммьмPуU▒WсPTуT≈у▄≈рSSQV▒п≈п▓S▒S▒влк█▄L█▄кмсмWплMK▄кMм▀NM▌≤YNXмL≤ллLLXммл▄▄NM▄XLM▌MмLмY≤L≥█M█NXL█Xы▄KNLM▄YY≤▌≤Mмы≤NMл█≤ьы█ыXнM█≤Yл≥█мLыMYMLлы██▄█NLLмм█лыкуTT■яQQп√KVPрUт⌠уврQпS▒т▒Q▒T▒S░яWп▓S▒S▒кRQт░UQу▒T▓Q▓QQ▌▌ьX▌LX▄L▌XXммNYXы█Y≤█▄ммLм█▄L≥▌▄XьлYXы█XммьмPуU▒WсPTуT≈у▄≈рSSQV▒п≈п▓S▒S▒влк█▄L██мсмWпл▄▄MKMл▀NNXMллXл█▄≥MMы≤▌ььXм▄≥L▄█лыL≤ь█л▄льLMмнLьM▄лM≤≤≤мы█ьLь▀≥█MXMы█NN≥█M█Mы▄█▄L≥L≤NмьььXлмMM▄NM▄NX▄ыM▄≥XыY≥▌куTT■яQQп√KVPрUт⌠уврQпS▒т▒Q▒T▒S░яWп▓S▒S▒кRQт░UQу▒T▓Q▓QQ▌▌ьX▌LX▄L▌XXммNYXы█Y≤█▄ммLм█▄L≥▌▄XьлYXы█XммьмPуU▒WсPTуT≈у▄≈рSSQV▒п≈п▓S▒S▒влк█▄L██KмсмWпл█K▄▄M▌K▄▀лыLь≥XмнNLлмLMY▄▌мMYMнLM█YL▄≥L≤≤≥LMнX█нLл█ы≤≥▌≥≤MьькXLNY▌Lл≤Xьы≥мLнN≥LXмNLMLнXыMY█≤≤ь█▌NYY█ы▌LY≥YX≥█лXLKуTT■яQQп√KVPрUт⌠уврQпS▒т▒Q▒T▒S░яWп▓S▒S▒кRQт░UQу▒T▓Q▓QQ▌▌ьX▌LX▄L▌XXммNYXы█Y≤█▄ммLм█▄L≥▌▄XьлYXы█XммьмPуU▒WсPTуT≈у▄≈рSSQV▒п≈п▓S▒S▒влк█▄L██▀мсмWплл▄▌M█▀▄NX≤▄NNY▄█мX▄YYмьь▄Lл█ы▄ь≥LнNMн≤≤≤▄Xы█ьM≥NXLNY█NMXK≥N≤▄▄л▄X█лNNNLYNL█≥YMLNYY≤ллMMMл≥▄█ммьь▄X█LмMь≤▌MNXNKуTT■яQQп√KVPрUт⌠уврQпS▒т▒Q▒T▒S░яWп▓S▒S▒кRQт░UQу▒T▓Q▓QQ▌▌ьX▌LX▄L▌XXммNYXы█Y≤█▄ммLм█▄L≥▌▄XьлYXы█XммьмPуU▒WсPTуT≈у▄≈рSSQV▒п≈п▓S▒S▒влк█▄L██кмсмWплмK▄мKM▄K▄к██NXYY▌ммннььX≥█LмL▌▌ллL≥█L▌██нNY█≤█▌L▀ммY█X▄ыьMM≥▌NM█L█▌Y▌Y█▄█мY≥MLYXл▄≤нYY▌≤лLлKуTT■яQQп√KVPрUт⌠уврQпS▒т▒Q▒T▒S░яWп▓S▒S▒кRQт░UQу▒T▓Q▓QQ▌▌ьX▌LX▄L▌XXммNYXы█Y≤█▄ммLм█▄L≥▌▄XьлYXы█XммьмPуU▒WсPTуT≈у▄≈рSSQV▒п≈п▓S▒S▒влк█▄L█▌мсмWпл█▀MN▄L▀█≥≥N≤ыL≤YлLY█▄YX█MNM≤X▌LнY▄лм≤██▄▌MM≤XNYLML≥▄LMь≤лK▌XьXXXмлмьы█LмNMMь≥NL▄мы≥█X▄█NMмлNьL▄ь█ы▄XмMуTT■яQQп√KVPрUт⌠уврQпS▒т▒Q▒T▒S░яWп▓S▒S▒кRQт░UQу▒T▓Q▓QQ▌▌ьX▌LX▄L▌XXммNYXы█Y≤█▄ммLм█▄L≥▌▄XьлYXы█XммьмPуU▒WсPTуT≈у▄≈рSSQV▒п≈п▓S▒S▒влк█▄L█▌KмсмWплK█MM▄M▄ML▄мM█мь▄ыNLNYXXлн▌M█л█L▄≥M█YYNYXы≤▄мнXы≥NLM██K≤██NыL≤▌N▄ы▄▄NXL█≤M≤█≤NX▄▄ьлXнL▌X█лX▄м▌Y≤нL≤MMKуTT■яQQп√KVPрUт⌠уврQпS▒т▒Q▒T▒S░яWп▓S▒S▒кRQт░UQу▒T▓Q▓QQ▌▌ьX▌LX▄L▌XXммNYXы█Y≤█▄ммLм█▄L≥▌▄XьлYXы█XммьмPуU▒WсPTуT≈у▄≈рSSQV▒п≈п▓S▒S▒влк█▄L█лмсмWплL█MKMK▄Mк≥NY≥▌MMл≥▄мXLMLлы█л▄лYMмL▄▄MYYYM█XмML▄LY▌MNNкь▌MнYM█ьлMNNNYYL≤▌▌LLлMLXM≥MNYY≤LмLь▄▌LL≤нLMMл≥█лммNKуTT■яQQп√KVPрUт⌠уврQпS▒т▒Q▒T▒S░яWп▓S▒S▒кRQт░UQу▒T▓Q▓QQ▌▌ьX▌LX▄L▌XXммNYXы█Y≤█▄ммLм█▄L≥▌▄XьлYXы█XммьмPуU▒WсPTуT≈у▄≈рSSQV▒п≈п▓S▒S▒влк█▄L█лKмслплKMнKM▌MмKьLLNX≤XYыYYX█▄лXьмLнллNX▄YXлынX≥▌LлыLNYXм█ьньNXм█млML▌LKY▄M█▄█≥NLL▄LX▄L▄мNY█MMммMXMьNM≤≤ь▌Y█Lь█Lл▄≥█нлнуTT■яQQп√KVPрUт⌠уврQпS▒т▒Q▒T▒S░яWп▓S▒S▒кRQт░UQу▒T▓Q▓QQ▌▌ьX▌LX▄L▌XXммNYXы█Y≤█▄ммLм█▄L≥▌▄XьлYXы█XммьмPуU▒WсPTуT≈у▄≈рSSQV▒п≈п▓S▒S▒влк█▄L█л▀мслплLN▀M█▀MмкYL≤л██≥█MмMMы▌Y▄л█MML█≥█▄мXNXмXл▌Lлььл▄█≤█ьKL≤X█ьн█L▄LNM≤YL█лXY≤L▌█≥▌MыLLYYMмXLыM█ыы█Lм█ь≥▌уTT■яQQп√KVPрUт⌠уврQпS▒т▒Q▒T▒S░яWп▓S▒S▒кRQт░UQу▒T▓Q▓QQ▌▌ьX▌LX▄L▌XXммNYXы█Y≤█▄ммLм█▄L≥▌▄XьлYXы█XммьмPуU▒WсPTуT≈у▄≈рSSQV▒п≈п▓S▒S▒влк█▄L█лкмслплMKNLкM▄▀NKY█≤Y▄NYX█н█нX█M≤ь≤Y▄L█м▄M≤Yы≤ыMML██YXLл≤л≤≤L█LMMмXKы▌YMыLыN≤ль▄лы≥≤▌≤м▄нMл≥≥Lьн█▄LлNMNMм█L█M≥ы▄≤█KуTT■яQQп√KVPрUт⌠уврQпS▒т▒Q▒T▒S░яWп▓S▒S▒кRQт░UQу▒T▓Q▓QQ▌▌ьX▌LX▄L▌XXммNYXы█Y≤█▄ммLм█▄L≥▌▄XьлYXы█XммьмPуU▒WсPTуT≈у▄≈рSSQV▒п≈п▓S▒S▒влк█▄L█ммслпл▄▄KM▄NK█▄лX≥LыYNььMMм▄▌YY▄▄█LN≥LXYNXм≤≤▄█▌MNMнXYьнKм≥X█LлY≥▌LXXмY▌Lы≤≤NNнMл▄█▌MXXмь≤NMYX≥Mм▄Xл█MуTT■яQQп√KVPрUт⌠уврQпS▒т▒Q▒T▒S░яWп▓S▒S▒кRQт░UQу▒T▓Q▓QQ▌▌ьX▌LX▄L▌XXммNYXы█Y≤█▄ммLм█▄L≥▌▄XьлYXы█XммьмPуU▒WсPTуT≈у▄≈рSSQV▒п≈п▓S▒S▒влк█▄L█мKмслпл█K▄кMMкNKLмнY▄≤мыXNXыXл▄LM≥█X▄YLыM▄█м▄X▄X█XY▄█MмL≥█м▄Nм≥▄ь▄█MXьL▄X█NML≥█ыM▌▌L█ьнмMнLL≥MLлL▄L▄█≤M≤мLY≤X█л▀уTT■яQQп√KVPрUт⌠уврQпS▒т▒Q▒T▒S░яWп▓S▒S▒кRQт░UQу▒T▓Q▓QQ▌▌ьX▌LX▄L▌XXммNYXы█Y≤█▄ммLм█▄L≥▌▄XьлYXы█XммьмPуU▒WсPTуT≈у▄≈рSSQV▒п≈п▓S▒S▒влк█▄L█м▀мслплл▄MMLкNLK≥█л▄L▄ыNLLY▌NLL█L▄Y█ль≥█≤L≥м▄▄▄м≤≥▄MьMл≤ьмMь█ьмкLL≤ымLLльM▌MXы█≥YXы≥ьм█ьL▌X≥≥≥▄≥▄ь█м≥Y≥M█▌X▄YMы▀уTT■яQQп√KVPрUт⌠уврQпS▒т▒Q▒T▒S░яWп▓S▒S▒кRQт░UQу▒T▓Q▓QQ▌▌ьX▌LX▄L▌XXммNYXы█Y≤█▄ммLм█▄L≥▌▄XьлYXы█XммьмPуU▒WсPTуT≈у▄≈рSSQV▒п≈п▓S▒S▒влк█▄L█мкмслплмK▄▄KMKNMKL▌≥NLм▄ьLл▄█ML▄Y█LьXX≥≤лм█MьY█Y▄нM≤█N██XлLLлY▄█▀██≤MьNX≥YLьл▌MYYMыY▄млмLMMLл≤≥█≥▌M▄▌нNKуTT■яQQп√KVPрUт⌠уврQпS▒т▒Q▒T▒S░яWп▓S▒S▒кRQт░UQу▒T▓Q▓QQ▌▌ьX▌LX▄L▌XXммNYXы█Y≤█▄ммLм█▄L≥▌▄XьлYXы█XммьмPуU▒WсPTуT≈у▄≈рSSQV▒п≈п▓S▒S▒влк█▄L█нмслпл▄▌KMKNNKXMьMLьMмXY▄нNM≥█▄▌Y≥M█лLым≥▌LыM≥≥M█≥▄нь██▄≥M▌XнKммл≥Lм≤█MмнYX≥MLмнMмNYX≤ыYNLL█Lн█ьY▄MнXнYNM▄LYуTT■яQQп√KVPрUт⌠уврQпS▒т▒Q▒T▒S░яWп▓S▒S▒кRQт░UQу▒T▓Q▓QQ▌▌ьX▌LX▄L▌XXммNYXы█Y≤█▄ммLм█▄L≥▌▄XьлYXы█XммьмPуU▒WсPTуT≈у▄≈рSSQV▒п≈п▓S▒S▒влк█▄L█нKмслплK▄мMK▄≥YYYнLMM▄≤л▄≥LMMMлы▄ы▌LыMлыX≥≥▄л█ыXL▌█нY▌X█LXы≥KXнY█мX≤██M▄мYXльX≥≤мл██Mьл▄▄лMм≤▄LнMLY▌▌▄л≤YY▌XY█уTT■яQQп√KVPрUт⌠уврQпS▒т▒Q▒T▒S░яWп▓S▒S▒кRQт░UQу▒T▓Q▓QQ▌▌ьX▌LX▄L▌XXммNYXы█Y≤█▄ммLм█▄L≥▌▄XьлYXы█XммьмPуU▒WсPTуT≈у▄≈рSSQV▒п≈п▓S▒S▒влк█▄L█мслплL█KLм▀▄≤M██нLнM≤MLьь≤ы≥≥█≥≥████лNX≥M≤ь▄≥█L≤ы▌мнNы≤л▌▄LьXL≥м≥KMYY≤▄XыLLNXXYM▄█ыM≤▄LLNYMX≥ьNX≥MMлMл▄ьL≥Y▌LлM█≤ы▄KуTT■яQQп√KVPрUт⌠уврQпS▒т▒Q▒T▒S░яWп▓S▒S▒кRQт░UQу▒T▓Q▓QQ▌▌ьX▌LX▄L▌XXммNYXы█Y≤█▄ммLм█▄L≥▌▄XьлYXы█XммьмPуU▒WсPTуT≈у▄≈рSSQV▒п≈п▓S▒S▒влк█▄L█KмслплMK█кLлK▄M≥▄≥▌L▄MMM≤Y▌Y█M≤мьм≥NY≤≤ьYLMмл≥M≥MN≤▄█Y▄ь▄█лмны≥▄▀X▌Lь≤ы≥Y≤NYNM█M█мXьнYYL≤▄L▄MYMY█≥█▄≥≤NMнL▌X█≤≥≥XX▀уTT■яQQп√KVPрUт⌠уврQпS▒т▒Q▒T▒S░яWп▓S▒S▒кRQт░UQу▒T▓Q▓QQ▌▌ьX▌LX▄L▌XXммNYXы█Y≤█▄ммLм█▄L≥▌▄XьлYXы█XммьмPуU▒WсPTуT≈у▄≈рSSQV▒п≈п▓S▒S▒влк█▄L█▀мс█WплKM█KMMM▄KN≥≥LлLY█ьыNY≤Lлл▄█NLXX▄нY≥L≥█нлY▌X≤X█MXьы≤л▄▄ь▄██NL▌LY≥≥X≥▄YXь▄ы≤YXьлY≤ыMXNMн█млмнь▄льXLYY≤ы▄X█▌XNуTT■яQQп√KVPрUт⌠уврQпS▒т▒Q▒T▒S░яWп▓S▒S▒кRQт░UQу▒T▓Q▓QQ▌▌ьX▌LX▄L▌XXммNYXы█Y≤█▄ммLм█▄L≥▌▄XьлYXы█XммьмPуU▒WсPTуT≈у▄≈рSSQV▒п≈п▓S▒S▒влк█▄L█кмс█WплLMл▀ML▀M▄кLл▌YXM█≥▌Y≥ы≥M▄лY█ьYMY▄Lьы█≤лM▄X▄N█M≤█YXXнL▄MMY█▌LLнLM▄▄нML≥ммLMмыYLLьыL▌≥▌M≤ьXы≥▄≥LX≥LымLXмыM▌уTT■яQQп√KVPрUт⌠уврQпS▒т▒Q▒T▒S░яWп▓S▒S▒кRQт░UQу▒T▓Q▓QQ▌▌ьX▌LX▄L▌XXммNYXы█Y≤█▄ммLм█▄L≥▌▄XьлYXы█XммьмPуU▒WсPTуT≈у▄≈рSSQV▒п≈п▓S▒S▒влк█▄L█мс█WплMKNMKM█к≤X≥ь▄м▌X≤≤L≥≤Mл≤≤▌мл█млM▄▄N▄м▌▄ль█мыMы≤NNYYNNYMM≥Xмк▄█≤NXыLMл▄▌M≥≥MYY≤≤≥≤ь▌мь≤м▌нMY▄██ммльXLXн▌уTT■яQQп√KVPрUт⌠уврQпS▒т▒Q▒T▒S░яWп▓S▒S▒кRQт░UQу▒T▓Q▓QQ▌▌ьX▌LX▄L▌XXммNYXы█Y≤█▄ммLм█▄L≥▌▄XьлYXы█XммьмPуU▒WсPTуT≈у▄≈рSSQV▒п≈п▓S▒S▒влк█▄L█Kмс█Wпл▄NкMKMлKмLьY≤LMмMль█▄█ььNX≤≤█ы▄Lь≤нLMNY▄Y▌≥█мнLXXMYX▄M█мNMлLMKX▄▄н▄≤LX▌LLX▄MY█≤Xм▌Yь≤█NM≤M█лыMLьYYXммYYMмM≥MMXMNYY▄ьы▄лкуTT■яQQп√KVPрUт⌠уврQпS▒т▒Q▒T▒S░яWп▓S▒S▒кRQт░UQу▒T▓Q▓QQ▌▌ьX▌LX▄L▌XXммNYXы█Y≤█▄ммLм█▄L≥▌▄XьлYXы█XммьмPуU▒WсPTуT≈у▄≈рSSQV▒п≈п▓S▒S▒влк█▄L█▀мс█Wпл█KNLкMкMмKлм≤≥█ьмьыXYMXнM▌ыLмыMMXXл█нY█M≤лLMы≥≥YLL█м▌≥≥MYKынX▄MMлымNY█≥YN≥▄Y≥▄ыY▄л█▄MXллNX█Y▌ьылм▌Y≥LмнMкуTT■яQQп√KVPрUт⌠уврQпS▒т▒Q▒T▒S░яWп▓S▒S▒кRQт░UQу▒T▓Q▓QQ▌▌ьX▌LX▄L▌XXммNYXы█Y≤█▄ммLм█▄L≥▌▄XьлYXы█XммьмPуU▒WсPTуT≈у▄≈рSSQV▒п≈п▓S▒S▒влк█▄L█кмс█Wплл▄LнKMмкXY██≥≥LMXьLы≤NNYлY▄NMLы≥≤м≤NX█XX█▄ь▌Y≤≤≤≤ьXл▄≤≥█XL█▄KM█YY▄≥≤N█▄Y≤▄▄лL≥Y≤▌ь██▄ьLNXXLY≥MLм▌≥≥≥YNLмуTT■яQQп√KVPрUт⌠уврQпS▒т▒Q▒T▒S░яWп▓S▒S▒кRQт░UQу▒T▓Q▓QQ▌▌ьX▌LX▄L▌XXммNYXы█Y≤█▄ммLм█▄L≥▌▄XьлYXы█XммьмPуU▒WсPTуT≈у▄≈рSSQV▒п≈п▓S▒S▒влк█▄L█мс█WплмK▄▀LмKNн≥≥Yыммл≥≤█▄M▌Y≤ьь≥█▌LллY≥█YY▄▌YXыыXлLNLнMYL▀мыX█LMл≤ь≥▄█ьNMм≥MмLYмм≤лLм≤мNXMм≥L≥Y▄ь█л▌L█л█L█ьKуTT■яQQп√KVPрUт⌠уврQпS▒т▒Q▒T▒S░яWп▓S▒S▒кRQт░UQу▒T▓Q▓QQ▌▌ьX▌LX▄L▌XXммNYXы█Y≤█▄ммLм█▄L≥▌▄XьлYXы█XммьмPуU▒WсPTуT≈у▄≈рSSQV▒п≈п▓S▒S▒влк█▄L█Kмс█Wпл▄MLлKNKл▄лм▄▄Mл▌Y≤L▄█ы▄≥ыLLLлL▄н▌MNMьNL▄Lм≤ы█MмьYL▀ьLь≥NY▄л≤NLьм▄л█L≥≤ы≤▄MыYYYY█Y≤M█лL≤NM▌MXлMлы▄≥█≥KуTT■яQQп√KVPрUт⌠уврQпS▒т▒Q▒T▒S░яWп▓S▒S▒кRQт░UQу▒T▓Q▓QQ▌▌ьX▌LX▄L▌XXммNYXы█Y≤█▄ммLм█▄L≥▌▄XьлYXы█XммьмPуU▒WсPTуT≈у▄≈рSSQV▒п≈п▓S▒S▒влк█▄L█Lмс█WплK▄NKL█кN▀≤LLлыLнLX▄MYXXNLY█≤≥█Xл▌XмMMX≥█≥▄YXYXML█лнMыY█л▌NL█Y▄к█MM▄M▄NX≤ьлмL▄YYнLньыь▄LнLLьмMлмы█XмLML▄MLы▌NXмь█лMLуTT■яQQп√KVPрUт⌠уврQпS▒т▒Q▒T▒S░яWп▓S▒S▒кRQт░UQу▒T▓Q▓QQ▌▌ьX▌LX▄L▌XXммNYXы█Y≤█▄ммLм█▄L≥▌▄XьлYXы█XммьмPуU▒WсPTуT≈у▄≈рSSQV▒п≈п▓S▒S▒влк█▄L█LKмс█WплL▄█▀L▄кNLыY≤▌Mл≤Lь▄YNNL▄LьXыNXм▄≤мы▄≥LнY█л▌NLYML▄ь██NMM▄мY▄н▌█ь≤XXлL▌L▄▄ммммм▄мXмь≥▌█MнXMь▌лL≤≥MY≥█м▄X▌≥≥XLX≤куTT■яQQп√KVPрUт⌠уврQпS▒т▒Q▒T▒S░яWп▓S▒S▒кRQт░UQу▒T▓Q▓QQ▌▌ьX▌LX▄L▌XXммNYXы█Y≤█▄ммLм█▄L≥▌▄XьлYXы█XммьмPуU▒WсPTуT≈у▄≈рSSQV▒п≈п▓S▒S▒влк█▄L█L▀мс█WплMK▄лкLNNMNMYLYML▌XMьллL≤XM≤M▄мMNMXYM▌▌LMM≥л▄≤Lь≥▄YXмKLлм▌NXн≥YXлм▌≥█нLYMыM▌X██MM▄NлымMLыM≥ы▄м▄≤▄XXNNMKуTT■яQQп√KVPрUт⌠уврQпS▒т▒Q▒T▒S░яWп▓S▒S▒кRQт░UQу▒T▓Q▓QQ▌▌ьX▌LX▄L▌XXммNYXы█Y≤█▄ммLм█▄L≥▌▄XьлYXы█XммьмPуU▒WсPTуT≈у▄≈рSSQV▒п≈п▓S▒S▒влк█▄L█Lкмс█Wпл▄▄мкLLкNMкYLXM≤≤NMы≥N≥≤≤▄ы▌≥≥≤лMл≤≥L█н█нXль▄MML▌█≥NYк▄█нX█ыL▄ьL▄лLм▌█Mмлммл≤≥≤█ыNYLьлY▌LльNыNNыY▄уTT■яQQп√KVPрUт⌠уврQпS▒т▒Q▒T▒S░яWп▓S▒S▒кRQт░UQу▒T▓Q▓QQ▌▌ьX▌LX▄L▌XXммNYXы█Y≤█▄ммLм█▄L≥▌▄XьлYXы█XммьмPуU▒WсPTуT≈у▄≈рSSQV▒п≈п▓S▒S▒влк█▄L█Mмс█Wпл█K█L▀NNKнXXM≥≤▄▄ы▌ь█Y≤▄Lы▄▄л≤ьыMыXьLY██мXMмMл▄нLмNY≤мы█ььM▀█лXьмы▌≥MLл███≤▄▄льL≤≥YM≤▄м≥ML█ьM▄≥Lлм▄▄≤≥L██≥▄л≤≥KуTT■яQQп√KVPрUт⌠уврQпS▒т▒Q▒T▒S░яWп▓S▒S▒кRQт░UQу▒T▓Q▓QQ▌▌ьX▌LX▄L▌XXммNYXы█Y≤█▄ммLм█▄L≥▌▄XьлYXы█XммьмPуU▒WсPTуT≈у▄≈рSSQV▒п≈п▓S▒S▒влк█▄L█MKмс▄плKMLкM▀M≥▄≤█Mмы≥XXы█▄≤н≤ы▌YLы≥≤≥YN▌YX≤NM≥NнYXьMY≤▄L▄XьлY≥Mл█≤≥█≤≥▄ыYмлNL█нлмл≤ыY█YM▄лXь≤M▄█XXNX≤N▌X≥≥NM≤ь≥M█≥▄KуTT■яQQп√KVPрUт⌠уврQпS▒т▒Q▒T▒S░яWп▓S▒S▒кRQт░UQу▒T▓Q▓QQ▌▌ьX▌LX▄L▌XXммNYXы█Y≤█▄ммLм█▄L≥▌▄XьлYXы█XммьмPуU▒WсPTуT≈у▄≈рSSQV▒п≈п▓S▒S▒влк█▄L█M▀мс▄плLMNLнKMLLLLл▄лM≥MмYыл≤▄▌NLыNNNNLл█L≤лMXь≤NMмL▄л≥ььM≥L▄MмXXKXM≤▄≤L≤ы▄L█Y≤мM≤▄мы≥≥M▄Xм≤X█ь▄▄▄█M▄X█M≥нNMXLXнM≥NуTT■яQQп√KVPрUт⌠уврQпS▒т▒Q▒T▒S░яWп▓S▒S▒кRQт░UQу▒T▓Q▓QQ▌▌ьX▌LX▄L▌XXммNYXы█Y≤█▄ммLм█▄L≥▌▄XьлYXы█XммьмPуU▒WсPTуT≈у▄≈рSSQV▒п≈п▓S▒S▒влк█▄L█Mкмс▄плMKM█▀Lм▀MLк≤▌лX▌▌N≥█мы█XьыLмLыLь▄ыLыNы█▄▄N▄▄Y▌YMYNXY▀≥LNM▄YX▄█нM█лM≥NN▄█M▄█▄LMллм█ы≥▌мX▌нL▌Y▄▄XмKуTT■яQQп√KVPрUт⌠уврQпS▒т▒Q▒T▒S░яWп▓S▒S▒кRQт░UQу▒T▓Q▓QQ▌▌ьX▌LX▄L▌XXммNYXы█Y≤█▄ммLм█▄L≥▌▄XьлYXы█XммьмPуU▒WсPTуT≈у▄≈рSSQV▒п≈п▓S▒S▒влк█▄L█Nмс▄пл▄MлкLлкMNY▄мнлы▄≥Mллль█X▄X≤YLM▄X≤YLNлLMмлыMLY≥≤▄█MKынY▄LNмнMьN▄XMмлN≥ьLXLыLL▄█≥MMмыMыMмLл≤мMLлыл▀уTT■яQQп√KVPрUт⌠уврQпS▒т▒Q▒T▒S░яWп▓S▒S▒кRQт░UQу▒T▓Q▓QQ▌▌ьX▌LX▄L▌XXммNYXы█Y≤█▄ммLм█▄L≥▌▄XьлYXы█XммьмPуU▒WсPTуT≈у▄≈рSSQV▒п≈п▓S▒S▒влк█▄L█NKмс▄пл█KMнKLлM▄K▄≤≥XMь≥XX≤≤мYL█лмML▄L▄≥▄ьYMM█▌ьнLыM▄ьм≥ы▄ы▄л█ыM██м▄▌Mь▄≤XL▌XмлмнNLX██л▌льM██Y▌≤█▄нLNлXы▌LM≤▌LLN▄л≥MллкуTT■яQQп√KVPрUт⌠уврQпS▒т▒Q▒T▒S░яWп▓S▒S▒кRQт░UQу▒T▓Q▓QQ▌▌ьX▌LX▄L▌XXммNYXы█Y≤█▄ммLм█▄L≥▌▄XьлYXы█XммьмPуU▒WсPTуT≈у▄≈рSSQV▒п≈п▓S▒S▒влк█▄L█▄мс▄пллN▀L█▀M█▄M≥ы▌MMы█▌YMм▄≤LьMьLXXYML▄лLNXM▄█ыLь≤ьл█YNY█YXMнXнLк≤▄XLY█л≤л≥≥▌█▄Xн█LьXMXьX▄█▄LмY▄мыьY█M█▌X▌YXX≥▄LлкуTT■яQQп√KVPрUт⌠уврQпS▒т▒Q▒T▒S░яWп▓S▒S▒кRQт░UQу▒T▓Q▓QQ▌▌ьX▌LX▄L▌XXммNYXы█Y≤█▄ммLм█▄L≥▌▄XьлYXы█XммьмPуU▒WсPTуT≈у▄≈рSSQV▒п≈п▓S▒S▒влк█▄L█▄Kмс▄плмKNL▀L▄▀M█кы≥LNYNXL▄ыXXмLньлM▄Y▄M≤X≥YMмм▄≤ьM▄▌ьл≤█≥Y▌▄NM≤MN▌NLл≤M▌LNY▄L▌лL≥▌NLлы▄Lы▌NMьNMмYXл▄▄M█мнMл▄мьл█Y▀уTT■яQQп√KVPрUт⌠уврQпS▒т▒Q▒T▒S░яWп▓S▒S▒кRQт░UQу▒T▓Q▓QQ▌▌ьX▌LX▄L▌XXммNYXы█Y≤█▄ммLм█▄L≥▌▄XьлYXы█XммьмPуU▒WсPTуT≈у▄≈рSSQV▒п≈п▓S▒S▒влк█▄L█▄▀мс▄плNNKLNMлKлLM▄L▌YY▄█▄▄≤▌MY▌NNXнMьы▌Y≥MмMMMл≥L≤█MNY▄Y≥ьлM≤▌Y▀█м≥YлмNMм█≥≥XY≥███л▌Mл█нMLмXмMLмYXY█ыNL▌лYYLKуTT■яQQп√KVPрUт⌠уврQпS▒т▒Q▒T▒S░яWп▓S▒S▒кRQт░UQу▒T▓Q▓QQ▌▌ьX▌LX▄L▌XXммNYXы█Y≤█▄ммLм█▄L≥▌▄XьлYXы█XммьмPуU▒WсPTуT≈у▄≈рSSQV▒п≈п▓S▒S▒влк█▄L█▄кмс▄плK▄KLMMл▀NY≤Mь▄ьY██нLьь█▄Lьн≤NML█млYнM▄≤ыMмл▄ььMнYXN█▄LM▄XкXл█мMX≥≥▄NLлXLM▌NM▌мм▄мнXM█YLыLмXлмLы█ML▄M▄куTT■яQQп√KVPрUт⌠уврQпS▒т▒Q▒T▒S░яWп▓S▒S▒кRQт░UQу▒T▓Q▓QQ▌▌ьX▌LX▄L▌XXммNYXы█Y≤█▄ммLм█▄L≥▌▄XьлYXы█XммьмPуU▒WсPTуT≈у▄≈рSSQV▒п≈п▓S▒S▒влк█▄L██мс▄плL▄LKLKMмкь▄██L▄YY≤L≥▄мыYMY▄мл█мы█▄ь≥YML≤≥N▌NNNLл█▄ььXыXк▌LXьмьььы≥▄мMY▄LY▄м▄█L≤█X▄█лм≤█мMLMMLмь█лXXыNXLьX▀уTT■яQQп√KVPрUт⌠уврQпS▒т▒Q▒T▒S░яWп▓S▒S▒кRQт░UQу▒T▓Q▓QQ▌▌ьX▌LX▄L▌XXммNYXы█Y≤█▄ммLм█▄L≥▌▄XьлYXы█XммьмPуU▒WсPTуT≈у▄≈рSSQV▒п≈п▓S▒S▒влк█▄L██Kмс▄плMK▄MкLкMнK≥XY≤▄X≥MY▄▄Xм≤MмY≤ь≥ммXY█▄▄YLL█MMм≤≥L≤ыMNY≤█лY≤▌XLX█▄XмX▄NX≥▌▄ьM▌NML▄█▄≤L█Y≥≤█мьь▄██ьLLы≤XыNXN≥▄▌MLь▌KуTT■яQQп√KVPрUт⌠уврQпS▒т▒Q▒T▒S░яWп▓S▒S▒кRQт░UQу▒T▓Q▓QQ▌▌ьX▌LX▄L▌XXммNYXы█Y≤█▄ммLм█▄L≥▌▄XьлYXы█XммьмPуU▒WсPTуT≈у▄≈рSSQV▒п≈п▓S▒S▒влк█▄L██▀мс▄пл▄▄▄▀NKNкY≥▄█нL≤нX▌MьлLLльMY▄M≥█нY█л██мLьы≤м▄м≥≥M█≥X≤M▄█нMNLLXNY▀ыNX▌≤Y▄X█лмX≥▌X≤≤ь▌≥▄MY▄▌M█нM█Y≤M≥LлN≥≤ы≤▄X≥M≥M█ьKуTT■яQQп√KVPрUт⌠уврQпS▒т▒Q▒T▒S░яWп▓S▒S▒кRQт░UQу▒T▓Q▓QQ▌▌ьX▌LX▄L▌XXммNYXы█Y≤█▄ммLм█▄L≥▌▄XьлYXы█XммьмPуU▒WсPTуT≈у▄≈рSSQV▒п≈п▓S▒S▒влк█▄L██кмс▄пл█K▄▌KLкN▀▄NYMм██XмNLM▄≤ьYыMм▌Xы≥▄▌L█мM█▄█ььY≥ьн≤≤≥YYYLY≤мK▌Y█▌YLXLы▄XL█лмMмыMь▌MнM▌X▄▌MLLNY▌L≥≤YмL▌M▌Mы▌XлY█≤≤XыKуTT■яQQп√KVPрUт⌠уврQпS▒т▒Q▒T▒S░яWп▓S▒S▒кRQт░UQу▒T▓Q▓QQ▌▌ьX▌LX▄L▌XXммNYXы█Y≤█▄ммLм█▄L≥▌▄XьлYXы█XммьмPуU▒WсPTуT≈у▄≈рSSQV▒п≈п▓S▒S▒влк█▄L█▌мс▄плл▄мKKNK≥≥█≥Y▄Mм▌L≥NM▄лM▄L▄X▄█л▄лM≥≤NMлY≥Lнь≤NNYM█≤█ьы▌Xм▀LмY▄л≤L▌XMMмы≥█▄л█MLм▄≤ь≤ь≥мYMыыLNL▄MNYY≤MYыMь▄л▄KуTT■яQQп√KVPрUт⌠уврQпS▒т▒Q▒T▒S░яWп▓S▒S▒кRQт░UQу▒T▓Q▓QQ▌▌ьX▌LX▄L▌XXммNYXы█Y≤█▄ммLм█▄L≥▌▄XьлYXы█XммьмPуU▒WсPTуT≈у▄≈рSSQV▒п≈п▓S▒S▒влк█▄L█▌KмсMWплKLнKL▌KLмK█XнMX██Nы█NM██▄▄▌Mлы≥≤█ммM█ылYNыMмX▄LY█ь▌Y≤Mмк▌█▄LM▌MыM█ыXьMXл▄XY▄лы▄≤ыYXм██LX≥L▄LY▌XNNX≥MкуTT■яQQп√KVPрUт⌠уврQпS▒т▒Q▒T▒S░яWп▓S▒S▒кRQт░UQу▒T▓Q▓QQ▌▌ьX▌LX▄L▌XXммNYXы█Y≤█▄ммLм█▄L≥▌▄XьлYXы█XммьмPуU▒WсPTуT≈у▄≈рSSQV▒п≈п▓S▒S▒влк█▄L█лмсMWплLMKL█▀Lмк▄▌LлнLML≤▌█ы▄MмыXм██≥M█M▄▌X▄LNMмYMлNM≤M≤ьNXL▄▄мYNY▌л≥LXмнXнMльLммL▌X▄ьнML▌LыML≤≥≥KуTT■яQQп√KVPрUт⌠уврQпS▒т▒Q▒T▒S░яWп▓S▒S▒кRQт░UQу▒T▓Q▓QQ▌▌ьX▌LX▄L▌XXммNYXы█Y≤█▄ммLм█▄L≥▌▄XьлYXы█XммьмPуU▒WсPTуT≈у▄≈рSSQV▒п≈п▓S▒S▒влк█▄L█лKмсMWплMKML▀L▄кMNLмMM▄л≤L≤ыMлM█л≥██≥YNMM█Y▌MMYX▄ыLNMыь≤мL█M≤≤Xл≤YYYMKML▌MлмLYY█ы▄лы▌NL≥M█нь█LMXX≥█≤≤LнX█≥MY▄мYY≤XXMуTT■яQQп√KVPрUт⌠уврQпS▒т▒Q▒T▒S░яWп▓S▒S▒кRQт░UQу▒T▓Q▓QQ▌▌ьX▌LX▄L▌XXммNYXы█Y≤█▄ммLм█▄L≥▌▄XьлYXы█XммьмPуU▒WсPTуT≈у▄≈рSSQV▒п≈п▓S▒S▒влк█▄L█л▀мсMWпл▄MNKLNKMX≤≥XL▄YNM≥XлLньNLм█ь▌LMм█≤█▄MнL≥Mы≤≥█нMмXнNY█≤ьмL▄▀XNьMыYLXьMмXMмMMьл██≤ы█нLлмыLXX≤X▄ь≤мMььь≤ыY≥Mмь▄MYY█мм▀уTT■яQQп√KVPрUт⌠уврQпS▒т▒Q▒T▒S░яWп▓S▒S▒кRQт░UQу▒T▓Q▓QQ▌▌ьX▌LX▄L▌XXммNYXы█Y≤█▄ммLм█▄L≥▌▄XьлYXы█XммьмPуU▒WсPTуT≈у▄≈рSSQV▒п≈п▓S▒S▒влк█▄L█лкмсMWпл█KM█LMкMLнYLLX▌≤ы█▄м≥≥≤▄л≥▄мм▄Mмьм█м█ьX≥▌XMльMX≤лMY▌YNKYN▄▄лMм≤ы≤NыN≥ыXLNMM██≥≤н▄LMлMмм≥▄NX█нMNнXы≤▀уTT■яQQп√KVPрUт⌠уврQпS▒т▒Q▒T▒S░яWп▓S▒S▒кRQт░UQу▒T▓Q▓QQ▌▌ьX▌LX▄L▌XXммNYXы█Y≤█▄ммLм█▄L≥▌▄XьлYXы█XммьмPуU▒WсPTуT≈у▄≈рSSQV▒п≈п▓S▒S▒влк█▄L█ммсMWпллMл▀LLкML█нNXл▄Lы█N▌█XMьь█мNL▄YьYL≥▌Mл▌NXлM≥NLы▄лX≤ы≤≥██ьь█▌▄K▄XмNYнн≤Mл≥Lл█MLX≤▄▌M≤NL▄Lль▄≤MмM█ы█M█≥≤≤NYNKуTT■яQQп√KVPрUт⌠уврQпS▒т▒Q▒T▒S░яWп▓S▒S▒кRQт░UQу▒T▓Q▓QQ▌▌ьX▌LX▄L▌XXммNYXы█Y≤█▄ммLм█▄L≥▌▄XьлYXы█XммьмPуU▒WсPTуT≈у▄≈рSSQV▒п≈п▓S▒S▒влк█▄L█мKмсMWплмKMнLKMLк≥▌ьм≤YNXыMлыM▄Mм█мXYLлM▄█▌л▌XY▌M▌YXN≤ь█YLMY≥ьM≥XYN▀██Lм≥Y▄Lм▄ььMMлLммы▄▌X▌LYY▄м≥ы≥▌X≥▄▌L≥MN≤ыMXмKуTT■яQQп√KVPрUт⌠уврQпS▒т▒Q▒T▒S░яWп▓S▒S▒кRQт░UQу▒T▓Q▓QQ▌▌ьX▌LX▄L▌XXммNYXы█Y≤█▄ммLм█▄L≥▌▄XьлYXы█XммьмPуU▒WсPTуT≈у▄≈рSSQV▒п≈п▓S▒S▒влк█▄L█м▀мсMWплNKLMMк▄M≥█ыL≤█XыNYYLл≥мYNNYXMьLXY▌X≤ы█лнLм≤X▄лML≤NY▌X≤≤≤NNL█M█M█м▌LнMX≥M▌█Lы▌лX≥█ыYXL▌M≥≤ы▄MYLлYNLн≥▄нLьл≥█KуTT■яQQп√KVPрUт⌠уврQпS▒т▒Q▒T▒S░яWп▓S▒S▒кRQт░UQу▒T▓Q▓QQ▌▌ьX▌LX▄L▌XXммNYXы█Y≤█▄ммLм█▄L≥▌▄XьлYXы█XммьмPуU▒WсPTуT≈у▄≈рSSQV▒п≈п▓S▒S▒влк█▄L█мкмсMWплKNLLMN▄MY▄л▄▄▄ы▌N≥≥YLMM▌≥▄▄M▄ML▄▌NX▄LNN≤LнXы≤мNLY≥▌ь▀л▌NNXл▄█≤лXLN▄LXмY≥▄MннLLXнMXмыXы▄LXмXY▌LьYXмYKуTT■яQQп√KVPрUт⌠уврQпS▒т▒Q▒T▒S░яWп▓S▒S▒кRQт░UQу▒T▓Q▓QQ▌▌ьX▌LX▄L▌XXммNYXы█Y≤█▄ммLм█▄L≥▌▄XьлYXы█XммьмPуU▒WсPTуT≈у▄≈рSSQV▒п≈п▓S▒S▒влк█▄L█нмсMWплLNM▀MKM▄▀≤█NXлMл≤лл▄MLX≤LLMLымXMYLYыьX▄ь█≤нмьYMXм█ыY▄█нY▌≥▄█▌Lы≤≤ьXнNL≤MLMXн▌XY█▄лLнMXнл▄ь≤▄██мY≥Y█LYXл≥▌уTT■яQQп√KVPрUт⌠уврQпS▒т▒Q▒T▒S░яWп▓S▒S▒кRQт░UQу▒T▓Q▓QQ▌▌ьX▌LX▄L▌XXммNYXы█Y≤█▄ммLм█▄L≥▌▄XьлYXы█XммьмPуU▒WсPTуT≈у▄≈рSSQV▒п≈п▓S▒S▒влк█▄L█нKмсMWплMK▄кLM█▀M██ь█NMNL█ыMYYмыXлн≤≥Y▄лмм▄Mы█ы▄ьNN▄≥MMML▄M▄Y≥▌MMл▌YL▄▌X▄M▌X≥X≤ьY█N█NM██ьмлX▄█▄мYыN≤█мы≤ы▀уTT■яQQп√KVPрUт⌠уврQпS▒т▒Q▒T▒S░яWп▓S▒S▒кRQт░UQу▒T▓Q▓QQ▌▌ьX▌LX▄L▌XXммNYXы█Y≤█▄ммLм█▄L≥▌▄XьлYXы█XммьмPуU▒WсPTуT≈у▄≈рSSQV▒п≈п▓S▒S▒влк█▄L█мсMWпл▄▄кKMлY▌█▌NMLM▄мы▄█MLL≤Xь█лмM█MмLыN█LMьм≤M≤≥≤XнNLл▄кN▄≥█ы█Xлл≥≤NL█YM▄≤ыLMNNL▌Y▄▌≥MлNьYXыNLььы≤█нNLы█KуTT■яQQп√KVPрUт⌠уврQпS▒т▒Q▒T▒S░яWп▓S▒S▒кRQт░UQу▒T▓Q▓QQ▌▌ьX▌LX▄L▌XXммNYXы█Y≤█▄ммLм█▄L≥▌▄XьлYXы█XммьмPуU▒WсPTуT≈у▄≈рSSQV▒п≈п▓S▒S▒влк█▄L█KмсMWпл█K▄MнMл▀Y▄█ь█м▄▌█L≤▄ы▌ь▄≤ь≥█л≥YLNыX≤ь▄мYMM≥▄лXл≥XYLMлLнM≤NK▄▄м≤NX≥L█ьмNлXнNьм█Nы≤мLMYY≥≤M≤█LYMмьнMXл█л≤YуTT■яQQп√KVPрUт⌠уврQпS▒т▒Q▒T▒S░яWп▓S▒S▒кRQт░UQу▒T▓Q▓QQ▌▌ьX▌LX▄L▌XXммNYXы█Y≤█▄ммLм█▄L≥▌▄XьлYXы█XммьмPуU▒WсPTуT≈у▄≈рSSQV▒п≈п▓S▒S▒влк█▄L█▀мсMWплл▄▄лMмKL█л▄≥LYьмNы≥█≥█ML≥█MмMнN≥≥▌ммнX▄ыXXььY≤л█н≤Y█л▌MX▄Mы█лл█≤ы▄██▄ь≤█ыM█лNM≤LYLXы≥Y▄л▄Mы▄ьмыM≤мNM≥≤X▌Y≥▀уTT■яQQп√KVPрUт⌠уврQпS▒т▒Q▒T▒S░яWп▓S▒S▒кRQт░UQу▒T▓Q▓QQ▌▌ьX▌LX▄L▌XXммNYXы█Y≤█▄ммLм█▄L≥▌▄XьлYXы█XммьмPуU▒WсPTуT≈у▄≈рSSQV▒п≈п▓S▒S▒влк█▄L█кмсLплKL█кLMкL▄к≤мьMьнM█ы≥▄█лXыX██ьM█▄ьLNмлL▄L▄█XьM≤мыY▄█≤лMмXK█X≤ы█NLм▄ыь▌YM≤NX▄▄л≥≤L█YLлыL█▌L▄LннL≤ь≤▌XьYXM≥█ьLKуTT■яQQп√KVPрUт⌠уврQпS▒т▒Q▒T▒S░яWп▓S▒S▒кRQт░UQу▒T▓Q▓QQ▌▌ьX▌LX▄L▌XXммNYXы█Y≤█▄ммLм█▄L≥▌▄XьлYXы█XммьмPуU▒WсPTуT≈у▄≈рSSQV▒п≈п▓S▒S▒влк█▄L█мсLплLLлкLML█K▌L▄▄MMNNY█▄▄лXмLN≤мь▌▄▄MX▄███NнLмNLыLм█Y▌≥█ллыMь█KXлмMXNX█л▌M▄≤▄█≥Mы▄нL▌X█LлY▄≥≥LN▄XнMы▌▄ы█▄ь≥▄м▌Y▀уTT■яQQп√KVPрUт⌠уврQпS▒т▒Q▒T▒S░яWп▓S▒S▒кRQт░UQу▒T▓Q▓QQ▌▌ьX▌LX▄L▌XXммNYXы█Y≤█▄ммLм█▄L≥▌▄XьлYXы█XммьмPуU▒WсPTуT≈у▄≈рSSQV▒п≈п▓S▒S▒влк█▄L█KмсLплMKMLL▀L▌KL█YXн█мм≤ы≥≥▄лыYXь▄XLLNL▄ь▄N█≤Y▄≤лLMл█M≤NM▌≤LXм▀▌XLьL▄LYM▄лMьм≥X≤м≤M█м▌XмльнMл▄▄Xьм▌L≥LY▄≥L▄мьXN≥≥уTT■яQQп√KVPрUт⌠уврQпS▒т▒Q▒T▒S░яWп▓S▒S▒кRQт░UQу▒T▓Q▓QQ▌▌ьX▌LX▄L▌XXммNYXы█Y≤█▄ммLм█▄L≥▌▄XьлYXы█XммьмPуU▒WсPTуT≈у▄≈рSSQV▒п≈п▓S▒S▒влк█▄L█▀мсLпл▄M▀LкLлK▄Xьь▄нMм█ьXLLльллнNL█лм█▄▌M≤▄м██▌LнYNLXXмXы≤NYмX█≥▀м≤ьY█≥лYL█L█L▌Lм█LLль▄м▌Xм█≤ыYY█ь≤ллл█▄м█ь▌мы≥NMN█куTT■яQQп√KVPрUт⌠уврQпS▒т▒Q▒T▒S░яWп▓S▒S▒кRQт░UQу▒T▓Q▓QQ▌▌ьX▌LX▄L▌XXммNYXы█Y≤█▄ммLм█▄L≥▌▄XьлYXы█XммьмPуU▒WсPTуT≈у▄≈рSSQV▒п≈п▓S▒S▒влк█▄L█кмсLпл█KML▀LKLм▀Mл█MллM≥█лYNLMNY█MXNY≤YX≤Y▄█YMы≤M≥▄▌≥M█≥▄▌Lы≥▌NK≥█Y▄XлMNNLLл█ыY≥NмLNYL█ыы▄M▄нY≥≥▄█ммMYL█▄LльнMMлуTT■яQQп√KVPрUт⌠уврQпS▒т▒Q▒T▒S░яWп▓S▒S▒кRQт░UQу▒T▓Q▓QQ▌▌ьX▌LX▄L▌XXммNYXы█Y≤█▄ммLм█▄L≥▌▄XьлYXы█XммьмPуU▒WсPTуT≈у▄≈рSSQV▒п≈п▓S▒S▒влк█▄L█мсLпллMNKLKLмк▄NNNXмM█л▄YY█LмьлY≥█лX█Mьы≤N█▄█≤MнL█Y▌L≥≥Y█▌LXLлX▌X≤XыL▄≤≥█≤L█≥▌XMы▄Mы▄≤X▄NлX≥▄≤Y≥N▌XыXL▄≥NM≥L█▌▀уTT■яQQп√KVPрUт⌠уврQпS▒т▒Q▒T▒S░яWп▓S▒S▒кRQт░UQу▒T▓Q▓QQ▌▌ьX▌LX▄L▌XXммNYXы█Y≤█▄ммLм█▄L≥▌▄XьлYXы█XммьмPуU▒WсPTуT≈у▄≈рSSQV▒п≈п▓S▒S▒влк█▄L█KмсLплмKM█KMкMKмь≥Y▄█▄≤█XллмLNMMLNL≥NX▌нL▄≤MX≤ы█XX▄лмY≥≤≥≤ьнLклнь≤██лXмлмыыY█M▄Y≥XлыYMь≥YXNNM≤▄M≤л▄▌M█лм█Mь█ыKуTT■яQQп√KVPрUт⌠уврQпS▒т▒Q▒T▒S░яWп▓S▒S▒кRQт░UQу▒T▓Q▓QQ▌▌ьX▌LX▄L▌XXммNYXы█Y≤█▄ммLм█▄L≥▌▄XьлYXы█XммьмPуU▒WсPTуT≈у▄≈рSSQV▒п≈п▓S▒S▒влк█▄L█LмсLплMлKL▀Mмл█▄≥▄MLь▄лы≤н▄≤▄▄≤лLыL▄≤▌лы≥M≥▄█▄▄Mл█≤≥XнM▌KмллXм█≥▄≥L≥L█NY▌ьлLыN▄▄ыM▄≥Xн▄Mлл█LNлыXM█▄куTT■яQQп√KVPрUт⌠уврQпS▒т▒Q▒T▒S░яWп▓S▒S▒кRQт░UQу▒T▓Q▓QQ▌▌ьX▌LX▄L▌XXммNYXы█Y≤█▄ммLм█▄L≥▌▄XьлYXы█XммьмPуU▒WсPTуT≈у▄≈рSSQV▒п≈п▓S▒S▒влк█▄L█LKмсLплKMмкKMкY≥▄м▌XM█LY≥≤▄M≤ьYMмX≥MNML≥▌Xы≥≤M≥█Lл█NY█лмллY█LнX▄ь▀Y█ьM≥≥Y▄л▄LыXL▌Y█YXYMыY≤Xьь▄н≤ы█≥Nьы▄█ыLм█X▌X≤LкуTT■яQQп√KVPрUт⌠уврQпS▒т▒Q▒T▒S░яWп▓S▒S▒кRQт░UQу▒T▓Q▓QQ▌▌ьX▌LX▄L▌XXммNYXы█Y≤█▄ммLм█▄L≥▌▄XьлYXы█XммьмPуU▒WсPTуT≈у▄≈рSSQV▒п≈п▓S▒S▒влк█▄L█L▀мсLплLNккML▌NMY≥█LYM≥YYY≤XыM≤л▄Y▄л█L▄▄≥XL█▌н█▄ь█Mь≥M▌L≥≤л▌X≥к▄Lнь▄≤XXLлLлыYн▄лллы█▄▄ьYLLы▄█лN▌NY≥XьN█нмL█▄█≥▀уTT■яQQп√KVPрUт⌠уврQпS▒т▒Q▒T▒S░яWп▓S▒S▒кRQт░UQу▒T▓Q▓QQ▌▌ьX▌LX▄L▌XXммNYXы█Y≤█▄ммLм█▄L≥▌▄XьлYXы█XммьмPуU▒WсPTуT≈у▄≈рSSQV▒п≈п▓S▒S▒влк█▄L█LкмсLплMKNKмкMMьлMммь≥Mы▌M≥▄LNM▄Y█▌MлXY▄NYLн▄Lлмьм≤лXы≥M▌км≤мь≥M█ыM▌YMMнMьYY█≥≥NXмллы▌LлMмMXлM≤ьL≤Xмы▄≤▄LLY≥KуTT■яQQп√KVPрUт⌠уврQпS▒т▒Q▒T▒S░яWп▓S▒S▒кRQт░UQу▒T▓Q▓QQ▌▌ьX▌LX▄L▌XXммNYXы█Y≤█▄ммLм█▄L≥▌▄XьлYXы█XммьмPуU▒WсPTуT≈у▄≈рSSQV▒п≈п▓S▒S▒влк█▄L█MмсLпл▄NLкл▀MMкLXь▌LMлнL▌LььMнX█ыLы█нLLY≥YL≥YньMл≤MMMLYMYKмлNLы▄≥≥≤ы█X▄MльYMLXь██M▄≥▄█Xн≥▌▌Lл▄LмM≥MLMкуTT■яQQп√KVPрUт⌠уврQпS▒т▒Q▒T▒S░яWп▓S▒S▒кRQт░UQу▒T▓Q▓QQ▌▌ьX▌LX▄L▌XXммNYXы█Y≤█▄ммLм█▄L≥▌▄XьлYXы█XммьмPуU▒WсPTуT≈у▄≈рSSQV▒п≈п▓S▒S▒влк█▄L█MKмсLпл█K▄█MNKY≤M▄L≥≤м▌Lл█▄≥≤≥YнNXь█ыM≥LNLы█X▄█≤м≤█≥█XьX█млл▄█MлY██мKл▌LыNXY▄▄ь≥≥MLыY≤NNллM▄нLMY▄LмNь≤лY▄≤ьX█Mл▌≥█мLKуTT■яQQп√KVPрUт⌠уврQпS▒т▒Q▒T▒S░яWп▓S▒S▒кRQт░UQу▒T▓Q▓QQ▌▌ьX▌LX▄L▌XXммNYXы█Y≤█▄ммLм█▄L≥▌▄XьлYXы█XммьмPуU▒WсPTуT≈у▄≈рSSQV▒п≈п▓S▒S▒влк█▄L█M▀мсLплл▄KMM▄▀L▄NX≥NMXы▌YMNLы≤л≥L▌LлLмл≤ьX≥Xь▌Lьм█≥NM█▄▄L█Y≤M▀█нNLY▄YM█Xм▌L▄M≥Mм█нLн▄ьыML≥Y▌лнXX≤▌LLллмNл▄куTT■яQQп√KVPрUт⌠уврQпS▒т▒Q▒T▒S░яWп▓S▒S▒кRQт░UQу▒T▓Q▓QQ▌▌ьX▌LX▄L▌XXммNYXы█Y≤█▄ммLм█▄L≥▌▄XьлYXы█XммьмPуU▒WсPTуT≈у▄≈рSSQV▒п≈п▓S▒S▒влк█▄L█MкмсLплмK▄LKM█▀XXмныL▌Y▄█NYNMYY≥█н≤XнXN█▄MьNLLьы≤≥MмLLнMыьYMмь█XнM▀▌XNлммLX▄м██≥█мY█лXL≤лX▌Lлы▌Y█ы▄X▌LлллNLLы▄M≤▄Y▄LNNL▄L▀уTT■яQQп√KVPрUт⌠уврQпS▒т▒Q▒T▒S░яWп▓S▒S▒кRQт░UQу▒T▓Q▓QQ▌▌ьX▌LX▄L▌XXммNYXы█Y≤█▄ммLм█▄L≥▌▄XьлYXы█XммьмPуU▒WсPTуT≈у▄≈рSSQV▒п≈п▓S▒S▒влк█▄L█NмсWплKLMLLLм≤XнX▌▄ыь≥≤≥≤Y▄N▄X▄NLN≤Y█≥N█ь≥YXлMYMXлм≥█▄м≥M▀ыNлX█▄▄ьыLм█L≥≥ьL█лнMлLьы▌YL≤Lм█млы≥≥▄LLь█▄L▄▄█XM▄LYKуTT■яQQп√KVPрUт⌠уврQпS▒т▒Q▒T▒S░яWп▓S▒S▒кRQт░UQу▒T▓Q▓QQ▌▌ьX▌LX▄L▌XXммNYXы█Y≤█▄ммLм█▄L≥▌▄XьлYXы█XммьмPуU▒WсPTуT≈у▄≈рSSQV▒п≈п▓S▒S▒влк█▄L█NKмсWплLL▄L▀LL▀≤L▌YL▌MьM≤лл▄ы≤≥≥LLM▄L▄YMнL▄лYMьMNL≤ьYY▄▄≥LьLнMK▄≥MM█лыыMMY█L█ыLNX▌Lл█Y≤█Mы▄██XнNьNY≤≥Y▌мM▄уTT■яQQп√KVPрUт⌠уврQпS▒т▒Q▒T▒S░яWп▓S▒S▒кRQт░UQу▒T▓Q▓QQ▌▌ьX▌LX▄L▌XXммNYXы█Y≤█▄ммLм█▄L≥▌▄XьлYXы█XммьмPуU▒WсPTуT≈у▄≈рSSQV▒п≈п▓S▒S▒влк█▄L█LмсWплMKL█кNKLM▀≤MNN≥ллNMы█н▌L███M▄XLмYнNнXNXлMLM≥MY≥≥Mл≤▀мNNMлL█Xлн≤LлLXX≥MY▌MX≥≥≥LM≥лм▌M▄нLMMLы≤≥M≤≥XXнуTT■яQQп√KVPрUт⌠уврQпS▒т▒Q▒T▒S░яWп▓S▒S▒кRQт░UQу▒T▓Q▓QQ▌▌ьX▌LX▄L▌XXммNYXы█Y≤█▄ммLм█▄L≥▌▄XьлYXы█XммьмPуU▒WсPTуT≈у▄≈рSSQV▒п≈п▓S▒S▒влк█▄L█LKмсWпл▄LлкMKLNX▌MXNN▌N█м▄м▌L≤█▌NнML▄≤▄MльMьллYLMLN█ыM▌X≥MLK█XMNLлмLлм█н≤ьXLXNLь█ь▄≤нYNY≤L█YYы≥≥MлNYYXM≤ынлNNXлуTT■яQQп√KVPрUт⌠уврQпS▒т▒Q▒T▒S░яWп▓S▒S▒кRQт░UQу▒T▓Q▓QQ▌▌ьX▌LX▄L▌XXммNYXы█Y≤█▄ммLм█▄L≥▌▄XьлYXы█XммьмPуU▒WсPTуT≈у▄≈рSSQV▒п≈п▓S▒S▒влк█▄L█L▀мсWпл█KLнL▀L▄▀ьL≥≥█Lл▄л▄л▄≥█≥LььLьлMY≥L≥X▌Xы≤Lмы≤▄X▄█NL≤ллнYнXM▄к█≤▄≤▄█≥L▄MXLMм≤лX█▄X≥▌█ь▄▄▄▄нYMлXXMнYLYм██NX≥LXL≤куTT■яQQп√KVPрUт⌠уврQпS▒т▒Q▒T▒S░яWп▓S▒S▒кRQт░UQу▒T▓Q▓QQ▌▌ьX▌LX▄L▌XXммNYXы█Y≤█▄ммLм█▄L≥▌▄XьлYXы█XммьмPуU▒WсPTуT≈у▄≈рSSQV▒п≈п▓S▒S▒влк█▄L█LкмсWпллMKKL█Y≥█мYмMмнMмXыX▌Xмл≥ы▌L█YY▄ь≥YL≥≤нX▄▄█▄Y▄▄N▌ы█YY█к▄≤YX▄≥LXLьыLXм▄▄Y≤Xы▌≥▄≤XLмL≤Y≤LXмлл≤Lьн≥▄L█м█X▄MкуTT■яQQп√KVPрUт⌠уврQпS▒т▒Q▒T▒S░яWп▓S▒S▒кRQт░UQу▒T▓Q▓QQ▌▌ьX▌LX▄L▌XXммNYXы█Y≤█▄ммLм█▄L≥▌▄XьлYXы█XммьмPуU▒WсPTуT≈у▄≈рSSQV▒п≈п▓S▒S▒влк█▄L█LмсWплмKMLKL█клм▌LY▌≤L≤XьLлY≤ьм≤▌M≥≤▄█XыXмнX▌≤XьNNLмXнLM≤██NXнл█YX≥≥≥MX█≥≤YL█≥M≤≥XммX≤MX█мL≤≥≤≤L≥▄M█X█л▄≤▄≤MньY█мY█ьNLNKуTT■яQQп√KVPрUт⌠уврQпS▒т▒Q▒T▒S░яWп▓S▒S▒кRQт░UQу▒T▓Q▓QQ▌▌ьX▌LX▄L▌XXммNYXы█Y≤█▄ммLм█▄L≥▌▄XьлYXы█XммьмPуU▒WсPTуT≈у▄≈рSSQV▒п≈п▓S▒S▒влк█▄L█LKмсWплMMкLлK▌ыLLLы≤MлLN≤Lыл≥YьM≥L█ьM▄▄YMь≤L▌Lььл≥█ьNы██ы█ьнMLкьм▄Lм≥LX▌XмY▌M≥█LнL≤YLMYLNX▄X▌м≤▄≥Y▄YNL█LкуTT■яQQп√KVPрUт⌠уврQпS▒т▒Q▒T▒S░яWп▓S▒S▒кRQт░UQу▒T▓Q▓QQ▌▌ьX▌LX▄L▌XXммNYXы█Y≤█▄ммLм█▄L≥▌▄XьлYXы█XммьмPуU▒WсPTуT≈у▄≈рSSQV▒п≈п▓S▒S▒влк█▄L█L▀мсWплKM▄км▀Lлк▌M▌NL█YLL▌XNXь█M▄Y≤нL█мN▄MXLьльлMьM≤≤ььM▄M≥XL█Xл▌MькXMMX≤▌LL█≤▄ыX▄≤ыXXY≤лLммл▌M▄ы≥Nь█L▄█M▌XлY▄мM≥▄XкуTT■яQQп√KVPрUт⌠уврQпS▒т▒Q▒T▒S░яWп▓S▒S▒кRQт░UQу▒T▓Q▓QQ▌▌ьX▌LX▄L▌XXммNYXы█Y≤█▄ммLм█▄L≥▌▄XьлYXы█XммьмPуU▒WсPTуT≈у▄≈рSSQV▒п≈п▓S▒S▒влк█▄L█LкмсWплLM▌▌KLм▀≥▄нY▌XXM▄NLмм▌Xьн▄MьLь▌Y▄YL█≥█≥NXы█лM≥XNлььMM█≥MымN▀▄Y▌XльX≤XML≥XLYX█MMь██L≤л≤MLYMLм≤▄ьм▄Xм≤л≥лMьLмL≥MнYNм▀уTT■яQQп√KVPрUт⌠уврQпS▒т▒Q▒T▒S░яWп▓S▒S▒кRQт░UQу▒T▓Q▓QQ▌▌ьX▌LX▄L▌XXммNYXы█Y≤█▄ммLм█▄L≥▌▄XьлYXы█XммьмPуU▒WсPTуT≈у▄≈рSSQV▒п≈п▓S▒S▒влк█▄L█LмсWплMKMм▄кLнKLY≥ы▌N▄≤ыLXнYLL▄ыN≥M▄л▄ы▄≤XNX≥▄█L▌лNLL▌≤≥NNLL≥▌Y█Nм█LлMLьLнNXXX██MM≥NNM▄≤ыM█Xл█L▄Y█ы≥█X█лLM▄≤NX▄KуTT■яQQп√KVPрUт⌠уврQпS▒т▒Q▒T▒S░яWп▓S▒S▒кRQт░UQу▒T▓Q▓QQ▌▌ьX▌LX▄L▌XXммNYXы█Y≤█▄ммLм█▄L≥▌▄XьлYXы█XммьмPуU▒WсPTуT≈у▄≈рSSQV▒п≈п▓S▒S▒влк█▄L█LKмсWпл▄MнKMкMкNX█нLX█YL█лNмьMлNN▌NMX▌█≥█≥YмY█лMлX▌▄нMнь≤NK▄л≥NM█ллYXMммXMм█л≤X▄ммь≥YM≥XлMнYN█▄л█▄M█Y▄▄≥YYKуTT■яQQп√KVPрUт⌠уврQпS▒т▒Q▒T▒S░яWп▓S▒S▒кRQт░UQу▒T▓Q▓QQ▌▌ьX▌LX▄L▌XXммNYXы█Y≤█▄ммLм█▄L≥▌▄XьлYXы█XммьмPуU▒WсPTуT≈у▄≈рSSQV▒п≈п▓S▒S▒влк█▄L█LLмсWпл█KNкMKыымь█M▄█▄ыXMмLLм≥▌XXы▌≥▄▄м▌ь█л≥L█л▄ьнYLнMлн▌YYXKY█нYMы≥▄≥N≤LY▄LXмLмXNYM▄ьYYMLL≤▌M≤MьXмY≥▄L▌≥▀уTT■яQQп√KVPрUт⌠уврQпS▒т▒Q▒T▒S░яWп▓S▒S▒кRQт░UQу▒T▓Q▓QQ▌▌ьX▌LX▄L▌XXммNYXы█Y≤█▄ммLм█▄L≥▌▄XьлYXы█XммьмPуU▒WсPTуT≈у▄≈рSSQV▒п≈п▓S▒S▒влк█▄L█LLKмсWпллNLм▀MKY█мYYYXYXмX▄▌LлM▌█MыL█Xмм█▄MMLLNXнL▄NY≥YXнMLмнM█мьммLлXы▄ы▌Y▄нL≥LмьL▄мM▄ь≤ыM█▌NM█лXLыL█Y█лммM█≤нLL▌L▀уTT■яQQп√KVPрUт⌠уврQпS▒т▒Q▒T▒S░яWп▓S▒S▒кRQт░UQу▒T▓Q▓QQ▌▌ьX▌LX▄L▌XXммNYXы█Y≤█▄ммLм█▄L≥▌▄XьлYXы█XммьмPуU▒WсPTуT≈у▄≈рSSQV▒п≈п▓S▒S▒влк█▄L█LL▀мсWплмKNM▄▀ML▀≤Y██≤м▄▄NX█ммMымXMY▄▄≥M≤M≥Y██NYYMLX█M▌YL▌NLLыYл▄Kы≥L≤ыьMь█▄LM█млXMьMXлX█▄≥Mл▄ы▄ы≤ыX≥X▌▄ь██▌YL█м█XькуTT■яQQп√KVPрUт⌠уврQпS▒т▒Q▒T▒S░яWп▓S▒S▒кRQт░UQу▒T▓Q▓QQ▌▌ьX▌LX▄L▌XXммNYXы█Y≤█▄ммLм█▄L≥▌▄XьлYXы█XммьмPуU▒WсPTуT≈у▄≈рSSQV▒п≈п▓S▒S▒влк█▄L█LLкмсплKLKLKMкL█LNMM█MнY█ы▄лн≥M≤L▄▄▄LNX█XмыNM▌YM≤▌██LыLмL≥MMLмN▄▄≥XLXнл▄YNMы≤н≤л≤Y≤▌M≥≤ы█▌≤≥≤XьMMллXLLNLXь≤Lм≤≤≤X▄куTT■яQQп√KVPрUт⌠уврQпS▒т▒Q▒T▒S░яWп▓S▒S▒кRQт░UQу▒T▓Q▓QQ▌▌ьX▌LX▄L▌XXммNYXы█Y≤█▄ммLм█▄L≥▌▄XьлYXы█XммьмPуU▒WсPTуT≈у▄≈рSSQV▒п≈п▓S▒S▒влк█▄L█LMмсплLLкKNKлLMмLY▄Y█нN█Lнь█≤ы▄XNMмXм≤LнNMнX▄нлLM▌нXX≤MY≤нNNKMXллMM▌Y≤█XYX█ымнXYL≥M▄ьLLы▌X█≥Mы█ыMM█≤лMMM≤M▄LN≥уTT■яQQп√KVPрUт⌠уврQпS▒т▒Q▒T▒S░яWп▓S▒S▒кRQт░UQу▒T▓Q▓QQ▌▌ьX▌LX▄L▌XXммNYXы█Y≤█▄ммLм█▄L≥▌▄XьлYXы█XммьмPуU▒WсPTуT≈у▄≈рSSQV▒п≈п▓S▒S▒влк█▄L█LMKмсплMKLM▀Lк▌нL≤≥█≥▄▄мNLXL▌▌MыYXлLлYMXYLм≥ьY█MMмMньыYLKM▄MлY█MлMMыXLн█ь▌MMм▌Lл▄≥YNYXл█NLнNмYYM▄Y≥M█LнN▌KуTT■яQQп√KVPрUт⌠уврQпS▒т▒Q▒T▒S░яWп▓S▒S▒кRQт░UQу▒T▓Q▓QQ▌▌ьX▌LX▄L▌XXммNYXы█Y≤█▄ммLм█▄L≥▌▄XьлYXы█XммьмPуU▒WсPTуT≈у▄≈рSSQV▒п≈п▓S▒S▒влк█▄L█LM▀мспл▄L▄кL▀▄нYM≥▌≤лX█▄ь▄ны▌MлYы≤L█мнLY≥▄≥▄X▄ы≥M≥M≥лмлKыXмXмYXYXM▄▄L≥L▄▄L█л▄≥≤ыMьMллX█ь≤LьMм█XMь▄ь≥X≤Xл≤M≤▀уTT■яQQп√KVPрUт⌠уврQпS▒т▒Q▒T▒S░яWп▓S▒S▒кRQт░UQу▒T▓Q▓QQ▌▌ьX▌LX▄L▌XXммNYXы█Y≤█▄ммLм█▄L≥▌▄XьлYXы█XммьмPуU▒WсPTуT≈у▄≈рSSQV▒п≈п▓S▒S▒влк█▄L█LMкмспл█KL█нKLKNYнYL▄ьL≥M▌M≥MM≤л≤X▄Lм≤X≤≥≥Yм≥X▄ьмлYM≥X▄≥▄L▀MлY≥▌▌ы▄≤XыM▄▄██Y█н≥█NYMXл≥MьYNLMь≥≤Mмы▀уTT■яQQп√KVPрUт⌠уврQпS▒т▒Q▒T▒S░яWп▓S▒S▒кRQт░UQу▒T▓Q▓QQ▌▌ьX▌LX▄L▌XXммNYXы█Y≤█▄ммLм█▄L≥▌▄XьлYXы█XммьмPуU▒WсPTуT≈у▄≈рSSQV▒п≈п▓S▒S▒влк█▄L█LNмспллLлKмKLLK▄Y█≤LYNLMм▌X≥LMмл≥≤▄MLMьM█ыL▄ь≤▌NмлMлLьн▄XL≤Y≤Y█KлYMY█X▌≥YN≤м≤ь≥█▌MXLLыYX≥Y▄млY█мYX█ыMYL≥▄лмнMыYLлLKуTT■яQQп√KVPрUт⌠уврQпS▒т▒Q▒T▒S░яWп▓S▒S▒кRQт░UQу▒T▓Q▓QQ▌▌ьX▌LX▄L▌XXммNYXы█Y≤█▄ммLм█▄L≥▌▄XьлYXы█XммьмPуU▒WсPTуT≈у▄≈рSSQV▒п≈п▓S▒S▒влк█▄L█LNKмсплмKLмклKLMKлXY█мXM≥Y█YNн▌лм▄Xм█ьыXьX█ыL≥≥мыX▄лNYм▄≥≤M≥M≥M▀млYL≤≤ы≤мYL█L▌LY▄≥▄█л▄ьMьLLY≥█▄NнLXыыMь▄нMьь█▌YXнY≤X▄куTT■яQQп√KVPрUт⌠уврQпS▒т▒Q▒T▒S░яWп▓S▒S▒кRQт░UQу▒T▓Q▓QQ▌▌ьX▌LX▄L▌XXммNYXы█Y≤█▄ммLм█▄L≥▌▄XьлYXы█XммьмPуU▒WсPTуT≈у▄≈рSSQV▒п≈п▓S▒S▒влк█▄L█L▄мсплM█кLN▄X≤██≤Y▄мNM▌NLь▄XXMллыLл≤NM█XлLM≥NXм▄▄≥XыNXNYYYNYмL≤▄NL≤NXы▌NMNмнX▄LL≥X≥≤█ы▌≥LLыMлл▄X≥█MNл▄█NуTT■яQQп√KVPрUт⌠уврQпS▒т▒Q▒T▒S░яWп▓S▒S▒кRQт░UQу▒T▓Q▓QQ▌▌ьX▌LX▄L▌XXммNYXы█Y≤█▄ммLм█▄L≥▌▄XьлYXы█XммьмPуU▒WсPTуT≈у▄≈рSSQV▒п≈п▓S▒S▒влк█▄L█L▄KмсплKM▄▀L▄▌нN≥NXыYNNYYммY▄XXн▌YYMыNYYL≤▄LNлы≤█Y≤KнлYмXY█▄≥≥≥Y█ьь≤мY▄XмX≥█м▄ы≤≥LLмNYXьM█NLNX≥лмн≤MкуTT■яQQп√KVPрUт⌠уврQпS▒т▒Q▒T▒S░яWп▓S▒S▒кRQт░UQу▒T▓Q▓QQ▌▌ьX▌LX▄L▌XXммNYXы█Y≤█▄ммLм█▄L≥▌▄XьлYXы█XммьмPуU▒WсPTуT≈у▄≈рSSQV▒п≈п▓S▒S▒влк█▄L█L▄▀мсплLMMM▀L█MX▌YML▄Nмь█≤≤X≤NL≥█нн█≥XммNLLы≤≤ыLL▄мLYY█NлмX≤LLкыX≤▄NNXы▌█X≥NXм▌YNY▌L≥▄XьLыMNмы▌YM█X█MыM▄≥уTT■яQQп√KVPрUт⌠уврQпS▒т▒Q▒T▒S░яWп▓S▒S▒кRQт░UQу▒T▓Q▓QQ▌▌ьX▌LX▄L▌XXммNYXы█Y≤█▄ммLм█▄L≥▌▄XьлYXы█XммьмPуU▒WсPTуT≈у▄≈рSSQV▒п≈п▓S▒S▒влк█▄L█L▄кмсплMKM▄KL█кMмн≤Yм▄ьлMNMы≥█M█ьл▄M▄█мY█LыLьXNY≥X█≥LX≥XыMьMML█LMYм█YM█L▄MыLLXMYXм▌LNXнLMн≤NM≥▄▄MмL█лM█≤≥м≥≥▄лкуTT■яQQп√KVPрUт⌠уврQпS▒т▒Q▒T▒S░яWп▓S▒S▒кRQт░UQу▒T▓Q▓QQ▌▌ьX▌LX▄L▌XXммNYXы█Y≤█▄ммLм█▄L≥▌▄XьлYXы█XммьмPуU▒WсPTуT≈у▄≈рSSQV▒п≈п▓S▒S▒влк█▄L█L█мспл▄M█KLльы▄ы≥≥▌LлLь≥▌Y▄█≤мLXL▄▄XыыY≥▌Y≥≤нм▌▄м▄нXXKM≤л≤MXXлы▌L≥▄▄ы▄▄N█л▌MыLнMыM≤█мыMMLм▄≤YYXN▄YYнXMYуTT■яQQп√KVPрUт⌠уврQпS▒т▒Q▒T▒S░яWп▓S▒S▒кRQт░UQу▒T▓Q▓QQ▌▌ьX▌LX▄L▌XXммNYXы█Y≤█▄ммLм█▄L≥▌▄XьлYXы█XммьмPуU▒WсPTуT≈у▄≈рSSQV▒п≈п▓S▒S▒влк█▄L█L█Kмспл█KMл▌KLл▀X≥YN▌MNX▌л█N≥≥≤ы≥LLYмMьLNM█L█Mлм▄LьX▄YNнYMYмLNKLNлLм≥▌NM█LыL≤Mл≤▄MN▌█нY█≥NNMнMLн█YM≤мNLLлL≥Y█м▄нMKуTT■яQQп√KVPрUт⌠уврQпS▒т▒Q▒T▒S░яWп▓S▒S▒кRQт░UQу▒T▓Q▓QQ▌▌ьX▌LX▄L▌XXммNYXы█Y≤█▄ммLм█▄L≥▌▄XьлYXы█XммьмPуU▒WсPTуT≈у▄≈рSSQV▒п≈п▓S▒S▒влк█▄L█L█▀мспллMмKкLмKMNY█≥▄█▄л▄ьмYLNXLLL≤Xь█L▄NY██L▌▌L▄XMX▌XNXMM▌мыMмXNX█Mь▄ы≤Xь≤Y≤лыYыY▄Xл▌≥Mьь≥м≥X≥L▌ыXммL▄≥≥█M▌уTT■яQQп√KVPрUт⌠уврQпS▒т▒Q▒T▒S░яWп▓S▒S▒кRQт░UQу▒T▓Q▓QQ▌▌ьX▌LX▄L▌XXммNYXы█Y≤█▄ммLм█▄L≥▌▄XьлYXы█XммьмPуU▒WсPTуT≈у▄≈рSSQV▒п≈п▓S▒S▒влк█▄L█L█кмсплмKNLнMM▄▄X██л▄▄ьнMM≥Y▄XмM▄м█XмыLмML█YY█Lь≥LXлLмK██ы█ыYLML▄X▌NL▌Xл≥MыMYXьмы≥Lы≤Xы▌L≤X≤█м▄▄≤▌LмY≤▌Y▄▀уTT■яQQп√KVPрUт⌠уврQпS▒т▒Q▒T▒S░яWп▓S▒S▒кRQт░UQу▒T▓Q▓QQ▌▌ьX▌LX▄L▌XXммNYXы█Y≤█▄ммLм█▄L≥▌▄XьлYXы█XммьмPуU▒WсPTуT≈у▄≈рSSQV▒п≈п▓S▒S▒влк█▄L█L▌мсмWплKK▀▌м≥▌≤L▌ь▌▄LLл▌▌██▌L▄XNX≥█≤▌Y≥N▄L▌YYMнMX≤█кNMX≤MXьLY▄▌M█лL█Mл≤≤нYL≥Y▄≤▌Lь≤≤≤█мN▄N▌▄млYXLXы≤≥▀уTT■яQQп√KVPрUт⌠уврQпS▒т▒Q▒T▒S░яWп▓S▒S▒кRQт░UQу▒T▓Q▓QQ▌▌ьX▌LX▄L▌XXммNYXы█Y≤█▄ммLм█▄L≥▌▄XьлYXы█XммьмPуU▒WсPTуT≈у▄≈рSSQV▒п≈п▓S▒S▒влк█▄L█L▌KмсмWплLMмкк▄MMл≥YMLмY≥MY≤▄Y≤Mы≤XлXX≤ыY▄█ьY█м█л▌льыYLYлнLм█M▀≥Mлмм█Mьн▄NLLXлXLYMы▌≥мь≥≤X▌ыL█XмML▄X█MXлLLXлмьNKуTT■яQQп√KVPрUт⌠уврQпS▒т▒Q▒T▒S░яWп▓S▒S▒кRQт░UQу▒T▓Q▓QQ▌▌ьX▌LX▄L▌XXммNYXы█Y≤█▄ммLм█▄L≥▌▄XьлYXы█XммьмPуU▒WсPTуT≈у▄≈рSSQV▒п≈п▓S▒S▒влк█▄L█LлмсмWплMKLKмLKYMMл█X≥≥ль≥≥NльLн▄мXь▄мNM█M█Lл▄≤▌Mл≤▌▄Mлл█≤LM█L▄лKMы▄█▌ML▄лNMнLм█XмXьXMXY▌NLыXX≤мMX≤ьXLN█≤▄L≥XлMX▀уTT■яQQп√KVPрUт⌠уврQпS▒т▒Q▒T▒S░яWп▓S▒S▒кRQт░UQу▒T▓Q▓QQ▌▌ьX▌LX▄L▌XXммNYXы█Y≤█▄ммLм█▄L≥▌▄XьлYXы█XммьмPуU▒WсPTуT≈у▄≈рSSQV▒п≈п▓S▒S▒влк█▄L█LлKмсмWпл▄LклKM≤ьь≥XLь≤▄█X▄LYLлMл▄ыLMNMнL≥Y▄ь≤NM▄≥Y█≤Nм≤Mлы▄█м▄▄YL▀█ь█XьMыLYL≤ML▌Mлы≤M▄█ь▄MNмь▄мM≤█N▌LмL≤LьL█ыNMX≥█▀уTT■яQQп√KVPрUт⌠уврQпS▒т▒Q▒T▒S░яWп▓S▒S▒кRQт░UQу▒T▓Q▓QQ▌▌ьX▌LX▄L▌XXммNYXы█Y≤█▄ммLм█▄L≥▌▄XьлYXы█XммьмPуU▒WсPTуT≈у▄≈рSSQV▒п≈п▓S▒S▒влк█▄L█Lл▀мсмWпл█KLL▀▌Mк≤≥MMY▌≤█Mлм█лыX≥≤▄LM▄≥▄NNXX▌N≥N▄▄NX▌ML██нK█X≥≥MMьы≤LYLY▄мнмыY≤м▄MмY██ьь≥XXлLXL▌XM≤ы≥Mыы▄ыLы▌L▄ьмMуTT■яQQп√KVPрUт⌠уврQпS▒т▒Q▒T▒S░яWп▓S▒S▒кRQт░UQу▒T▓Q▓QQ▌▌ьX▌LX▄L▌XXммNYXы█Y≤█▄ммLм█▄L≥▌▄XьлYXы█XммьмPуU▒WсPTуT≈у▄≈рSSQV▒п≈п▓S▒S▒влк█▄L█LлкмсмWпллLN▄кNLл█M▌XXмXNMLнL≥▌ьыYN▄█лLLнYXлM▌X█L▄≥▌YY≥YNX▌LM≥м▄MLNL▄▌Lь▄л≤≥▄≤мYмLм≥≤мX≥▄≥█XLлмMMMн█Y██LMY█≤▄м▄L█LуTT■яQQп√KVPрUт⌠уврQпS▒т▒Q▒T▒S░яWп▓S▒S▒кRQт░UQу▒T▓Q▓QQ▌▌ьX▌LX▄L▌XXммNYXы█Y≤█▄ммLм█▄L≥▌▄XьлYXы█XммьмPуU▒WсPTуT≈у▄≈рSSQV▒п≈п▓S▒S▒влк█▄L█LммсмWплмKL█NKL▀млXL≥≤лM▌MM≤≤XNLMY█м▌Mл▄█LмьнMY▌LXYYN█нXмMM▄▀YY▄ьммLмыXL≤Xл≥▄ыым≤≥≤NXM█NыMLыь▄LYY▄нL≥█ыYYKуTT■яQQп√KVPрUт⌠уврQпS▒т▒Q▒T▒S░яWп▓S▒S▒кRQт░UQу▒T▓Q▓QQ▌▌ьX▌LX▄L▌XXммNYXы█Y≤█▄ммLм█▄L≥▌▄XьлYXы█XммьмPуU▒WсPTуT≈у▄≈рSSQV▒п≈п▓S▒S▒влк█▄L█LмKмсмWплLлML▀▄ыX██м▄ыX▌Xлл≤Yы▄█▌MXл≥LмлL▄LX≥≤▌LLLMX█Lььм▌MM█≥≤▄≤≤YKY≥▄≤≤≤млMмы≥▄≤L≥≤лнL≥▄XY▄≤лLыL█ы▄Lм▌L≥▄≥ыM█X▄лы≥уTT■яQQп√KVPрUт⌠уврQпS▒т▒Q▒T▒S░яWп▓S▒S▒кRQт░UQу▒T▓Q▓QQ▌▌ьX▌LX▄L▌XXммNYXы█Y≤█▄ммLм█▄L≥▌▄XьлYXы█XммьмPуU▒WсPTуT≈у▄≈рSSQV▒п≈п▓S▒S▒влк█▄L█Lм▀мсмWплKLмLкX≥NML▄≤▄ьлмл█мнL▌YY▌XYX≤м≥YMM█XMл▄LLY≥≤NлY█ыLL≥▄▄XMм≤ыX▌LX▌мL▄≥▄нY≥▄█млнLX█NN█ыLL█мLмыM≤мYX█▌KуTT■яQQп√KVPрUт⌠уврQпS▒т▒Q▒T▒S░яWп▓S▒S▒кRQт░UQу▒T▓Q▓QQ▌▌ьX▌LX▄L▌XXммNYXы█Y≤█▄ммLм█▄L≥▌▄XьлYXы█XммьмPуU▒WсPTуT≈у▄≈рSSQV▒п≈п▓S▒S▒влк█▄L█LмкмсмWплLM▀LLK≤█MыNLы█XY≤L≤≥LLм▄≤≤LNNLXX▌█ь≤мьмL≤≤≥█▄л≤M▄кл▄▌L≤XNMы▄нXX█▄XLм█YыXы≥█▄≤MнM▌L█MNX█▄YY▌▌млыыXLY▀уTT■яQQп√KVPрUт⌠уврQпS▒т▒Q▒T▒S░яWп▓S▒S▒кRQт░UQу▒T▓Q▓QQ▌▌ьX▌LX▄L▌XXммNYXы█Y≤█▄ммLм█▄L≥▌▄XьлYXы█XммьмPуU▒WсPTуT≈у▄≈рSSQV▒п≈п▓S▒S▒влк█▄L█LнмсмWплMKM▀лкLMмM█м≥L≤M≤ьLMнXььм≤Nмл≤мы≥Lы▄≥YLNM▄▄м██L▄ьы≤NNл▌▄NKLьлмLнM≤≥XыX▄≤▄M▌≤MXыMьм▄MXNM▌▄ь█L▌X█мYLMMыыYM██уTT■яQQп√KVPрUт⌠уврQпS▒т▒Q▒T▒S░яWп▓S▒S▒кRQт░UQу▒T▓Q▓QQ▌▌ьX▌LX▄L▌XXммNYXы█Y≤█▄ммLм█▄L≥▌▄XьлYXы█XммьмPуU▒WсPTуT≈у▄≈рSSQV▒п≈п▓S▒S▒влк█▄L█LнKмсмWпл▄MK▄кLMкь██Xь▄Xлы▄ы≥≥MLY≤≥MMьXY≥≤LьMлы≤▄ы██нMLнLнLыXN█≥█L█Nл▄MьLлX▄XььXMMльMY≥м≥YX▄X▄LXн█▌Xл≥█X▄≤X▌LLXмXлLYY▄LMKуTT■яQQп√KVPрUт⌠уврQпS▒т▒Q▒T▒S░яWп▓S▒S▒кRQт░UQу▒T▓Q▓QQ▌▌ьX▌LX▄L▌XXммNYXы█Y≤█▄ммLм█▄L≥▌▄XьлYXы█XммьмPуU▒WсPTуT≈у▄≈рSSQV▒п≈п▓S▒S▒влк█▄L█MмсмWпл█KMMKLNK▄█мY▄MьLLNMм▄Y█M≤≤█▌мь█Xл█L▄L≥█▄ыXYL▄ыY≤XмMмYLX▀м▌YллмM≥LNL≤NXнNNYYXMXыXXьXьL≤ыMь▌ыYYMльмь▄л█≥▄≥▄KуTT■яQQп√KVPрUт⌠уврQпS▒т▒Q▒T▒S░яWп▓S▒S▒кRQт░UQу▒T▓Q▓QQ▌▌ьX▌LX▄L▌XXммNYXы█Y≤█▄ммLм█▄L≥▌▄XьлYXы█XммьмPуU▒WсPTуT≈у▄≈рSSQV▒п≈п▓S▒S▒влк█▄L█MKмсмWпллM▄KL▄к█NYL≤Lл▌▌Xь▄Lм≤▄м█ыMXMь█м≤ммлLM▄ммы▌LL≤м≤MXьLнLNNMлм▄нYLY≥▌NNMьмY█м▄LнL≤л≤LM▄≤XXы▄MM▄XлMм█мLKуTT■яQQп√KVPрUт⌠уврQпS▒т▒Q▒T▒S░яWп▓S▒S▒кRQт░UQу▒T▓Q▓QQ▌▌ьX▌LX▄L▌XXммNYXы█Y≤█▄ммLм█▄L≥▌▄XьлYXы█XммьмPуU▒WсPTуT≈у▄≈рSSQV▒п≈п▓S▒S▒влк█▄L█M▀мслплKн▌м▄≤▌Y▄▌Y▄▌L≥≤мьы▄Mьы▄▄▄MY█MмьMLнXNN▌▌ььл≤ыX▄▄ыL▀≤▄≥▄▄ы▄Lн≥NL█≥≤MXл█≥M▌≤▄ььлYLьMм▄▄ны▌≥█ннYLLыKуTT■яQQп√KVPрUт⌠уврQпS▒т▒Q▒T▒S░яWп▓S▒S▒кRQт░UQу▒T▓Q▓QQ▌▌ьX▌LX▄L▌XXммNYXы█Y≤█▄ммLм█▄L≥▌▄XьлYXы█XммьмPуU▒WсPTуT≈у▄≈рSSQV▒п≈п▓S▒S▒влк█▄L█MкмслплLк█▀м▀███MнM▄█L█L▄M≤YXл█XXLьLлнNM▌л≥█≥X▄MLл▄MMыь≥▌Mл≤▌LыKY█▄лXлMY█XYNMXX█▌L≥M▌MMлммыXь≥██ль▄█LX≥LьнY≤≥MьKуTT■яQQп√KVPрUт⌠уврQпS▒т▒Q▒T▒S░яWп▓S▒S▒кRQт░UQу▒T▓Q▓QQ▌▌ьX▌LX▄L▌XXммNYXы█Y≤█▄ммLм█▄L≥▌▄XьлYXы█XммьмPуU▒WсPTуT≈у▄≈рSSQV▒п≈п▓S▒S▒влк█▄L█MмслплMKK▄кнK≤█MMь▄██MLыл≥NннNYLл≥XьX≥Lмы≤Y≤█MLYNM▌Y█лLMYMXKN██Y▄л≤Xь≤ь█Y█нMX█лы≤≥X▄≥MлнM▄ы≤ь≤█ы▌M█▄нXнMььMXлY≥≤LмыMNуTT■яQQп√KVPрUт⌠уврQпS▒т▒Q▒T▒S░яWп▓S▒S▒кRQт░UQу▒T▓Q▓QQ▌▌ьX▌LX▄L▌XXммNYXы█Y≤█▄ммLм█▄L≥▌▄XьлYXы█XммьмPуU▒WсPTуT≈у▄≈рSSQV▒п≈п▓S▒S▒влк█▄L█MKмслпл▄MK▄▀NL█ллмыYыLьмY▄MM≤≥Y≤█ь≥Y≤≤ы≤▄мьXNл▄█лмL█M≤км≤≥Y▄Y≤≤н≥мл▄L≤нYX≥LNX███▌≥л≥≤██ьX≤MыXыY█≥MN▄MLуTT■яQQп√KVPрUт⌠уврQпS▒т▒Q▒T▒S░яWп▓S▒S▒кRQт░UQу▒T▓Q▓QQ▌▌ьX▌LX▄L▌XXммNYXы█Y≤█▄ммLм█▄L≥▌▄XьлYXы█XммьмPуU▒WсPTуT≈у▄≈рSSQV▒п≈п▓S▒S▒влк█▄L█M▀мслпл█KLMк▀MнX≥X▌▄█≤лльY█лNXлLY▄ы██н≥X▄≤нXLм▌L≤█мммLлNYY≥LLNXм≤█▄XнLлXь≥█л█лл██ыMMXнLMLYMX≤█≥ыXLLY▌ьL█M▄X▌M▄LкуTT■яQQп√KVPрUт⌠уврQпS▒т▒Q▒T▒S░яWп▓S▒S▒кRQт░UQу▒T▓Q▓QQ▌▌ьX▌LX▄L▌XXммNYXы█Y≤█▄ммLм█▄L≥▌▄XьлYXы█XммьмPуU▒WсPTуT≈у▄≈рSSQV▒п≈п▓S▒S▒влк█▄L█MкмслпллL▀L▀кY≤≥≤LX▄≥LнNXнN▄█ьL≥▄Lм▌█XыY▌Mмм█≤Y▄▄█л█L▄лMььNYMYLклM≥Y█≤▌▄NL▄MLL≤█≤▌X▌≤YM▄X█XYL█ы█ыY▄н█XлMNNым≥M█≤LлкуTT■яQQп√KVPрUт⌠уврQпS▒т▒Q▒T▒S░яWп▓S▒S▒кRQт░UQу▒T▓Q▓QQ▌▌ьX▌LX▄L▌XXммNYXы█Y≤█▄ммLм█▄L≥▌▄XьлYXы█XммьмPуU▒WсPTуT≈у▄≈рSSQV▒п≈п▓S▒S▒влк█▄L█MмслплмKLLKкLLMнXN≥≥M█LY█▌Y▄лMMXNXл▌YM≤млX█лыLм≤▌L▄L█▄ьYYL█Y█X≤≤ьм≥LььннNMыы▄▄M▄LYLмL▄MM≤M≥Y≥Y█ьMLл▌Y▌YX≥KуTT■яQQп√KVPрUт⌠уврQпS▒т▒Q▒T▒S░яWп▓S▒S▒кRQт░UQу▒T▓Q▓QQ▌▌ьX▌LX▄L▌XXммNYXы█Y≤█▄ммLм█▄L≥▌▄XьлYXы█XммьмPуU▒WсPTуT≈у▄≈рSSQV▒п≈п▓S▒S▒влк█▄L█MKмслплLMк▀M█ыL█млL≤▄LMM█NMыL▄Mььн▄▄≤≤≤▄≥≥YXNYXы█ыL≤X≥Y≥мYNK≤L≤мLыMьL██Y≥▄≤L▄L≤л██X█Xл▌мLM≤л▌LлмNL█L≤ль≤█Y≥Y▄NуTT■яQQп√KVPрUт⌠уврQпS▒т▒Q▒T▒S░яWп▓S▒S▒кRQт░UQу▒T▓Q▓QQ▌▌ьX▌LX▄L▌XXммNYXы█Y≤█▄ммLм█▄L≥▌▄XьлYXы█XммьмPуU▒WсPTуT≈у▄≈рSSQV▒п≈п▓S▒S▒влк█▄L█MLмслплKL▄Kм▀MKXMMNL▌M≥█≥██▄≥Y█LнX█нY≤ы▄ы≤ьмYY█ьYLY≥M≥LXлY█мNLыXкX▌LX▌NмMNYX▄█NLь█YM█ь▌XX█▌MыY█ы≤▄ыYY▄ыXлы█Mм▀уTT■яQQп√KVPрUт⌠уврQпS▒т▒Q▒T▒S░яWп▓S▒S▒кRQт░UQу▒T▓Q▓QQ▌▌ьX▌LX▄L▌XXммNYXы█Y≤█▄ммLм█▄L≥▌▄XьлYXы█XммьмPуU▒WсPTуT≈у▄≈рSSQV▒п≈п▓S▒S▒влк█▄L█MLKмслплLL█к▌NMмлX▌мь█мьм▄YLLы▌L▌YнM≥█м▄≥Y≤ыNX≥XM≤LыX█Y≥NLXнYKLNX██≤█NLмнMлXL▄лX≥LL≥█XX≤лLл▌Y█м█Lьь▌LыыN█YьNY≥MKуTT■яQQп√KVPрUт⌠уврQпS▒т▒Q▒T▒S░яWп▓S▒S▒кRQт░UQу▒T▓Q▓QQ▌▌ьX▌LX▄L▌XXммNYXы█Y≤█▄ммLм█▄L≥▌▄XьлYXы█XммьмPуU▒WсPTуT≈у▄≈рSSQV▒п≈п▓S▒S▒влк█▄L█ML▀мслплMKLл▀MKL▀▄≤ы▌XлXьм≤LнM█ыMл██мы≥Mл▄█YLмL≤▌X▄Lь▄YLY▄XY█ы▄ььNK≤YM≤YM█≤м▄ьY≥▄л≥ы≤LLL≤█L▌ы≤YмM≤лX▌MY≤≤Xлы≤≥KуTT■яQQп√KVPрUт⌠уврQпS▒т▒Q▒T▒S░яWп▓S▒S▒кRQт░UQу▒T▓Q▓QQ▌▌ьX▌LX▄L▌XXммNYXы█Y≤█▄ммLм█▄L≥▌▄XьлYXы█XммьмPуU▒WсPTуT≈у▄≈рSSQV▒п≈п▓S▒S▒влк█▄L█MLкмслпл▄LмкLK█NL█YMмнM█Y≤мы█Y≥▄MлMнXMM≤Lлл≥▄ь▄MьYM≤N≤≤▄MьY▌YL▄Lь▄л▀M▌YNлы≥▌MмыYM▌L≥≤≤NLь≥NMY█M≥L▄█▄▌XмXмLьнM▄≥≥NXKуTT■яQQп√KVPрUт⌠уврQпS▒т▒Q▒T▒S░яWп▓S▒S▒кRQт░UQу▒T▓Q▓QQ▌▌ьX▌LX▄L▌XXммNYXы█Y≤█▄ммLм█▄L≥▌▄XьлYXы█XммьмPуU▒WсPTуT≈у▄≈рSSQV▒п≈п▓S▒S▒влк█▄L█MMмслпл█KMKLкYXL≤M▄Mьл≤≥MXL▄X≥YYNN▄L██L█нMX█нYYNXьнM▄LнNYлML█Y≤▄M≥MнлнM≥лн≤≤MMыLML█LX▌M▄█XYM█лM≤█M▌≤LMн▄мNкуTT■яQQп√KVPрUт⌠уврQпS▒т▒Q▒T▒S░яWп▓S▒S▒кRQт░UQу▒T▓Q▓QQ▌▌ьX▌LX▄L▌XXммNYXы█Y≤█▄ммLм█▄L≥▌▄XьлYXы█XммьмPуU▒WсPTуT≈у▄≈рSSQV▒п≈п▓S▒S▒влк█▄L█MMKмс█WплK█▀Mк▄кXNLмь≥Lь≤Xм▄M▄≥мMX▌≤Mл▄лY█NM▄MLY█≥≤лLLL≥▌NY▄лMLNNXыLNLы▄ьыYM≥X≤YX≤м▄NLн≥XнXмXMьNYXьы≤NLльмX█XMм█▀уTT■яQQп√KVPрUт⌠уврQпS▒т▒Q▒T▒S░яWп▓S▒S▒кRQт░UQу▒T▓Q▓QQ▌▌ьX▌LX▄L▌XXммNYXы█Y≤█▄ммLм█▄L≥▌▄XьлYXы█XммьмPуU▒WсPTуT≈у▄≈рSSQV▒п≈п▓S▒S▒влк█▄L█MM▀мс█WплLлKMK█LьыMLы≤≥Y≥≥≤лллль≤▄л█N▄YML≥≤ыXL█ьл≥MлмX█YMNXмLLлY≤L▄M▌ль█Y██X≤Y≥█NMы▄л≥LыMн≥XYMы≥XX▌L█Xы█▄мы▌█▄≤▄NLьыLLлмXкуTT■яQQп√KVPрUт⌠уврQпS▒т▒Q▒T▒S░яWп▓S▒S▒кRQт░UQу▒T▓Q▓QQ▌▌ьX▌LX▄L▌XXммNYXы█Y≤█▄ммLм█▄L≥▌▄XьлYXы█XммьмPуU▒WсPTуT≈у▄≈рSSQV▒п≈п▓S▒S▒влк█▄L█MMкмс█WплMKнL▀▌Mмь██Xы█LNMллыNXL█L█ьMнM▄LYYM▄▄Lлл▄ыXлMYм≥≥▌Nы▄Yм▄Yм≤L≤ы▄▌Y≤ыNMYY█ы▄M█ы▄≤MллM█ллнмкуTT■яQQп√KVPрUт⌠уврQпS▒т▒Q▒T▒S░яWп▓S▒S▒кRQт░UQу▒T▓Q▓QQ▌▌ьX▌LX▄L▌XXммNYXы█Y≤█▄ммLм█▄L≥▌▄XьлYXы█XммьмPуU▒WсPTуT≈у▄≈рSSQV▒п≈п▓S▒S▒влк█▄L█MNмс█Wпл▄клNXл≥л▄≤MMY▄NLY█мMMльн█NL▄▌Lм≥▌ы≤█L≤≤≥≥YYм█KыMXNN≥≤█MNьм▌▄████M█лллыL≥▌мымLнXны≥N≥MLML▀уTT■яQQп√KVPрUт⌠уврQпS▒т▒Q▒T▒S░яWп▓S▒S▒кRQт░UQу▒T▓Q▓QQ▌▌ьX▌LX▄L▌XXммNYXы█Y≤█▄ммLм█▄L≥▌▄XьлYXы█XммьмPуU▒WсPTуT≈у▄≈рSSQV▒п≈п▓S▒S▒влк█▄L█MNKмс█Wпл█KкKмLмYY█YY▄▄█Y≥≤L▄ы≥█XнLL≤YXнLьь█MыMы▄ML▌█N▄лы≥█≥NXм▄кл▄ьMY≤ы▄█≥XNLMMлMLлM≤ы▌▄LлY█LYMMXь▄XьMл▌L█NYKуTT■яQQп√KVPрUт⌠уврQпS▒т▒Q▒T▒S░яWп▓S▒S▒кRQт░UQу▒T▓Q▓QQ▌▌ьX▌LX▄L▌XXммNYXы█Y≤█▄ммLм█▄L≥▌▄XьлYXы█XммьмPуU▒WсPTуT≈у▄≈рSSQV▒п≈п▓S▒S▒влк█▄L█M▄мс█WпллLкKм▀▄MXыM≤ыL▌Y▌LнMLыX≥Y≤≥█Lьм▄▌X≥NNL≥NX▄NMьM▄L▄NX▄≥█Xм▄L█Y▀LMьнNы█ы▄L≥XыNXн█LXLY≥YMы≤Lм▌X▄MMьYX≥X▄XNLы≥▌ь▀уTT■яQQп√KVPрUт⌠уврQпS▒т▒Q▒T▒S░яWп▓S▒S▒кRQт░UQу▒T▓Q▓QQ▌▌ьX▌LX▄L▌XXммNYXы█Y≤█▄ммLм█▄L≥▌▄XьлYXы█XммьмPуU▒WсPTуT≈у▄≈рSSQV▒п≈п▓S▒S▒влк█▄L█M▄Kмс█WплмKNKм▀нKьL█ыYY≥YL≤LY█лN█≤лMлмMл≤Y▌≤▌XыXLML≥N≥L▌Xы▄NYь▄нNL█Y≤мь▄X≤нX▄M▌▄▄▌▌L█▄▌Y▄MM▌YYл≥YMMXM█уTT■яQQп√KVPрUт⌠уврQпS▒т▒Q▒T▒S░яWп▓S▒S▒кRQт░UQу▒T▓Q▓QQ▌▌ьX▌LX▄L▌XXммNYXы█Y≤█▄ммLм█▄L≥▌▄XьлYXы█XммьмPуU▒WсPTуT≈у▄≈рSSQV▒п≈п▓S▒S▒влк█▄L█M▄▀мс█WплL▌K▀Mы█ьYLь▄YXXлнN█YMLL█▌≤▄█≤▄N≤▄▌L▄█ы█XнYM▄▄XнLK▄LллLM▄▄LLXMY█≥≤мY≥YYы█MмM▌▌▌X█L▄M▄≥LLXым≥LMY▀уTT■яQQп√KVPрUт⌠уврQпS▒т▒Q▒T▒S░яWп▓S▒S▒кRQт░UQу▒T▓Q▓QQ▌▌ьX▌LX▄L▌XXммNYXы█Y≤█▄ммLм█▄L≥▌▄XьлYXы█XммьмPуU▒WсPTуT≈у▄≈рSSQV▒п≈п▓S▒S▒влк█▄L█M▄кмс█WплKL▄▀кLмнNXY▄нY≥M█лXмMMнX▌M▌MьмY≤Mм≤мыLнMM█≥█MLLлмнYл▄м▀NNMXлм▌MLлмL≤▄ьNYXлMM≤ььм▄нYNм▄≥≥LмлXммьXLьы██льлXXKуTT■яQQп√KVPрUт⌠уврQпS▒т▒Q▒T▒S░яWп▓S▒S▒кRQт░UQу▒T▓Q▓QQ▌▌ьX▌LX▄L▌XXммNYXы█Y≤█▄ммLм█▄L≥▌▄XьлYXы█XммьмPуU▒WсPTуT≈у▄≈рSSQV▒п≈п▓S▒S▒влк█▄L█M█мс█WплLLLк▀MLNNNMYNLYMмллXLьXLLьL▌X≤Mы█Y▄≥ыMм▌XN█X█Mы▄≥≤≥█м█MыM≥MXLXнM▄ь≥M▌мнXM▄≤Xм▄X█≥Xм█NLX█NX≤Y█мLLLKуTT■яQQп√KVPрUт⌠уврQпS▒т▒Q▒T▒S░яWп▓S▒S▒кRQт░UQу▒T▓Q▓QQ▌▌ьX▌LX▄L▌XXммNYXы█Y≤█▄ммLм█▄L≥▌▄XьлYXы█XммьмPуU▒WсPTуT≈у▄≈рSSQV▒п≈п▓S▒S▒влк█▄L█M█Kмс█WплMKLNKMл▄мL▌X≥мы█MYNL≤ь█ььлнMы≥NнY≥ьMь▄млMLлM▄Mь≤NX▌≤ьLкMм≥≥LX≤≥▄NY▌L█≤≥MмM█ьнNYYMXм▄M█ы▌XмлNLм≤X█▄ы▄Y▄≥≥NMммKуTT■яQQп√KVPрUт⌠уврQпS▒т▒Q▒T▒S░яWп▓S▒S▒кRQт░UQу▒T▓Q▓QQ▌▌ьX▌LX▄L▌XXммNYXы█Y≤█▄ммLм█▄L≥▌▄XьлYXы█XммьмPуU▒WсPTуT≈у▄≈рSSQV▒п≈п▓S▒S▒влк█▄L█M█▀мс▄плKMKLKN██н≥▄≤Y█▄л▌N▌MлнLL≥ыXMM▄YX▄X▄≤M≥MY█ммNL≥K█N▄л≥▄ы█LMь█≥▄▌X≤л▌LM≤ыM≥M≤MьXмLNMMXь≥≤NXлльь█M▄▄ьлLл▀уTT■яQQп√KVPрUт⌠уврQпS▒т▒Q▒T▒S░яWп▓S▒S▒кRQт░UQу▒T▓Q▓QQ▌▌ьX▌LX▄L▌XXммNYXы█Y≤█▄ммLм█▄L≥▌▄XьлYXы█XммьмPуU▒WсPTуT≈у▄≈рSSQV▒п≈п▓S▒S▒влк█▄L█M█кмс▄плLNKкL▀ыMм▄нNM▄л≥X█≤▌M≥LLX≥X▄ыMль█≥Lм▄н█мM▄Xмы▄▄ыкXYMлMлмьLX▄M▄L≤Xн█нXмLMXлYY█ы▄≤▄мм▄▌YYNX▌Mлы▄M█мыKуTT■яQQп√KVPрUт⌠уврQпS▒т▒Q▒T▒S░яWп▓S▒S▒кRQт░UQу▒T▓Q▓QQ▌▌ьX▌LX▄L▌XXммNYXы█Y≤█▄ммLм█▄L≥▌▄XьлYXы█XммьмPуU▒WсPTуT≈у▄≈рSSQV▒п≈п▓S▒S▒влк█▄L█M▌мс▄плMK█▀KM▀XLы█LмлL≥LлыNLмь█ь≤▄N≤Mл≤NLл█Y▌XXXY▌NLы▄L≤Mлы≥▄XX▄█KXььLл≥▄▄≥MMNLыL≤MлLьMьYNл≥X█мMы≥≤≥≤лN▄ML▌X██ммMLYуTT■яQQп√KVPрUт⌠уврQпS▒т▒Q▒T▒S░яWп▓S▒S▒кRQт░UQу▒T▓Q▓QQ▌▌ьX▌LX▄L▌XXммNYXы█Y≤█▄ммLм█▄L≥▌▄XьлYXы█XммьмPуU▒WсPTуT≈у▄≈рSSQV▒п≈п▓S▒S▒влк█▄L█M▌Kмс▄пл▄лмкNK█м≤Y▌LM▄█▌Y█▌Lь≤█лыXнMXмллMNмлX≥XыXл▄ьLы█LьXLмKNMMьы≤X≤▄L≥▌▄≤≤мл▄м▄мY▄█ллыL▄≥NлNYм█LXмY≤ь▄ыY█MM▀уTT■яQQп√KVPрUт⌠уврQпS▒т▒Q▒T▒S░яWп▓S▒S▒кRQт░UQу▒T▓Q▓QQ▌▌ьX▌LX▄L▌XXммNYXы█Y≤█▄ммLм█▄L≥▌▄XьлYXы█XммьмPуU▒WсPTуT≈у▄≈рSSQV▒п≈п▓S▒S▒влк█▄L█Mлмс▄пл█KмKм▄▀L▄▌L▄ьм▄█ьььлXмXл≤ы▄▄▌▄NXNлн▄█≤MY▌L≥NX▄NL█лыMY▀▄▌л≥≤≤YнNLнX▄мMьLLм█ь▌Mы≤н█мMX≤ы≥NYML█▌LXN▌нXNYXкуTT■яQQп√KVPрUт⌠уврQпS▒т▒Q▒T▒S░яWп▓S▒S▒кRQт░UQу▒T▓Q▓QQ▌▌ьX▌LX▄L▌XXммNYXы█Y≤█▄ммLм█▄L≥▌▄XьлYXы█XммьмPуU▒WсPTуT≈у▄≈рSSQV▒п≈п▓S▒S▒влк█▄L█MлKмс▄плл▌▄кY≥▄≤ыXлXXMлNM≤L▌LммM≥лLь≤лXLмXнM▄≥▄нMлY▌LьM▌YXл▌MY▄▌≤≥▄YX▌ммнм▄YMлм≤м██Nм▌мыM█мMM≥ыXллы≤N≥≥XMX█уTT■яQQп√KVPрUт⌠уврQпS▒т▒Q▒T▒S░яWп▓S▒S▒кRQт░UQу▒T▓Q▓QQ▌▌ьX▌LX▄L▌XXммNYXы█Y≤█▄ммLм█▄L≥▌▄XьлYXы█XммьмPуU▒WсPTуT≈у▄≈рSSQV▒п≈п▓S▒S▒влк█▄L█Mл▀мс▄плмKK▄▀█▀YLL█▄L█ыXMнмы▄▄▌LX▄ыьлYMX≤X██мN▌LьLMXмнM█Y█Mлк█м▄≤█L≤█≤нY≤нMYM▌≤█м█≥NNлNнYXNX█≥▌X≤█≥Mь▌Lл▀уTT■яQQп√KVPрUт⌠уврQпS▒т▒Q▒T▒S░яWп▓S▒S▒кRQт░UQу▒T▓Q▓QQ▌▌ьX▌LX▄L▌XXммNYXы█Y≤█▄ммLм█▄L≥▌▄XьлYXы█XммьмPуU▒WсPTуT≈у▄≈рSSQV▒п≈п▓S▒S▒влк█▄L█Mлкмс▄плLLк▌KYL▄█ыXынм≤LM▄▄█▄L█▄лMXнXлLN█м▄█LX█XыNLMмLNLNK▄ь▌L█ьн▌█LLM█мLны≤▄мь≤мNлX≥ы▌▄YMYXNM≤ьN≤м█L≥▌M▀уTT■яQQп√KVPрUт⌠уврQпS▒т▒Q▒T▒S░яWп▓S▒S▒кRQт░UQу▒T▓Q▓QQ▌▌ьX▌LX▄L▌XXммNYXы█Y≤█▄ммLм█▄L≥▌▄XьлYXы█XммьмPуU▒WсPTуT≈у▄≈рSSQV▒п≈п▓S▒S▒влк█▄L█Mммс▄плKMKл▀мыXMM≤█X≤≥≤ы≤Y█LыL█LXмыLь██YNнмыXльXмнLNYNLьMнлнKьнлXыY▄ьM▌мьXL≥█L█лY≥MьмMYNLMM▌ь▄MLY▄≤≤мMM▄н▀уTT■яQQп√KVPрUт⌠уврQпS▒т▒Q▒T▒S░яWп▓S▒S▒кRQт░UQу▒T▓Q▓QQ▌▌ьX▌LX▄L▌XXммNYXы█Y≤█▄ммLм█▄L≥▌▄XьлYXы█XммьмPуU▒WсPTуT≈у▄≈рSSQV▒п≈п▓S▒S▒влк█▄L█MмKмсMWплKмKKмм▄мXнX█≥▌YMXмлL▄M█▄м≥█≤мнMMл≤█MьLX█X█≤██▄MLьMM▀≥▄█лM█▄LNL▌▄XнY█▌MмM▄л█л▄ы█ьMмY█LL▄▄≥MMыLл▄≥XKуTT■яQQп√KVPрUт⌠уврQпS▒т▒Q▒T▒S░яWп▓S▒S▒кRQт░UQу▒T▓Q▓QQ▌▌ьX▌LX▄L▌XXммNYXы█Y≤█▄ммLм█▄L≥▌▄XьлYXы█XммьмPуU▒WсPTуT≈у▄≈рSSQV▒п≈п▓S▒S▒влк█▄L█Mм▀мсMWплLл▀KMмньмY▄Xь▌≥ьнXNML▄лM▌NM≤▄л▄≥▄MXьXмMьлMX▌Y█X▀≤LллNNлLY█YNML█н≥MыMMY≤█≥█мMльLмY█YMYYM≤NLMY≤≥NM▄▌KуTT■яQQп√KVPрUт⌠уврQпS▒т▒Q▒T▒S░яWп▓S▒S▒кRQт░UQу▒T▓Q▓QQ▌▌ьX▌LX▄L▌XXммNYXы█Y≤█▄ммLм█▄L≥▌▄XьлYXы█XммьмPуU▒WсPTуT≈у▄≈рSSQV▒п≈п▓S▒S▒влк█▄L█MмкмсMWплMKLк▌Kл▄M≥▄L▄ь▌Y≥L█▌≤ьXLXMмнL██лы▌MмN≤нYYMLьX▄≥M█L▄M≥LMы█LMкLыY█м███≥XNXY█≤LXл≥≤▌YM≤NMXылY█MX▌Nлм▌M██LлXX≤▌▌M▄KуTT■яQQп√KVPрUт⌠уврQпS▒т▒Q▒T▒S░яWп▓S▒S▒кRQт░UQу▒T▓Q▓QQ▌▌ьX▌LX▄L▌XXммNYXы█Y≤█▄ммLм█▄L≥▌▄XьлYXы█XммьмPуU▒WсPTуT≈у▄≈рSSQV▒п≈п▓S▒S▒влк█▄L█MнмсMWпл▄NK█▀мь▌LньL▌≥Lы█Mмл≥L≤▄Mлмы█нX▄≤ьл█≤≥L▌XмM≥ьYMLL≤KXX█мMLьMыXM▌MM█LYYX█▄лLлL≤NY█XLл█Lм≥Y█XXY≥▄ыLNY≥LлNNY≤ь▀уTT■яQQп√KVPрUт⌠уврQпS▒т▒Q▒T▒S░яWп▓S▒S▒кRQт░UQу▒T▓Q▓QQ▌▌ьX▌LX▄L▌XXммNYXы█Y≤█▄ммLм█▄L≥▌▄XьлYXы█XммьмPуU▒WсPTуT≈у▄≈рSSQV▒п≈п▓S▒S▒влк█▄L█MнKмсMWпл█K▄к▄кLKY≥L≥Y█лLM█XY▄LлLлN▄YMLлмыLмлллMY▌XXмYY≤N≥▄ыM▌▌≥LKыMXLлл█≤▄нXX▄NXLM≤L▌LллLLNNLммыY▌X▄≥X▄Y≥▄MLLнмKуTT■яQQп√KVPрUт⌠уврQпS▒т▒Q▒T▒S░яWп▓S▒S▒кRQт░UQу▒T▓Q▓QQ▌▌ьX▌LX▄L▌XXммNYXы█Y≤█▄ммLм█▄L≥▌▄XьлYXы█XммьмPуU▒WсPTуT≈у▄≈рSSQV▒п≈п▓S▒S▒влк█▄L█NмсMWплл▌MкL▀YL≤ь≥L▄ь▄м≥M▌▌м≤MнLлLY▄≤льMM≤LыXX≤л▌MьL█L█N≥▄ыL█▄лLы▄≥≤MмX█м▄XLLM▄ь█нNY▄мYYXLL█NY█NLM█▌XXм█NKуTT■яQQп√KVPрUт⌠уврQпS▒т▒Q▒T▒S░яWп▓S▒S▒кRQт░UQу▒T▓Q▓QQ▌▌ьX▌LX▄L▌XXммNYXы█Y≤█▄ммLм█▄L≥▌▄XьлYXы█XммьмPуU▒WсPTуT≈у▄≈рSSQV▒п≈п▓S▒S▒влк█▄L█NKмсMWплмKлкMKмY▄млыыY█ь≤л▌м≥MMYLL▄▄м≥▄≥XмьLмLмY▄XLн█XлMY▄X▄▄кY█л█▄▄█▌▌LыXM▄≥≤LьM≥█м▄Y≥▄█мыXл▄▄M≤Yл≤LлXмл≥█NKуTT■яQQп√KVPрUт⌠уврQпS▒т▒Q▒T▒S░яWп▓S▒S▒кRQт░UQу▒T▓Q▓QQ▌▌ьX▌LX▄L▌XXммNYXы█Y≤█▄ммLм█▄L≥▌▄XьлYXы█XммьмPуU▒WсPTуT≈у▄≈рSSQV▒п≈п▓S▒S▒влк█▄L█N▀мсLплKлк█KлKMLX≤ььм≤▄LM≤██ьNMьлM▌мллNNNMьнN≤л█XL≥YMыXLLL█ы█KMYL▄нNL≤▄XM█≤л▄X█м≥YX▄лл▄XL▄≥YMыNMнMXьY█ььY▄ыLX█XмXM█L≥уTT■яQQп√KVPрUт⌠уврQпS▒т▒Q▒T▒S░яWп▓S▒S▒кRQт░UQу▒T▓Q▓QQ▌▌ьX▌LX▄L▌XXммNYXы█Y≤█▄ммLм█▄L≥▌▄XьлYXы█XммьмPуU▒WсPTуT≈у▄≈рSSQV▒п≈п▓S▒S▒влк█▄L█NкмсLплLн▄кл▀мMы≥X≤▌≥л≤▌L█M▄лNLL≥Lы≤мXLYY█LнNM▄▄N█▌L≤мнN≥Xы▀л█л≤≥Y█L█ы≥▌мX██X≥▄NMY▄L≥≤лмь▌XлLXLмL≤▄▌LX▌нLнM≥▀уTT■яQQп√KVPрUт⌠уврQпS▒т▒Q▒T▒S░яWп▓S▒S▒кRQт░UQу▒T▓Q▓QQ▌▌ьX▌LX▄L▌XXммNYXы█Y≤█▄ммLм█▄L≥▌▄XьлYXы█XммьмPуU▒WсPTуT≈у▄≈рSSQV▒п≈п▓S▒S▒влк█▄L█NмсLплMKк▄мKLлX█≤≥MлY▄█LLнY≤L≥█льнMмлNL▌X▄м▄▌NNьLлXLнннYLлNML≤ь≤м≥≥█нLY≥≤ы▌лл≥ы█▄лыXM▄ьмYYM▄мнNYX▄▄ьм▄куTT■яQQп√KVPрUт⌠уврQпS▒т▒Q▒T▒S░яWп▓S▒S▒кRQт░UQу▒T▓Q▓QQ▌▌ьX▌LX▄L▌XXммNYXы█Y≤█▄ммLм█▄L≥▌▄XьлYXы█XммьмPуU▒WсPTуT≈у▄≈рSSQV▒п≈п▓S▒S▒влк█▄L█NKмсLпл▄M▀нY█NмLьMM███лы≤X▌LM≤MьMYнNMлXы≥≤XнLML▄LLмNM█MнNмMKL▄≤▌≤≥▄█ыX▌▄LYX▄≥лы▄мьNMьYMYнM≥≤▌MNYNLXYX▄≤XлLмM▄KуTT■яQQп√KVPрUт⌠уврQпS▒т▒Q▒T▒S░яWп▓S▒S▒кRQт░UQу▒T▓Q▓QQ▌▌ьX▌LX▄L▌XXммNYXы█Y≤█▄ммLм█▄L≥▌▄XьлYXы█XммьмPуU▒WсPTуT≈у▄≈рSSQV▒п≈п▓S▒S▒влк█▄L█N▀мсLпл█KLKLKмXL≥лмNы▄LLм█YLL≥M▄Xль█LNNY▄Lы█Xл█ыX≥█▄лLлькьлы█ыMлы▄м≤ыM▌XлMX≤▄ь█ьMл█ы▄█▄м█ь≥█NYM▄NMь≥LMLьLM≤LуTT■яQQп√KVPрUт⌠уврQпS▒т▒Q▒T▒S░яWп▓S▒S▒кRQт░UQу▒T▓Q▓QQ▌▌ьX▌LX▄L▌XXммNYXы█Y≤█▄ммLм█▄L≥▌▄XьлYXы█XммьмPуU▒WсPTуT≈у▄≈рSSQV▒п≈п▓S▒S▒влк█▄L█NкмсWплK█M▄KлмLNыYM▄≤MLлнL█≥≤мLл██м▄ьMыYMыLX≤L≥█M≤█ьYMл▄Y▌≥▄▌L▄Lм▄≥█лMы≥X▄Yь██LлNM▌Xь▄MмX█ммY▄LX█ьXл▌YNл█XX▄MмXL≥NуTT■яQQп√KVPрUт⌠уврQпS▒т▒Q▒T▒S░яWп▓S▒S▒кRQт░UQу▒T▓Q▓QQ▌▌ьX▌LX▄L▌XXммNYXы█Y≤█▄ммLм█▄L≥▌▄XьлYXы█XммьмPуU▒WсPTуT≈у▄≈рSSQV▒п≈п▓S▒S▒влк█▄L█NмсWплL▌LK▄KыM▌MLM█ы█ы≤≤▄ы▄M≤▌M≥Y▄мнLн≤≤м▌Y▌█YYNX▄▄LL≥XлыYYX≥K≤█≥▄NNLмнM≤LыMY▌M█ыMльXMLL≥MнYьXмль█M▄█L▌LM▌█уTT■яQQп√KVPрUт⌠уврQпS▒т▒Q▒T▒S░яWп▓S▒S▒кRQт░UQу▒T▓Q▓QQ▌▌ьX▌LX▄L▌XXммNYXы█Y≤█▄ммLм█▄L≥▌▄XьлYXы█XммьмPуU▒WсPTуT≈у▄≈рSSQV▒п≈п▓S▒S▒влк█▄L█NKмWсLплK▄м▀▄█▄▌KM█≤мы▌LMMь≤█YмMьMыM▄M▄Lь█ьм█X≥L▌≥▌XN≥≥≥▄Mлы▌M▌LкьX≥M▄лYLмXY▄▄YNYL█лмнM██▄ы≤≥LLмNлNY█мL≤Y█▄MннMMммKуTT■яQQп√KVPрUт⌠уврQпS▒т▒Q▒T▒S░яWп▓S▒S▒кRQт░UQу▒T▓Q▓QQ▌▌ьX▌LX▄L▌XXммNYXы█Y≤█▄ммLм█▄L≥▌▄XьлYXы█XммьмPуU▒WсPTуT≈у▄≈рSSQV▒п≈п▓S▒S▒влк█▄L█NLмWсLплL█▄▄▄лкX≥NьLL▌█мNы▌YMYMM▌м█▄XL█Y≤YLMMлNL≥█MYNл≤KMь≥Y≤NX▄█ыNXьLNX≤мY≤▌ML≤▄█мMYNнMл≤NнYX█MLX▄█N█л█▌Y▀уTT■яQQп√KVPрUт⌠уврQпS▒т▒Q▒T▒S░яWп▓S▒S▒кRQт░UQу▒T▓Q▓QQ▌▌ьX▌LX▄L▌XXммNYXы█Y≤█▄ммLм█▄L≥▌▄XьлYXы█XммьмPуU▒WсPTуT≈у▄≈рSSQV▒п≈п▓S▒S▒влк█▄L█NLKмWсWплK▄▄K▄K▄MKNXьY▄█MNM▌мMыMMY≤≥Y█Y█▄лLы█L▄м▄MYь≤ьLLX≤≤м▌мN█ьMнY≤X▄NXн█ыML≥≤м≥█X≤LML█YL▄ьм█NL≤нLY▄ллмм≤м█лL≤█MNM≤NKуTT■яQQп√KVPрUт⌠уврQпS▒т▒Q▒T▒S░яWп▓S▒S▒кRQт░UQу▒T▓Q▓QQ▌▌ьX▌LX▄L▌XXммNYXы█Y≤█▄ммLм█▄L≥▌▄XьлYXы█XммьмPуU▒WсPTуT≈у▄≈рSSQV▒п≈п▓S▒S▒влк█▄L█NL▀мWсWплL▄л▄▀▄NKы█L█ыMмYL█ы▌лLY▄▌ь▄▄лыXь≥X▄X█YXMы≥LMY▄≥≥≥Nы▄K█ь≥ML≥█Y≤ы▄█≤Nьь≤мLы≥▌мX█ыN≥Mь█мXM≤█L▌ы≥мM█ы≤█▌LкуTT■яQQп√KVPрUт⌠уврQпS▒т▒Q▒T▒S░яWп▓S▒S▒кRQт░UQу▒T▓Q▓QQ▌▌ьX▌LX▄L▌XXммNYXы█Y≤█▄ммLм█▄L≥▌▄XьлYXы█XммьмPуU▒WсPTуT≈у▄≈рSSQV▒п≈п▓S▒S▒влк█▄L█NLкмWсWплMK▄мк▄▄▄K≥Yмм≥LM█LY█LYY≥LMMLнLнлLML▄▄≥█LMLNл█YLыX▄K≥LXнMXNMьLь█≤≤нNM▌L≤≤≤ьмL▄мл▄M▄ы≤▄≥ML≤лмлнMY█≤мMMX▌YKуTT■яQQп√KVPрUт⌠уврQпS▒т▒Q▒T▒S░яWп▓S▒S▒кRQт░UQу▒T▓Q▓QQ▌▌ьX▌LX▄L▌XXммNYXы█Y≤█▄ммLм█▄L≥▌▄XьлYXы█XммьмPуU▒WсPTуT≈у▄≈рSSQV▒п≈п▓S▒S▒влк█▄L█NMмWсWпл▄█K▄▄▄кMLY▄≥M≥NLMлX≤XMь≥MнM▄XNY█ыLмLNMXY█мыL█ыл▌MXммьNL▄Mы▄NM▀▄ль▌X▌N██мнXыL██YM█ь█XY▄л≤Y▄▄YMмYX≥≤ь≤≥LMYL█LYL▌Y≥MмXкуTT■яQQп√KVPрUт⌠уврQпS▒т▒Q▒T▒S░яWп▓S▒S▒кRQт░UQу▒T▓Q▓QQ▌▌ьX▌LX▄L▌XXммNYXы█Y≤█▄ммLм█▄L≥▌▄XьлYXы█XммьмPуU▒WсPTуT≈у▄≈рSSQV▒п≈п▓S▒S▒влк█▄L█NMKмWсплK▄кNMK▄м≤YLN▌LLыYLмLм▌YMMь█мMMNY≤▄X≤ьммлXYLыYYLмNY≥ML▀L≤ь≤≥LMNLнныл▄ьнNXыXнY▄нXм▄Y≥Y▄XыXNNX≤▌ллNXь≤L▀уTT■яQQп√KVPрUт⌠уврQпS▒т▒Q▒T▒S░яWп▓S▒S▒кRQт░UQу▒T▓Q▓QQ▌▌ьX▌LX▄L▌XXммNYXы█Y≤█▄ммLм█▄L≥▌▄XьлYXы█XммьмPуU▒WсPTуT≈у▄≈рSSQV▒п≈п▓S▒S▒влк█▄L█NM▀мWсплL▄MKNL▀▄NY█ьм≤лNX▄▄≥YLMм≥лX▌MнXы▌NYXы≥▌YNLX▌NмY≤NLNллмNьм▀≥█LлL≥≥≥Y≥≤≤лм≤█≥нY█YNLмXьM▄▌Xл▄лY█нLLL≤▄LYXY≤≤мMуTT■яQQп√KVPрUт⌠уврQпS▒т▒Q▒T▒S░яWп▓S▒S▒кRQт░UQу▒T▓Q▓QQ▌▌ьX▌LX▄L▌XXммNYXы█Y≤█▄ммLм█▄L≥▌▄XьлYXы█XммьмPуU▒WсPTуT≈у▄≈рSSQV▒п≈п▓S▒S▒влк█▄L█NMкмWсплMK▄▄▀NL▄кLYLыMыM≤▌Lл▄█▄нMMXLYNL▌M≤Y≤мыыL▄Xл≥Mлы▄▄нMл▄NY≥K█NXьYмX█ьмыNыLлMXь█▌ы▄ьNMм█▌MлнNYLMM≤Lммы█YX█X≤≥уTT■яQQп√KVPрUт⌠уврQпS▒т▒Q▒T▒S░яWп▓S▒S▒кRQт░UQу▒T▓Q▓QQ▌▌ьX▌LX▄L▌XXммNYXы█Y≤█▄ммLм█▄L≥▌▄XьлYXы█XммьмPуU▒WсPTуT≈у▄≈рSSQV▒п≈п▓S▒S▒влк█▄L█NNмWспл▄▄лN▀▄л▄л▌X≥Lл≥NLMь≥█ыL▄Yь▄LMьL≥▌Y≥Mь▄л≤м█л▌M█MY▄▄ыL▄ьM▌ы≤█к█LM█X▌лY▄лыN≥≥█≤LMYNLьN▄≥X≤≥▄Y█ыXMлм≤нMNL▄█ы≤≥█▌M≥≥█XYKуTT■яQQп√KVPрUт⌠уврQпS▒т▒Q▒T▒S░яWп▓S▒S▒кRQт░UQу▒T▓Q▓QQ▌▌ьX▌LX▄L▌XXммNYXы█Y≤█▄ммLм█▄L≥▌▄XьлYXы█XммьмPуU▒WсPTуT≈у▄≈рSSQV▒п≈п▓S▒S▒влк█▄L█NNKмWспл█K▄нN▀▄LмнL█ыX≤нXл▄ьмн██▄M█NLмM≥▄█м██MлLMXLьнльYNLмл▌лкMXXLMXьYLыXYLL≤лл≤MLLы≤YYXN▄лы█L≥LнLм██XNXXмM▄L≤X≥LYYуTT■яQQп√KVPрUт⌠уврQпS▒т▒Q▒T▒S░яWп▓S▒S▒кRQт░UQу▒T▓Q▓QQ▌▌ьX▌LX▄L▌XXммNYXы█Y≤█▄ммLм█▄L≥▌▄XьлYXы█XммьмPуU▒WсPTуT≈у▄≈рSSQV▒п≈п▓S▒S▒влк█▄L█▄мWсплл█▀Mн▄M██льнMм▌Yы▌M≤X█м≥YL≥LLнM█M▄█нM▌█Y≤NNLXльNMмN▀≤ь≥мLLXыMMм▄MнXм≥≤█▌Mь≤XMлны▌LMлл▄≤≥Y≤лM██лL≥YуTT■яQQп√KVPрUт⌠уврQпS▒т▒Q▒T▒S░яWп▓S▒S▒кRQт░UQу▒T▓Q▓QQ▌▌ьX▌LX▄L▌XXммNYXы█Y≤█▄ммLм█▄L≥▌▄XьлYXы█XммьмPуU▒WсPTуT≈у▄≈рSSQV▒п≈п▓S▒S▒влк█▄L█▄KмWсплмK█MMмK▄MкX≥▄▄мL≤MY≤LыNX▄ы≤л≤LYNM≤мN▄▄ьYYNXл█▌≤M≥≥NM≤ы▌KлмYLM≥X▄лLлы▄≤X▌X▌м▌YNXLлY≤XнXьл▄ы█YMьь≤XXLLXьыьлLкуTT■яQQп√KVPрUт⌠уврQпS▒т▒Q▒T▒S░яWп▓S▒S▒кRQт░UQу▒T▓Q▓QQ▌▌ьX▌LX▄L▌XXммNYXы█Y≤█▄ммLм█▄L≥▌▄XьлYXы█XммьмPуU▒WсPTуT≈у▄≈рSSQV▒п≈п▓S▒S▒влк█▄L█▄▀мWсмWплKNLкNKN▀нNL≥Lы▌≥MыYLY▄█≥▌L█XL▄NY▄█лы▄м≥Lл≥YNNMлX█▌LLM≤▄▄LLMл≤YKьL█MLл▄лмм█ьл▌▄▄≥X▄LNNMл≥Lы▄≥N▌M█≤Y▄≥YY▌XMMмNXлльMкуTT■яQQп√KVPрUт⌠уврQпS▒т▒Q▒T▒S░яWп▓S▒S▒кRQт░UQу▒T▓Q▓QQ▌▌ьX▌LX▄L▌XXммNYXы█Y≤█▄ммLм█▄L≥▌▄XьлYXы█XммьмPуU▒WсPTуT≈у▄≈рSSQV▒п≈п▓S▒S▒влк█▄L█▄кмWсмWплL▄KMнNLY≥▄▄M≥▄лнмYNLы▄≤M≥LмлXMLлX█MLыYMMл≥≤XMXмы█KL█≤ьлL▄█XLьлXльмнMьY▌YMм█X≥нM██ыMNY≥▄NMыL▄ы≤Y█▄MмуTT■яQQп√KVPрUт⌠уврQпS▒т▒Q▒T▒S░яWп▓S▒S▒кRQт░UQу▒T▓Q▓QQ▌▌ьX▌LX▄L▌XXммNYXы█Y≤█▄ммLм█▄L≥▌▄XьлYXы█XммьмPуU▒WсPTуT≈у▄≈рSSQV▒п≈п▓S▒S▒влк█▄L█▄мWсмWплMK▄кMмKNL▀ьн▄ьл▌NMл≥L▄XьмY▄нNMMY≤ылMY▌▌NMн▄MXнллл▄ыM≥NM█▄KL▄≥YM≤льNML▄Lн█ьL≤ь█≥XMMнLлльLXыMыыYL▄ьNM≥YL≤▄лNуTT■яQQп√KVPрUт⌠уврQпS▒т▒Q▒T▒S░яWп▓S▒S▒кRQт░UQу▒T▓Q▓QQ▌▌ьX▌LX▄L▌XXммNYXы█Y≤█▄ммLм█▄L≥▌▄XьлYXы█XммьмPуU▒WсPTуT≈у▄≈рSSQV▒п≈п▓S▒S▒влк█▄L█▄KмWсмWпл▄▄M▀Mл▀NMMы≥M▄YY▌Xн▄≤▄X█ммM▌L≥ьM█ь█ь≥LнMLXN≤NL█л▌Y█≤ьнNY≤Mл█XMыX▄X█MLльь≥▄Xы≤XLNXыLм▄█≤XLMM█▌MлXмY≥≥л█▄млкуTT■яQQп√KVPрUт⌠уврQпS▒т▒Q▒T▒S░яWп▓S▒S▒кRQт░UQу▒T▓Q▓QQ▌▌ьX▌LX▄L▌XXммNYXы█Y≤█▄ммLм█▄L≥▌▄XьлYXы█XммьмPуU▒WсPTуT≈у▄≈рSSQV▒п≈п▓S▒S▒влк█▄L█▄▀мWсмWпл█K▄█M▌KNMк≤LMнL▌L██л▌▄█YM▄LьлмNLYмYL▄≤Nм≤LML▌ML▄X█MLM▀ь▄Mь≤YLл▌XXлX▄XM▄█M█нY▄≥YьыL▄▌▄NM≥L≥YллнY▄NX≥Y██уTT■яQQп√KVPрUт⌠уврQпS▒т▒Q▒T▒S░яWп▓S▒S▒кRQт░UQу▒T▓Q▓QQ▌▌ьX▌LX▄L▌XXммNYXы█Y≤█▄ммLм█▄L≥▌▄XьлYXы█XммьмPуU▒WсPTуT≈у▄≈рSSQV▒п≈п▓S▒S▒влк█▄L█▄кмWсмWплл▄лKM█K▄MMY█Y≤XыMь▌Lлм█MMMYXлм█ьы█XX≤нX≥≥▌MM≥LлнYLлыX▌NYK█≤мнMYXMNLл≤л█ьмNьMы≤Lы▌ыLXY█лл█▌X█Xм▄L▄мNM█L█ллKуTT■яQQп√KVPрUт⌠уврQпS▒т▒Q▒T▒S░яWп▓S▒S▒кRQт░UQу▒T▓Q▓QQ▌▌ьX▌LX▄L▌XXммNYXы█Y≤█▄ммLм█▄L≥▌▄XьлYXы█XммьмPуU▒WсPTуT≈у▄≈рSSQV▒п≈п▓S▒S▒влк█▄L█▄мWсмWплмK▄нM▄K▄▀█≤ыL▌XNыNX▌▄▌M≥≥≥≤Mы≥MYLмьы▌Xл▌X≥L≥≥л▄█▄MмMXYмлNKNNYMX█≥█MXмNMмYYMMMл▌▄мLм███LLнYNMN█л≤мM█▀уTT■яQQп√KVPрUт⌠уврQпS▒т▒Q▒T▒S░яWп▓S▒S▒кRQт░UQу▒T▓Q▓QQ▌▌ьX▌LX▄L▌XXммNYXы█Y≤█▄ммLм█▄L≥▌▄XьлYXы█XммьмPуU▒WсPTуT≈у▄≈рSSQV▒п≈п▓S▒S▒влк█▄L█▄KмWсмWпл█▀MM▀▄MьMы≥▄▄≥█≤лXьX▄XXльлыNл≥▄ьмл▄нL██XL█нлMXXYLMXLKXY≤≥л≥Mмь≥XL≤YL≥ML▄≥▄ыXNM█MMл█YLMн█Lм▄≥█лMмLлуTT■яQQп√KVPрUт⌠уврQпS▒т▒Q▒T▒S░яWп▓S▒S▒кRQт░UQу▒T▓Q▓QQ▌▌ьX▌LX▄L▌XXммNYXы█Y≤█▄ммLм█▄L≥▌▄XьлYXы█XммьмPуU▒WсPTуT≈у▄≈рSSQV▒п≈п▓S▒S▒влк█▄L█▄LмWсмWплK█LKMLк▄█X≤ыMNM≥X▄≥Lм█≥Mм≤≥L≤██≤≥L█≥X≤█XN▄м▄≤▄ь▄Lл≤≥▄█MMLYM▀▌M≥L█мLY█Yл≥█Y▌ь≤ы▌ь▄▄█≥▄▌XLы≥L▄M▌NYLлYMльMXMы█уTT■яQQп√KVPрUт⌠уврQпS▒т▒Q▒T▒S░яWп▓S▒S▒кRQт░UQу▒T▓Q▓QQ▌▌ьX▌LX▄L▌XXммNYXы█Y≤█▄ммLм█▄L≥▌▄XьлYXы█XммьмPуU▒WсPTуT≈у▄≈рSSQV▒п≈п▓S▒S▒влк█▄L█▄LKмWслплKNM▌KMм≤X≥▄нYLьM≤L▄█≥Lь▌XM▌X≥▄ML≥▄▄▄нLьыL▄▌LльLLь█мь▌MXY▄MY≥ьL≥LыMлMлM▄▄YXлы▌LXм▌XнM≥▌≤LNLXыX≤≤ьLMLM▄█≤XN≤▌≤≥лL≤▀уTT■яQQп√KVPрUт⌠уврQпS▒т▒Q▒T▒S░яWп▓S▒S▒кRQт░UQу▒T▓Q▓QQ▌▌ьX▌LX▄L▌XXммNYXы█Y≤█▄ммLм█▄L≥▌▄XьлYXы█XммьмPуU▒WсPTуT≈у▄≈рSSQV▒п≈п▓S▒S▒влк█▄L█▄L▀мWслплLNM█KMмкьNYY█▄██Y≤LY█ь▄ь≥ML≥≤█м▄ы▄LLMLX█ь▄▄м▄ыььX▌Y≤мнXMYлY≥█LN▌L█ыNMM█ьYLMнX▌лM≤▌L≥Mнм█Y▌мL≤Y≤X█▄Xь≥≥█уTT■яQQп√KVPрUт⌠уврQпS▒т▒Q▒T▒S░яWп▓S▒S▒кRQт░UQу▒T▓Q▓QQ▌▌ьX▌LX▄L▌XXммNYXы█Y≤█▄ммLм█▄L≥▌▄XьлYXы█XммьмPуU▒WсPTуT≈у▄≈рSSQV▒п≈п▓S▒S▒влк█▄L█▄LкмWслплMKNMM▄кMнKMYNNNNM▄XX≥YNлы█MN≥L≤▌LY█ьым▄▌X▄▌YNMM≤≤мNыLм≤▌K≤N█нXM█м█Y≥ы▄M≤≤▄██лYM█YYNY▄▄Mы█лXY▄≥≤▌▄XMLYNмXкуTT■яQQп√KVPрUт⌠уврQпS▒т▒Q▒T▒S░яWп▓S▒S▒кRQт░UQу▒T▓Q▓QQ▌▌ьX▌LX▄L▌XXммNYXы█Y≤█▄ммLм█▄L≥▌▄XьлYXы█XммьмPуU▒WсPTуT≈у▄≈рSSQV▒п≈п▓S▒S▒влк█▄L█▄MмWслпл▄▄▀MNKNKM▄LM██▄лнYX█м▄нNLLNYNMм≥LXL≥▄≤█лл≤ыNм≤X▄NX█XлN██▌X█лY█XмX≤MмьыYXXл▄ьYL≤ьMььлл≥L▄LмьX█▄▌YX≤м▄M▄лLXы▀уTT■яQQп√KVPрUт⌠уврQпS▒т▒Q▒T▒S░яWп▓S▒S▒кRQт░UQу▒T▓Q▓QQ▌▌ьX▌LX▄L▌XXммNYXы█Y≤█▄ммLм█▄L≥▌▄XьлYXы█XммьмPуU▒WсPTуT≈у▄≈рSSQV▒п≈п▓S▒S▒влк█▄L█▄MKмWслпл█K▄LMM▀Nкл▄≤≤лML█NMY≤лLY▄ьLMMнL≥≥мыыXьM█L▄█Lм≤█NL▄M≤YXььмлмнX▄XLMLN▄XYы≥NMYLLм█LмNлYYмLьL≤л█LY█YYнуTT■яQQп√KVPрUт⌠уврQпS▒т▒Q▒T▒S░яWп▓S▒S▒кRQт░UQу▒T▓Q▓QQ▌▌ьX▌LX▄L▌XXммNYXы█Y≤█▄ммLм█▄L≥▌▄XьлYXы█XммьмPуU▒WсPTуT≈у▄≈рSSQV▒п≈п▓S▒S▒влк█▄L█▄M▀мWслплл▄MкML▀NкMлыM≤▄X≤≤Yн█ь≤ы≤ы≤M≤≤LлLьMы≤▄NN▌MмL≤M▄м≥≤YL▄ыMл≥Xм≤KX▄≤ыыL≤▄нл≤NLMы≤M▌XLL▄л▄LXл▌X▄ь▌MмLYь≤Nы▄≥MMлкуTT■яQQп√KVPрUт⌠уврQпS▒т▒Q▒T▒S░яWп▓S▒S▒кRQт░UQу▒T▓Q▓QQ▌▌ьX▌LX▄L▌XXммNYXы█Y≤█▄ммLм█▄L≥▌▄XьлYXы█XммьмPуU▒WсPTуT≈у▄≈рSSQV▒п≈п▓S▒S▒влк█▄L█▄MкмWслплмK▄█KMNLь▌Lы▌XMмM█≥YMM≥Lь≤ы█Mл█≤▄ы█Y▌NLл███ны█Lл▄лY█≤▄м█Y█KыLLм█LNLнY▌Lлл▌мнXлMы≥LM█LYмллллы█LнY≥X▄лы▌M≤█льмLKуTT■яQQп√KVPрUт⌠уврQпS▒т▒Q▒T▒S░яWп▓S▒S▒кRQт░UQу▒T▓Q▓QQ▌▌ьX▌LX▄L▌XXммNYXы█Y≤█▄ммLм█▄L≥▌▄XьлYXы█XммьмPуU▒WсPTуT≈у▄≈рSSQV▒п≈п▓S▒S▒влк█▄L█▄NмWслпл▄лKMкNLKныX≤нXл≥NX≥≤▄Y█▄л▌NMYNY≤н≤▄X≥▄MLNы▄█≤≥≥▄ь█лнM█лммMNL▄NYL▄≥█ллY██M≤L█XлNYLX▄лыXьLл▄мл█лмL≥≥уTT■яQQп√KVPрUт⌠уврQпS▒т▒Q▒T▒S░яWп▓S▒S▒кRQт░UQу▒T▓Q▓QQ▌▌ьX▌LX▄L▌XXммNYXы█Y≤█▄ммLм█▄L≥▌▄XьлYXы█XммьмPуU▒WсPTуT≈у▄≈рSSQV▒п≈п▓S▒S▒влк█▄L█▄NKмWслплK▄нMNMKы≤ыY▄█▌ьы█м≥≤▄LLX▌XыNM≥▄мX▄≤Mы▌млLьLM≥X▄▄NNMлнKMLнMLMYX██▄YY▌LXLьLLMм≥▄XM█MXы█мылX≤M≤м▌≥▄ь▄N≤куTT■яQQп√KVPрUт⌠уврQпS▒т▒Q▒T▒S░яWп▓S▒S▒кRQт░UQу▒T▓Q▓QQ▌▌ьX▌LX▄L▌XXммNYXы█Y≤█▄ммLм█▄L≥▌▄XьлYXы█XммьмPуU▒WсPTуT≈у▄≈рSSQV▒п≈п▓S▒S▒влк█▄L█▄▄мWслплL█KLм▀NMкыNмNXXY█L≤MMY█M█л▌XлLM█нYXX≤ьX▌LмL▄NMYL▌нX▌X≥LXмKXNMYNLL≤█LNYMLь▌≥X≤X█≥Yь██лXL█NYML▌н█мNXлMуTT■яQQп√KVPрUт⌠уврQпS▒т▒Q▒T▒S░яWп▓S▒S▒кRQт░UQу▒T▓Q▓QQ▌▌ьX▌LX▄L▌XXммNYXы█Y≤█▄ммLм█▄L≥▌▄XьлYXы█XммьмPуU▒WсPTуT≈у▄≈рSSQV▒п≈п▓S▒S▒влк█▄L█▄▄KмWслплMK█LKLлNNKM▄ь≤ьXм█л≤ь≤мY≤M█ы█X▄█лы≤ьXьнLNMмнXLLL▄NLьы≤▄≥XьMMнLM≥NMK▌YммLMьYNNл█ы█мYмMлнYXлMNLь▄▄лL≥≤NL▄≥NLынNLL≥LыуTT■яQQп√KVPрUт⌠уврQпS▒т▒Q▒T▒S░яWп▓S▒S▒кRQт░UQу▒T▓Q▓QQ▌▌ьX▌LX▄L▌XXммNYXы█Y≤█▄ммLм█▄L≥▌▄XьлYXы█XммьмPуU▒WсPTуT≈у▄≈рSSQV▒п≈п▓S▒S▒влк█▄L█▄▄▀мWс█WплKM█кMMKM▄ы█Mлынмнм▌LLнMммXNNLL≥Y≥M≤≤▌NM▄L▄█▄▄XыX▄Y≥ы█нYльм≥MXмLнM▄▄Mы≥≥█▄▄X█≥▄MмL≥Lм▄≤≤нLы≥█ML▄N≥▄куTT■яQQп√KVPрUт⌠уврQпS▒т▒Q▒T▒S░яWп▓S▒S▒кRQт░UQу▒T▓Q▓QQ▌▌ьX▌LX▄L▌XXммNYXы█Y≤█▄ммLм█▄L≥▌▄XьлYXы█XммьмPуU▒WсPTуT≈у▄≈рSSQV▒п≈п▓S▒S▒влк█▄L█▄▄кмWс█WплLMмKML▀M█MLL█N▌M≥█L≥X█Y▌M█лLL█XнMLлмлы≥лYYYьнM▌YX≤ыXMXYK≤MY≤LымYYXXы≤ыMнYLл█ы█ML▄▄LлMXMыMXLллмнLнMллы█≥█м▌KуTT■яQQп√KVPрUт⌠уврQпS▒т▒Q▒T▒S░яWп▓S▒S▒кRQт░UQу▒T▓Q▓QQ▌▌ьX▌LX▄L▌XXммNYXы█Y≤█▄ммLм█▄L≥▌▄XьлYXы█XммьмPуU▒WсPTуT≈у▄≈рSSQV▒п≈п▓S▒S▒влк█▄L█▄█мWс█WплMKNMKM█▀ыY█≥▄мыYLльXнLM≤≤лMыNNXL≥Y▄NYMыMYLNLыM▄N█L≤█лM≤▌XLыLNX≥M██≤≤ь▄Lмм≥XMм≥█L≥XьнXьь▄ьLыMLNLл≥X█LYX≥ыьX▌KуTT■яQQп√KVPрUт⌠уврQпS▒т▒Q▒T▒S░яWп▓S▒S▒кRQт░UQу▒T▓Q▓QQ▌▌ьX▌LX▄L▌XXммNYXы█Y≤█▄ммLм█▄L≥▌▄XьлYXы█XммьмPуU▒WсPTуT≈у▄≈рSSQV▒п≈п▓S▒S▒влк█▄L█▄█KмWс█Wпл▄NM▀M█к≤м█MLMьмLлмLYNMY█▄YMь▌MXNYL▄≤ммY≥лLNY≥≥YMLYл≤KXлM≤XYYM█MMьмл≥█▄M≤█ль▄л≤MY█Lнмы≤ьXь▄м█MьNYNльLL▀уTT■яQQп√KVPрUт⌠уврQпS▒т▒Q▒T▒S░яWп▓S▒S▒кRQт░UQу▒T▓Q▓QQ▌▌ьX▌LX▄L▌XXммNYXы█Y≤█▄ммLм█▄L≥▌▄XьлYXы█XммьмPуU▒WсPTуT≈у▄≈рSSQV▒п≈п▓S▒S▒влк█▄L█▄█▀мWс█Wпл█KNM▀MкMлY≤ыY█ь▌▄нY≤≤≥█YMMы≤л▄LY▄YLыY█Xы█▄лмм█м≤█м▌LKMNнNMLL▄█Mь≥LL▌≥Mл▄LMYL≥L▄YM≥▄ьнмX▌MYX█X≥█LXнMнXкуTT■яQQп√KVPрUт⌠уврQпS▒т▒Q▒T▒S░яWп▓S▒S▒кRQт░UQу▒T▓Q▓QQ▌▌ьX▌LX▄L▌XXммNYXы█Y≤█▄ммLм█▄L≥▌▄XьлYXы█XммьмPуU▒WсPTуT≈у▄≈рSSQV▒п≈п▓S▒S▒влк█▄L█▄█кмWс█Wплл▄кLнMлкMлмL≤▌M≤мL▄ыM≤▌LNM≤YYY≥▌LNм▄L▌Lл≤▄≥NMл▌X≥≥NMMь≥N▀█н▄XмN▄XL≥м▌льMнY▄ы≥█▄ы≥Mм█▄лLн≤мMML≥NXY≤≥≥█LL≥≥KуTT■яQQп√KVPрUт⌠уврQпS▒т▒Q▒T▒S░яWп▓S▒S▒кRQт░UQу▒T▓Q▓QQ▌▌ьX▌LX▄L▌XXммNYXы█Y≤█▄ммLм█▄L≥▌▄XьлYXы█XммьмPуU▒WсPTуT≈у▄≈рSSQV▒п≈п▓S▒S▒влк█▄L█▄▌мWс█WплмK▄LLмMмKLXлмMLMлнNN▄███Lммы≥▄≤LыLLьл≤лльыLNY██Y≤YXм≤▄ь≥MмXлы▀≤ыLL▄≤X█≤Lн█ь≤MьннXмьнY≥L▄ь▌ы▄LыXлM█Lл█м▌X▄M█ы≤X▄уTT■яQQп√KVPрUт⌠уврQпS▒т▒Q▒T▒S░яWп▓S▒S▒кRQт░UQу▒T▓Q▓QQ▌▌ьX▌LX▄L▌XXммNYXы█Y≤█▄ммLм█▄L≥▌▄XьлYXы█XммьмPуU▒WсPTуT≈у▄≈рSSQV▒п≈п▓S▒S▒влк█▄L█▄▌KмWс█Wпл▄MкLлMмк█ыXMM▄ммXьXлYMM█нLYMлLNNMл▌█YM≤YY≥█X█м≥NY≥ьNM█мY≤кмн▄нMNLLм█мнLYь≤ьM█нMьMLLнXY▌YлLYNYYьм█ь≤M▄ьYM█XXKуTT■яQQп√KVPрUт⌠уврQпS▒т▒Q▒T▒S░яWп▓S▒S▒кRQт░UQу▒T▓Q▓QQ▌▌ьX▌LX▄L▌XXммNYXы█Y≤█▄ммLм█▄L≥▌▄XьлYXы█XммьмPуU▒WсPTуT≈у▄≈рSSQV▒п≈п▓S▒S▒влк█▄L█▄лмWс█WплK▄▄▀L█кNKм▌LYX▌XXLMX≤л▌Lны≤L█YXLM▄нLы█Mы▄ыM▄Y█XLMYYX▌MM▌K≤X▌ь≥MьмLы█M█L≤MM≥█X▌Nы▄Y▄≥X█▄Y▌нXьX▄≥Y≤YNMM≥≥LKуTT■яQQп√KVPрUт⌠уврQпS▒т▒Q▒T▒S░яWп▓S▒S▒кRQт░UQу▒T▓Q▓QQ▌▌ьX▌LX▄L▌XXммNYXы█Y≤█▄ммLм█▄L≥▌▄XьлYXы█XммьмPуU▒WсPTуT≈у▄≈рSSQV▒п≈п▓S▒S▒влк█▄L█▄лKмWс█WплL▄лL▄▀Nк≤ь█≤NL█N█MXYNNM≥YL▄▄лL≤█L≥▌нлL≤ыY█XMмм≥≥█MNMкь≤▄YNмнXY≥Y▄нLл█▌NMLMлLMыM▄≤▄█▄N█MьььмX≤мллN≥█ыX▄уTT■яQQп√KVPрUт⌠уврQпS▒т▒Q▒T▒S░яWп▓S▒S▒кRQт░UQу▒T▓Q▓QQ▌▌ьX▌LX▄L▌XXммNYXы█Y≤█▄ммLм█▄L≥▌▄XьлYXы█XммьмPуU▒WсPTуT≈у▄≈рSSQV▒п≈п▓S▒S▒влк█▄L█▄л▀мWс█WплMK▄м▀LM▀NK≥ьмLлXл≥LY≤M≤ы≥LL▄LX▄ьLXы▄≥≤ыY▌Y≤MMMнLM≥X≥K≥Lл▄ьы▌█LX▄ы▄ь≥█L≤лL≤X≥≤ьL▌MьььYM≤лYLыMнLьлYXы▄≥≥XX≤▀уTT■яQQп√KVPрUт⌠уврQпS▒т▒Q▒T▒S░яWп▓S▒S▒кRQт░UQу▒T▓Q▓QQ▌▌ьX▌LX▄L▌XXммNYXы█Y≤█▄ммLм█▄L≥▌▄XьлYXы█XммьмPуU▒WсPTуT≈у▄≈рSSQV▒п≈п▓S▒S▒влк█▄L█▄лкмWс█Wпл▄█▀LLNKMMLL█л▄M▄ы▌M▄ььN▄██Xм≥▌L█M≥XьммNMл▄L▄л▌LL█≥█мXл█▄нLKMн█ь▄мM▄L≤Y≤≥██≥▄▄X≤≤нммM▄N▌NMмлм▄▄▌ьMыYMMьь≥XлL▀уTT■яQQп√KVPрUт⌠уврQпS▒т▒Q▒T▒S░яWп▓S▒S▒кRQт░UQу▒T▓Q▓QQ▌▌ьX▌LX▄L▌XXммNYXы█Y≤█▄ммLм█▄L≥▌▄XьлYXы█XммьмPуU▒WсPTуT≈у▄≈рSSQV▒п≈п▓S▒S▒влк█▄L█▄ммWс█Wпл█K█KLкNL▄▄YX≥≤█▌M≤≥≥≥MлMь▄ыьы█LL≤л█лL▌▌▌нMXллььлYMN▄▄LK▌≥≤ьX≥LL▄LыLнLMNMы▌м≤мNLYM≥NLNMнNLмXNLXымNM▌уTT■яQQп√KVPрUт⌠уврQпS▒т▒Q▒T▒S░яWп▓S▒S▒кRQт░UQу▒T▓Q▓QQ▌▌ьX▌LX▄L▌XXммNYXы█Y≤█▄ммLм█▄L≥▌▄XьлYXы█XммьмPуU▒WсPTуT≈у▄≈рSSQV▒п≈п▓S▒S▒влк█▄L█▄мKмWс▄плKMLкM▀MкM▄██≤ML≥XXльXYMNMMMNX≥▄Xл≤X▄MXXы█MLMмXYY▄M▌MY≥MYLы≥▄л▄лLNY≥█лY≤MLы▄XLMмлы█≥Mь≤л█▄ьMXь█MыXь██мь▄YMуTT■яQQп√KVPрUт⌠уврQпS▒т▒Q▒T▒S░яWп▓S▒S▒кRQт░UQу▒T▓Q▓QQ▌▌ьX▌LX▄L▌XXммNYXы█Y≤█▄ммLм█▄L≥▌▄XьлYXы█XммьмPуU▒WсPTуT≈у▄≈рSSQV▒п≈п▓S▒S▒влк█▄L█▄м▀мWс▄плLM▄LнMLьY▌MлыLмы▄█лл▌нX▄▄YMNLл▄█M█ьXXы▄▄лLл▌L▄NLL▄≤X▌KмXмлXLыY≤LнXLY▌LYLьл▄нL≥L█ы≤ль≤Mьы▄▌XNLM≤мы▄≥Y≥≥MнXьLнуTT■яQQп√KVPрUт⌠уврQпS▒т▒Q▒T▒S░яWп▓S▒S▒кRQт░UQу▒T▓Q▓QQ▌▌ьX▌LX▄L▌XXммNYXы█Y≤█▄ммLм█▄L≥▌▄XьлYXы█XммьмPуU▒WсPTуT≈у▄≈рSSQV▒п≈п▓S▒S▒влк█▄L█▄мкмWс▄плMKM█кLм▀ML▀Mл≤NLыLн≥≤лм≥≤мL▄Y≥Y▌нLмXY█▄≤мм█▌M█M≥█Mьм▄N▄лYYX≤мY▌█MьM▌MX≤▄м≤█M≤YMNл▄Y▄ыYLлNMм▄Xы≥X▌LмMMм≤LY▄YMыKуTT■яQQп√KVPрUт⌠уврQпS▒т▒Q▒T▒S░яWп▓S▒S▒кRQт░UQу▒T▓Q▓QQ▌▌ьX▌LX▄L▌XXммNYXы█Y≤█▄ммLм█▄L≥▌▄XьлYXы█XммьмPуU▒WсPTуT≈у▄≈рSSQV▒п≈п▓S▒S▒влк█▄L█▄нмWс▄пл▄MмLл▀MMнNыML▄Y≥YLNNXMNм█MлмMNNM≤м█MыMлм▌LLNYYXXьм≤лм≥KLMььнмылYNNмMMLмььY▄█лXлMM≥нMнM█мыNYл█ллX≥нKуTT■яQQп√KVPрUт⌠уврQпS▒т▒Q▒T▒S░яWп▓S▒S▒кRQт░UQу▒T▓Q▓QQ▌▌ьX▌LX▄L▌XXммNYXы█Y≤█▄ммLм█▄L≥▌▄XьлYXы█XммьмPуU▒WсPTуT≈у▄≈рSSQV▒п≈п▓S▒S▒влк█▄L█▄нKмWс▄пл█KN▀L▌KMM▀лM≤▌Y≥YX▌▄мььM≤ь≤м▄нLMM▄лым≥м█Y▄≥≥NY█≤лыMмллMM█кXMMмYX█M≥NлL▌YL▄Y▌M≤лN≤▄LX≤≤L▌XYYYYY≥≤M█мYYLыкуTT■яQQп√KVPрUт⌠уврQпS▒т▒Q▒T▒S░яWп▓S▒S▒кRQт░UQу▒T▓Q▓QQ▌▌ьX▌LX▄L▌XXммNYXы█Y≤█▄ммLм█▄L≥▌▄XьлYXы█XммьмPуU▒WсPTуT≈у▄≈рSSQV▒п≈п▓S▒S▒влк█▄L██мWс▄пллNL█KM▄█ллыыьMмYMмNNY≥мXXNL█MYLNNMYXлн▄нLлYN██▀ы≥▌NLл▄мYYлмM▄▌Lн▄▄ьмMм█≥N≥▌MмL██мы≤мY█лYNXнYN▀уTT■яQQп√KVPрUт⌠уврQпS▒т▒Q▒T▒S░яWп▓S▒S▒кRQт░UQу▒T▓Q▓QQ▌▌ьX▌LX▄L▌XXммNYXы█Y≤█▄ммLм█▄L≥▌▄XьлYXы█XммьмPуU▒WсPTуT≈у▄≈рSSQV▒п≈п▓S▒S▒влк█▄L██KмWс▄плмKNMKL▄KM▄KY▌NMлXмYMM▄Y▄≥█ыMN≥▌LMM≤лнYMы▄≥MNL≥≥YX▌LNMM≤ьм▄нX≤▀M█LYXнM▌≤нLXY▄█▄ыMYXн▄ьлнLнLXы▌Mл█ыXнNLLLмы≤▄YKуTT■яQQп√KVPрUт⌠уврQпS▒т▒Q▒T▒S░яWп▓S▒S▒кRQт░UQу▒T▓Q▓QQ▌▌ьX▌LX▄L▌XXммNYXы█Y≤█▄ммLм█▄L≥▌▄XьлYXы█XммьмPуU▒WсPTуT≈у▄≈рSSQV▒п≈п▓S▒S▒влк█▄L██▀мWс▄пл▄кLMкM█▌XYYXYNMY█Lл█▄YLн≥N█XмнM≤лYыLY█▌NM≥≥ыXьLыNLьY▄L≤L▄XX≤██м≤≤L≥Y≤▌XлLм█M▌Nл▌≤Nы█M▄█мьлмм▌YMы█нNMммкуTT■яQQп√KVPрUт⌠уврQпS▒т▒Q▒T▒S░яWп▓S▒S▒кRQт░UQу▒T▓Q▓QQ▌▌ьX▌LX▄L▌XXммNYXы█Y≤█▄ммLм█▄L≥▌▄XьлYXы█XммьмPуU▒WсPTуT≈у▄≈рSSQV▒п≈п▓S▒S▒влк█▄L██кмWс▄плK▄кLLкM█к≤MNNLь█≤XM≤лY▌X≥XьNXы▌MXXыы▌LлMLYлXLMь█MыLNYYX█▄ьNYKX█нM≥Y≤ы≤ыY▌MмлMXXь█л▄ьX▌YM▄█MлмьLL█л≤YMMNXм≥LыLл≥█мыKуTT■яQQп√KVPрUт⌠уврQпS▒т▒Q▒T▒S░яWп▓S▒S▒кRQт░UQу▒T▓Q▓QQ▌▌ьX▌LX▄L▌XXммNYXы█Y≤█▄ммLм█▄L≥▌▄XьлYXы█XммьмPуU▒WсPTуT≈у▄≈рSSQV▒п≈п▓S▒S▒влк█▄L██мWс▄плL▄MLкM▌Kы≥▄ммьM≤ыL▌L≤≥MыLX█XлL▄≥Y▌Nм≤█LмX▌X█лMLьXYXлнL≤▄мYлXM≥X▄ь▌L▄нX█лL▌YLYыXь█Xь≤≤X█ьл▌лл█NY≤ыMь≤YMмлXкуTT■яQQп√KVPрUт⌠уврQпS▒т▒Q▒T▒S░яWп▓S▒S▒кRQт░UQу▒T▓Q▓QQ▌▌ьX▌LX▄L▌XXммNYXы█Y≤█▄ммLм█▄L≥▌▄XьлYXы█XммьмPуU▒WсPTуT≈у▄≈рSSQV▒п≈п▓S▒S▒влк█▄L██KмWс▄плMK▄▄L▀MлKXнXLXмLм██мXMл≥X█лMLLM█MXMMM≤лLXм≤Y█≤млM█ыMмX█MыXлY█LMKл█L≤ьY≥≥▄YлыLы≥LL▄▄ь≥YXмM▄≥MNььMLмлL▄M██▄MлNYXнмXмNL≥уTT■яQQп√KVPрUт⌠уврQпS▒т▒Q▒T▒S░яWп▓S▒S▒кRQт░UQу▒T▓Q▓QQ▌▌ьX▌LX▄L▌XXммNYXы█Y≤█▄ммLм█▄L≥▌▄XьлYXы█XммьмPуU▒WсPTуT≈у▄≈рSSQV▒п≈п▓S▒S▒влк█▄L██▀мWс▄пл▄▄█кM▀MмKYLNY▄ы▄Lл█≥XYM▄≤M≥M≤л▄█≥█ь≥▄≥Y▌YNY≤Mллны▄мY≤█LN█LM≥NLм▄л▄Mлл≥L▄L▄LM▌██L█NMNьXYY▄≤нM█NYL≤▄MMм≥≤мM▄≥█уTT■яQQп√KVPрUт⌠уврQпS▒т▒Q▒T▒S░яWп▓S▒S▒кRQт░UQу▒T▓Q▓QQ▌▌ьX▌LX▄L▌XXммNYXы█Y≤█▄ммLм█▄L≥▌▄XьлYXы█XммьмPуU▒WсPTуT≈у▄≈рSSQV▒п≈п▓S▒S▒влк█▄L██кмWс▄пл█K▄мKMмк≤MыL≤X▄ь≤▄л█▄Y▄XYN≥M≥≥MьY▄≤▄XьыLMы█≤M█≤█Lь█X≥Y▌KьыXLнLл≥█ьыM≥MMY▄▄M≤NMY▄MLLлMXым▄YынM▄лMNLнмKуTT■яQQп√KVPрUт⌠уврQпS▒т▒Q▒T▒S░яWп▓S▒S▒кRQт░UQу▒T▓Q▓QQ▌▌ьX▌LX▄L▌XXммNYXы█Y≤█▄ммLм█▄L≥▌▄XьлYXы█XммьмPуU▒WсPTуT≈у▄≈рSSQV▒п≈п▓S▒S▒влк█▄L██мWс▄плл█KKMнKыLь≥▌██ьLMмл▄▌NLььлль█ыYYNYLнл≥YыNY▄лмX█▄LMнYXмь█LN≤лLL█≥Y≤ьNYYM▄█м≤NX▄мMLыN≤█▌Y≥▄л≥▄█ьм≤≥█нM≥XMл≤KуTT■яQQп√KVPрUт⌠уврQпS▒т▒Q▒T▒S░яWп▓S▒S▒кRQт░UQу▒T▓Q▓QQ▌▌ьX▌LX▄L▌XXммNYXы█Y≤█▄ммLм█▄L≥▌▄XьлYXы█XммьмPуU▒WсPTуT≈у▄≈рSSQV▒п≈п▓S▒S▒влк█▄L██KмWс▄плмK█KмNXмX▌м≥YMYь█≥X≥LYL≤MNм█XнLм▌ыYы█мYX█ьм≤▄лL█YKX≤▄≥MLLMM█ллM≥LьMм≤≥≤Mм█N≤▄LьлыYM▌LMлы≥≤XLлM≥Y≤▄▀уTT■яQQп√KVPрUт⌠уврQпS▒т▒Q▒T▒S░яWп▓S▒S▒кRQт░UQу▒T▓Q▓QQ▌▌ьX▌LX▄L▌XXммNYXы█Y≤█▄ммLм█▄L≥▌▄XьлYXы█XммьмPуU▒WсPTуT≈у▄≈рSSQV▒п≈п▓S▒S▒влк█▄L██LмWсMWплKLнKL▌KLлк≤м█Y▄LмьыL█MMл≤█≥≤≥MMMмLы▄мXM█≥≥≤▌LMX≤█▄лыXьXлыLY█▌M▄█▌Yлы▄YNMл≥XXYMьмL▄нL▄█XMьыMLьы▄▌M≥YY≤≥▄▄м≥█XмMь█▄KуTT■яQQп√KVPрUт⌠уврQпS▒т▒Q▒T▒S░яWп▓S▒S▒кRQт░UQу▒T▓Q▓QQ▌▌ьX▌LX▄L▌XXммNYXы█Y≤█▄ммLм█▄L≥▌▄XьлYXы█XммьмPуU▒WсPTуT≈у▄≈рSSQV▒п≈п▓S▒S▒влк█▄L██LKмWсMWплLMкL█▀LмкN▄мN▄≥ьLнMм█≥▌LMNNM≤MыL▌мXM≥MLMLLмьлммыM≤ь▌K≥M█Lмьь▄▄▄≤≥≥Lы▄мыLыLXMYмYN█Nм▄мммNXы≤MMьмY█▄ьы≥уTT■яQQп√KVPрUт⌠уврQпS▒т▒Q▒T▒S░яWп▓S▒S▒кRQт░UQу▒T▓Q▓QQ▌▌ьX▌LX▄L▌XXммNYXы█Y≤█▄ммLм█▄L≥▌▄XьлYXы█XммьмPуU▒WсPTуT≈у▄≈рSSQV▒п≈п▓S▒S▒влк█▄L██L▀мWсMWплMKMLкL▄кLнK≥≤≥нYX█MLXмнLLьYXL▄█Y≤█LMл█Lь▄L█нYYXьX▌XмLM≤▄ьмNY▌▄█▄≥MMмMLYX≤лы█YXLь≥▌млMл≤▄Y▌▄ььлXYMь▄Y▄ьM█▄Y≥▄MыLл≤KуTT■яQQп√KVPрUт⌠уврQпS▒т▒Q▒T▒S░яWп▓S▒S▒кRQт░UQу▒T▓Q▓QQ▌▌ьX▌LX▄L▌XXммNYXы█Y≤█▄ммLм█▄L≥▌▄XьлYXы█XммьмPуU▒WсPTуT≈у▄≈рSSQV▒п≈п▓S▒S▒влк█▄L██LкмWсMWпл▄M▄L▄MK≥XXыYлLM≤Nмм█ы≥NXX▄ы▄ьLMнMнXыM█NлLлм▄≥≤MXьмм█мXкYXXмXлM≥≤н▄мM█≥▌≤L▌Xн≤≥мNM▄█ьь≤≤ы▌█ьMMY▄ыNуTT■яQQп√KVPрUт⌠уврQпS▒т▒Q▒T▒S░яWп▓S▒S▒кRQт░UQу▒T▓Q▓QQ▌▌ьX▌LX▄L▌XXммNYXы█Y≤█▄ммLм█▄L≥▌▄XьлYXы█XммьмPуU▒WсPTуT≈у▄≈рSSQV▒п≈п▓S▒S▒влк█▄L██MмWсMWпл█KM█кLM▀MкXLMXьм≤льLL▌нM▄ы≥L≤MXыYLYXныыL≥Mмь▌LMLыXн▌MьмXM▀N█Y≥мM▌YNXNLL≤≤XьYLьн▄ы▄ыNL≥▄нY≥LX▄нM█X█▌YX█▄▄м▄луTT■яQQп√KVPрUт⌠уврQпS▒т▒Q▒T▒S░яWп▓S▒S▒кRQт░UQу▒T▓Q▓QQ▌▌ьX▌LX▄L▌XXммNYXы█Y≤█▄ммLм█▄L≥▌▄XьлYXы█XммьмPуU▒WсPTуT≈у▄≈рSSQV▒п≈п▓S▒S▒влк█▄L██MKмWсMWпллMмLL▀M▀н≥≥≤≥L≤▄≥▄≤▄ыLыMыMмыM▄нLNLLM▌MьыY▌MмX≤▄≥Lм≤лY▌Y▌XXY≤KMннXNYLX≥NYY▌NL█▄нMY▌█XNL█нY█н≥LльLь≤MлYM▄▌MуTT■яQQп√KVPрUт⌠уврQпS▒т▒Q▒T▒S░яWп▓S▒S▒кRQт░UQу▒T▓Q▓QQ▌▌ьX▌LX▄L▌XXммNYXы█Y≤█▄ммLм█▄L≥▌▄XьлYXы█XммьмPуU▒WсPTуT≈у▄≈рSSQV▒п≈п▓S▒S▒влк█▄L██M▀мWсMWплмKNKLкMмл█м▄M▄XLXь≤ьMY█▌L██≥≤мN█ммNл▌LM▌▄Xы▌ннMнмX▄мымLыNL▌YYMмYY≥YYL▄≥M▌█▌Mы█L▄≥YYX≤л█ыLм█куTT■яQQп√KVPрUт⌠уврQпS▒т▒Q▒T▒S░яWп▓S▒S▒кRQт░UQу▒T▓Q▓QQ▌▌ьX▌LX▄L▌XXммNYXы█Y≤█▄ммLм█▄L≥▌▄XьлYXы█XммьмPуU▒WсPTуT≈у▄≈рSSQV▒п≈п▓S▒S▒влк█▄L██MкмWсMWплNLMLMX█≤▌L█л█ыX≤▄█лX▄█ылмLмY▌NLLл▄MY▌Y≥M≥█L█X≤лLь▄≤л▄≤MLMYKYXь≥≤≤MыX≤ьLл▄█ыы≥≤≤лMмLм██YM▄Y▌ныYXY≥Y▄█м≤XXYLXкуTT■яQQп√KVPрUт⌠уврQпS▒т▒Q▒T▒S░яWп▓S▒S▒кRQт░UQу▒T▓Q▓QQ▌▌ьX▌LX▄L▌XXммNYXы█Y≤█▄ммLм█▄L≥▌▄XьлYXы█XммьмPуU▒WсPTуT≈у▄≈рSSQV▒п≈п▓S▒S▒влк█▄L██NмWсMWплKNLкLMMьь█м▄≥▄M█▄█ы█≤LY█LмыMY▌MYM≥▌X≥ьн≤мMYYYL≥NYL▄ьл≥▄XNY≥Mлы█лы▌NNY▄▌M≤MлььмYN≤Yлм≤M█XLXLыы█Y≤M█куTT■яQQп√KVPрUт⌠уврQпS▒т▒Q▒T▒S░яWп▓S▒S▒кRQт░UQу▒T▓Q▓QQ▌▌ьX▌LX▄L▌XXммNYXы█Y≤█▄ммLм█▄L≥▌▄XьлYXы█XммьмPуU▒WсPTуT≈у▄≈рSSQV▒п≈п▓S▒S▒влк█▄L██NKмWсMWплL▄MKMM▀X≥XнY≤≤≥YM≤▄Y█ьь▌MLNLы≥▌ьXы≥▄≤мл█▄≤Lь≥MMль≥XM▀Lы≤YыNYLNM█ыMм██YYXлXлXYLNNLнLы≤NXLл≤LY▄▌X≤▄≤█≤м▀уTT■яQQп√KVPрUт⌠уврQпS▒т▒Q▒T▒S░яWп▓S▒S▒кRQт░UQу▒T▓Q▓QQ▌▌ьX▌LX▄L▌XXммNYXы█Y≤█▄ммLм█▄L≥▌▄XьлYXы█XммьмPуU▒WсPTуT≈у▄≈рSSQV▒п≈п▓S▒S▒влк█▄L██▄мWсMWплMK▄▀MNнL▄нN▄ыLы█MMь≥NL▌NN≤NX≤XYYM≤≤ML█мX▄M≥XNLLм█X≥▀YYMл▄▌ы█Y≥X▌NY▄лыY≥▌L█≥M≥NXLнLY≤M≤▄≥NM≥Y▄L▌ыMльмMMуTT■яQQп√KVPрUт⌠уврQпS▒т▒Q▒T▒S░яWп▓S▒S▒кRQт░UQу▒T▓Q▓QQ▌▌ьX▌LX▄L▌XXммNYXы█Y≤█▄ммLм█▄L≥▌▄XьлYXы█XммьмPуU▒WсPTуT≈у▄≈рSSQV▒п≈п▓S▒S▒влк█▄L██▄KмWсMWпл▄▄L▀▀M▄K≤≥Mы≤≤LL█мынMMммYMLLь▄M▄M≤L▌LмM▌YYMьмM≤лYлNMXM▄▌л≤X▀XXнLь█Lь▌Y▄нMьмы≥XлY≥█≤л▄ыY≥█мLY≤Y≤M▌≥▌≤ы█ыLY█N▄KуTT■яQQп√KVPрUт⌠уврQпS▒т▒Q▒T▒S░яWп▓S▒S▒кRQт░UQу▒T▓Q▓QQ▌▌ьX▌LX▄L▌XXммNYXы█Y≤█▄ммLм█▄L≥▌▄XьлYXы█XммьмPуU▒WсPTуT≈у▄≈рSSQV▒п≈п▓S▒S▒влк█▄L██▄▀мWсMWпл█K▄NмM▄к≥MмLьл█лNXмммнX▄мьл█NNмLь≥▄нLм█▄█▌Y≤M▄L≥Y≥▄Y▄M█LлY▀M≤YY≤мY≥NLьX▌лMмX≤нL≥≤Y▄мм█лLYы▌нLNL█лыNXм≥M≥уTT■яQQп√KVPрUт⌠уврQпS▒т▒Q▒T▒S░яWп▓S▒S▒кRQт░UQу▒T▓Q▓QQ▌▌ьX▌LX▄L▌XXммNYXы█Y≤█▄ммLм█▄L≥▌▄XьлYXы█XммьмPуU▒WсPTуT≈у▄≈рSSQV▒п≈п▓S▒S▒влк█▄L██▄кмWсMWплл▄█K█KM█K≤NX█LYNLь█л█YMьY▄MXлL█≥▄X█≥Y▄ыYYX▌нY▄ыMьYM≤LыL▄▄кM▄L█≥LML≤XX▄≥≤▄YммL▄л≤XXы▄мNL≥NYмMMмммY█лMь▌мыXн▄нь▀уTT■яQQп√KVPрUт⌠уврQпS▒т▒Q▒T▒S░яWп▓S▒S▒кRQт░UQу▒T▓Q▓QQ▌▌ьX▌LX▄L▌XXммNYXы█Y≤█▄ммLм█▄L≥▌▄XьлYXы█XммьмPуU▒WсPTуT≈у▄≈рSSQV▒п≈п▓S▒S▒влк█▄L███мWсMWплмK▄лMкM█кньX▄LLNM▄YM▄▌X▄≤мNM≥X█▄█YML≤≥≥MлмY≥MM≤NXXлMмьNLь≥▌NMлыL█≥≥▄м≥█≥NLXь█ы▄▄ммMнY█MMM≤MлMьLннL▌YM≥▄█Y▄MнLыKуTT■яQQп√KVPрUт⌠уврQпS▒т▒Q▒T▒S░яWп▓S▒S▒кRQт░UQу▒T▓Q▓QQ▌▌ьX▌LX▄L▌XXммNYXы█Y≤█▄ммLм█▄L≥▌▄XьлYXы█XммьмPуU▒WсPTуT≈у▄≈рSSQV▒п≈п▓S▒S▒влк█▄L███KмWсLплKL█кLMкL▄KLмм≤лLLY≥Y▄≥▄█ы█≥▌≥YLYNM▌Nьы≤█≤мY≤≤м▌XYXы≥█нL≤Y▀≤▌MллYMм█▄нX█▄M█L▄▄н█MY█MLлмл≤ь█м≥≥▄ыYMмN██нYMкуTT■яQQп√KVPрUт⌠уврQпS▒т▒Q▒T▒S░яWп▓S▒S▒кRQт░UQу▒T▓Q▓QQ▌▌ьX▌LX▄L▌XXммNYXы█Y≤█▄ммLм█▄L≥▌▄XьлYXы█XммьмPуU▒WсPTуT≈у▄≈рSSQV▒п≈п▓S▒S▒влк█▄L███▀мWсLплLLмKLML█K▄л≥YнY≥▌LыNM█Xмлы▌ы▄YX▄ы≤▄ь≤лMл▄MLNM█мьXыLXL▄YY▀XмлыYNY█▄≥ььл▄▌LмY▌YMMY≥█▄≤≥YY≥Y▌MX▄█L▄нXмуTT■яQQп√KVPрUт⌠уврQпS▒т▒Q▒T▒S░яWп▓S▒S▒кRQт░UQу▒T▓Q▓QQ▌▌ьX▌LX▄L▌XXммNYXы█Y≤█▄ммLм█▄L≥▌▄XьлYXы█XммьмPуU▒WсPTуT≈у▄≈рSSQV▒п≈п▓S▒S▒влк█▄L███кмWсLплMKMLLKL█▀XXXYXMNM█л▄M▌LY≥█≤█M▌LL≤NYYXL▌Y≥▄LьXьнM▄лнXM≤≥█≤L█LXY≥LLY█▌YY≥лмMLм≥≤Y≤м≥≤ььмMлLNN▌MXMLN█YыXXXлKуTT■яQQп√KVPрUт⌠уврQпS▒т▒Q▒T▒S░яWп▓S▒S▒кRQт░UQу▒T▓Q▓QQ▌▌ьX▌LX▄L▌XXммNYXы█Y≤█▄ммLм█▄L≥▌▄XьлYXы█XммьмPуU▒WсPTуT≈у▄≈рSSQV▒п≈п▓S▒S▒влк█▄L██▌мWсLпл▄MкLкL▌█ы█лы▌LынNNMM█ьY▄≥≥Mь█≤▄≥LMл≥▌Lл█YX█M▄мыLL▌X≤█L█Y≥█лLн≥Y≤мMXXлыXMыMLмLMX█▄Y█ллнLы█Y▌YлXML≥MьнNY█≥▄куTT■яQQп√KVPрUт⌠уврQпS▒т▒Q▒T▒S░яWп▓S▒S▒кRQт░UQу▒T▓Q▓QQ▌▌ьX▌LX▄L▌XXммNYXы█Y≤█▄ммLм█▄L≥▌▄XьлYXы█XммьмPуU▒WсPTуT≈у▄≈рSSQV▒п≈п▓S▒S▒влк█▄L██▌KмWсLпл█KMMKLLл▄MьмL█M≤мM▄█мньн≤ьлл█M▌YY▄≤X≤▌ы≥▄ь▄▄ьNXMYLXыMNKMY█▌Y≥MM█▄NL≤XLм▄YMмY≤MY≤Lыь≤ны█ыMыMьM≤▄ллLX▀уTT■яQQп√KVPрUт⌠уврQпS▒т▒Q▒T▒S░яWп▓S▒S▒кRQт░UQу▒T▓Q▓QQ▌▌ьX▌LX▄L▌XXммNYXы█Y≤█▄ммLм█▄L≥▌▄XьлYXы█XммьмPуU▒WсPTуT≈у▄≈рSSQV▒п≈п▓S▒S▒влк█▄L██лмWсLпллM▄KLLм≤≤▌ььY≤л≥▌≤NM≤л≤Lм▄ьььMY█NыM█≤M▄≤≤▄ы▄MLм≥▌Xл█мM≤MLMMXнLM≤Y≤ьмLM█NXXлн▄ыьмыл▄Y█≥≥M≤Y▄ы≥Yл▄лKуTT■яQQп√KVPрUт⌠уврQпS▒т▒Q▒T▒S░яWп▓S▒S▒кRQт░UQу▒T▓Q▓QQ▌▌ьX▌LX▄L▌XXммNYXы█Y≤█▄ммLм█▄L≥▌▄XьлYXы█XммьмPуU▒WсPTуT≈у▄≈рSSQV▒п≈п▓S▒S▒влк█▄L██лKмWсLплмKM▌MKLм▀≤ьн█L≥▄█нMы≤MьYX▄L▄нNN≥Mмл▌L█LX█XьмNлYNXмLX██M≤▀лмы▌X≥▄м≥M≥MMMнM▄M≤л≤ь▌Xм≤MлYMмXXы▄Lм▄≥NNNL█лMн≤≤MуTT■яQQп√KVPрUт⌠уврQпS▒т▒Q▒T▒S░яWп▓S▒S▒кRQт░UQу▒T▓Q▓QQ▌▌ьX▌LX▄L▌XXммNYXы█Y≤█▄ммLм█▄L≥▌▄XьлYXы█XммьмPуU▒WсPTуT≈у▄≈рSSQV▒п≈п▓S▒S▒влк█▄L██л▀мWсLплMмKLKLн█лMLL≥NN≥Y█M█≤▄≤█▌LY█ылYXммXX≤YXNлN≥нY█Mн≥▀▄мXмNMXYMLы█Y▄M≥≤YX≤NL▄ыы█м≤лмL≤█XллNM██мль≤≥█YYXль▄уTT■яQQп√KVPрUт⌠уврQпS▒т▒Q▒T▒S░яWп▓S▒S▒кRQт░UQу▒T▓Q▓QQ▌▌ьX▌LX▄L▌XXммNYXы█Y≤█▄ммLм█▄L≥▌▄XьлYXы█XммьмPуU▒WсPTуT≈у▄≈рSSQV▒п≈п▓S▒S▒влк█▄L██лкмWсLплKMнKкMKX▄нNл≤█YY█≥лл█мN▄ыYL▌Mы▌L≤MыYNLY≥LNXYмьл≤м█▌L▄Y█▀Lы≥NMмLлы≥█MмьYL▌M▄Xм▌Lм▄нY▄▄мYXмыY≤ьLLь≤нLMN▌Mм▀уTT■яQQп√KVPрUт⌠уврQпS▒т▒Q▒T▒S░яWп▓S▒S▒кRQт░UQу▒T▓Q▓QQ▌▌ьX▌LX▄L▌XXммNYXы█Y≤█▄ммLм█▄L≥▌▄XьлYXы█XммьмPуU▒WсPTуT≈у▄≈рSSQV▒п≈п▓S▒S▒влк█▄L██ммWсLплLN▀KMкмллXьLNM▄▌Y≥Y≤▄Xы█лXлLXы≤LY▄X≥██M▄█NL▌LY≥█▄LNLMLXкXXлNнL≥Y≤м≥▌ь≤≥≤ы▄л≥▄▌LьLьLNмXM▄X██м≥█▌▄▌N█▄NKуTT■яQQп√KVPрUт⌠уврQпS▒т▒Q▒T▒S░яWп▓S▒S▒кRQт░UQу▒T▓Q▓QQ▌▌ьX▌LX▄L▌XXммNYXы█Y≤█▄ммLм█▄L≥▌▄XьлYXы█XммьмPуU▒WсPTуT≈у▄≈рSSQV▒п≈п▓S▒S▒влк█▄L██мKмWсLплMKNLкм▀MKX≥м≥YмNM▄MY≤█≥█≤X▌Mн▌≤мY▄≤ь▄N≤M▄▄м█XMXьыL█лYMл▀LнNL≥Y≤≥M█л▄л▄нLXь▌NM≤нL▄L≤MNM▄MM▌YX≥≤▌XL▄MLMNMKуTT■яQQп√KVPрUт⌠уврQпS▒т▒Q▒T▒S░яWп▓S▒S▒кRQт░UQу▒T▓Q▓QQ▌▌ьX▌LX▄L▌XXммNYXы█Y≤█▄ммLм█▄L≥▌▄XьлYXы█XммьмPуU▒WсPTуT≈у▄≈рSSQV▒п≈п▓S▒S▒влк█▄L██м▀мWсLпл▄NN▌MYL≤M▌Y≥▌LYNьX█▌NXмLм▄мMLы█ы▌м█M▄M▄NM█лL█YYыLьм█▄X≤█лNMлмьNLь≤M▄▄ь▄M≥Y≥м▌Lы█≥≥▌X▌█M█▄≥MьX≥█уTT■яQQп√KVPрUт⌠уврQпS▒т▒Q▒T▒S░яWп▓S▒S▒кRQт░UQу▒T▓Q▓QQ▌▌ьX▌LX▄L▌XXммNYXы█Y≤█▄ммLм█▄L≥▌▄XьлYXы█XммьмPуU▒WсPTуT≈у▄≈рSSQV▒п≈п▓S▒S▒влк█▄L██мкмWсLпл█K▄▄MLKX█лнNY≤NM▄лXыMM▌M▌XьлY██≥█XMльLмL█▄▌M█XLML█ьY█▄▌XY▄▄XX▀L██YLXлY▌MмN▄ьLMл█мYNYY≤Y≥≥м≤▄MMM≤NL▌M▄▄█NM≥KуTT■яQQп√KVPрUт⌠уврQпS▒т▒Q▒T▒S░яWп▓S▒S▒кRQт░UQу▒T▓Q▓QQ▌▌ьX▌LX▄L▌XXммNYXы█Y≤█▄ммLм█▄L≥▌▄XьлYXы█XммьмPуU▒WсPTуT≈у▄≈рSSQV▒п≈п▓S▒S▒влк█▄L██нмWсLплл▄LKLMLк█≥XьY▄ьнLы▌L▌Mл≥Y▄л≥▄▄MNXыL▌XXыNL≤██≤LыY≤LXлM█мX▀█▄▄ы≥лXL█лY≤льX▄≤M█лX█▌LLл≤█м█ML█ы≥▄▌XM≤н≥LM▄LYMуTT■яQQп√KVPрUт⌠уврQпS▒т▒Q▒T▒S░яWп▓S▒S▒кRQт░UQу▒T▓Q▓QQ▌▌ьX▌LX▄L▌XXммNYXы█Y≤█▄ммLм█▄L≥▌▄XьлYXы█XммьмPуU▒WсPTуT≈у▄≈рSSQV▒п≈п▓S▒S▒влк█▄L██нKмWсLплмK▄MKнMMлл█YM█▌MN≥≤нM≤▄≥MьLы█ьL≤мYлX≥█лX≤▄XXьXьнL▌Xль≤L█ы≤Kь▄LXLXLN▌Y≤≥XX≤≤Xм≤X▄≤LнX▌мLNX≤█лML≥Yм▌M≥X≥≥M▀уTT■яQQп√KVPрUт⌠уврQпS▒т▒Q▒T▒S░яWп▓S▒S▒кRQт░UQу▒T▓Q▓QQ▌▌ьX▌LX▄L▌XXммNYXы█Y≤█▄ммLм█▄L≥▌▄XьлYXы█XммьмPуU▒WсPTуT≈у▄≈рSSQV▒п≈п▓S▒S▒влк█▄L█▌мWсWплKLMLLLлнм█л≥лнNNMXь▄≤LMYYLLль▄L█▌≥Yм≥≤ьнMMLMм≤ьYNL≤NM▌LL█ыLL▌≤XмMXыL≤ы▄XLн≤NMM▌LNL▄▄▄ьL██▄LьM≥LLлMYXX▄Mл≤л▌куTT■яQQп√KVPрUт⌠уврQпS▒т▒Q▒T▒S░яWп▓S▒S▒кRQт░UQу▒T▓Q▓QQ▌▌ьX▌LX▄L▌XXммNYXы█Y≤█▄ммLм█▄L≥▌▄XьлYXы█XммьмPуU▒WсPTуT≈у▄≈рSSQV▒п≈п▓S▒S▒влк█▄L█▌KмWсWплLL▄KLLLK≥M▄NYлмY≥▄█мм▌LнNLLMNMнYYY≥LYX▌YXX█≥▄YX▄≥X██M≤ыл≥≤LX▄▌YN▄ы≤M▄▄YMлмLL██▄лXM▌LмMьнXL▄мм▌Y█льы≥нLлмьKуTT■яQQп√KVPрUт⌠уврQпS▒т▒Q▒T▒S░яWп▓S▒S▒кRQт░UQу▒T▓Q▓QQ▌▌ьX▌LX▄L▌XXммNYXы█Y≤█▄ммLм█▄L≥▌▄XьлYXы█XммьмPуU▒WсPTуT≈у▄≈рSSQV▒п≈п▓S▒S▒влк█▄L█▌▀мWсWплMKL█кNLMMь≤Lл▄X▄Y█▌≤█LлXM≤≤ьLLN▄≤XMлллы≥M▄ы≥X≥≥Xл█YLXM█≤▌▀≤мYыNLл≥Mы≥LыX≤▄л█M≤льлM≤▄NX█XMLYMмLммыLы≥≥ьнX▄KуTT■яQQп√KVPрUт⌠уврQпS▒т▒Q▒T▒S░яWп▓S▒S▒кRQт░UQу▒T▓Q▓QQ▌▌ьX▌LX▄L▌XXммNYXы█Y≤█▄ммLм█▄L≥▌▄XьлYXы█XммьмPуU▒WсPTуT≈у▄≈рSSQV▒п≈п▓S▒S▒влк█▄L█▌кмWсWпл▄LмKMKLM▀X≤YM≥≥≥Y▌YьX≥≥лY≥█Nн▄▌Lлмь≤ы█▄ьм██мLLыл≥YXLX█Mы≥MкмL≥Mм▄Y≤≥л▌NNX▌LлYM▄LыM▄л≥XNLY█X█▄█LX≤Y≥██MыXLKуTT■яQQп√KVPрUт⌠уврQпS▒т▒Q▒T▒S░яWп▓S▒S▒кRQт░UQу▒T▓Q▓QQ▌▌ьX▌LX▄L▌XXммNYXы█Y≤█▄ммLм█▄L≥▌▄XьлYXы█XммьмPуU▒WсPTуT≈у▄≈рSSQV▒п≈п▓S▒S▒влк█▄L█▌мWсWпл█KMKLKLMкMXMX▌L≥M█NNX▌M██LXNXL▄ь≤мнXмь▄L▄≤▄ыLлLNMн█▄L█≤▄Lм█▄км≥▄≤▄Mмь█≥нMLLьML▄ль▌XмлXLLLмMMXл≤мьXмLм▄█▌LлMYькуTT■яQQп√KVPрUт⌠уврQпS▒т▒Q▒T▒S░яWп▓S▒S▒кRQт░UQу▒T▓Q▓QQ▌▌ьX▌LX▄L▌XXммNYXы█Y≤█▄ммLм█▄L≥▌▄XьлYXы█XммьмPуU▒WсPTуT≈у▄≈рSSQV▒п≈п▓S▒S▒влк█▄L█▌KмWсWпллML▄KX▌M≥XY█ьыNMLNNMNM≥▄ы█м▄≤YMN≤XнNM≤ьмX▄█Lл██▄ьXлLь≤лK≥≥█≤≥≥MLлнM▄XYLы▌LMыM▌≥LMMY≤M≥Mы≤█▄ыLь≤█л█M▄L▄уTT■яQQп√KVPрUт⌠уврQпS▒т▒Q▒T▒S░яWп▓S▒S▒кRQт░UQу▒T▓Q▓QQ▌▌ьX▌LX▄L▌XXммNYXы█Y≤█▄ммLм█▄L≥▌▄XьлYXы█XммьмPуU▒WсPTуT≈у▄≈рSSQV▒п≈п▓S▒S▒влк█▄L█▌▀мWсWплмKMMкL▄▀ьM▄LMYL▄█мXьXлY▄нMXл≥▌N▄≥≥▄█ммN█X▄≥▌Y≥LлLNMNM≤██мMк▄л▄X▄млX≥Y▌X█м≥MM█л█≥MллYYNXнXLLмьX≤м▄ь▄≤XNLь≥YMуTT■яQQп√KVPрUт⌠уврQпS▒т▒Q▒T▒S░яWп▓S▒S▒кRQт░UQу▒T▓Q▓QQ▌▌ьX▌LX▄L▌XXммNYXы█Y≤█▄ммLм█▄L≥▌▄XьлYXы█XммьмPуU▒WсPTуT≈у▄≈рSSQV▒п≈п▓S▒S▒влк█▄L█▌кмWсWплM▄нL█ьь≤мXL≤нMмьMXYM▄лнML▄Y≥█MY▌M≥MXым▄л█лYLMыьы≥мMкMлLмNNлымY▌Lм█≥█л▄ыMмY▄нXNYнMм▄м▄YYN≥▄YXMы▄≤XKуTT■яQQп√KVPрUт⌠уврQпS▒т▒Q▒T▒S░яWп▓S▒S▒кRQт░UQу▒T▓Q▓QQ▌▌ьX▌LX▄L▌XXммNYXы█Y≤█▄ммLм█▄L≥▌▄XьлYXы█XммьмPуU▒WсPTуT≈у▄≈рSSQV▒п≈п▓S▒S▒влк█▄L█▌мWсWплKM█▀мL▌KL≤▄мYMYM≥LL▌LMLлX▌Y≤ьML█YYлLM≤Xл█Y≤мYMYьы█кY≥≥▌▄XMLNN≤мYXLMXл≤▌▄ы█YLьLXXм▌MлNM≤NLM▄LY≤█м▄≤KуTT■яQQп√KVPрUт⌠уврQпS▒т▒Q▒T▒S░яWп▓S▒S▒кRQт░UQу▒T▓Q▓QQ▌▌ьX▌LX▄L▌XXммNYXы█Y≤█▄ммLм█▄L≥▌▄XьлYXы█XммьмPуU▒WсPTуT≈у▄≈рSSQV▒п≈п▓S▒S▒влк█▄L█▌KмWсWплLMл▀▌LлM▄ьнлл▄▄ы▌YXXXмMMMлX▄█ь█Mмь█YY▌YX▄ьлMM█Y≤Lы▄XLьллYLMк█L▄м█▄▄ьNльM≥YX▄█≤м█LьY▄MXьмNMлмXльмMы██≥LN▄ьYм▄█MкуTT■яQQп√KVPрUт⌠уврQпS▒т▒Q▒T▒S░яWп▓S▒S▒кRQт░UQу▒T▓Q▓QQ▌▌ьX▌LX▄L▌XXммNYXы█Y≤█▄ммLм█▄L≥▌▄XьлYXы█XммьмPуU▒WсPTуT≈у▄≈рSSQV▒п≈п▓S▒S▒влк█▄L█▌LмWсWплMKMн▄KLл▀▌LMь≥NXл▄≥≤M▄▌▄ьYXм█≥L█ль▌мл▄▌XмXнX▄M≥▌L≤NLьY≥≥L█▀█ны█≤ьLLLMLX≥MXMNM≥█нLXYMмYLN≥MXл█м≤█NLл█NM█L≥█≤L≥▀уTT■яQQп√KVPрUт⌠уврQпS▒т▒Q▒T▒S░яWп▓S▒S▒кRQт░UQу▒T▓Q▓QQ▌▌ьX▌LX▄L▌XXммNYXы█Y≤█▄ммLм█▄L≥▌▄XьлYXы█XммьмPуU▒WсPTуT≈у▄≈рSSQV▒п≈п▓S▒S▒влк█▄L█▌LKмWсWпл▄NLкLм▀YLнM≤нXNY█≤█MMьY≤Lлл▄YL▌█≤м▌лмLлYXLмыLNLM≥M█▌L≥ьXьXлMл≥█▄YMLYлыYм≤≤≥▄▌MмнXм▌LY▄▄ы█▄█M█ыLыLуTT■яQQп√KVPрUт⌠уврQпS▒т▒Q▒T▒S░яWп▓S▒S▒кRQт░UQу▒T▓Q▓QQ▌▌ьX▌LX▄L▌XXммNYXы█Y≤█▄ммLм█▄L≥▌▄XьлYXы█XммьмPуU▒WсPTуT≈у▄≈рSSQV▒п≈п▓S▒S▒влк█▄L█▌L▀мWсWпл█KNKкLмкXм▌XL▌NM▌Xлы█ыLы▄лY≤▄MMнYLMыNYNьMX≥X▄L≤▌NMXNXNXл██▄ы▄лнлммYMлY▄LыXLь██ьыXNMлXXYYлы≥Y▄YL█X▄NMXLы≥ымL▌LKуTT■яQQп√KVPрUт⌠уврQпS▒т▒Q▒T▒S░яWп▓S▒S▒кRQт░UQу▒T▓Q▓QQ▌▌ьX▌LX▄L▌XXммNYXы█Y≤█▄ммLм█▄L≥▌▄XьлYXы█XммьмPуU▒WсPTуT≈у▄≈рSSQV▒п≈п▓S▒S▒влк█▄L█▌LкмWсWпллNM▀▌KLнKYMY≤ыMLML██ы≤XMYYNL≥YML≤≤м≤ьXYNYL≤MлылYY█▄льы▄KммыYXX▄▌█X▄█нY≥L██ы≤лYмMмL≥██≥█XMыLXлM█XьXNXн≥MкуTT■яQQп√KVPрUт⌠уврQпS▒т▒Q▒T▒S░яWп▓S▒S▒кRQт░UQу▒T▓Q▓QQ▌▌ьX▌LX▄L▌XXммNYXы█Y≤█▄ммLм█▄L≥▌▄XьлYXы█XммьмPуU▒WсPTуT≈у▄≈рSSQV▒п≈п▓S▒S▒влк█▄L█▌MмWсWплмK▄▀MKM▄XмL≤█LXNYNL≥XNLлYY≥≥██MьNLXьXлM█л≤≤нM≤█MYL≤ыLXXы≥▄мнYM≤K█YMYLьл≤≤л▄≤м▌LXY█ммYMлм▄ыYMM≥█YMM▌L█M▌X█MмL≥KуTT■яQQп√KVPрUт⌠уврQпS▒т▒Q▒T▒S░яWп▓S▒S▒кRQт░UQу▒T▓Q▓QQ▌▌ьX▌LX▄L▌XXммNYXы█Y≤█▄ммLм█▄L≥▌▄XьлYXы█XммьмPуU▒WсPTуT≈у▄≈рSSQV▒п≈п▓S▒S▒влк█▄L█▌MKмWсплKL▀LKM▀Xл≥▌нLL█≤LLьM█≤мMNMXMьыY▄≥LM≥лNX≤X≥X≤≥нM≤нL█Y≤▄≤█л≥ь█▄мN█YыMMыл█L≤▄NM≤ы≥█XммьлLLLXX≥≥≥█≥NXY▌Lы▄▄≥▄ы≥▄куTT■яQQп√KVPрUт⌠уврQпS▒т▒Q▒T▒S░яWп▓S▒S▒кRQт░UQу▒T▓Q▓QQ▌▌ьX▌LX▄L▌XXммNYXы█Y≤█▄ммLм█▄L≥▌▄XьлYXы█XммьмPуU▒WсPTуT≈у▄≈рSSQV▒п≈п▓S▒S▒влк█▄L█▌M▀мWсплLLKKNK≥YYX▄YLX▄л≤ыXьыMMнлмLL▄Y█▌M█≥█м▄▌NLмллыN≤M█л▄LXы≥M≥▌KнLл▄XльXY▄▄▄L≤YLмыYY█ы≤н≥≥LXм≥M▄▌MLьлмыYMь≥█нLл█YуTT■яQQп√KVPрUт⌠уврQпS▒т▒Q▒T▒S░яWп▓S▒S▒кRQт░UQу▒T▓Q▓QQ▌▌ьX▌LX▄L▌XXммNYXы█Y≤█▄ммLм█▄L≥▌▄XьлYXы█XммьмPуU▒WсPTуT≈у▄≈рSSQV▒п≈п▓S▒S▒влк█▄L█▌MкмWсплMKLMK▀LK≥X▄█LY▌▄мXMYNYXMм≥█XыLX≤▄лNY≤MлььL▌лNL▌MY▄≤█XлXK▌MM█XNM▄ML≥XLнYьYм██▄Y≤▌L≤≥N█Xл█▄ьм▄ьY▄X▌уTT■яQQп√KVPрUт⌠уврQпS▒т▒Q▒T▒S░яWп▓S▒S▒кRQт░UQу▒T▓Q▓QQ▌▌ьX▌LX▄L▌XXммNYXы█Y≤█▄ммLм█▄L≥▌▄XьлYXы█XммьмPуU▒WсPTуT≈у▄≈рSSQV▒п≈п▓S▒S▒влк█▄L█▌NмWспл▄L▄KкLк≤мы≤▌█ь█≤≥≤лмMNYL≥▄ммLMY≥≤MX█нLм▄ы▄Lм≤▄≤нXн██ыYLM≤м▌Kь≥▌XXNMл█ьлн≥льмыMлм█ыNNMл▄▄MLM█NNлн█л▄ML▄≤мM≤Y≥KуTT■яQQп√KVPрUт⌠уврQпS▒т▒Q▒T▒S░яWп▓S▒S▒кRQт░UQу▒T▓Q▓QQ▌▌ьX▌LX▄L▌XXммNYXы█Y≤█▄ммLм█▄L≥▌▄XьлYXы█XммьмPуU▒WсPTуT≈у▄≈рSSQV▒п≈п▓S▒S▒влк█▄L█▌NKмWспл█KL▌нKLKNь▄м█мл▄▄N█YXмM▄нMNYLлнLLL≤█LY≥LлX▄Xл█L≤▄YYKMм≤NY≤L▄нL▄нY▄≥█≤м█XLы▌MXлNLM≤MнMMь█Y≤▄ьMьлн█MXXM▄KуTT■яQQп√KVPрUт⌠уврQпS▒т▒Q▒T▒S░яWп▓S▒S▒кRQт░UQу▒T▓Q▓QQ▌▌ьX▌LX▄L▌XXммNYXы█Y≤█▄ммLм█▄L≥▌▄XьлYXы█XммьмPуU▒WсPTуT≈у▄≈рSSQV▒п≈п▓S▒S▒влк█▄L█лмWспллLммKLKмьыьMXьн█N█▌M≥≥≤▄YMXнXь≥L≤лM█▄X▄л≥LLYXLы▌X▄YMN≤л█≤▀≤N▄Mм▄█X█M▄LY≥█л█▄≤L≥ы≤▌ы█ыYNMY▄MыM≥█л█Y▄NлL█Lмл≤нуTT■яQQп√KVPрUт⌠уврQпS▒т▒Q▒T▒S░яWп▓S▒S▒кRQт░UQу▒T▓Q▓QQ▌▌ьX▌LX▄L▌XXммNYXы█Y≤█▄ммLм█▄L≥▌▄XьлYXы█XммьмPуU▒WсPTуT≈у▄≈рSSQV▒п≈п▓S▒S▒влк█▄L█лKмWсплмKMлLLMлыMMм▄лNX▌Mы▄XMMьMNLYLы≥XNX≤MNыьм≥л█Y▌LлнлмYY▄MN█NKYLл≥▄M▌Mы█MLьL≤▄██ы≤мY▌▄L≥▄Lл█нYYMы█л█≥L█MыYLKуTT■яQQп√KVPрUт⌠уврQпS▒т▒Q▒T▒S░яWп▓S▒S▒кRQт░UQу▒T▓Q▓QQ▌▌ьX▌LX▄L▌XXммNYXы█Y≤█▄ммLм█▄L≥▌▄XьлYXы█XммьмPуU▒WсPTуT≈у▄≈рSSQV▒п≈п▓S▒S▒влк█▄L█л▀мWсплMк█KLL▀лмы≥YM█ьььлMLN▄█нNY█нYYM≥≥≥Lлы≤лXь█YYYN█ы█KXL≥ьмXь≥LлYыLLLLNL▄▌ыXYьмыY█LYX█нXы█≤≤LYNYY█XмлNXнX▌уTT■яQQп√KVPрUт⌠уврQпS▒т▒Q▒T▒S░яWп▓S▒S▒кRQт░UQу▒T▓Q▓QQ▌▌ьX▌LX▄L▌XXммNYXы█Y≤█▄ммLм█▄L≥▌▄XьлYXы█XммьмPуU▒WсPTуT≈у▄≈рSSQV▒п≈п▓S▒S▒влк█▄L█лкмWсплKMLK▄KLMKY██ы≤ьмыX≤MьX█LY█X≤MYN≥█▌MыYLN▄LX█▌MLN▄MM≤L▄█YLьыл▄NYLXмлы█X█лыXлнмMXм▄ыLNNмY█≥XY≤ь█Y█≥N█≤▌XNML█ыLKуTT■яQQп√KVPрUт⌠уврQпS▒т▒Q▒T▒S░яWп▓S▒S▒кRQт░UQу▒T▓Q▓QQ▌▌ьX▌LX▄L▌XXммNYXы█Y≤█▄ммLм█▄L≥▌▄XьлYXы█XммьмPуU▒WсPTуT≈у▄≈рSSQV▒п≈п▓S▒S▒влк█▄L█лмWсплLMMкMLMкM█M▄▄MM█▄л██мMLY≥▌Lьь≥█ьXль▄XмLм≤≥MLл≤Lн█▄лн█кNX▄ыMьлN▌L█ыM▌█LL≤NXыXлM▌MNLYM▄M█≥M≥▄ь≤Lмм≤X█ы≤YLыуTT■яQQп√KVPрUт⌠уврQпS▒т▒Q▒T▒S░яWп▓S▒S▒кRQт░UQу▒T▓Q▓QQ▌▌ьX▌LX▄L▌XXммNYXы█Y≤█▄ммLм█▄L≥▌▄XьлYXы█XммьмPуU▒WсPTуT≈у▄≈рSSQV▒п≈п▓S▒S▒влк█▄L█лKмWсплMKM▄к▀LNK█≤≥X▄ь≥Mы█LNMымX█Y▄лYX▄YNL▄м≤≤XLLм▄мнM≥▄м█нMY≥█NXKмMы≥█▄лMXлл█Y≤лYM█▌YNNXMльXлLXыX≤▄L▌LMнLX▄Lы▌L≥X≤MуTT■яQQп√KVPрUт⌠уврQпS▒т▒Q▒T▒S░яWп▓S▒S▒кRQт░UQу▒T▓Q▓QQ▌▌ьX▌LX▄L▌XXммNYXы█Y≤█▄ммLм█▄L≥▌▄XьлYXы█XммьмPуU▒WсPTуT≈у▄≈рSSQV▒п≈п▓S▒S▒влк█▄L█л▀мWспл▄M▌KмкL▄кYы█≥L█ь▄YLMMлXьY▄M≥▌≥Lн≥L▄нM█ыM▄нL▄█YMLMM█▄▄ы▄MыXкYлыY█▄M≥≥LнLмY≥YNN▄мXль▌Mм≥MнYMлнмXнь▄L≥MNKуTT■яQQп√KVPрUт⌠уврQпS▒т▒Q▒T▒S░яWп▓S▒S▒кRQт░UQу▒T▓Q▓QQ▌▌ьX▌LX▄L▌XXммNYXы█Y≤█▄ммLм█▄L≥▌▄XьлYXы█XммьмPуU▒WсPTуT≈у▄≈рSSQV▒п≈п▓S▒S▒влк█▄L█лкмWспл█KMмK▄▀L█м≥LNXл≤XнLXXXь▄м≤Xь≤█нL≥ы▄ьXьM≤≥█M█лнMX█м≥MлM█Y≤ымMлL▌LYLMл≥▄ьLNY▄▄█Mмь≤мLLMLLN█YнLь█м≥NLXнKуTT■яQQп√KVPрUт⌠уврQпS▒т▒Q▒T▒S░яWп▓S▒S▒кRQт░UQу▒T▓Q▓QQ▌▌ьX▌LX▄L▌XXммNYXы█Y≤█▄ммLм█▄L≥▌▄XьлYXы█XммьмPуU▒WсPTуT≈у▄≈рSSQV▒п≈п▓S▒S▒влк█▄L█лмWспллNL█▀▄LX≥MLмXь≥█XьыLYXы▌L≥█≤▄MYMNLMM█Yль▌м≤н█≤▄≤N≥XNK≥LML█NX▄█≥LXLLNLMлл█≥▌█MмNXьLLLLN█M▌Y▌ыMLл▌NKуTT■яQQп√KVPрUт⌠уврQпS▒т▒Q▒T▒S░яWп▓S▒S▒кRQт░UQу▒T▓Q▓QQ▌▌ьX▌LX▄L▌XXммNYXы█Y≤█▄ммLм█▄L≥▌▄XьлYXы█XммьмPуU▒WсPTуT≈у▄≈рSSQV▒п≈п▓S▒S▒влк█▄L█лKмWсплмKNKL▌█L≤л≤ыX█M≥≥LL≤л▌▄≤лм≥▄MYYXь▌Mл█MллMMмXлнNм▄MX▌LLYMXкXмы█ы█▄XмыMммM≤ы▄▄Yл▄▄лXыLYY▄Y≤нньL▄ь█≥Y█ьXMMлKуTT■яQQп√KVPрUт⌠уврQпS▒т▒Q▒T▒S░яWп▓S▒S▒кRQт░UQу▒T▓Q▓QQ▌▌ьX▌LX▄L▌XXммNYXы█Y≤█▄ммLм█▄L≥▌▄XьлYXы█XммьмPуU▒WсPTуT≈у▄≈рSSQV▒п≈п▓S▒S▒влк█▄L█лLмWсмWплKLь█Mь▄▄ьLX▄мы▄LмYьYL█ыL▌YXLыLMм≤ьYLMMXы▄MML▄L▄лнLX≥≤M▄≥MKXMлмXNNX▄Lл≥Mл█Lьн▄YMыMXLлыNM≥▌≤Y≤ь≤≥█ьнL▄NLмльлн▀уTT■яQQп√KVPрUт⌠уврQпS▒т▒Q▒T▒S░яWп▓S▒S▒кRQт░UQу▒T▓Q▓QQ▌▌ьX▌LX▄L▌XXммNYXы█Y≤█▄ммLм█▄L≥▌▄XьлYXы█XммьмPуU▒WсPTуT≈у▄≈рSSQV▒п≈п▓S▒S▒влк█▄L█лLKмWсмWплLM▀мкMл≥▄м█≥нYLм≥█XмX≥≤ь▄л≥▌Lы▄мLмм≤L≥≥MнX█≤≥≥≥Y██лNM▀▄█▌LьXьм▌лм≥ы▌ы▄≥XXL█X≥л≥MMл▌M≤Mл≥█XM▌LYNMы≤≥л▀уTT■яQQп√KVPрUт⌠уврQпS▒т▒Q▒T▒S░яWп▓S▒S▒кRQт░UQу▒T▓Q▓QQ▌▌ьX▌LX▄L▌XXммNYXы█Y≤█▄ммLм█▄L≥▌▄XьлYXы█XммьмPуU▒WсPTуT≈у▄≈рSSQV▒п≈п▓S▒S▒влк█▄L█лL▀мWсмWплMKL▀мKY▄Xл▄Y≤≤ьMM█MмыXыX█мNXYM▄▌Lь≤▄NL▄▄н▄ы█ы≥Nл▄ьл█Lк█мY█мLYM≥≤лл▌XXлLнYLYXNY█н█M█≥▄YY▄▄нY≥Mм█м≥мLнLMкуTT■яQQп√KVPрUт⌠уврQпS▒т▒Q▒T▒S░яWп▓S▒S▒кRQт░UQу▒T▓Q▓QQ▌▌ьX▌LX▄L▌XXммNYXы█Y≤█▄ммLм█▄L≥▌▄XьлYXы█XммьмPуU▒WсPTуT≈у▄≈рSSQV▒п≈п▓S▒S▒влк█▄L█лLкмWсмWпл▄LлKLK≥█≥Mн▌LXLMьлLM█≥▄LLN█Lы▄█▄█Xм▌M≥█MYY▄YLLXMKL≥≤ь▄█▄▌нL≤н≥Y█▄Y▌█мыL██м█NY≤█LммM█MX▄м█▌KуTT■яQQп√KVPрUт⌠уврQпS▒т▒Q▒T▒S░яWп▓S▒S▒кRQт░UQу▒T▓Q▓QQ▌▌ьX▌LX▄L▌XXммNYXы█Y≤█▄ммLм█▄L≥▌▄XьлYXы█XммьмPуU▒WсPTуT≈у▄≈рSSQV▒п≈п▓S▒S▒влк█▄L█лMмWсмWпл█KLMK█кLкл≤нYM≥Xь█мLNY█LL▄≥MмлL≥▄≤XньL≤M▄▄мXмMMX▌Lм█ыLLX▌L▌K█X█м▄MыLьлL▄LL▌Y▌X█YMYLY█LLLX≤NLNLмY▄≤LY█Lл≤ым▄L█Mь▀уTT■яQQп√KVPрUт⌠уврQпS▒т▒Q▒T▒S░яWп▓S▒S▒кRQт░UQу▒T▓Q▓QQ▌▌ьX▌LX▄L▌XXммNYXы█Y≤█▄ммLм█▄L≥▌▄XьлYXы█XммьмPуU▒WсPTуT≈у▄≈рSSQV▒п≈п▓S▒S▒влк█▄L█лMKмWсмWпллL▄K▄кM▀≥XмXыXлLл▄≥ы≥NыXыXм▄Mмлмь█YXлмыY▄Xм≤LмLMьмLMььь█кL≤L≥▄ьMнMMы▄█▄NLNлXLнYYLы▄≥≥M≥YX▌мYнNYLы▄м█≥M█▀уTT■яQQп√KVPрUт⌠уврQпS▒т▒Q▒T▒S░яWп▓S▒S▒кRQт░UQу▒T▓Q▓QQ▌▌ьX▌LX▄L▌XXммNYXы█Y≤█▄ммLм█▄L≥▌▄XьлYXы█XммьмPуU▒WсPTуT≈у▄≈рSSQV▒п≈п▓S▒S▒влк█▄L█лM▀мWсмWплмKL█▀NMкMMлYNNNь▌XN≤XьыM▌▌XыM█▄ы≥▄ы≥█LMYXLY▌L█ы≤LыMмMLXь▄█LNXыMльм█X█нM≥≤▌мыY≤≤≤NM≥█≤≤XMM≥нL▌LуTT■яQQп√KVPрUт⌠уврQпS▒т▒Q▒T▒S░яWп▓S▒S▒кRQт░UQу▒T▓Q▓QQ▌▌ьX▌LX▄L▌XXммNYXы█Y≤█▄ммLм█▄L≥▌▄XьлYXы█XммьмPуU▒WсPTуT≈у▄≈рSSQV▒п≈п▓S▒S▒влк█▄L█лMкмWсмWплLлкL▀NK≥MX█≥X█▌мYYMлMM≤X≤л≤ыYY≤≥▄нMLнн≤M≤LлM≥≤лмлкь≤YмMыLNLLY█≤м≤Mм≤≥L≥X█N≤L≥█NNыXNY≤L≤██лL█≤▄█Y█LM▌MуTT■яQQп√KVPрUт⌠уврQпS▒т▒Q▒T▒S░яWп▓S▒S▒кRQт░UQу▒T▓Q▓QQ▌▌ьX▌LX▄L▌XXммNYXы█Y≤█▄ммLм█▄L≥▌▄XьлYXы█XммьмPуU▒WсPTуT≈у▄≈рSSQV▒п≈п▓S▒S▒влк█▄L█лNмWсмWплKLмкLкMьMм≤█X≤▄█LY▌M≥Lл▄█≤нL█X≥▄MMыLNMлLмYMм≥L▄лM▀ь█≤L≤MXмыNY▄лл█LY≤лY▄LыXь█LX≤▄нY≥MьXл▌XMлM▄лл▌Y≥█Mм≤ькуTT■яQQп√KVPрUт⌠уврQпS▒т▒Q▒T▒S░яWп▓S▒S▒кRQт░UQу▒T▓Q▓QQ▌▌ьX▌LX▄L▌XXммNYXы█Y≤█▄ммLм█▄L≥▌▄XьлYXы█XммьмPуU▒WсPTуT≈у▄≈рSSQV▒п≈п▓S▒S▒влк█▄L█лNKмWсмWплLMкL≤≤л▄ыM▄▄LNыX▄Mм≥█ыXнL█X▄▄LммнMLX≤ы█XымL▄N▌XллN▄XYX▌KY▄ьл≤ьл▄X█ллM█ьнNMYьM▌Y≥мMM≤ь≥Y▌MM≥▌█ьXы▄XMYлX≥NKуTT■яQQп√KVPрUт⌠уврQпS▒т▒Q▒T▒S░яWп▓S▒S▒кRQт░UQу▒T▓Q▓QQ▌▌ьX▌LX▄L▌XXммNYXы█Y≤█▄ммLм█▄L≥▌▄XьлYXы█XммьмPуU▒WсPTуT≈у▄≈рSSQV▒п≈п▓S▒S▒влк█▄L█л▄мWсмWплMKMKлL▀≥NмNLл≤ыM≤█▄мм▌NLLMMXм▌NMыXлLмYY≤NьNMLXлм█▄ы█XыLLнX≤▄L≤LLY▌L≤YLL█M█▌NMX▌XлXLLллX█ммыY█XXьмL≤≥NLьMNуTT■яQQп√KVPрUт⌠уврQпS▒т▒Q▒T▒S░яWп▓S▒S▒кRQт░UQу▒T▓Q▓QQ▌▌ьX▌LX▄L▌XXммNYXы█Y≤█▄ммLм█▄L≥▌▄XьлYXы█XммьмPуU▒WсPTуT≈у▄≈рSSQV▒п≈п▓S▒S▒влк█▄L█л▄KмWсмWпл▄MMMLKL▄ьMь≤≤ллM≤XNNLл█M≥▄мYMYMLN≥≥нNX█≤XьлNLXLMNX≤мY▌▀█≥YY≤▌≤MLлмыXм≤ы█лL▌мLл≥ML▌м≤ь█нXXMьY▌Y▌NX█MLMкуTT■яQQп√KVPрUт⌠уврQпS▒т▒Q▒T▒S░яWп▓S▒S▒кRQт░UQу▒T▓Q▓QQ▌▌ьX▌LX▄L▌XXммNYXы█Y≤█▄ммLм█▄L≥▌▄XьлYXы█XммьмPуU▒WсPTуT≈у▄≈рSSQV▒п≈п▓S▒S▒влк█▄L█л▄▀мWсмWпл█KM▄LLKX≤лY█нM≤л█≥≤ьм▄XMNLMыM▄≥M≥N███≤≥MY▄л▄мX≤ь▌X█LX█нM▀≤M█ыXY█L█≤M≥YY▌M≤MYллL≥NL█NYYMMNY≥LMьь≥█мнXьYXл▄MнKуTT■яQQп√KVPрUт⌠уврQпS▒т▒Q▒T▒S░яWп▓S▒S▒кRQт░UQу▒T▓Q▓QQ▌▌ьX▌LX▄L▌XXммNYXы█Y≤█▄ммLм█▄L≥▌▄XьлYXы█XммьмPуU▒WсPTуT≈у▄≈рSSQV▒п≈п▓S▒S▒влк█▄L█л▄кмWсмWпллM█KLLкMь█Nмн█L█м▄▄▄LмLMLM▌▄MьLMьXL▌M▌MXм≤YM▄X≥▌X▀≤▄▌ьM█▌L█NM█н█≥▄LнYX▄▌Yм█N≥≤YNMмLLNNлм█≤█▄м≤мKуTT■яQQп√KVPрUт⌠уврQпS▒т▒Q▒T▒S░яWп▓S▒S▒кRQт░UQу▒T▓Q▓QQ▌▌ьX▌LX▄L▌XXммNYXы█Y≤█▄ммLм█▄L≥▌▄XьлYXы█XммьмPуU▒WсPTуT≈у▄≈рSSQV▒п≈п▓S▒S▒влк█▄L█л█мWслплKнK▌KлкYXлыYN≤NыM▌XыYLыM▄YлNLымMM▄ыXM█LXMLMьL≥Lм█▄L≥Y▄NMNX≤≤NьMьм≤▄L█XьмLY▄█л≤▌мм█лMыYM≤≥█▌≤л█X≥YNYX▄█KуTT■яQQп√KVPрUт⌠уврQпS▒т▒Q▒T▒S░яWп▓S▒S▒кRQт░UQу▒T▓Q▓QQ▌▌ьX▌LX▄L▌XXммNYXы█Y≤█▄ммLм█▄L≥▌▄XьлYXы█XммьмPуU▒WсPTуT≈у▄≈рSSQV▒п≈п▓S▒S▒влк█▄L█л█KмWслплL█Kм▀ыL█▄LNYллNYLXь▄MлM≤YM█≤█лNN≥▄XYLLXл▌≤LлXлл▌M▄█ьYNKLXYL▄LYY≥M▄ыLы▌MыM▄≤ы≤LY▌Lл≥Mл█YYN█▄M▄▄YLKуTT■яQQп√KVPрUт⌠уврQпS▒т▒Q▒T▒S░яWп▓S▒S▒кRQт░UQу▒T▓Q▓QQ▌▌ьX▌LX▄L▌XXммNYXы█Y≤█▄ммLм█▄L≥▌▄XьлYXы█XммьмPуU▒WсPTуT≈у▄≈рSSQV▒п≈п▓S▒S▒влк█▄L█л█▀мWслплMKL▄кнм▌л█▄▌Y≥█NL▄≤▄ьXнLYлYммYXыLнLынLM▄LXL▄≥Mы█XмK██ьыNьLLNлXM▌▄≥N▄нмXM▌Mы≤YL██м≤M▄м≥▌M≥≥N▄KуTT■яQQп√KVPрUт⌠уврQпS▒т▒Q▒T▒S░яWп▓S▒S▒кRQт░UQу▒T▓Q▓QQ▌▌ьX▌LX▄L▌XXммNYXы█Y≤█▄ммLм█▄L≥▌▄XьлYXы█XммьмPуU▒WсPTуT≈у▄≈рSSQV▒п≈п▓S▒S▒влк█▄L█л█кмWслпл▄M▀NKнKNмлнMыллм▌YNлы█млMнYLлLLYY≤MлLлнLлны≤LXь▄ллыY█кY≤▌X≤нлмNмыLлY≥ML≥██YLы≥Y█мл≤≤лнNNMнXNмм▄ь█LKуTT■яQQп√KVPрUт⌠уврQпS▒т▒Q▒T▒S░яWп▓S▒S▒кRQт░UQу▒T▓Q▓QQ▌▌ьX▌LX▄L▌XXммNYXы█Y≤█▄ммLм█▄L≥▌▄XьлYXы█XммьмPуU▒WсPTуT≈у▄≈рSSQV▒п≈п▓S▒S▒влк█▄L█л▌мWслпл█KL▀MKKмы▄▄M≤█XMMьлл█≤≥LYы≤▄LY≤XмMыN█мь▄≥≥XлLLн≤ь▄MKLыX▄льмнL≥MьNXMь≤YL≤мLмлмL≥MLMы≤ьлM█▄▄Y▄мL▌мL≥M≤≤≤▀уTT■яQQп√KVPрUт⌠уврQпS▒т▒Q▒T▒S░яWп▓S▒S▒кRQт░UQу▒T▓Q▓QQ▌▌ьX▌LX▄L▌XXммNYXы█Y≤█▄ммLм█▄L≥▌▄XьлYXы█XммьмPуU▒WсPTуT≈у▄≈рSSQV▒п≈п▓S▒S▒влк█▄L█л▌KмWслпллLLK▌NNMLмMXль≤L█лY▄MXXYLмY▄▄M█NYьь█млL≥X≥≥M█≥M▄XнXLмнLXKXY██≤ллыXN█X≤млл▌Y▄L≥▄LYL≥▄ы▄Y██Mмы≤NьнмLм█MMY█куTT■яQQп√KVPрUт⌠уврQпS▒т▒Q▒T▒S░яWп▓S▒S▒кRQт░UQу▒T▓Q▓QQ▌▌ьX▌LX▄L▌XXммNYXы█Y≤█▄ммLм█▄L≥▌▄XьлYXы█XммьмPуU▒WсPTуT≈у▄≈рSSQV▒п≈п▓S▒S▒влк█▄L█ллмWслплмKLM▀▀Mь≥▄≥▌█≥ыY▄█Y▄MыLнLY█YLY█N██ьлX▌≥нMM▌YY█ьNMлXM██LKNLььXNмL█▄▌XыNYLььNLмь≤≥█лм▌Y▄▄L▄≥▄NYMл≥▌Lы≤мкуTT■яQQп√KVPрUт⌠уврQпS▒т▒Q▒T▒S░яWп▓S▒S▒кRQт░UQу▒T▓Q▓QQ▌▌ьX▌LX▄L▌XXммNYXы█Y≤█▄ммLм█▄L≥▌▄XьлYXы█XммьмPуU▒WсPTуT≈у▄≈рSSQV▒п≈п▓S▒S▒влк█▄L█ллKмWслплL▄кYXMYXыNLMMммлLX██Mм▄▄NLNьы≥MXь█лNY▌NNXLы▄█▄YX▄ы▄YкXLы█лX▄мX█≤мл≤▄M≤NYM█LY▌NM▄м▄л█▄мм█Mмьлм≤XY▄ь▌м▌MLKуTT■яQQп√KVPрUт⌠уврQпS▒т▒Q▒T▒S░яWп▓S▒S▒кRQт░UQу▒T▓Q▓QQ▌▌ьX▌LX▄L▌XXммNYXы█Y≤█▄ммLм█▄L≥▌▄XьлYXы█XммьмPуU▒WсPTуT≈у▄≈рSSQV▒п≈п▓S▒S▒влк█▄L█лл▀мWслплKL█мLK▄█≥≥Y█≥≥Mм▌Y█≥LXXлл▄≤≤мыLнM≥LMм≤█LY▄лXмыXMLYXммьL█MмYM≥LX▄YM▄≥▌▄ы▌NMLM▄N▄█Mл▌ML▌LXYMNNMы≥▌лY▄█YKуTT■яQQп√KVPрUт⌠уврQпS▒т▒Q▒T▒S░яWп▓S▒S▒кRQт░UQу▒T▓Q▓QQ▌▌ьX▌LX▄L▌XXммNYXы█Y≤█▄ммLм█▄L≥▌▄XьлYXы█XммьмPуU▒WсPTуT≈у▄≈рSSQV▒п≈п▓S▒S▒влк█▄L█ллкмWслплLLл█KLк≥█▄м▄▌N█нMн≥LL≥Lн≤лл▄MLмMMь▄MYLм▄льл█XNMы█YмX≥KмLN≤≥▌нL≥л▄▄ы▄▄YLNыYY≤▌≥ы▌≥NX▄лYNMьнXMлLкуTT■яQQп√KVPрUт⌠уврQпS▒т▒Q▒T▒S░яWп▓S▒S▒кRQт░UQу▒T▓Q▓QQ▌▌ьX▌LX▄L▌XXммNYXы█Y≤█▄ммLм█▄L≥▌▄XьлYXы█XммьмPуU▒WсPTуT≈у▄≈рSSQV▒п≈п▓S▒S▒влк█▄L█лммWслплMKLм▀LMKLыLM≥YNY≤XлнM≥≤нY▄M≥≥XX≤мX≥X▄мYX▄▌LMMм▌MY█ь█▌Y≤▄▄▀L▄ы≥≤█≤ь██NY▌▌▄Y▄▄MмML≥Lы≤ь█NL█▄Y≥▌N▄мь▌YMкуTT■яQQп√KVPрUт⌠уврQпS▒т▒Q▒T▒S░яWп▓S▒S▒кRQт░UQу▒T▓Q▓QQ▌▌ьX▌LX▄L▌XXммNYXы█Y≤█▄ммLм█▄L≥▌▄XьлYXы█XммьмPуU▒WсPTуT≈у▄≈рSSQV▒п≈п▓S▒S▒влк█▄L█лмKмWслпл▄MMк▌LмXYML▄≥▄ы█ьыM▄Y█ыMN≥M█ьь▄ыX█M≤ммY▌M≤Y█▄NL█KMMьMнMMYM≥▄≤Xь█лNM≥≤Xм≥X≥Y█▄L▌██Mлы▄мылNMллм█XXY≥≥▌MмKуTT■яQQп√KVPрUт⌠уврQпS▒т▒Q▒T▒S░яWп▓S▒S▒кRQт░UQу▒T▓Q▓QQ▌▌ьX▌LX▄L▌XXммNYXы█Y≤█▄ммLм█▄L≥▌▄XьлYXы█XммьмPуU▒WсPTуT≈у▄≈рSSQV▒п≈п▓S▒S▒влк█▄L█лм▀мWс█WплK█▀Mк▄KлLL▄≥█M≥MнYXYXмм█▄Y█л▄█ьX▄ь≥█XмынNX█NMы█MXь█нM▄N▀LMXM▄лYLXмLMYMнNм≤льXнY≥M▄▌MнL≤▄л█Y█▄LM█MXM≥ы≥KуTT■яQQп√KVPрUт⌠уврQпS▒т▒Q▒T▒S░яWп▓S▒S▒кRQт░UQу▒T▓Q▓QQ▌▌ьX▌LX▄L▌XXммNYXы█Y≤█▄ммLм█▄L≥▌▄XьлYXы█XммьмPуU▒WсPTуT≈у▄≈рSSQV▒п≈п▓S▒S▒влк█▄L█лмкмWс█WплLл▀M█XыY▄L≥MNлL≥LмьLыMльY▌MнX≤MLL≥LX▄▌YYLл≥л≥LYLY▌LMNLммMYLмлMXыLлы▄XLMNL≥≤лыXXY▄█мXLL≤▌M▄м≥Xм█нXылLMмXMXлл▄мыL▀уTT■яQQп√KVPрUт⌠уврQпS▒т▒Q▒T▒S░яWп▓S▒S▒кRQт░UQу▒T▓Q▓QQ▌▌ьX▌LX▄L▌XXммNYXы█Y≤█▄ммLм█▄L≥▌▄XьлYXы█XммьмPуU▒WсPTуT≈у▄≈рSSQV▒п≈п▓S▒S▒влк█▄L█лнмWс█WплMKмкLK█KLMыM≤мXL≤NYYMнXмл▌≥NMY≥≤мнXм▌X≥▄LNLX≥≤█▄нMY▄мл█K▄LMMM▄мMм▄ьLX█мX█▄▌X≥MXMл▄LNX≥≤лXXY≥█YNXьм≤▄NXыY≤лKуTT■яQQп√KVPрUт⌠уврQпS▒т▒Q▒T▒S░яWп▓S▒S▒кRQт░UQу▒T▓Q▓QQ▌▌ьX▌LX▄L▌XXммNYXы█Y≤█▄ммLм█▄L≥▌▄XьлYXы█XммьмPуU▒WсPTуT≈у▄≈рSSQV▒п≈п▓S▒S▒влк█▄L█лнKмWс█Wпл▄к█к≤LL▌XY█▄лXXмьлLMм≥█л≥≤█≥≥MY█XMYL≥LLмы█ы▄Xьм≥XльK≥Mм≥N▌лLXLMMXMX█м≤█ы≥LM▄л≥Y≥NXнX≤█л≤LыY█л≥▌█ыMьMуTT■яQQп√KVPрUт⌠уврQпS▒т▒Q▒T▒S░яWп▓S▒S▒кRQт░UQу▒T▓Q▓QQ▌▌ьX▌LX▄L▌XXммNYXы█Y≤█▄ммLм█▄L≥▌▄XьлYXы█XммьмPуU▒WсPTуT≈у▄≈рSSQV▒п≈п▓S▒S▒влк█▄L█ммWс█Wпл█KK▌KMNXXLMм█≤нMыNX≤л█≥█▌Y▄▄█млл▄л≤MммL≥лY█MMYMLXы▄L▄нM≥K≤мныMXлYLнYL█≤▄▌█X█лы▄≤≥MY≥ыM█лыN≤≥YM█ы▌MлMмыьь▄█KуTT■яQQп√KVPрUт⌠уврQпS▒т▒Q▒T▒S░яWп▓S▒S▒кRQт░UQу▒T▓Q▓QQ▌▌ьX▌LX▄L▌XXммNYXы█Y≤█▄ммLм█▄L≥▌▄XьлYXы█XммьмPуU▒WсPTуT≈у▄≈рSSQV▒п≈п▓S▒S▒влк█▄L█мKмWс█WпллMKнKл▀Lы█≥≤нм▄Nы≤≥██м≤ыXллYX≤ы█≥▄█L≤█млмм≤L█▌Lы▌NYM≤нXY█K██м≤M≤лNMMNYMллX█ь█LыьMLL█≤█▌≤Y≥≤Y██ьMмN≤NML▄▄▄ыXлM▀уTT■яQQп√KVPрUт⌠уврQпS▒т▒Q▒T▒S░яWп▓S▒S▒кRQт░UQу▒T▓Q▓QQ▌▌ьX▌LX▄L▌XXммNYXы█Y≤█▄ммLм█▄L≥▌▄XьлYXы█XммьмPуU▒WсPTуT≈у▄≈рSSQV▒п≈п▓S▒S▒влк█▄L█м▀мWс█WплмKLKлкмMMьYLл█≤ллX▄ллNXьM▄ьммлNNльLлXмл≥≥▄ь≥YLM█▌LLл▄мNMM▀лыYмYX▄л≥≤≥≤ы█Y█мY▄▄Y≥≥█нLьлNLл▄NX≤L█LY█NX≤Mы█ьыMуTT■яQQп√KVPрUт⌠уврQпS▒т▒Q▒T▒S░яWп▓S▒S▒кRQт░UQу▒T▓Q▓QQ▌▌ьX▌LX▄L▌XXммNYXы█Y≤█▄ммLм█▄L≥▌▄XьлYXы█XммьмPуU▒WсPTуT≈у▄≈рSSQV▒п≈п▓S▒S▒влк█▄L█мкмWс█WплL▀█км▀LMMMY█≥█лN≤Y█ыY≥▄XьLлмMX▌L▄≥XYмнNMмьLMыX▌XLь▌▄Xл▌MY▀▄▌▌MYMLYMYNYXL▄ьMыMь█мммLLXXMмXлMYлмы≤MY██MKуTT■яQQп√KVPрUт⌠уврQпS▒т▒Q▒T▒S░яWп▓S▒S▒кRQт░UQу▒T▓Q▓QQ▌▌ьX▌LX▄L▌XXммNYXы█Y≤█▄ммLм█▄L≥▌▄XьлYXы█XммьмPуU▒WсPTуT≈у▄≈рSSQV▒п≈п▓S▒S▒влк█▄L█ммWс█WплKLLNKнKмыLMM█н≥YNM█ыX≥XMYMNL≥▄▄MY≥▌Lыл≤н█▄NXLмL▄ь≤LмKLы≤≥▄≥Y█лы▄ыM█≤ллLмLльн█MM≤▌L█Y▄≤█YMNLY█ь█▄ыыXMY█N▀уTT■яQQп√KVPрUт⌠уврQпS▒т▒Q▒T▒S░яWп▓S▒S▒кRQт░UQу▒T▓Q▓QQ▌▌ьX▌LX▄L▌XXммNYXы█Y≤█▄ммLм█▄L≥▌▄XьлYXы█XммьмPуU▒WсPTуT≈у▄≈рSSQV▒п≈п▓S▒S▒влк█▄L█мKмWс█WплLLMKкYYXьL█лX≥▌мXыMLьX≥LL█≥█Y≤MM▄≥▄LнXмььмYM≥LLMь█≤м█≥≥KX▄ьм▄L▄ьXMM≤█▄NM▌мYнY≤L≤MY≤▄█ьMлLыьм▄≤ынMы▄█MLыXKуTT■яQQп√KVPрUт⌠уврQпS▒т▒Q▒T▒S░яWп▓S▒S▒кRQт░UQу▒T▓Q▓QQ▌▌ьX▌LX▄L▌XXммNYXы█Y≤█▄ммLм█▄L≥▌▄XьлYXы█XммьмPуU▒WсPTуT≈у▄≈рSSQV▒п≈п▓S▒S▒влк█▄L█м▀мWс▄плKMK▀LXM▄▄YXYM▌лLX▄L▄Mым█л█≤█нYы≤≤LлYLлNXMXM≥▄L≤XMьNм≥≥▀N▌NLNыXY█XX≤XNлX≤нY█ынмL█≤мLLY≤м≥≤≤LьX▌X≥▄лльYLуTT■яQQп√KVPрUт⌠уврQпS▒т▒Q▒T▒S░яWп▓S▒S▒кRQт░UQу▒T▓Q▓QQ▌▌ьX▌LX▄L▌XXммNYXы█Y≤█▄ммLм█▄L≥▌▄XьлYXы█XммьмPуU▒WсPTуT≈у▄≈рSSQV▒п≈п▓S▒S▒влк█▄L█мкмWс▄плL▄KкLкы▄ныMYYXы█л█▌LMнL≥≤≤█нLл▌YL█м▌M▄Y█MьмьYXл██ым≤M▀≥█нL▄нYмXMлMYL██NY█ьмY█XмL▄▌ы█м█лыM≥MьмMMXьь▄LMнML█KуTT■яQQп√KVPрUт⌠уврQпS▒т▒Q▒T▒S░яWп▓S▒S▒кRQт░UQу▒T▓Q▓QQ▌▌ьX▌LX▄L▌XXммNYXы█Y≤█▄ммLм█▄L≥▌▄XьлYXы█XммьмPуU▒WсPTуT≈у▄≈рSSQV▒п≈п▓S▒S▒влк█▄L█ммWс▄плMK█KM≥LYY█NXм█ьнM▄ьLYLLьнY▌≥█▌MнYMмьлы≤M▌XMNY▄лы≤ы▌▌KYY█NMыл▄▄л▄ы██XмыL▌Xм██X▄M▌NXLьнLы▄≥≤≥XнLлмXYL▀уTT■яQQп√KVPрUт⌠уврQпS▒т▒Q▒T▒S░яWп▓S▒S▒кRQт░UQу▒T▓Q▓QQ▌▌ьX▌LX▄L▌XXммNYXы█Y≤█▄ммLм█▄L≥▌▄XьлYXы█XммьмPуU▒WсPTуT≈у▄≈рSSQV▒п≈п▓S▒S▒влк█▄L█мKмWс▄пл▄л▀мкM▀MмыYл≥L█X▌Mнм██ль▌N█MM▄█лн≤▄XNMYNL█ы█≤мы▌YLмл▄▌KYLм▄ьы≤≥≥YXм██Y≤≥ыMNMNYYL≤█NL▌N▌MXY≤нLNNL▀уTT■яQQп√KVPрUт⌠уврQпS▒т▒Q▒T▒S░яWп▓S▒S▒кRQт░UQу▒T▓Q▓QQ▌▌ьX▌LX▄L▌XXммNYXы█Y≤█▄ммLм█▄L≥▌▄XьлYXы█XммьмPуU▒WсPTуT≈у▄≈рSSQV▒п≈п▓S▒S▒влк█▄L█мLмWс▄пл█KмклкN≥Y≥█мMNы▌X≤█л≥▄LLьыNL█▄лYыLMл▌▄ы≥▄Mл≤Xнь▌Y█X▀≥Y▌▄ь≤X▌L▄ллыLм▄Y▌L▌L≥≤L▄лYXнмнN█Mы▌ы≥XнNM█LXы█≥XNL▀уTT■яQQп√KVPрUт⌠уврQпS▒т▒Q▒T▒S░яWп▓S▒S▒кRQт░UQу▒T▓Q▓QQ▌▌ьX▌LX▄L▌XXммNYXы█Y≤█▄ммLм█▄L≥▌▄XьлYXы█XммьмPуU▒WсPTуT≈у▄≈рSSQV▒п≈п▓S▒S▒влк█▄L█мLKмWс▄плл▀█к▄KMLX▄▄███≤▄мл≤ыNLь▄▄MлLльмYXNN█ыYMXMлYY█▄▌≤нL█MNNNмLлMYн▄мLM▄▄▄ы▌Mьь≥L≥L█MXм≥XNLм≥MMX≤ыXXь▄▌MKуTT■яQQп√KVPрUт⌠уврQпS▒т▒Q▒T▒S░яWп▓S▒S▒кRQт░UQу▒T▓Q▓QQ▌▌ьX▌LX▄L▌XXммNYXы█Y≤█▄ммLм█▄L≥▌▄XьлYXы█XммьмPуU▒WсPTуT≈у▄≈рSSQV▒п≈п▓S▒S▒влк█▄L█мL▀мWс▄плмKк▄▄▀MM▄ллм█Lм≥▄лнMь≤л▌Mн█≥█M▌YX▌≤мы▄ьмлллM≥▌█▄XM≥ллX≥л▄≤▄YM≤L█≥ы▄Mллы▌X█л█ыY▄LL≥Y▌YXMь≤≤ь≥▄н▌ы█ь▄MLMNуTT■яQQп√KVPрUт⌠уврQпS▒т▒Q▒T▒S░яWп▓S▒S▒кRQт░UQу▒T▓Q▓QQ▌▌ьX▌LX▄L▌XXммNYXы█Y≤█▄ммLм█▄L≥▌▄XьлYXы█XммьмPуU▒WсPTуT≈у▄≈рSSQV▒п≈п▓S▒S▒влк█▄L█мLкмWс▄плLкLK█LльммNM≤≤≥LлыNMнNLыLN≤M≤LLXмн█YLL▄MлM≥NMY≤▄NььMYыLM▄NY█лL█NLXы≥L█▄█Y≤MMM≥▌█ы▄≥M█лнNXммм█X▌м≥уTT■яQQп√KVPрUт⌠уврQпS▒т▒Q▒T▒S░яWп▓S▒S▒кRQт░UQу▒T▓Q▓QQ▌▌ьX▌LX▄L▌XXммNYXы█Y≤█▄ммLм█▄L≥▌▄XьлYXы█XммьмPуU▒WсPTуT≈у▄≈рSSQV▒п≈п▓S▒S▒влк█▄L█мMмWс▄плKM▀█к▄≥YMл▌M█NьL▄██LX≥N≤█NLYLMX█≤≥NM█лY█мм≥YLMMмм█L▀нMьлмY█ы≤XYNYX≤▌XXь▄MлнM≥█н▌MM≤▌▄≥M█NXы≥▄LьM█ьYьм▀уTT■яQQп√KVPрUт⌠уврQпS▒т▒Q▒T▒S░яWп▓S▒S▒кRQт░UQу▒T▓Q▓QQ▌▌ьX▌LX▄L▌XXммNYXы█Y≤█▄ммLм█▄L≥▌▄XьлYXы█XммьмPуU▒WсPTуT≈у▄≈рSSQV▒п≈п▓S▒S▒влк█▄L█мMKмWсMWплKкмKнK▄ыLMлY▌мLNNL█нL▄█нL████MY≥█мл≤м▄м≥█M▄NXнY≤≥NL▌Lл▄м▀YллMмьмл█л≥Mм≤XMнMLMNL≥Xл▄LLы▄▌N▌X≤XыY≤YNMыL≥YX▀уTT■яQQп√KVPрUт⌠уврQпS▒т▒Q▒T▒S░яWп▓S▒S▒кRQт░UQу▒T▓Q▓QQ▌▌ьX▌LX▄L▌XXммNYXы█Y≤█▄ммLм█▄L≥▌▄XьлYXы█XммьмPуU▒WсPTуT≈у▄≈рSSQV▒п≈п▓S▒S▒влк█▄L█мM▀мWсMWплLLл▀▀≤мнMл▌█NY▄ьмY█NMYXм≤м███л≤▄Mь≥Y█м≥M≤YM█ьLMнXY▄X▌YLммN█YMMX▄X▌NNYMX▌XLьнNл≤мь≤мX▄▄≥M█Y≥LмыуTT■яQQп√KVPрUт⌠уврQпS▒т▒Q▒T▒S░яWп▓S▒S▒кRQт░UQу▒T▓Q▓QQ▌▌ьX▌LX▄L▌XXммNYXы█Y≤█▄ммLм█▄L≥▌▄XьлYXы█XммьмPуU▒WсPTуT≈у▄≈рSSQV▒п≈п▓S▒S▒влк█▄L█мMкмWсMWплMKM▌KкLнмLMYM▄Lьы≤≥L▄█≥≤лнXм█≥▄▄█LьMмл█м█л██LLы█▄X≤L▄YXYLь█к▄▄ьыYY≥▌XмY≥MMNMMмы▄██LMYLNX▄ьXLмML▄▄Xы▌≤ы▄л▌LL▀уTT■яQQп√KVPрUт⌠уврQпS▒т▒Q▒T▒S░яWп▓S▒S▒кRQт░UQу▒T▓Q▓QQ▌▌ьX▌LX▄L▌XXммNYXы█Y≤█▄ммLм█▄L≥▌▄XьлYXы█XммьмPуU▒WсPTуT≈у▄≈рSSQV▒п≈п▓S▒S▒влк█▄L█мNмWсMWпл▄NK█▀K▌LLLL≥M█≤▌Xы≥XLмььMY█▌ы▌X█L█XMY≤M≥≤L▄M≤N▄лY▄≤█ы▄▌█Yы▌M█▌ыL▌Xл█≤▄Lы██XмM█NL≥L≤мNLLX▄▄Y≥M≥≥▌█MNML▄≥M█LM▄KуTT■яQQп√KVPрUт⌠уврQпS▒т▒Q▒T▒S░яWп▓S▒S▒кRQт░UQу▒T▓Q▓QQ▌▌ьX▌LX▄L▌XXммNYXы█Y≤█▄ммLм█▄L≥▌▄XьлYXы█XммьмPуU▒WсPTуT≈у▄≈рSSQV▒п≈п▓S▒S▒влк█▄L█мNKмWсMWпл█K█K▄KкMмM▄мYL█≤лLMмY▄≥л█млY▄█XX▄L▄M≥██Y█▄LLл█NXXY█≤M▄L≥K≤M≤▄ны≤▄льY≥≥█≤M▄ы█NLыNNYXXLлN▄XX▄N▄▌LXMM≤ь█лY≤≥▄MMMм▀уTT■яQQп√KVPрUт⌠уврQпS▒т▒Q▒T▒S░яWп▓S▒S▒кRQт░UQу▒T▓Q▓QQ▌▌ьX▌LX▄L▌XXммNYXы█Y≤█▄ммLм█▄L≥▌▄XьлYXы█XммьмPуU▒WсPTуT≈у▄≈рSSQV▒п≈п▓S▒S▒влк█▄L█м▄мWсMWплллMKK▌≤LмыLьыXL█ьYY█LX▌L≤мN≥мLнX█≥YMлN≥Mм≤м█≤██≤л▌LL▀MмлM▄≥X≤нMXMл≥█YLN≤мY▄ыX▄N▌MMьL▄█ы▄NMXYь█≥█MMлL▀уTT■яQQп√KVPрUт⌠уврQпS▒т▒Q▒T▒S░яWп▓S▒S▒кRQт░UQу▒T▓Q▓QQ▌▌ьX▌LX▄L▌XXммNYXы█Y≤█▄ммLм█▄L≥▌▄XьлYXы█XммьмPуU▒WсPTуT≈у▄≈рSSQV▒п≈п▓S▒S▒влк█▄L█м▄KмWсMWплмKмK▀LKL≥LLXMXмь≤≥≤мыXм█≥█▌X▄█NMMь≤лNXL≥л█мNY≤нX≤ь▄ьMX≤LыNL≤кY▄M▌YMMLXмLь≤лMмY▄L≥▄▄█ьыXL≤█≥YY▌YXY≥≤█X▄XYMM█XMM▄▄YлYKуTT■яQQп√KVPрUт⌠уврQпS▒т▒Q▒T▒S░яWп▓S▒S▒кRQт░UQу▒T▓Q▓QQ▌▌ьX▌LX▄L▌XXммNYXы█Y≤█▄ммLм█▄L≥▌▄XьлYXы█XммьмPуU▒WсPTуT≈у▄≈рSSQV▒п≈п▓S▒S▒влк█▄L█м▄▀мWсLплKм█K▌KMьM≥≤▌YMY█M▄≥▄лнXь█NNLьMX≥LьLлы▌≤NM█мL█л▌LY█Y≥L▄≤NYYNM▄≤M█▄▌Y▄≤X▄MYLXLнMм≤YML▌Xл▌ы≤MXMYYLм▄N▄≥LыNY█LкуTT■яQQп√KVPрUт⌠уврQпS▒т▒Q▒T▒S░яWп▓S▒S▒кRQт░UQу▒T▓Q▓QQ▌▌ьX▌LX▄L▌XXммNYXы█Y≤█▄ммLм█▄L≥▌▄XьлYXы█XммьмPуU▒WсPTуT≈у▄≈рSSQV▒п≈п▓S▒S▒влк█▄L█м▄кмWсLплLнK▄▀л▀█лы▌X▌ы▌XXLXNMMLнYXLM▄█L≤▄MM█LX≥≤▌L█M≥▌Mм█L≤█≤ммL▄мL≥LMьнL≥YL≥LM▌LY≥▌MLMXYлXLMмLм≤M▌█≤MXL█мX█▌уTT■яQQп√KVPрUт⌠уврQпS▒т▒Q▒T▒S░яWп▓S▒S▒кRQт░UQу▒T▓Q▓QQ▌▌ьX▌LX▄L▌XXммNYXы█Y≤█▄ммLм█▄L≥▌▄XьлYXы█XммьмPуU▒WсPTуT≈у▄≈рSSQV▒п≈п▓S▒S▒влк█▄L█м█мWсLплMKк▄лк▌L≤NYьXнмNX█▄≤NY≤▄Yмь▌LымлXLл▌▄█≤MLN█▄ыYNXMX▄н▌█ыNXYNM≥█M≥L▄ьлылXмXмXлLлL▌MML▄Y█YYLLн≥M█YMLYL▀уTT■яQQп√KVPрUт⌠уврQпS▒т▒Q▒T▒S░яWп▓S▒S▒кRQт░UQу▒T▓Q▓QQ▌▌ьX▌LX▄L▌XXммNYXы█Y≤█▄ммLм█▄L≥▌▄XьлYXы█XммьмPуU▒WсPTуT≈у▄≈рSSQV▒п≈п▓S▒S▒влк█▄L█м█KмWсLпл▄KM▀мKMNX≤XнмьY≥LYM▌▌Y≤нYM█ML▌YNY≥Mь≥Lм▌NL█▄▄█≥MMллы≤▄▄X▄█MN▄мм≤L▄л≤LыYLнXмь▄нYNL≤≥YMYXы▄≤▌лL▀уTT■яQQп√KVPрUт⌠уврQпS▒т▒Q▒T▒S░яWп▓S▒S▒кRQт░UQу▒T▓Q▓QQ▌▌ьX▌LX▄L▌XXммNYXы█Y≤█▄ммLм█▄L≥▌▄XьлYXы█XммьмPуU▒WсPTуT≈у▄≈рSSQV▒п≈п▓S▒S▒влк█▄L█м█▀мWсLпл█KMLмкLNL≥█LMYM≥▄X≤≤YY≥█XмLLнXл███мл≤Mм▄X▄▌Lм≥ь≥█LY≤XYYXк≤лMNMнN▄▄LнY█ы▄█льX▄нY█≥█м█м█≥LмYYXмLнLX≥L█N▄MмуTT■яQQп√KVPрUт⌠уврQпS▒т▒Q▒T▒S░яWп▓S▒S▒кRQт░UQу▒T▓Q▓QQ▌▌ьX▌LX▄L▌XXммNYXы█Y≤█▄ммLм█▄L≥▌▄XьлYXы█XммьмPуU▒WсPTуT≈у▄≈рSSQV▒п≈п▓S▒S▒влк█▄L█м█кмWсWплK█LкN▌X█Nымы≥XлY█LML≤лM▄MLX▌YXNL≥LXым█≤ь≤л▌L≥LNNY▄ыM▌Mмьл▄ы▄▄█▄ь█▄мнььыNYYM▌ь▌≤м▄мь≤≥≤нM█XмLыMKуTT■яQQп√KVPрUт⌠уврQпS▒т▒Q▒T▒S░яWп▓S▒S▒кRQт░UQу▒T▓Q▓QQ▌▌ьX▌LX▄L▌XXммNYXы█Y≤█▄ммLм█▄L≥▌▄XьлYXы█XммьмPуU▒WсPTуT≈у▄≈рSSQV▒п≈п▓S▒S▒влк█▄L█м▌мWсWплLлLK▄▀LыL█≥▄Y≤лыXльыXм≤≥Y▄▌≤M≤мм██лYNLMнL≤█NM█ыYY▄Mы≤ь▄██Lк≤▄м▄█мнN▌█NльнML▄MNY▄█Lм≥MLмXNыMM▄X▄█▌L█≥Lль█ь▀уTT■яQQп√KVPрUт⌠уврQпS▒т▒Q▒T▒S░яWп▓S▒S▒кRQт░UQу▒T▓Q▓QQ▌▌ьX▌LX▄L▌XXммNYXы█Y≤█▄ммLм█▄L≥▌▄XьлYXы█XммьмPуU▒WсPTуT≈у▄≈рSSQV▒п≈п▓S▒S▒влк█▄L█м▌KмLсLплK▄м▀▄█▄▌K≥█YлN▌≤█M≥≥L█≤MмL≥MьмML█ыLMыM≥YYMыMLьMмM≥NX▀л≥≤лY▌MXNX▄▌≤▄█ы≥≥NM▌XмLLь█M▌MммLYY██ь≥≤█≥LлMKуTT■яQQп√KVPрUт⌠уврQпS▒т▒Q▒T▒S░яWп▓S▒S▒кRQт░UQу▒T▓Q▓QQ▌▌ьX▌LX▄L▌XXммNYXы█Y≤█▄ммLм█▄L≥▌▄XьлYXы█XммьмPуU▒WсPTуT≈у▄≈рSSQV▒п≈п▓S▒S▒влк█▄L█млмLсLплL█K▄▄K▄лKYNXл≤█MY█Lм≥▄Nл█ыXL▄M≥≥Y▌≤ыY▄Xм██ь█▌M▄MM▄▄≤LнM≤█LмY▄≤YM█L≤лLXм▄N█ьMLY▌█YL▄≤мNMNмллXмX▄█ььXмлKуTT■яQQп√KVPрUт⌠уврQпS▒т▒Q▒T▒S░яWп▓S▒S▒кRQт░UQу▒T▓Q▓QQ▌▌ьX▌LX▄L▌XXммNYXы█Y≤█▄ммLм█▄L≥▌▄XьлYXы█XммьмPуU▒WсPTуT≈у▄≈рSSQV▒п≈п▓S▒S▒влк█▄L█млKмLсWплK▄▄K▄K▄M▌N▌≥≥MXм≥█≥MNL█▌▌LL≥█≤YNXл≤≥Y▌M▄нMMл█мL≤≤M▄ыL≤Lы▀≤ь≤L█LYMNX≥≥▌LMMнYMнMNNL▌LL▌LYM≥XлMNY█л≤ь█ы█▄≤≥≤▄≤м█▄куTT■яQQп√KVPрUт⌠уврQпS▒т▒Q▒T▒S░яWп▓S▒S▒кRQт░UQу▒T▓Q▓QQ▌▌ьX▌LX▄L▌XXммNYXы█Y≤█▄ммLм█▄L≥▌▄XьлYXы█XммьмPуU▒WсPTуT≈у▄≈рSSQV▒п≈п▓S▒S▒влк█▄L█мл▀мLсWплL▄л▄▀▄MкL█L█лM▄NXыYьL≤≥M▄LLьмл█л▄▄▌MXNьн█ьNMXмY≤M▌LльлыKнLы▄ьM▄NнXLLнXXXл▄≥XM▄█≥≤YN≥NL≥ьN▄█нLYYXнXы█LллXы▀уTT■яQQп√KVPрUт⌠уврQпS▒т▒Q▒T▒S░яWп▓S▒S▒кRQт░UQу▒T▓Q▓QQ▌▌ьX▌LX▄L▌XXммNYXы█Y≤█▄ммLм█▄L≥▌▄XьлYXы█XммьмPуU▒WсPTуT≈у▄≈рSSQV▒п≈п▓S▒S▒влк█▄L█млкмLсWплMK▄нK▄к▄NK▄н▄LLL≤ы▄▌LLмлыMымлXL▌L▌YнMMьл≤лLы≥≤нл▄█ьлXXнN█X≤≥XMMY▄LMнY≥▌MYLL≤ьы██YLны█N≥█M██мL▄███▄Y▄MLX▄YM█уTT■яQQп√KVPрUт⌠уврQпS▒т▒Q▒T▒S░яWп▓S▒S▒кRQт░UQу▒T▓Q▓QQ▌▌ьX▌LX▄L▌XXммNYXы█Y≤█▄ммLм█▄L≥▌▄XьлYXы█XммьмPуU▒WсPTуT≈у▄≈рSSQV▒п≈п▓S▒S▒влк█▄L█мммLсWпл▄█NNK▄NKMл█▄Y▄ыXMLмLLьLM≥L≥M≥ыMLнY▄мX▄LMMLY▌LьYNLMM▀MLлLL▄мNNX≥▌Mм█ьн≥NYN≤≥▄NY▄▌LMMлллн≥NL≥Y≤LьлN▌MмкуTT■яQQп√KVPрUт⌠уврQпS▒т▒Q▒T▒S░яWп▓S▒S▒кRQт░UQу▒T▓Q▓QQ▌▌ьX▌LX▄L▌XXммNYXы█Y≤█▄ммLм█▄L≥▌▄XьлYXы█XммьмPуU▒WсPTуT≈у▄≈рSSQV▒п≈п▓S▒S▒влк█▄L█ммKмLсплK▄кNMK▄лYM▄ыYXлNNY▄▄▄▌XьNX█MNN█Y≤▄≤≥█MмыNлNL≤ы█л█ыMMLнN▀Mл▄≤ммMNXYXY▄NL█м▄ьNлммл█XнN▄LMY█L▄NX█ь█M▄м█MнY▌L▀уTT■яQQп√KVPрUт⌠уврQпS▒т▒Q▒T▒S░яWп▓S▒S▒кRQт░UQу▒T▓Q▓QQ▌▌ьX▌LX▄L▌XXммNYXы█Y≤█▄ммLм█▄L≥▌▄XьлYXы█XммьмPуU▒WсPTуT≈у▄≈рSSQV▒п≈п▓S▒S▒влк█▄L█мм▀мLсплL▄M▀NL▀▄кMY≥≤мXY▌█нLM▄YML≥▌MлY≥≥X≥≤ыM█▄ьLMмY≤NL≤▄NXыLYKY█ыN▄л█XMь▄XXNXLX≤█≥█▌ьYXYMLL▄XмLмY▄м▌MнMьY▌█≥█лмX▀уTT■яQQп√KVPрUт⌠уврQпS▒т▒Q▒T▒S░яWп▓S▒S▒кRQт░UQу▒T▓Q▓QQ▌▌ьX▌LX▄L▌XXммNYXы█Y≤█▄ммLм█▄L≥▌▄XьлYXы█XммьмPуU▒WсPTуT≈у▄≈рSSQV▒п≈п▓S▒S▒влк█▄L█ммкмLсплMK▄█NK▄K▄≤YY▄≥▌NымXX█LL▌XLM▄ыьы█▌XLXмXм≥LнMм≥Mы▄XXы▀нXьь█л≥Lьь▄X██LNL█мл▄л≥█≤≤ымX▌L≤LY▌MX▌MмнXмMLMмYKуTT■яQQп√KVPрUт⌠уврQпS▒т▒Q▒T▒S░яWп▓S▒S▒кRQт░UQу▒T▓Q▓QQ▌▌ьX▌LX▄L▌XXммNYXы█Y≤█▄ммLм█▄L≥▌▄XьлYXы█XммьмPуU▒WсPTуT≈у▄≈рSSQV▒п≈п▓S▒S▒влк█▄L█мнмLспл▄▄лкNK▄▌LL≤MXл▄YXLNNNM█▌Xы≥NLMLLN▄Y≥LмMNX≥≤льы▌LXы≤нMл≤≤LлыL▄▄ь▌MлллYNMNXY≥▄█LлыLLLX▌≥XMмл≤N▌Lь≤≤ллM█M▌KуTT■яQQп√KVPрUт⌠уврQпS▒т▒Q▒T▒S░яWп▓S▒S▒кRQт░UQу▒T▓Q▓QQ▌▌ьX▌LX▄L▌XXммNYXы█Y≤█▄ммLм█▄L≥▌▄XьлYXы█XммьмPуU▒WсPTуT≈у▄≈рSSQV▒п≈п▓S▒S▒влк█▄L█мнKмLспл█K█KN▀▄кмьнNXLNM▄ыXььмL≤MMмлL█≤мNMXL≤ьн≤Y≥█≥≥▌Xм█X▌ыMлYY█≥Y▀▌Nм≤льь█MY≤M≥N≤▄ыM≥█LMмм≥█л▄MYX▄≤≤LMXлN▌≥█≤MNNYMуTT■яQQп√KVPрUт⌠уврQпS▒т▒Q▒T▒S░яWп▓S▒S▒кRQт░UQу▒T▓Q▓QQ▌▌ьX▌LX▄L▌XXммNYXы█Y≤█▄ммLм█▄L≥▌▄XьлYXы█XммьмPуU▒WсPTуT≈у▄≈рSSQV▒п≈п▓S▒S▒влк█▄L█нмLсплл█Mмк▄KL▌M█▄Y▌л▌Yы▄N≥лX▌M≤▄▄█X≥YNN▄MммMLLX█≥LNM▄█≥к█≤мY▄X≥█NM≥MлмMM▌M≤ы▄≥█лM█▌ыMм≤ммXMьNMллNL≤л█XYM█KуTT■яQQп√KVPрUт⌠уврQпS▒т▒Q▒T▒S░яWп▓S▒S▒кRQт░UQу▒T▓Q▓QQ▌▌ьX▌LX▄L▌XXммNYXы█Y≤█▄ммLм█▄L≥▌▄XьлYXы█XммьмPуU▒WсPTуT≈у▄≈рSSQV▒п≈п▓S▒S▒влк█▄L█нKмLсмWплKNLкNKN▀▌M█YL≥мм▄▄XмYLь▄MMы▄ь█≥LLMMXлXLM██≥YYL≥≥мLлL≥≥█ьL▄ь≤≥KXLнмLлN██л█мL▄ыыл≥▄L≤л▄XLл▄MMM≥Xл█LыLLY█≥█MLM▄▄YYM█уTT■яQQп√KVPрUт⌠уврQпS▒т▒Q▒T▒S░яWп▓S▒S▒кRQт░UQу▒T▓Q▓QQ▌▌ьX▌LX▄L▌XXммNYXы█Y≤█▄ммLм█▄L≥▌▄XьлYXы█XммьмPуU▒WсPTуT≈у▄≈рSSQV▒п≈п▓S▒S▒влк█▄L█н▀мLсмWплL▄▀MнNKлль≥XлнLL█ь≤л█Y▄мMньNM▄█XыXмLMлLь▌м▌▌NL██L█нXXл▄м▄ы▌██ьYY≤YмXлL≤≥LнMLY≤лMьX▄млNY█NLYX≤▄█XMM≥≤YьлY≤ьNмKуTT■яQQп√KVPрUт⌠уврQпS▒т▒Q▒T▒S░яWп▓S▒S▒кRQт░UQу▒T▓Q▓QQ▌▌ьX▌LX▄L▌XXммNYXы█Y≤█▄ммLм█▄L≥▌▄XьлYXы█XммьмPуU▒WсPTуT≈у▄≈рSSQV▒п≈п▓S▒S▒влк█▄L█нкмLсмWплMK▄LMмKNLKLмXмM≥≥≤лL≥█L▄Y█▄YXLLYL▌██▄▄ыNLN█XLыLьмлYXXн▄ммNYMл≤X▀Y█MLXLLнMLNYM▌▌█YмX█YXлX▌M≤Y█▄X█≤MмYXMнкуTT■яQQп√KVPрUт⌠уврQпS▒т▒Q▒T▒S░яWп▓S▒S▒кRQт░UQу▒T▓Q▓QQ▌▌ьX▌LX▄L▌XXммNYXы█Y≤█▄ммLм█▄L≥▌▄XьлYXы█XммьмPуU▒WсPTуT≈у▄≈рSSQV▒п≈п▓S▒S▒влк█▄L█нмLсмWпл▄▄NMлKNLL▌XX≤≥≤н██мLX▄YMLMьнNлм█XLMыYY≥н█L▌л▄▄▌LLммл▄LлY▄YммMь▄▄MмыXл≤ьNMмYY█MYM▄м▄YM≥█▄LXLNX█▄нYM▄YNLыMуTT■яQQп√KVPрUт⌠уврQпS▒т▒Q▒T▒S░яWп▓S▒S▒кRQт░UQу▒T▓Q▓QQ▌▌ьX▌LX▄L▌XXммNYXы█Y≤█▄ммLм█▄L≥▌▄XьлYXы█XммьмPуU▒WсPTуT≈у▄≈рSSQV▒п≈п▓S▒S▒влк█▄L█нKмLсмWпл█K▄█▀M▌NLкььYYYнXNMм≥MыMнLмл≥≥▄█ыYLл≤ы≥YYM≤≤█YY▄X▀лл█Mн█Xь▄█X≤ы≤▌≤м≥██≤XльMл█лXL█ы▄█NY▄ыNы▌MYлнKуTT■яQQп√KVPрUт⌠уврQпS▒т▒Q▒T▒S░яWп▓S▒S▒кRQт░UQу▒T▓Q▓QQ▌▌ьX▌LX▄L▌XXммNYXы█Y≤█▄ммLм█▄L≥▌▄XьлYXы█XммьмPуU▒WсPTуT≈у▄≈рSSQV▒п≈п▓S▒S▒влк█▄L█н▀мLсмWплл▄мM█NMK≥LXмMYNXMм█▄MлXн█ы≥▌Mлм≥█≤NнLлнYL≤█X≤лY█XнY▄█YKXльX█Mл≥мьмYллNYL▄█MM≥▄мьь▄нYYLLмXнLLнL█≤мXML≤▄Mы≥▄куTT■яQQп√KVPрUт⌠уврQпS▒т▒Q▒T▒S░яWп▓S▒S▒кRQт░UQу▒T▓Q▓QQ▌▌ьX▌LX▄L▌XXммNYXы█Y≤█▄ммLм█▄L≥▌▄XьлYXы█XммьмPуU▒WсPTуT≈у▄≈рSSQV▒п≈п▓S▒S▒влк█▄L█нкмLсмWплмK▄нKM▄NM▀≤▄ьXM≤YY≥L▄XY▄▄L█≤лNY▄LлмнLь▄▄≤лYYMл█▄лы▄лмMыL█XмY█≤кнYL▄XыN≥мь█M▌≤LNXьM≥M≥L█≤ы▄XмY≤Y▄л▄ь▄нLYL≥Yлм≥▌мллKуTT■яQQп√KVPрUт⌠уврQпS▒т▒Q▒T▒S░яWп▓S▒S▒кRQт░UQу▒T▓Q▓QQ▌▌ьX▌LX▄L▌XXммNYXы█Y≤█▄ммLм█▄L≥▌▄XьлYXы█XммьмPуU▒WсPTуT≈у▄≈рSSQV▒п≈п▓S▒S▒влк█▄L█нмLсмWпл█кMM▀NNKY▄YLнLMы█▄XьMXмX≥▄мLL▌LM▄≥LXмы▄LXM▌NM█лMььNX≥YLLMKм≤▄L█лL▄Yь▌M█≥≥LыL≤≥█▄нLLYьMM≤L▄NXYX█≤лнL▄ны▌KуTT■яQQп√KVPрUт⌠уврQпS▒т▒Q▒T▒S░яWп▓S▒S▒кRQт░UQу▒T▓Q▓QQ▌▌ьX▌LX▄L▌XXммNYXы█Y≤█▄ммLм█▄L≥▌▄XьлYXы█XммьмPуU▒WсPTуT≈у▄≈рSSQV▒п≈п▓S▒S▒влк█▄L█нKмLсмWплK█MKMLK▄Kм≤XыLM▄█MллNM≥NNLY≤ы█нLMн█лн≤л≥XнY▄н≥NлNNY≥MY▄ь▀M≤н≥LLX█NL≥L█MлMы≥XX▄ML▌MLX≤LмM≤≤ьл█лнYYMыXы▄ьMн≤KуTT■яQQп√KVPрUт⌠уврQпS▒т▒Q▒T▒S░яWп▓S▒S▒кRQт░UQу▒T▓Q▓QQ▌▌ьX▌LX▄L▌XXммNYXы█Y≤█▄ммLм█▄L≥▌▄XьлYXы█XммьмPуU▒WсPTуT≈у▄≈рSSQV▒п≈п▓S▒S▒влк█▄L█нLмLслплKNKM▌KMмLн█▄Y≤█≤ыьL███YMл█≥Y███ыLXыX▄л▄лм≤ьLXл▄▄л█≥▌K▄≥MYXNыл█L≤█MNXыXы≥█▌л█▌XмXмнL≥█≥N▌L≥L█YXL█KуTT■яQQп√KVPрUт⌠уврQпS▒т▒Q▒T▒S░яWп▓S▒S▒кRQт░UQу▒T▓Q▓QQ▌▌ьX▌LX▄L▌XXммNYXы█Y≤█▄ммLм█▄L≥▌▄XьлYXы█XммьмPуU▒WсPTуT≈у▄≈рSSQV▒п≈п▓S▒S▒влк█▄L█нLKмLслплLNM█KMмK▄ынM≥Y▄≤XLлььмNX▌██ль≤█▄M≥ьLM█LMммLYNL▄X≥M≥ьы▄ьY▀лY█XNY≥NMн▄MьлNMX▌MN▄MNMы▄▌YY█NыL≤█≥≤▌XMкуTT■яQQп√KVPрUт⌠уврQпS▒т▒Q▒T▒S░яWп▓S▒S▒кRQт░UQу▒T▓Q▓QQ▌▌ьX▌LX▄L▌XXммNYXы█Y≤█▄ммLм█▄L≥▌▄XьлYXы█XммьмPуU▒WсPTуT≈у▄≈рSSQV▒п≈п▓S▒S▒влк█▄L█нL▀мLслплMKNMкM▄▀Mмк▌XнмммYMLLYMMнYMN▄YY█Nы≤мллLM≤≥L▄л≥≤нN▄≥M▄нMYX▄ыKMXмM≥LыX▄нN▄ь██LыY█ьл█Mн≥L≤ьLь▌≥≥XнLL≥█ы▀уTT■яQQп√KVPрUт⌠уврQпS▒т▒Q▒T▒S░яWп▓S▒S▒кRQт░UQу▒T▓Q▓QQ▌▌ьX▌LX▄L▌XXммNYXы█Y≤█▄ммLм█▄L≥▌▄XьлYXы█XммьмPуU▒WсPTуT≈у▄≈рSSQV▒п≈п▓S▒S▒влк█▄L█нLкмLслпл▄▄KMNMнL≤лNLMLLX▌XNLX▄≤лNNлмXы≤≤LMY≥≥L≥≤M▄нX█NLX≤█ыLмMM▀ыLл≤Lл≤м█Y▌LXX█X▌LLMмLY≤█лн≥≤л≥█Y≤ыY≤█YY▄нMыLл≥≥KуTT■яQQп√KVPрUт⌠уврQпS▒т▒Q▒T▒S░яWп▓S▒S▒кRQт░UQу▒T▓Q▓QQ▌▌ьX▌LX▄L▌XXммNYXы█Y≤█▄ммLм█▄L≥▌▄XьлYXы█XммьмPуU▒WсPTуT≈у▄≈рSSQV▒п≈п▓S▒S▒влк█▄L█нMмLслпл█K▄L▀MMKN≤≤мYX█≥≤≥█XYнX▌LL▌≥≤YMY≤Y█Xы▌▄▌NLы▄≥N█≥▄▄M█XMлм≤▀NLнL▄▄XнMмYYNы≥▌л█Y▌≤XM≤≥▄≥▌M≤льNNXNн≤YXYXLыNKуTT■яQQп√KVPрUт⌠уврQпS▒т▒Q▒T▒S░яWп▓S▒S▒кRQт░UQу▒T▓Q▓QQ▌▌ьX▌LX▄L▌XXммNYXы█Y≤█▄ммLм█▄L≥▌▄XьлYXы█XммьмPуU▒WсPTуT≈у▄≈рSSQV▒п≈п▓S▒S▒влк█▄L█нMKмLслплл▄▄MLKN▀ьNM█ьнLьм█н▌█нY≤нYь█ыYы≤YLнXнL▌Yлн▌NX≥▄м≤XмлYмXыLмYLXн▄≤ныY█N≤M▌L█≤▄X≤≥X▌█L█м≥MX▌M≤NьмX▌нYNMKуTT■яQQп√KVPрUт⌠уврQпS▒т▒Q▒T▒S░яWп▓S▒S▒кRQт░UQу▒T▓Q▓QQ▌▌ьX▌LX▄L▌XXммNYXы█Y≤█▄ммLм█▄L≥▌▄XьлYXы█XммьмPуU▒WсPTуT≈у▄≈рSSQV▒п≈п▓S▒S▒влк█▄L█нM▀мLслплмK▄█▀MNм≥█Mьь▌LX≤ь▄лLMмM▌LM≥≤L≥XY▌ы≤MлмX▌MNMLьMл≤≥▌X▄нX▄м█▌N▀█▄YYл█льY≤Mы≤█лл▌X≤ь█≥█ьл▄ы▌NYNYMммY█LнXлMн▀уTT■яQQп√KVPрUт⌠уврQпS▒т▒Q▒T▒S░яWп▓S▒S▒кRQт░UQу▒T▓Q▓QQ▌▌ьX▌LX▄L▌XXммNYXы█Y≤█▄ммLм█▄L≥▌▄XьлYXы█XммьмPуU▒WсPTуT≈у▄≈рSSQV▒п≈п▓S▒S▒влк█▄L█нMкмLслпл▄лкMкN▀LM≥L▄л█≥MNX▌XLмM≥NYXмYY█≤X≥Y≤LMм≥█≤L≥≤мXлмXNл≥≤XK≤≤▄мMлM≤Y≤█▄XнM≥MмLMMLммы▄нMMLLMм▌LмL▄M≥XLXмMмьл█MM≤куTT■яQQп√KVPрUт⌠уврQпS▒т▒Q▒T▒S░яWп▓S▒S▒кRQт░UQу▒T▓Q▓QQ▌▌ьX▌LX▄L▌XXммNYXы█Y≤█▄ммLм█▄L≥▌▄XьлYXы█XммьмPуU▒WсPTуT≈у▄≈рSSQV▒п≈п▓S▒S▒влк█▄L█нNмLслплK█KLнKNыM▌MMнX▄▄▄MN▌X█MыL≤ьммYY▄YYXXXMXMLMLYL█л▌YXы▄кнLMыы≤▄LXы▌YLL█ыLмы≥█ы█ьL█ыY██LMLы▌≤MM█Mм≥мLM≥KуTT■яQQп√KVPрUт⌠уврQпS▒т▒Q▒T▒S░яWп▓S▒S▒кRQт░UQу▒T▓Q▓QQ▌▌ьX▌LX▄L▌XXммNYXы█Y≤█▄ммLм█▄L≥▌▄XьлYXы█XммьмPуU▒WсPTуT≈у▄≈рSSQV▒п≈п▓S▒S▒влк█▄L█нNKмLслплL█LмNL▌L▄▌LLXнL≥M▄≤лMLM≥▌█лLы≤Lл█XмXM█▌XL█≤█≤Lлл▄ьX≤NMн≤ьY▄млNM≥▌X≥≤█ыMM≥XлM≥YXыLLм▌X█ммLY≤≥XьыYYL█NYXыуTT■яQQп√KVPрUт⌠уврQпS▒т▒Q▒T▒S░яWп▓S▒S▒кRQт░UQу▒T▓Q▓QQ▌▌ьX▌LX▄L▌XXммNYXы█Y≤█▄ммLм█▄L≥▌▄XьлYXы█XммьмPуU▒WсPTуT≈у▄≈рSSQV▒п≈п▓S▒S▒влк█▄L▌мLслплMK█MKL▌KNL▀M▌л≤█▄▄Y≥л≥█м█▄Mл▌N≤▄█≤▄YL█ьYM▄ллL▄YLX≤M█лM▄мы▀NYXM▄MнML█L▌≤MLлMм▄ы≤мML▌LM▌Xн≥≥LXY█м≤≥≥≤ы▄▄█▀уTT■яQQп√KVPрUт⌠уврQпS▒т▒Q▒T▒S░яWп▓S▒S▒кRQт░UQу▒T▓Q▓QQ▌▌ьX▌LX▄L▌XXммNYXы█Y≤█▄ммLм█▄L≥▌▄XьлYXы█XммьмPуU▒WсPTуT≈у▄≈рSSQV▒п≈п▓S▒S▒влк█▄L▌KмLс█WплKM█▀MMKM▄ы≥▄Yы≥█Y≤█≤м≤ььM▄≥█нN▄MM▄YLNNM≥Y█Xь█Lлм█LмK▄▄лY▌Y▄ьлY≤≥YYLьмMьыыL█мыXьL▌Y▄лMX≥▄LYM█нY█ыLлм▀уTT■яQQп√KVPрUт⌠уврQпS▒т▒Q▒T▒S░яWп▓S▒S▒кRQт░UQу▒T▓Q▓QQ▌▌ьX▌LX▄L▌XXммNYXы█Y≤█▄ммLм█▄L≥▌▄XьлYXы█XммьмPуU▒WсPTуT≈у▄≈рSSQV▒п≈п▓S▒S▒влк█▄L▌▀мLс█WплLMмKML▀M▄▀≥█MNMMM≥≥Xь▌▄м≤M≤XыM≥LLLнX≤≥YLNX≤≤ы▄Y█лл█MMмYм▌YXмMXX≥MNльмльмLMMLXь≤L≤█Yм▄▄YXLлLM█ыNLл▄≥▄нькуTT■яQQп√KVPрUт⌠уврQпS▒т▒Q▒T▒S░яWп▓S▒S▒кRQт░UQу▒T▓Q▓QQ▌▌ьX▌LX▄L▌XXммNYXы█Y≤█▄ммLм█▄L≥▌▄XьлYXы█XммьмPуU▒WсPTуT≈у▄≈рSSQV▒п≈п▓S▒S▒влк█▄L▌кмLс█WплMKN▀MM█L▄лL█Lмм█ьLYXы≤нMMLNL≥MыN█NXM≥▄нX▄▄Y▄YXNLM≤≤лL▄лLKY█≤нMь▌NL▄▄X▌▄н≤≥▌NX≤▄ыLNь▄Mм██▌ыLм≤л█ы▄▌ыM▄нл▌XKуTT■яQQп√KVPрUт⌠уврQпS▒т▒Q▒T▒S░яWп▓S▒S▒кRQт░UQу▒T▓Q▓QQ▌▌ьX▌LX▄L▌XXммNYXы█Y≤█▄ммLм█▄L≥▌▄XьлYXы█XммьмPуU▒WсPTуT≈у▄≈рSSQV▒п≈п▓S▒S▒влк█▄L▌мLс█Wпл▄NLKMKM█Kл≥NX▌MмM█NNX▄MN≥≥L≥≤XYнLX▄ль█▄▄NY▄MLXL▄L█▄▌▄NMмMM▌Yк≤MMмL█Mм▄ь██нX█Y██ыXыLьы█▌Lл≥YXьы▌Y█▌Lмь▌Nн▀уTT■яQQп√KVPрUт⌠уврQпS▒т▒Q▒T▒S░яWп▓S▒S▒кRQт░UQу▒T▓Q▓QQ▌▌ьX▌LX▄L▌XXммNYXы█Y≤█▄ммLм█▄L≥▌▄XьлYXы█XммьмPуU▒WсPTуT≈у▄≈рSSQV▒п≈п▓S▒S▒влк█▄L▌KмLс█Wпл█KNNMKM█▀█ьMMлLX█ьы▌M█нллмь█▌Lм≤нX▄MыMMм█▄▄▄▄▄≥LMнXьь≥█L▄MNмнMмNXлыX▄мXM▄нL█X≥█ллм▌ьь▄XY≥█▌L▌Mмы▄▄▌▄м██мL≤L≤мкуTT■яQQп√KVPрUт⌠уврQпS▒т▒Q▒T▒S░яWп▓S▒S▒кRQт░UQу▒T▓Q▓QQ▌▌ьX▌LX▄L▌XXммNYXы█Y≤█▄ммLм█▄L≥▌▄XьлYXы█XммьмPуU▒WсPTуT≈у▄≈рSSQV▒п≈п▓S▒S▒влк█▄L▌▀мLс█Wплл▄▀LмкM▌LY≥XьMнNYYлNьммY≤м▄мLлNXлл▄лLLM▌YлLNYY≥█K█▌ьмML█Lь▄L≤▌N█NYY≤ым≥Lльь▄▄м▌ьь█▌ML▌LлYLYKуTT■яQQп√KVPрUт⌠уврQпS▒т▒Q▒T▒S░яWп▓S▒S▒кRQт░UQу▒T▓Q▓QQ▌▌ьX▌LX▄L▌XXммNYXы█Y≤█▄ммLм█▄L≥▌▄XьлYXы█XммьмPуU▒WсPTуT≈у▄≈рSSQV▒п≈п▓S▒S▒влк█▄L▌кмLс█WплмK▄LKLмMлы█≥█Y▌▌L≤л▄M▄M≤M▄ыNьXнYы█≥█лллMXLYXыMNм██ммY≥L≥▀льмM≥MLыXмM▌≤м█▄м≥Mь█L≤мыYYY▄█M█≥ыLNы≤NMKуTT■яQQп√KVPрUт⌠уврQпS▒т▒Q▒T▒S░яWп▓S▒S▒кRQт░UQу▒T▓Q▓QQ▌▌ьX▌LX▄L▌XXммNYXы█Y≤█▄ммLм█▄L≥▌▄XьлYXы█XммьмPуU▒WсPTуT≈у▄≈рSSQV▒п≈п▓S▒S▒влк█▄L▌мLс█Wпл▄NKLлMл▀▄нXь██MNлы█Lмл≤л≥Mл≤L█Mы▄ь▄L█ныL≥мьмн▄YL▄NM▌L▌LY▀мм▌L█м█▄ь█ллмYMM≥▄LM▄мь≥YL≥Y█мMN≥≤█▄нY≤Y≤▌█≤≤KуTT■яQQп√KVPрUт⌠уврQпS▒т▒Q▒T▒S░яWп▓S▒S▒кRQт░UQу▒T▓Q▓QQ▌▌ьX▌LX▄L▌XXммNYXы█Y≤█▄ммLм█▄L≥▌▄XьлYXы█XммьмPуU▒WсPTуT≈у▄≈рSSQV▒п≈п▓S▒S▒влк█▄L▌KмLс█WплK▄█▀L█KMм▄▄NXLм█NXлм≥нMынNMмыL█Lл≥Y≥MM≤NXL█мXл≤XмYлыM▄▀ьY▄XлL≤ыM█лL≤XX≥ьLыYLыYNLмNX█ьMLX≤LL▌M≥▄Xы█лмX≥LKуTT■яQQп√KVPрUт⌠уврQпS▒т▒Q▒T▒S░яWп▓S▒S▒кRQт░UQу▒T▓Q▓QQ▌▌ьX▌LX▄L▌XXммNYXы█Y≤█▄ммLм█▄L≥▌▄XьлYXы█XммьмPуU▒WсPTуT≈у▄≈рSSQV▒п≈п▓S▒S▒влк█▄L▌LмLс█WплL▄л▀L▄Mм▀X▌ньXлLXMммNNYYNнYXмы▄мMьы█ы≥█M▌NLYLмLMлXнNнLLLмлX▄▌Nлм≤мь≤▌YM▄Xл▌YM▄█ьь≥LлXльMмы≥≥██Mы≥▀уTT■яQQп√KVPрUт⌠уврQпS▒т▒Q▒T▒S░яWп▓S▒S▒кRQт░UQу▒T▓Q▓QQ▌▌ьX▌LX▄L▌XXммNYXы█Y≤█▄ммLм█▄L≥▌▄XьлYXы█XммьмPуU▒WсPTуT≈у▄≈рSSQV▒п≈п▓S▒S▒влк█▄L▌LKмLс█WплMK▄нKLMMн≥██≤ь▌LмXX█ь≤MMYM▄Lы≥█▄YX█нльL▄▄≤нX▌MLм≥▄ьXмK█▄▄нM≥≤NNMьNL≤LNYMM≤Lымь≤ыMXл▄лнL▄█M≤Xь≥Y≥≥██уTT■яQQп√KVPрUт⌠уврQпS▒т▒Q▒T▒S░яWп▓S▒S▒кRQт░UQу▒T▓Q▓QQ▌▌ьX▌LX▄L▌XXммNYXы█Y≤█▄ммLм█▄L≥▌▄XьлYXы█XммьмPуU▒WсPTуT≈у▄≈рSSQV▒п≈п▓S▒S▒влк█▄L▌L▀мLс█Wпл▄█▀LMн▄LлM▄нLлы≤▄≥Y█м█M≥MмMьыY▄MM▄м█млылы▄M▌MлM▄N█▄NK▄ь█Y≥Lьм█нLLмX▄л▄Xнм≥▄≤н▌L≥M≥█M▌LMмXн█LыYKуTT■яQQп√KVPрUт⌠уврQпS▒т▒Q▒T▒S░яWп▓S▒S▒кRQт░UQу▒T▓Q▓QQ▌▌ьX▌LX▄L▌XXммNYXы█Y≤█▄ммLм█▄L≥▌▄XьлYXы█XммьмPуU▒WсPTуT≈у▄≈рSSQV▒п≈п▓S▒S▒влк█▄L▌LкмLс█Wпл█K█LкL▀NмлMMьл█мLь▄LXMнMы▄л▄NXньX█NNYM≥≤мNXX≤ыNXм█▄≤█≥м█л█ы▌K█M▄≥MMMы≥NLмлмLьL██NYXмLнлм▌▄X▌LL▄LYмлMмYM▀уTT■яQQп√KVPрUт⌠уврQпS▒т▒Q▒T▒S░яWп▓S▒S▒кRQт░UQу▒T▓Q▓QQ▌▌ьX▌LX▄L▌XXммNYXы█Y≤█▄ммLм█▄L≥▌▄XьлYXы█XммьмPуU▒WсPTуT≈у▄≈рSSQV▒п≈п▓S▒S▒влк█▄L▌MмLс▄плKMLкM▀M▀ьY▄NLMMлы▌LMнNыMмнXYMыMLмнXьLыMXмXнMмNMMYMмMк▌≤X≥лMмLMY▄мM█Lмн▄NY█≤л▌▌≥XLнY≤LьыXM▄ьLл▄Y▄▄XлнKуTT■яQQп√KVPрUт⌠уврQпS▒т▒Q▒T▒S░яWп▓S▒S▒кRQт░UQу▒T▓Q▓QQ▌▌ьX▌LX▄L▌XXммNYXы█Y≤█▄ммLм█▄L≥▌▄XьлYXы█XммьмPуU▒WсPTуT≈у▄≈рSSQV▒п≈п▓S▒S▒влк█▄L▌MKмLс▄плLM▄KLнKMKXы▄лNNLXNм≤LлM▄лX≤LYY▄▌ы≥█▌▄▄≥≤мнм≥≤YNL▌YнYлыLX▄лммYY≤X▄M█лл█≤█▌Y▄ы≥MнYMXьN≥▄XMX▌Mл█≥█L▄куTT■яQQп√KVPрUт⌠уврQпS▒т▒Q▒T▒S░яWп▓S▒S▒кRQт░UQу▒T▓Q▓QQ▌▌ьX▌LX▄L▌XXммNYXы█Y≤█▄ммLм█▄L≥▌▄XьлYXы█XммьмPуU▒WсPTуT≈у▄≈рSSQV▒п≈п▓S▒S▒влк█▄L▌M▀мLс▄плMKM▌KLмKML█M█≥█л≤мнXьYYьыXьыLьлмMLьлL≤█≤▄Y█▄ьM█▌ыMлмY▄м██лLY≤█L▀YY≤XY▄≤MX█LYNY█XYLл▄ьM█Lь▄Y≥N≤M▌MN≥▄ы▄≤мLM≥≤L▄▀уTT■яQQп√KVPрUт⌠уврQпS▒т▒Q▒T▒S░яWп▓S▒S▒кRQт░UQу▒T▓Q▓QQ▌▌ьX▌LX▄L▌XXммNYXы█Y≤█▄ммLм█▄L≥▌▄XьлYXы█XммьмPуU▒WсPTуT≈у▄≈рSSQV▒п≈п▓S▒S▒влк█▄L▌MкмLс▄пл▄MмкLл▀MLKY≤MNXмNM▌MY≤▄M█ыL≥NMXыLNLMьнLXYL▌M≤≥M▄L▄N█KNXмьлмML▌N█▄MмLыY≤L▄NXNM▌LXь≤≥▄LYм≤█NYXь▄▌XX≥NMуTT■яQQп√KVPрUт⌠уврQпS▒т▒Q▒T▒S░яWп▓S▒S▒кRQт░UQу▒T▓Q▓QQ▌▌ьX▌LX▄L▌XXммNYXы█Y≤█▄ммLм█▄L≥▌▄XьлYXы█XммьмPуU▒WсPTуT≈у▄≈рSSQV▒п≈п▓S▒S▒влк█▄L▌NмLс▄пл█KNL▌ML▀≥Lм█L≤≤YXLXML▄≥NнN▄LYYNLX▄▄≥LXL≤л▄YL≥≥M▄мLY▄▌Y█к█л▄▄MNXNXы▄NY≥▄лXлннXы▌X≤ыXлль▄█≤▌L≥YLммL█≥≥▌XXл≥XNL█≥▀уTT■яQQп√KVPрUт⌠уврQпS▒т▒Q▒T▒S░яWп▓S▒S▒кRQт░UQу▒T▓Q▓QQ▌▌ьX▌LX▄L▌XXммNYXы█Y≤█▄ммLм█▄L≥▌▄XьлYXы█XммьмPуU▒WсPTуT≈у▄≈рSSQV▒п≈п▓S▒S▒влк█▄L▌NKмLс▄пллNLKL█MMKXXMXлмм≤лл≥л█LыXXYXX▌NM≤л≤мM≥н≤LLнX█▄лXмм▌Yы▀L█м█мM≥▄L▄ы█≤ьX▄м▄XмыL▄LнMYXнY█LмXY█▄LXXXMX▌LьMYNыуTT■яQQп√KVPрUт⌠уврQпS▒т▒Q▒T▒S░яWп▓S▒S▒кRQт░UQу▒T▓Q▓QQ▌▌ьX▌LX▄L▌XXммNYXы█Y≤█▄ммLм█▄L≥▌▄XьлYXы█XммьмPуU▒WсPTуT≈у▄≈рSSQV▒п≈п▓S▒S▒влк█▄L▌▄мLс▄плмKNMкL▄KMMкN≤█нMыNLLY≥▄█нX█XмMML▄NMь▄NLм≥≤L█≤▌███мMыл▄лK▄мLLь▄мYY█YNлM█X▄ьML▄м█нX▄л▄█▄NMLнMлнYMмLYлуTT■яQQп√KVPрUт⌠уврQпS▒т▒Q▒T▒S░яWп▓S▒S▒кRQт░UQу▒T▓Q▓QQ▌▌ьX▌LX▄L▌XXммNYXы█Y≤█▄ммLм█▄L≥▌▄XьлYXы█XммьмPуU▒WсPTуT≈у▄≈рSSQV▒п≈п▓S▒S▒влк█▄L▌▄KмLс▄пл▄кLM▀MN█≥█Mл▌≤LMNNLьыY≤ьмM▌XнXнXлльM≥нX▄▄≥L▄≤▌YXм≥▄ьлYMXыNN≥≤≤≤л≥LXлл▌L█XL██≥█▌мл█▄ьL█YLY≤н█лN▄LNLнMNMь≤▄ьNL≤YуTT■яQQп√KVPрUт⌠уврQпS▒т▒Q▒T▒S░яWп▓S▒S▒кRQт░UQу▒T▓Q▓QQ▌▌ьX▌LX▄L▌XXммNYXы█Y≤█▄ммLм█▄L≥▌▄XьлYXы█XммьмPуU▒WсPTуT≈у▄≈рSSQV▒п≈п▓S▒S▒влк█▄L▌▄▀мLс▄плK▄LKLL▀M▄≤M≥M█LлмMнм▄LMX≥≥YLлмы▄л≥≥M█▄▄мLXы▄Xь▌≥YNNLLM█▀л█NMXнX█▄ы≥≤лл▌N≤LX▄ьл≤ьNLл▄▄≤мM≤мLNX▌█▄лмY≥≥XM≤м█≤мкуTT■яQQп√KVPрUт⌠уврQпS▒т▒Q▒T▒S░яWп▓S▒S▒кRQт░UQу▒T▓Q▓QQ▌▌ьX▌LX▄L▌XXммNYXы█Y≤█▄ммLм█▄L≥▌▄XьлYXы█XммьмPуU▒WсPTуT≈у▄≈рSSQV▒п≈п▓S▒S▒влк█▄L▌▄кмLс▄плL▄MкL▀M▄▀нYMNMы▄Y≥Mм█л≤Mмь≥▄XммьлM▌MNмллY≤▌M█≥Xм≥≤YM▄Y█▄XлXм▀мы█XLNXLMMнмL▌LY≥≤ыXнXY≥MлльылнY≤≥▄≤█NY≥≥≤Y█≥█KуTT■яQQп√KVPрUт⌠уврQпS▒т▒Q▒T▒S░яWп▓S▒S▒кRQт░UQу▒T▓Q▓QQ▌▌ьX▌LX▄L▌XXммNYXы█Y≤█▄ммLм█▄L≥▌▄XьлYXы█XммьмPуU▒WсPTуT≈у▄≈рSSQV▒п≈п▓S▒S▒влк█▄L▌█мLс▄плMK▄█LKM█KьмNXь▄LX█ьN▌≥≥NлMX█≥█YыL█XY≤LY≥M▌X█≥≥ллX▌LYмXмынKлY≤▄≤LY▄▄ммNM█мLлL≥▄мYMмм██ьлм≤NXNYXлM█л▄ы▄лн█MX≤█уTT■яQQп√KVPрUт⌠уврQпS▒т▒Q▒T▒S░яWп▓S▒S▒кRQт░UQу▒T▓Q▓QQ▌▌ьX▌LX▄L▌XXммNYXы█Y≤█▄ммLм█▄L≥▌▄XьлYXы█XммьмPуU▒WсPTуT≈у▄≈рSSQV▒п≈п▓S▒S▒влк█▄L▌█KмLс▄пл▄▄лKMM█▌Y██▄≤MнMXMXL≥Y≤ьнл≥Y≤м▄м≥█LNL▌XY▌Y▄▄X≤L█ьыLX▌Yм▀M▌LнMьLмы≥м▄MлNMNY≥█ь≥▄▄XMнX▄▄██XXьXLьнLыXыNL≤KуTT■яQQп√KVPрUт⌠уврQпS▒т▒Q▒T▒S░яWп▓S▒S▒кRQт░UQу▒T▓Q▓QQ▌▌ьX▌LX▄L▌XXммNYXы█Y≤█▄ммLм█▄L≥▌▄XьлYXы█XммьмPуU▒WсPTуT≈у▄≈рSSQV▒п≈п▓S▒S▒влк█▄L▌█▀мLс▄пл█K▄мккM█▀Mмы≤≤MXм▄▄Y≥N≤▄ыMNM▄▄≥MM≤ы▄MMX≤ыыY█ыM▄ы≤NX█▀NLXX█LNMMыLNXXNLMьL▄▌NLLл≤лмы▄Y█XмYNы█лY▄ььMл█MуTT■яQQп√KVPрUт⌠уврQпS▒т▒Q▒T▒S░яWп▓S▒S▒кRQт░UQу▒T▓Q▓QQ▌▌ьX▌LX▄L▌XXммNYXы█Y≤█▄ммLм█▄L≥▌▄XьлYXы█XммьмPуU▒WсPTуT≈у▄≈рSSQV▒п≈п▓S▒S▒влк█▄L▌█кмLс▄плл█нKM▌KMы▄Y▄Xь█мллY▄▄█≥≤Xммм█лылнYMьл≥██ы▄Lы▌LыLмL▌LM█L▀XXнXь≥Y█L█Mьм≤M▌Mл▄м≤M█ь▄≤ы≥█XьлNLLмMмML█▄MлMY▄≥▄▄▄уTT■яQQп√KVPрUт⌠уврQпS▒т▒Q▒T▒S░яWп▓S▒S▒кRQт░UQу▒T▓Q▓QQ▌▌ьX▌LX▄L▌XXммNYXы█Y≤█▄ммLм█▄L≥▌▄XьлYXы█XммьмPуU▒WсPTуT≈у▄≈рSSQV▒п≈п▓S▒S▒влк█▄L▌▌мLсMWплKML▌KLлк≤≥▄NLы█нYY≥≥XлMLьь▄мLXлнYL≤≤лM≥M▄нM█ыMлXYNLYLY≤ль▌мLL█≥лMьмммL▄XLNXыLь≤Y≤мMY▌Mм▄≥▄LL▄лнL▌LLYY█≥NL▄л≤L▌KуTT■яQQп√KVPрUт⌠уврQпS▒т▒Q▒T▒S░яWп▓S▒S▒кRQт░UQу▒T▓Q▓QQ▌▌ьX▌LX▄L▌XXммNYXы█Y≤█▄ммLм█▄L≥▌▄XьлYXы█XммьмPуU▒WсPTуT≈у▄≈рSSQV▒п≈п▓S▒S▒влк█▄L▌▌KмLсMWплLMкL█KLмKYл≥▌LьыLM▄L█NYм█Nл≤ьы▌▄YYнMлLXнLY▄м▌YLL≥▌MMмм≥MьNLьнY█▄M≤мY▌мY≤мMMм≥YXLM▌MLм█ыXы≤ьлYLнY≤▄лLYKуTT■яQQп√KVPрUт⌠уврQпS▒т▒Q▒T▒S░яWп▓S▒S▒кRQт░UQу▒T▓Q▓QQ▌▌ьX▌LX▄L▌XXммNYXы█Y≤█▄ммLм█▄L≥▌▄XьлYXы█XммьмPуU▒WсPTуT≈у▄≈рSSQV▒п≈п▓S▒S▒влк█▄L▌лмLсMWплMKMMKL▄▀LмкLLX▄NY≥▄мммXыMьM≤YM≥Y█л≥XMYL▄ы█X≤мM█ммлнX▌▄LыX█Y▌≤▄▄M▌Y▄мм█мLь██M▄ы▄≤L▌YXь▄L≥Lь▄▄▄Y≥Mлм█L≤MNL█уTT■яQQп√KVPрUт⌠уврQпS▒т▒Q▒T▒S░яWп▓S▒S▒кRQт░UQу▒T▓Q▓QQ▌▌ьX▌LX▄L▌XXммNYXы█Y≤█▄ммLм█▄L≥▌▄XьлYXы█XммьмPуU▒WсPTуT≈у▄≈рSSQV▒п≈п▓S▒S▒влк█▄L▌лKмLсMWпл▄M▄кLNKLмкL▌NлM▌L▄мY≤NNNM▄█▄ы≥█лXьыNлы█NьлNLY≥▄M▄MM█нLKY▄≤NM█NL≥▄ьнML≥≥XNXLXMн▄лMмNMLNN█NXлYмLмлмMь▄≤▄ыLнуTT■яQQп√KVPрUт⌠уврQпS▒т▒Q▒T▒S░яWп▓S▒S▒кRQт░UQу▒T▓Q▓QQ▌▌ьX▌LX▄L▌XXммNYXы█Y≤█▄ммLм█▄L≥▌▄XьлYXы█XммьмPуU▒WсPTуT≈у▄≈рSSQV▒п≈п▓S▒S▒влк█▄L▌л▀мLсMWпл█KMлLMKMLMYMн≥LыNL▄ьLмыNььXXM≤▄YMмьMмMн▌M▌YMыNLL█ь≥LYLLL█▄≤Y▄м▄L≥XыLLн▄мY≥≥L▌XлNXм▄м≥▄█м▌м█L▄Mл▄куTT■яQQп√KVPрUт⌠уврQпS▒т▒Q▒T▒S░яWп▓S▒S▒кRQт░UQу▒T▓Q▓QQ▌▌ьX▌LX▄L▌XXммNYXы█Y≤█▄ммLм█▄L≥▌▄XьлYXы█XммьмPуU▒WсPTуT≈у▄≈рSSQV▒п≈п▓S▒S▒влк█▄L▌лкмLсMWпллMмкLL▀M▀▄X█мммXYL█Mл▄≥M≤≥лNь▄NMYMьыNY▄ьл≥лY▌MY≥ь≥ымLыMкьX≥NML▌YLMмьммыML▄MYм≤Nл≤Y≥LлMM▄≤▌NN≥≥≥█▄L▄ь█куTT■яQQп√KVPрUт⌠уврQпS▒т▒Q▒T▒S░яWп▓S▒S▒кRQт░UQу▒T▓Q▓QQ▌▌ьX▌LX▄L▌XXммNYXы█Y≤█▄ммLм█▄L≥▌▄XьлYXы█XммьмPуU▒WсPTуT≈у▄≈рSSQV▒п≈п▓S▒S▒влк█▄L▌ммLсMWплмKN▀LMкNNMLл≥ы▄N▌M▄л█XнNX≤ьыLN█XнLл▄M▄LL▌Y▌≤L▄≥≤X▀MьNнXмьLLмыM≥XML▄▄▄YыMлмNMYL≤Y▄нLY≥YьмнMMM▀уTT■яQQп√KVPрUт⌠уврQпS▒т▒Q▒T▒S░яWп▓S▒S▒кRQт░UQу▒T▓Q▓QQ▌▌ьX▌LX▄L▌XXммNYXы█Y≤█▄ммLм█▄L≥▌▄XьлYXы█XммьмPуU▒WсPTуT≈у▄≈рSSQV▒п≈п▓S▒S▒влк█▄L▌мKмLсMWплNKLкMK▄▄MLм▄ьMьMXыM≤LлNNьM█лY▄▄ьXLы▄ы▄Lы▄мм▌L≥MлNLкL≤≤█≤≤██м≤≤▄▄л▄≥≥≥L≥▄нM≥▄лXM▄NY≤▌≥лMMнNLыMMM≥лMX▌уTT■яQQп√KVPрUт⌠уврQпS▒т▒Q▒T▒S░яWп▓S▒S▒кRQт░UQу▒T▓Q▓QQ▌▌ьX▌LX▄L▌XXммNYXы█Y≤█▄ммLм█▄L≥▌▄XьлYXы█XммьмPуU▒WсPTуT≈у▄≈рSSQV▒п≈п▓S▒S▒влк█▄L▌м▀мLсMWплKNMKNM▀XмьY≤█▄ыL▌лыYN≥YLлл█ы≤█▌█ыM██ммы≤XыMX█ь▄MM█X█NN▄M▄X█M≥▌YLммNLMN█лL▄MM▌YMьлMь≥▄▄ы≥мXлнMNNM▄▀уTT■яQQп√KVPрUт⌠уврQпS▒т▒Q▒T▒S░яWп▓S▒S▒кRQт░UQу▒T▓Q▓QQ▌▌ьX▌LX▄L▌XXммNYXы█Y≤█▄ммLм█▄L≥▌▄XьлYXы█XммьмPуU▒WсPTуT≈у▄≈рSSQV▒п≈п▓S▒S▒влк█▄L▌мкмLсMWплL▄▀L▀MKYX▄M≤ыLM≤Y▌≥▄▄нылXьь█M▄≥X≤мNYNY≤лылY▄ьLX≤кл≤≤NL▄LLMY█M▄лNYNM≤YL≥≤≥▌M▄█▌MY▄≤█м≤NNY≥YNMл█M▄▄█куTT■яQQп√KVPрUт⌠уврQпS▒т▒Q▒T▒S░яWп▓S▒S▒кRQт░UQу▒T▓Q▓QQ▌▌ьX▌LX▄L▌XXммNYXы█Y≤█▄ммLм█▄L≥▌▄XьлYXы█XммьмPуU▒WсPTуT≈у▄≈рSSQV▒п≈п▓S▒S▒влк█▄L▌нмLсMWплMK▄K▀MLK≥█ь▌лллMм▄л≥██льXYMY█▌NM≥█≥██≥N≤ыYNMXм≥▄LьLMь▄Y▀≥NM█≤ьL≥X≥▄лXы█LмXьл█NN▌MNнL▌▌ь▄▄█ы█MьLX█мнM≤XX▌ыMуTT■яQQп√KVPрUт⌠уврQпS▒т▒Q▒T▒S░яWп▓S▒S▒кRQт░UQу▒T▓Q▓QQ▌▌ьX▌LX▄L▌XXммNYXы█Y≤█▄ммLм█▄L≥▌▄XьлYXы█XммьмPуU▒WсPTуT≈у▄≈рSSQV▒п≈п▓S▒S▒влк█▄L▌нKмLсMWпл▄▄M▀MLKY▌м█ь▄≥XLьYYMXXл▌YL≥LML≥≤ыY≥▌MмXLMььл█ьн≥YMммN≥▀≥██мм≤█ы≥X▄▄≥≤н█нNLь▌XYмы≥NXм≤XMы≤≥▄≤ьXлXл≤▄нLнM▀уTT■яQQп√KVPрUт⌠уврQпS▒т▒Q▒T▒S░яWп▓S▒S▒кRQт░UQу▒T▓Q▓QQ▌▌ьX▌LX▄L▌XXммNYXы█Y≤█▄ммLм█▄L≥▌▄XьлYXы█XммьмPуU▒WсPTуT≈у▄≈рSSQV▒п≈п▓S▒S▒влк█▄L▌мLсMWпл█K▄▄▀л▀MLк▄█▄ьмMX▌N≥≤NNMм▌▄Y█MM▌LнXлл▌MNYнY≤ынNM≥Lм≥≤█≥м≥█≤нXMM█▄▄NXX≥▄нь█мL▌▄L█нYX▌MMY≥▄▄лны≥≥▄мKуTT■яQQп√KVPрUт⌠уврQпS▒т▒Q▒T▒S░яWп▓S▒S▒кRQт░UQу▒T▓Q▓QQ▌▌ьX▌LX▄L▌XXммNYXы█Y≤█▄ммLм█▄L≥▌▄XьлYXы█XммьмPуU▒WсPTуT≈у▄≈рSSQV▒п≈п▓S▒S▒влк█▄L▌KмLсMWплл▄▌K▄кMMKX≥M█≥XмX▌≤█лмX≥≥▄▌L▄лммьMLM█л▌M≥▄NXь█мнNNYM≤▄ыX█ы▀XY▌LьлX█мN█LыNXLLM▄NLLLьн▌█≤YYMLLнNXY▄ы≥█▄▌MM█XMьKуTT■яQQп√KVPрUт⌠уврQпS▒т▒Q▒T▒S░яWп▓S▒S▒кRQт░UQу▒T▓Q▓QQ▌▌ьX▌LX▄L▌XXммNYXы█Y≤█▄ммLм█▄L≥▌▄XьлYXы█XммьмPуU▒WсPTуT≈у▄≈рSSQV▒п≈п▓S▒S▒влк█▄L▌▀мLсMWплмK▄мKLKMMкьммм▄XMN≤▄Lн▄MMмMы≤≥LX≤Y█м≥≤≤Mмн▄≤L▄LыX█ь≥≤M≤▄LLLкьы█ьыL█YMM█▌LLл▌▌M▌Y≤мL≤N█▄█NXY█NM≥MLлл▄YN≥LMMKуTT■яQQп√KVPрUт⌠уврQпS▒т▒Q▒T▒S░яWп▓S▒S▒кRQт░UQу▒T▓Q▓QQ▌▌ьX▌LX▄L▌XXммNYXы█Y≤█▄ммLм█▄L≥▌▄XьлYXы█XммьмPуU▒WсPTуT≈у▄≈рSSQV▒п≈п▓S▒S▒влк█▄L▌кмLсMWпл█мMN≥█мнлMLY▄≤Y█мMXьXлMYL▄ль≤≤≥≥≤▌Y▄≤ы≤ь≤▄▌▄LNYMнNYK≥M▄лL█XннXXXLм▌MьMлXLMь≤NY█м▌▄≥≥Y█X≤≥XY≤нM≤N≤YL█M≥≥▄уTT■яQQп√KVPрUт⌠уврQпS▒т▒Q▒T▒S░яWп▓S▒S▒кRQт░UQу▒T▓Q▓QQ▌▌ьX▌LX▄L▌XXммNYXы█Y≤█▄ммLм█▄L≥▌▄XьлYXы█XммьмPуU▒WсPTуT≈у▄≈рSSQV▒п≈п▓S▒S▒влк█▄L▌мLсLплKL▌LMкL▄▀лнXьMлнXмь≥X≤≥нXM█YMыNLыLлMлNX≥▄XNXл██▄≤л▄LL█M█▌ы█лм▌▌NLMлмы██ы▄NьY≥≤▄MлYLмнMMMMMм≥█≤▌X█LLлMLKуTT■яQQп√KVPрUт⌠уврQпS▒т▒Q▒T▒S░яWп▓S▒S▒кRQт░UQу▒T▓Q▓QQ▌▌ьX▌LX▄L▌XXммNYXы█Y≤█▄ммLм█▄L≥▌▄XьлYXы█XммьмPуU▒WсPTуT≈у▄≈рSSQV▒п≈п▓S▒S▒влк█▄L▌KмLсLплLLмKLML▄к▌M▌NM▄м≥≤≤XXXM≥LлX≤Lмь▄ь█лNLь≥≥N█ь▌█MмXы≤YLмM█нXкы█ь▄Y≤≤≥Lл█лMMX≥LXнXыX≤X≤XльыMы≤ыLY█▌≤ыMь▌YLL▄куTT■яQQп√KVPрUт⌠уврQпS▒т▒Q▒T▒S░яWп▓S▒S▒кRQт░UQу▒T▓Q▓QQ▌▌ьX▌LX▄L▌XXммNYXы█Y≤█▄ммLм█▄L≥▌▄XьлYXы█XммьмPуU▒WсPTуT≈у▄≈рSSQV▒п≈п▓S▒S▒влк█▄L▌▀мLсLплMKM▀LLL█KXNмLь█ьMлXXллMл█нXл▄≤нX█≤лLLь█▄ьY▌LьYL≥█YXNнлLмь▌≥NNXьMNLL≥лLлL▌L█Mь≥▄▄л≤≤≥Y█▌X██LлNльLLмл▄≥уTT■яQQп√KVPрUт⌠уврQпS▒т▒Q▒T▒S░яWп▓S▒S▒кRQт░UQу▒T▓Q▓QQ▌▌ьX▌LX▄L▌XXммNYXы█Y≤█▄ммLм█▄L≥▌▄XьлYXы█XммьмPуU▒WсPTуT≈у▄≈рSSQV▒п≈п▓S▒S▒влк█▄L▌кмLсLпл▄MLL▀L█KльлM▌≥Y▌▄YM▄█≤MM▌LмнNь≤≤Lь▌L≥NM█мьлллXM≥Y▄▌Xл▌Xм▀Xмы≤л▄M≤NXY█ыY▄нNXыMнMьM≥NXл▄X█▄▄≤XY≥Y▄NM≥Y▌нXны▌█▀уTT■яQQп√KVPрUт⌠уврQпS▒т▒Q▒T▒S░яWп▓S▒S▒кRQт░UQу▒T▓Q▓QQ▌▌ьX▌LX▄L▌XXммNYXы█Y≤█▄ммLм█▄L≥▌▄XьлYXы█XммьмPуU▒WсPTуT≈у▄≈рSSQV▒п≈п▓S▒S▒влк█▄L▌мLсLпл█KMMкLкL█клMXы≤LYXы▄█ьмLл██YM▄█X≤≤≤ьL▄█Lл▌≤≤▄ыыMьлY█L█≤≤MMNм▄▀█мM█ьYYмь≥л≥MNьн▄лYMNLM▄█▄лMX█≥YNнX▄LьммYXX█ьыL▌KуTT■яQQп√KVPрUт⌠уврQпS▒т▒Q▒T▒S░яWп▓S▒S▒кRQт░UQу▒T▓Q▓QQ▌▌ьX▌LX▄L▌XXммNYXы█Y≤█▄ммLм█▄L≥▌▄XьлYXы█XммьмPуU▒WсPTуT≈у▄≈рSSQV▒п≈п▓S▒S▒влк█▄L▌KмLсLпллM█NKL▌K≤▌н≥≥≤YMь≥≥XY▌M▄M▄лл▄лLнL▄LLL≥нь▌N█YмLMXX▄Xм≤мMлMX≥▄л≤█Xм▄▄≤L≥≤Lь▄▄ныNM█YMы▄XMML▄NLмн▄л≤N█▌Y≥LNL▀уTT■яQQп√KVPрUт⌠уврQпS▒т▒Q▒T▒S░яWп▓S▒S▒кRQт░UQу▒T▓Q▓QQ▌▌ьX▌LX▄L▌XXммNYXы█Y≤█▄ммLм█▄L≥▌▄XьлYXы█XммьмPуU▒WсPTуT≈у▄≈рSSQV▒п≈п▓S▒S▒влк█▄L▌LмLсLплмKM▌KM▀LлKXNXл█MлNь≤ым▌LYLNXXLY≤NMмьL▌Mл█LXX▄XLM▄▌Lь≥L█X▄≥LKM▄LлYXXылн▄мLлы█ьXмXMLX▄≥мы█≥XнXл█MьL≥≤X█лн▌≤Mы▀уTT■яQQп√KVPрUт⌠уврQпS▒т▒Q▒T▒S░яWп▓S▒S▒кRQт░UQу▒T▓Q▓QQ▌▌ьX▌LX▄L▌XXммNYXы█Y≤█▄ммLм█▄L≥▌▄XьлYXы█XммьмPуU▒WсPTуT≈у▄≈рSSQV▒п≈п▓S▒S▒влк█▄L▌LKмLсLплMм▀LKLл▀н█ыMLM≥█Lн█нM█ьм▌Y▌≤██XьыM▌л▄нYM≤м▌L▌мNL▄▀≤л▌ьLьыLNX█LьNYл≥L≤лYыM≤Xмл≤LьNXлMлы≥Y█NьN█ь█Xы≤▄≥▀уTT■яQQп√KVPрUт⌠уврQпS▒т▒Q▒T▒S░яWп▓S▒S▒кRQт░UQу▒T▓Q▓QQ▌▌ьX▌LX▄L▌XXммNYXы█Y≤█▄ммLм█▄L≥▌▄XьлYXы█XммьмPуU▒WсPTуT≈у▄≈рSSQV▒п≈п▓S▒S▒влк█▄L▌L▀мLсLплKNк▀LмKMYYлMM██м≤▄█≥▌ьм▄л≤≥LYMYY█MNY█≤N▄NM▄≥▄лYYML█ыльLMN≤≤лMXл▄мYлM▌Lм≥▄м≥≥LьмыыY≤нM▄█▄▄Y█Mы▌YXм██▄≥KуTT■яQQп√KVPрUт⌠уврQпS▒т▒Q▒T▒S░яWп▓S▒S▒кRQт░UQу▒T▓Q▓QQ▌▌ьX▌LX▄L▌XXммNYXы█Y≤█▄ммLм█▄L≥▌▄XьлYXы█XммьмPуU▒WсPTуT≈у▄≈рSSQV▒п≈п▓S▒S▒влк█▄L▌LкмLсLплLNKLмк≥X▌н≥Y≤▌ы█LYXMX▄мYл≥мY▌MLмLLль▄MLY▄≥█YYлм▄█ь█K≤лX≤LьNмM▄≥M▌M▌XL▄м▄мLыY▄▌Lь▄█мNYMм█L▄лYLXY≤л█XX≤█ыNKуTT■яQQп√KVPрUт⌠уврQпS▒т▒Q▒T▒S░яWп▓S▒S▒кRQт░UQу▒T▓Q▓QQ▌▌ьX▌LX▄L▌XXммNYXы█Y≤█▄ммLм█▄L≥▌▄XьлYXы█XммьмPуU▒WсPTуT≈у▄≈рSSQV▒п≈п▓S▒S▒влк█▄L▌MмLсLплMKNMKлкLнмыYMл▄Xы█X▌▄нM▄лXLлM▄X▌▄LY▄LLLнм█▌нXнм█▌Y▄≤≥нNL≤LлY≤≥█L█▄▄█▌Xм▄MнL≥LLLLлл█нXL█мы█м█нY▄▌Y██ыY≥≤л▄уTT■яQQп√KVPрUт⌠уврQпS▒т▒Q▒T▒S░яWп▓S▒S▒кRQт░UQу▒T▓Q▓QQ▌▌ьX▌LX▄L▌XXммNYXы█Y≤█▄ммLм█▄L≥▌▄XьлYXы█XммьмPуU▒WсPTуT≈у▄≈рSSQV▒п≈п▓S▒S▒влк█▄L▌MKмLсLпл▄▄▀█▀LнKы█мL▌▄▄мM▌LYY▄≤нLньYYNL▌▄ылл≥≤≥NMл≤≥YNXXльKX≥█≥ML▌L▄м█м█Y≤XMнM≥NNL≥мNмLXX≤YьлXLXMYX≤▄NYл▌NмXKуTT■яQQп√KVPрUт⌠уврQпS▒т▒Q▒T▒S░яWп▓S▒S▒кRQт░UQу▒T▓Q▓QQ▌▌ьX▌LX▄L▌XXммNYXы█Y≤█▄ммLм█▄L≥▌▄XьлYXы█XммьмPуU▒WсPTуT≈у▄≈рSSQV▒п≈п▓S▒S▒влк█▄L▌M▀мLсLпл█K▄MкMXм≥LXNL█▄Lм≤█Mны▄лY▄X≥M≤≥≤NY█▄L▄▌M█ььлXL≥NLмы≥≤≤YX≤LXмLьM▄MM▄ьLнL▄MXлLьм≤ь≥M▌X≥≤ьNL▄▌█▄ы≤LMYYуTT■яQQп√KVPрUт⌠уврQпS▒т▒Q▒T▒S░яWп▓S▒S▒кRQт░UQу▒T▓Q▓QQ▌▌ьX▌LX▄L▌XXммNYXы█Y≤█▄ммLм█▄L≥▌▄XьлYXы█XммьмPуU▒WсPTуT≈у▄≈рSSQV▒п≈п▓S▒S▒влк█▄L▌MкмLсLплл▄M▀Mк██ыY▄ьл≥MXXлXM█N≤ьXXLLыLX█ь▄█м▄лX▌Mм≤мMLXлль≤ьь≤ыMXK█▄ы≤ьY▌LNX█NY█нMл▌м≤≤NMьыLлм▄▌█LNY█лнMX≤ыNьXM█Mм▀уTT■яQQп√KVPрUт⌠уврQпS▒т▒Q▒T▒S░яWп▓S▒S▒кRQт░UQу▒T▓Q▓QQ▌▌ьX▌LX▄L▌XXммNYXы█Y≤█▄ммLм█▄L≥▌▄XьлYXы█XммьмPуU▒WсPTуT≈у▄≈рSSQV▒п≈п▓S▒S▒влк█▄L▌NмLсLплмK▄▄лMKY▌MьMM≤ы≤м██MLNLMNLNYL▄л≥▄XнымX▄XыXYX≤≤≤█≤≥≥L█▄Y█м▌M≥LLLнXNNM≤лY█▄LXмYл≥NXыYM▄LXьыMXьMYM▄M▄≤XY▄≥≥куTT■яQQп√KVPрUт⌠уврQпS▒т▒Q▒T▒S░яWп▓S▒S▒кRQт░UQу▒T▓Q▓QQ▌▌ьX▌LX▄L▌XXммNYXы█Y≤█▄ммLм█▄L≥▌▄XьлYXы█XммьмPуU▒WсPTуT≈у▄≈рSSQV▒п≈п▓S▒S▒влк█▄L▌NKмLсLпл▄█▀M▀MX≥▌YLL▌X▄ьM█ыXML▄MXXMLLXLMы▄XY≥≤MлX▄M█L▄нYNXыX▄X█KNXмыYьNM≤MьLN█MLLлX█X█ныX≤█NYXл≤NNMN▄NMLXXм█л≥н▌YYуTT■яQQп√KVPрUт⌠уврQпS▒т▒Q▒T▒S░яWп▓S▒S▒кRQт░UQу▒T▓Q▓QQ▌▌ьX▌LX▄L▌XXммNYXы█Y≤█▄ммLм█▄L≥▌▄XьлYXы█XммьмPуU▒WсPTуT≈у▄≈рSSQV▒п≈п▓S▒S▒влк█▄L▌▄мLсWплKLMLLX≤нYм▄≤L≥█▄▌≤L≥YM≥▄Y▌XLM≤MLы≥LLLLнM▌нMY▄M▌Y▌нNNMьXыы█Y▄YMXлM▄X█YYLLYль█NNXLM█л▄▄XL▌MллMм▌YYMKуTT■яQQп√KVPрUт⌠уврQпS▒т▒Q▒T▒S░яWп▓S▒S▒кRQт░UQу▒T▓Q▓QQ▌▌ьX▌LX▄L▌XXммNYXы█Y≤█▄ммLм█▄L≥▌▄XьлYXы█XммьмPуU▒WсPTуT≈у▄≈рSSQV▒п≈п▓S▒S▒влк█▄L▌▄KмLсWплLL▄▀LKLLKMNM≥L≤MXM▄LMMMYY≥▄█L██NY██YM▄ыXYMMX▄█ыLY█MLMMMMнL█▌LL≤█≤M█X≤≥M≥Y▄ы≤▄л█▌LM▄▄≥█L▌LмMл█▄L▌M▄Y▌Mы▀уTT■яQQп√KVPрUт⌠уврQпS▒т▒Q▒T▒S░яWп▓S▒S▒кRQт░UQу▒T▓Q▓QQ▌▌ьX▌LX▄L▌XXммNYXы█Y≤█▄ммLм█▄L≥▌▄XьлYXы█XммьмPуU▒WсPTуT≈у▄≈рSSQV▒п≈п▓S▒S▒влк█▄L▌▄▀мLсWплMKL▌KNLL▀XмыM▄▄▌█▄лл≥Lы▄мXл█л≤≥мY≤LмM█M≥LLXнMM▌LьнXKXл▄Y≤≥▌ныN≤N≥X≥▌L██м█LNXнм▄мXм▄█м▄Xл▌▌Y≥Mь█ыKуTT■яQQп√KVPрUт⌠уврQпS▒т▒Q▒T▒S░яWп▓S▒S▒кRQт░UQу▒T▓Q▓QQ▌▌ьX▌LX▄L▌XXммNYXы█Y≤█▄ммLм█▄L≥▌▄XьлYXы█XммьмPуU▒WсPTуT≈у▄≈рSSQV▒п≈п▓S▒S▒влк█▄L▌▄кмLсWпл▄Lм▀MLL▀█лNNYX▄ы≤л▄█ьм≤NLM█XLML▌▄█XYXM█▌XNXMмM▌NьXлнMLьNMкXл▌▄Y≥Y█MXXнL≤ьлмь▌N█лы██ыNLYXLл▌≥▄█≥LмNNYн≥LM▄≤▀уTT■яQQп√KVPрUт⌠уврQпS▒т▒Q▒T▒S░яWп▓S▒S▒кRQт░UQу▒T▓Q▓QQ▌▌ьX▌LX▄L▌XXммNYXы█Y≤█▄ммLм█▄L≥▌▄XьлYXы█XммьмPуU▒WсPTуT≈у▄≈рSSQV▒п≈п▓S▒S▒влк█▄L▌█мLсWпл█KMкLLM▄лLLмMXы≤Lм≥XX≤≥≥MYN█XL▄XNLMмY≥NLмллY█м≥M≤▄л≤█▄кL≤Xм▄NMNYLY≤█Y≥≤▄≤ыX▄LнLл≥MYл≤≥≤л█LNLнMл≤MXьMь▄MуTT■яQQп√KVPрUт⌠уврQпS▒т▒Q▒T▒S░яWп▓S▒S▒кRQт░UQу▒T▓Q▓QQ▌▌ьX▌LX▄L▌XXммNYXы█Y≤█▄ммLм█▄L≥▌▄XьлYXы█XммьмPуU▒WсPTуT≈у▄≈рSSQV▒п≈п▓S▒S▒влк█▄L▌█KмLсWпллML▀LM▀Y█▄L▄мьл█Y≥XL▌M▄ьнN█ыX≤LXь≤ь≤≤LL▄ML█L≤LYL≥YYL▄LYLY≤▀≥XYXьYM▌Xь≥ьLYLY≥L▄NNNY≤Xь█Xмм▄ммXнY▄█л≥Lн███X█▄▄ML▄▀уTT■яQQп√KVPрUт⌠уврQпS▒т▒Q▒T▒S░яWп▓S▒S▒кRQт░UQу▒T▓Q▓QQ▌▌ьX▌LX▄L▌XXммNYXы█Y≤█▄ммLм█▄L≥▌▄XьлYXы█XммьмPуU▒WсPTуT≈у▄≈рSSQV▒п≈п▓S▒S▒влк█▄L▌█▀мLсWплмKMMKкLNYнлLXм▄Y▌X▌█≥Y▄ыY≥MY▄NM▄л▌LMLьX█нMьMLNLXYY▄█м▌X▌L█ь██л≥█м≤█≥≤MLY█ы▄нM█▌Y≤YYNMY▄▄≥▄▌LN≤мMьы▀уTT■яQQп√KVPрUт⌠уврQпS▒т▒Q▒T▒S░яWп▓S▒S▒кRQт░UQу▒T▓Q▓QQ▌▌ьX▌LX▄L▌XXммNYXы█Y≤█▄ммLм█▄L≥▌▄XьлYXы█XммьмPуU▒WсPTуT≈у▄≈рSSQV▒п≈п▓S▒S▒влк█▄L▌█кмLсWплM▄▀нL▄ь▄ы██L▄л█Y█L▌LLL≥▄▄LмNY▄ML█л█NMLMмNYYLмY██лM▀LYMN█▄Lы█≥MыL█мы█≤XLлмMLь≥L▄л█≤Xм≥█M▌MыMы≤MMмы▄ьн▄▄▀уTT■яQQп√KVPрUт⌠уврQпS▒т▒Q▒T▒S░яWп▓S▒S▒кRQт░UQу▒T▓Q▓QQ▌▌ьX▌LX▄L▌XXммNYXы█Y≤█▄ммLм█▄L≥▌▄XьлYXы█XммьмPуU▒WсPTуT≈у▄≈рSSQV▒п≈п▓S▒S▒влк█▄L▌▌мLсWплKM▌л▀L▄K█Mь▌ы▄▄нYл≥▄YмььнXXмL≥MYNNYLы▄≥██млл█▌NMы█▄л█▄MNMLьM█KL▌Mл█XьNMYNNL≥≥LNL≥LYMNнмYM▄м▌M≤▌NмыM≥MLNN≤MыYMX█уTT■яQQп√KVPрUт⌠уврQпS▒т▒Q▒T▒S░яWп▓S▒S▒кRQт░UQу▒T▓Q▓QQ▌▌ьX▌LX▄L▌XXммNYXы█Y≤█▄ммLм█▄L≥▌▄XьлYXы█XммьмPуU▒WсPTуT≈у▄≈рSSQV▒п≈п▓S▒S▒влк█▄L▌▌KмLсWплLMм█▀L▄к▄ы≥NLMY≤▄л█NLNMY▄≤X█≤л▌Y≥▄LYXY█≥██≤MLымYXнNNыXлLыL▄≤M≥█ыM█YлLNM≥≤▄нY▄NLL▄лмXлXлY▄≤л▄Y≥н█ы≤н▄≥Y▀уTT■яQQп√KVPрUт⌠уврQпS▒т▒Q▒T▒S░яWп▓S▒S▒кRQт░UQу▒T▓Q▓QQ▌▌ьX▌LX▄L▌XXммNYXы█Y≤█▄ммLм█▄L≥▌▄XьлYXы█XммьмPуU▒WсPTуT≈у▄≈рSSQV▒п≈п▓S▒S▒влк█▄L▌лмLсWплMKNNKL█KLNM▄мY█≤L▄▌Xьлы█LлM≥LьL█LYM≥█ыNYLы≥ыLM≤ыL≤ы≤≤█нX≥л█л█▀MмMьннX▄Mм≤ммь≥ы█ьM▌M█≤X▄Mм█X█мь▄ллXN▄M▄▄█LM≥▌KуTT■яQQп√KVPрUт⌠уврQпS▒т▒Q▒T▒S░яWп▓S▒S▒кRQт░UQу▒T▓Q▓QQ▌▌ьX▌LX▄L▌XXммNYXы█Y≤█▄ммLм█▄L≥▌▄XьлYXы█XммьмPуU▒WсPTуT≈у▄≈рSSQV▒п≈п▓S▒S▒влк█▄L▌лKмLсWпл▄NкLL█▀▄≤NM█LY▄▄▄XMYLнLм▄≤≥▌N≥XL▄мы█лMN█Mы≤м▌NML≥кX▄ыL≤LYNLXY≤нNMмь▌XыLллнLлM█▌L█≤█XXыNN≤ы▄≤YYLNX█▌л▀уTT■яQQп√KVPрUт⌠уврQпS▒т▒Q▒T▒S░яWп▓S▒S▒кRQт░UQу▒T▓Q▓QQ▌▌ьX▌LX▄L▌XXммNYXы█Y≤█▄ммLм█▄L≥▌▄XьлYXы█XммьмPуU▒WсPTуT≈у▄≈рSSQV▒п≈п▓S▒S▒влк█▄L▌л▀мLсWпл█KNLкнKL█кXNX≤≤█ы█ьь≤XY≥█нXл▄н▌MьYN▌м≤▌XлXмLыY▄█▌NN≤▀≥M█X≥MLX≥Lмлы≤Y▌NM█Y▌M≤NMX≥M█XмLYXMы▄нLммм≤█L≥уTT■яQQп√KVPрUт⌠уврQпS▒т▒Q▒T▒S░яWп▓S▒S▒кRQт░UQу▒T▓Q▓QQ▌▌ьX▌LX▄L▌XXммNYXы█Y≤█▄ммLм█▄L≥▌▄XьлYXы█XммьмPуU▒WсPTуT≈у▄≈рSSQV▒п≈п▓S▒S▒влк█▄L▌лкмLсWпллNNK▄кLлY▌Mы██M▄≥лXнLлMMM█ы▄X█≥≥≥▌LMMыMX≤нNY≤█▄MX▌м≤MYY≤▀лы█≥Lь▄нMм█NYьL▄Y▌█YMY≤▌YY≥Y▄ьL≥█ыMыMMLMнуTT■яQQп√KVPрUт⌠уврQпS▒т▒Q▒T▒S░яWп▓S▒S▒кRQт░UQу▒T▓Q▓QQ▌▌ьX▌LX▄L▌XXммNYXы█Y≤█▄ммLм█▄L≥▌▄XьлYXы█XммьмPуU▒WсPTуT≈у▄≈рSSQV▒п≈п▓S▒S▒влк█▄L▌ммLсWплмK▄KLл▀≥L▄ыY≥MммNXLь▄мLнX▄▌Y≥█≥YMYNXьMYMY▄Y█Lььь≤█≥▄▌Mь▄L≤нLYK▌лMM▄LьMмь≤█▄мXM█н▄NN▌MM≥X▄ньXXMLMMLYMXMмлXN▌XKуTT■яQQп√KVPрUт⌠уврQпS▒т▒Q▒T▒S░яWп▓S▒S▒кRQт░UQу▒T▓Q▓QQ▌▌ьX▌LX▄L▌XXммNYXы█Y≤█▄ммLм█▄L≥▌▄XьлYXы█XммьмPуU▒WсPTуT≈у▄≈рSSQV▒п≈п▓S▒S▒влк█▄L▌мKмLсплKLKLKM▀ь≤Mм█▄мьLNLYнL≥▄≤≥LыLX▄MMьML▄≤м▄≥мXMLMлNY▌Lм▌лLмYL█▄▄лLыL≥M▄▌MLнNXNY≤≤▄ыYL█YY▄≥X▌≥▄ь█Y≤Mь≤█XLыYM≤▄Lы≤куTT■яQQп√KVPрUт⌠уврQпS▒т▒Q▒T▒S░яWп▓S▒S▒кRQт░UQу▒T▓Q▓QQ▌▌ьX▌LX▄L▌XXммNYXы█Y≤█▄ммLм█▄L≥▌▄XьлYXы█XммьмPуU▒WсPTуT≈у▄≈рSSQV▒п≈п▓S▒S▒влк█▄L▌м▀мLсплLLLKNл▄мьLYLX▌YMMьM█MмM≤Lьььь▄█L▄ььлмлY█Xм▄▄Xн≥█MX█мMMY▀Y▄млML≥█ыXLNYM≤ыNXYы≥≤лXлNмM█ьMьL≥▄Mь▄≤ьM▄X≥уTT■яQQп√KVPрUт⌠уврQпS▒т▒Q▒T▒S░яWп▓S▒S▒кRQт░UQу▒T▓Q▓QQ▌▌ьX▌LX▄L▌XXммNYXы█Y≤█▄ммLм█▄L≥▌▄XьлYXы█XммьмPуU▒WсPTуT≈у▄≈рSSQV▒п≈п▓S▒S▒влк█▄L▌мкмLсплMKLMк▀LXь≥Y≥LьLMь▄ы█▄≤лXь▄XыY█≤ы▄LнLYNн█нNY█ь≥Y█▌LкX█≤ы█X▄≥▌лы≤лX▄лX█YNLмXL█LYLMлLX▌ML▄MX≥Y▄лыY≥LьмLXкуTT■яQQп√KVPрUт⌠уврQпS▒т▒Q▒T▒S░яWп▓S▒S▒кRQт░UQу▒T▓Q▓QQ▌▌ьX▌LX▄L▌XXммNYXы█Y≤█▄ммLм█▄L≥▌▄XьлYXы█XммьмPуU▒WсPTуT≈у▄≈рSSQV▒п≈п▓S▒S▒влк█▄L▌нмLспл▄L▄к▀LL▄нY≤≤ь▄≥X▄MYYM█Xмь▄X≥█X▄▄YLLнYLым▌L≥▌MлY≥≤LNмNк▄█ыL≤▄л▄Y≤L≥MX≥≥YMYXы≤M▄≤≤ыY≥≥л≤≤≤▌██X█Mл≤≥Nмьм≤M▀уTT■яQQп√KVPрUт⌠уврQпS▒т▒Q▒T▒S░яWп▓S▒S▒кRQт░UQу▒T▓Q▓QQ▌▌ьX▌LX▄L▌XXммNYXы█Y≤█▄ммLм█▄L≥▌▄XьлYXы█XммьмPуU▒WсPTуT≈у▄≈рSSQV▒п≈п▓S▒S▒влк█▄L▌нKмLспл█KLлнL▀≥≥█≤█Y▄лл█лLY≥█NY▄≤▄█ы≥YM█YY█Xл█MYMь≥█≤█LN▄м≤кыMнM≥▄ьLн≤▄ML▌≤мнXM≤▄XX▌█▄XN≥LLмы≤Y▄≤м█MYNXLMLыMь▀уTT■яQQп√KVPрUт⌠уврQпS▒т▒Q▒T▒S░яWп▓S▒S▒кRQт░UQу▒T▓Q▓QQ▌▌ьX▌LX▄L▌XXммNYXы█Y≤█▄ммLм█▄L≥▌▄XьлYXы█XммьмPуU▒WсPTуT≈у▄≈рSSQV▒п≈п▓S▒S▒влк█▄L▌мLспллLмкмLы≥NXь█L≤≤Yы██▄Yь▄≤MмMлм█ынX▄LлXьлLMYN≥█YL≥MML▌LX≤▀Mл≥█мXлLY█Y▌ь▄≥ы▌NM▄▄мнMML≤XX▄≥Xы█LLм▄▄≤м≤▄≥лкуTT■яQQп√KVPрUт⌠уврQпS▒т▒Q▒T▒S░яWп▓S▒S▒кRQт░UQу▒T▓Q▓QQ▌▌ьX▌LX▄L▌XXммNYXы█Y≤█▄ммLм█▄L≥▌▄XьлYXы█XммьмPуU▒WсPTуT≈у▄≈рSSQV▒п≈п▓S▒S▒влк█▄L▌KмLсплмKMKлLKXLMлM▌M≥▌MнYX≤мь≤▄≤Y▄ыYнXXY█▄MLлм≤ыL█NL█L█мXь≤▄Y█кMыNMMьXьY▄ь≥▄█▌Y≥Y▄LM███MLлл▄█Y█▄м▄≥L≥XьмлLы█▄Mл≤▌▀уTT■яQQп√KVPрUт⌠уврQпS▒т▒Q▒T▒S░яWп▓S▒S▒кRQт░UQу▒T▓Q▓QQ▌▌ьX▌LX▄L▌XXммNYXы█Y≤█▄ммLм█▄L≥▌▄XьлYXы█XммьмPуU▒WсPTуT≈у▄≈рSSQV▒п≈п▓S▒S▒влк█▄L▌▀мLсплM█KLкь▌MX≤м▄≥▄LNYYLы▌м█ьXы≥≥YM≤≥лY▄ым≤≤ы≥YY≤ь≥█лм≤Yлы▀YML≤≥YLM≥LыыNл█LMM▄▌LLллY▄л█≥█≥XM▄н≤█ьлXMььыLNKуTT■яQQп√KVPрUт⌠уврQпS▒т▒Q▒T▒S░яWп▓S▒S▒кRQт░UQу▒T▓Q▓QQ▌▌ьX▌LX▄L▌XXммNYXы█Y≤█▄ммLм█▄L≥▌▄XьлYXы█XммьмPуU▒WсPTуT≈у▄≈рSSQV▒п≈п▓S▒S▒влк█▄L▌кмLсплKMMNKLKYXл█≤▌MLY█ьL▄█L█M≤мLмY██Mь≥L≤L█Lл▄█XLы≥Lм█M█▄нLL≤MнYыNX≤█MMXX█ы▌MмлLN≥M≤лX≥M▄≥мLллыXXьLYYL██LM▄лLл▌Y█мNLYKуTT■яQQп√KVPрUт⌠уврQпS▒т▒Q▒T▒S░яWп▓S▒S▒кRQт░UQу▒T▓Q▓QQ▌▌ьX▌LX▄L▌XXммNYXы█Y≤█▄ммLм█▄L≥▌▄XьлYXы█XммьмPуU▒WсPTуT≈у▄≈рSSQV▒п≈п▓S▒S▒влк█▄L▌мLсплLMNKL▀LLNYX██л≥▄лмY▌L≤NLM█X▌MLл▄ь▌Mьм▄XллыMY▌YMMN▌ммYL≥█≥▀ллLл≤Y≤██≥≥≤≥▄YYMNY▌Lл▌MNLNлMь█NM▌NX≥MNNX█▌XлL▌KуTT■яQQп√KVPрUт⌠уврQпS▒т▒Q▒T▒S░яWп▓S▒S▒кRQт░UQу▒T▓Q▓QQ▌▌ьX▌LX▄L▌XXммNYXы█Y≤█▄ммLм█▄L≥▌▄XьлYXы█XммьмPуU▒WсPTуT≈у▄≈рSSQV▒п≈п▓S▒S▒влк█▄L▌KмLсплMKM█▀LLкм█≤XNX█Y≥LXл▄м▄█MллLы▌н█NNNYYX▌█ньLLл▄Xы▄▌NLY≥▀▌M▄▌LXLLнMLX▌XLыYNLL≥LLNXXLYMY▌M≥▄ыMY█ьыXлы█≥█KуTT■яQQп√KVPрUт⌠уврQпS▒т▒Q▒T▒S░яWп▓S▒S▒кRQт░UQу▒T▓Q▓QQ▌▌ьX▌LX▄L▌XXммNYXы█Y≤█▄ммLм█▄L≥▌▄XьлYXы█XммьмPуU▒WсPTуT≈у▄≈рSSQV▒п≈п▓S▒S▒влк█▄L▌▀мLспл▄Mл▀лкLLкMлLлLXLм█≥█MXыNY█нLM█лYы≤≥NY▄мMлл≥X≤LX█≥X≤M▌LLльым▀ы≥MьмммY▄MьX▄▄м▄ы≥NMYN▄█M▄M▄L≥█L≤▄н▌ыMммылMмLм█KуTT■яQQп√KVPрUт⌠уврQпS▒т▒Q▒T▒S░яWп▓S▒S▒кRQт░UQу▒T▓Q▓QQ▌▌ьX▌LX▄L▌XXммNYXы█Y≤█▄ммLм█▄L≥▌▄XьлYXы█XммьмPуU▒WсPTуT≈у▄≈рSSQV▒п≈п▓S▒S▒влк█▄L▌кмLспл█KMнMKLMKX▄▄▄▄лы██XнL█лMлл≥LммьLыLMл▄M▄нLMLьы≥ыYM█ь▀ммL▄Xлылы≥XNNьы█▄X█YMн≥≤лNNX█M▌NлNXLLNXнLы▌уTT■яQQп√KVPрUт⌠уврQпS▒т▒Q▒T▒S░яWп▓S▒S▒кRQт░UQу▒T▓Q▓QQ▌▌ьX▌LX▄L▌XXммNYXы█Y≤█▄ммLм█▄L≥▌▄XьлYXы█XммьмPуU▒WсPTуT≈у▄≈рSSQV▒п≈п▓S▒S▒влк█▄L▌мLспллNкLMкLX█≥LMм≥L≤ыMнл≥█нNYыXлнMьл█▄XNYLYYL≥LммьLлL▄▄лY≥█Y█≤▄NMл≥█L▄NMY▄▄ь█≤XмM█лыXмн▌н▄≤L▄NLNыннKуTT■яQQп√KVPрUт⌠уврQпS▒т▒Q▒T▒S░яWп▓S▒S▒кRQт░UQу▒T▓Q▓QQ▌▌ьX▌LX▄L▌XXммNYXы█Y≤█▄ммLм█▄L≥▌▄XьлYXы█XммьмPуU▒WсPTуT≈у▄≈рSSQV▒п≈п▓S▒S▒влк█▄L▌KмLсмWплKKнKкнL█лNL█M█лм▄нмлMNXYYL█▄█ы▌YMмLL≤█M▄≥▄≥NNNX█MYл≥Kы█≤LMь▄▄л≥XьмM▄▄ы▌ьлL▄ннNXмX▄M≤YYYM▌≥█мн▌≥█MнYMXKуTT■яQQп√KVPрUт⌠уврQпS▒т▒Q▒T▒S░яWп▓S▒S▒кRQт░UQу▒T▓Q▓QQ▌▌ьX▌LX▄L▌XXммNYXы█Y≤█▄ммLм█▄L≥▌▄XьлYXы█XммьмPуU▒WсPTуT≈у▄≈рSSQV▒п≈п▓S▒S▒влк█▄L▌LмLсмWплLMкмк▀▄л▄мьмл▄█ьMнLYM≤н≤ллмыM≤ь≤YMNN≤█NNNл≥Y≤мнMнNXL≤нYXклммXYLмLм≤Nм≥▄LMLYYLь≤≥LьлллмьыLXь▄ыNLMыLYX≥█мкуTT■яQQп√KVPрUт⌠уврQпS▒т▒Q▒T▒S░яWп▓S▒S▒кRQт░UQу▒T▓Q▓QQ▌▌ьX▌LX▄L▌XXммNYXы█Y≤█▄ммLм█▄L≥▌▄XьлYXы█XммьмPуU▒WсPTуT≈у▄≈рSSQV▒п≈п▓S▒S▒влк█▄L▌LKмLсмWплMKLклккыYMмY█NMX█LлмX█мыM▌▌YYYNMы█ьныNMыMмX▌≥XMML≤ьLY▀Y▄ыYX≤≥LL≥NL█≤≥≥▌≥█нNMмM≥≤L▄NXX█лXм▌X█лXльы≤M█LMY▀уTT■яQQп√KVPрUт⌠уврQпS▒т▒Q▒T▒S░яWп▓S▒S▒кRQт░UQу▒T▓Q▓QQ▌▌ьX▌LX▄L▌XXммNYXы█Y≤█▄ммLм█▄L≥▌▄XьлYXы█XммьмPуU▒WсPTуT≈у▄≈рSSQV▒п≈п▓S▒S▒влк█▄L▌L▀мLсмWпл▄LLKл█≥≤█≤LнLмML▄XлммNX█Mь≤▄▌NлYьлмML≤≥L█▌▌Y≥≥Y█л≤≤▌M▄YLьY▄ь≤XX▄≥█ыXь▄XNN≤ьYы█нXмYьмMн█л≥ML█LY≤MмL≤лы≤KуTT■яQQп√KVPрUт⌠уврQпS▒т▒Q▒T▒S░яWп▓S▒S▒кRQт░UQу▒T▓Q▓QQ▌▌ьX▌LX▄L▌XXммNYXы█Y≤█▄ммLм█▄L≥▌▄XьлYXы█XммьмPуU▒WсPTуT≈у▄≈рSSQV▒п≈п▓S▒S▒влк█▄L▌LкмLсмWпл█KLMк█▀K≥X▌YLлMMM≥█▄▄ьлNNY≤мл▌≥X≥█ыMLьмьмныMY▄▄▄▌ьLьXьнM≥LмYM▄л≥MллмXьNX▄≤▄ь≤▌NXL█M▄ы█X≤ьM≥█ыNXы▄MX▄≥лл█Xь█куTT■яQQп√KVPрUт⌠уврQпS▒т▒Q▒T▒S░яWп▓S▒S▒кRQт░UQу▒T▓Q▓QQ▌▌ьX▌LX▄L▌XXммNYXы█Y≤█▄ммLм█▄L≥▌▄XьлYXы█XммьмPуU▒WсPTуT≈у▄≈рSSQV▒п≈п▓S▒S▒влк█▄L▌MмLсмWпллL▄к▄▀LKы≤нYYXыY≥LLьы≥NM▄MыMы≤≥MлMыLы▄█≥≥NY█L█▄MллMNM██Lл▄█M▀Nы≥лL▄YYыM█ым≥LXнL█мLXY≥▄≤▌X≤ьLнN█лы█≥█L▄ь█ыL≥KуTT■яQQп√KVPрUт⌠уврQпS▒т▒Q▒T▒S░яWп▓S▒S▒кRQт░UQу▒T▓Q▓QQ▌▌ьX▌LX▄L▌XXммNYXы█Y≤█▄ммLм█▄L≥▌▄XьлYXы█XммьмPуU▒WсPTуT≈у▄≈рSSQV▒п≈п▓S▒S▒влк█▄L▌MKмLсмWплмKL▌NLк≥█≤лLыM█LLXмны▌Y≥≥MLXныM▄нXы▄Y█L≥██ым≥≤L▄нMлк▄≤X≥YLLNYNMY█мLL≤N≤XлмыммььYY≥YXM≤▌Y▄ML≥M▌LY▌M≥YXы≤мы≥KуTT■яQQп√KVPрUт⌠уврQпS▒т▒Q▒T▒S░яWп▓S▒S▒кRQт░UQу▒T▓Q▓QQ▌▌ьX▌LX▄L▌XXммNYXы█Y≤█▄ммLм█▄L≥▌▄XьлYXы█XммьмPуU▒WсPTуT≈у▄≈рSSQV▒п≈п▓S▒S▒влк█▄L▌M▀мLсмWплLмL▀MKNьь≥█▌L▄NнXY≤нL≥▄M≥Y▄X▄▌L≤мьл≤нM≥XмN≤LXльNLL█▄X▀M█X≥▌X▌N▄LXNLнXMнMMYл█M██≤лY█▄▌YYLмMX▄NYXYN≤ы▌NKуTT■яQQп√KVPрUт⌠уврQпS▒т▒Q▒T▒S░яWп▓S▒S▒кRQт░UQу▒T▓Q▓QQ▌▌ьX▌LX▄L▌XXммNYXы█Y≤█▄ммLм█▄L≥▌▄XьлYXы█XммьмPуU▒WсPTуT≈у▄≈рSSQV▒п≈п▓S▒S▒влк█▄L▌MкмLсмWплKLнKKM▀NY█M█YM▌LMьLмьнMьмыY▌MммNнX▌мYMл≥MлL█Y≤мYнK█≥▄▄нYXн≥NNX▌YYмLлм█▌LлL▄≤X▄м█▌MM≥≤ьMX█лл▌LLкуTT■яQQп√KVPрUт⌠уврQпS▒т▒Q▒T▒S░яWп▓S▒S▒кRQт░UQу▒T▓Q▓QQ▌▌ьX▌LX▄L▌XXммNYXы█Y≤█▄ммLм█▄L≥▌▄XьлYXы█XммьмPуU▒WсPTуT≈у▄≈рSSQV▒п≈п▓S▒S▒влк█▄L▌NмLсмWплLMKмкNLыYлыL≥██Xль≤▄≤▌MьNLX≥≥нYYMьYX█ьы▌X≥LLY≥M█мLыXLьMMк≤≥L█▄XYмнNьмXьXмы≤█лы≥█лL≤ьыXнMM▄лNM▄YYL≤LлXX≤L▄LлM▄куTT■яQQп√KVPрUт⌠уврQпS▒т▒Q▒T▒S░яWп▓S▒S▒кRQт░UQу▒T▓Q▓QQ▌▌ьX▌LX▄L▌XXммNYXы█Y≤█▄ммLм█▄L≥▌▄XьлYXы█XммьмPуU▒WсPTуT≈у▄≈рSSQV▒п≈п▓S▒S▒влк█▄L▌NKмLсмWплMKMLK█▀Lл▄мл▄X≥мл≤нлм≤≤▄▄ь█мLX▄YYNYYN█ь≤ыM▌LNM≥▄≤Y≥█мыM▄нM▄LNь≤ымлыY≤Lь█ь▄ыY≥▄MLY≤≥▄нMY▌Y≤█▌MлYMM≥≤LNM██▀уTT■яQQп√KVPрUт⌠уврQпS▒т▒Q▒T▒S░яWп▓S▒S▒кRQт░UQу▒T▓Q▓QQ▌▌ьX▌LX▄L▌XXммNYXы█Y≤█▄ммLм█▄L≥▌▄XьлYXы█XммьмPуU▒WсPTуT≈у▄≈рSSQV▒п≈п▓S▒S▒влк█▄L▌LмLсмWпл▄MMккLььл▄Yн▌L▄≥ыXXL≤м▄≥NXнXлNX▄ь█MYXыMXL≤лM▌Lм▄нXM▀L▄ым█▄▄LнY█YYX▄▌мY≤X█ыXMнNYь≥█≥≤нYN≥≥L≥≥L█ыуTT■яQQп√KVPрUт⌠уврQпS▒т▒Q▒T▒S░яWп▓S▒S▒кRQт░UQу▒T▓Q▓QQ▌▌ьX▌LX▄L▌XXммNYXы█Y≤█▄ммLм█▄L≥▌▄XьлYXы█XммьмPуU▒WсPTуT≈у▄≈рSSQV▒п≈п▓S▒S▒влк█▄L▌LKмLсмWпл█KM▄кLкXллMы≥ы▄Mы▄XY▄лл▌NLьXнM█ь▌LNL≥LL▄YMь≥≥Y≥XмыM█ьMLм≥LYь≤ллLыYлммл▄ь▄Mмн≤нLлмл▌мXл██нMы█NYмн█ь▀уTT■яQQп√KVPрUт⌠уврQпS▒т▒Q▒T▒S░яWп▓S▒S▒кRQт░UQу▒T▓Q▓QQ▌▌ьX▌LX▄L▌XXммNYXы█Y≤█▄ммLм█▄L≥▌▄XьлYXы█XммьмPуU▒WсPTуT≈у▄≈рSSQV▒п≈п▓S▒S▒влк█▄L▌L▀мLслплKн▌л▀LY≤▄MM▌NNMX▄L≤лY≥MNмNXL≤ьYXLXY▄≤▌▄≤MY≤Lл▄≤L≤м▄XM≤LXь▀≥▄≤▄лMNXY█▄ьм▄X≥≥▄≤ыLLXY▄мл≥X≥YNLMмYY▌X≥≤ьльL█▌MуTT■яQQп√KVPрUт⌠уврQпS▒т▒Q▒T▒S░яWп▓S▒S▒кRQт░UQу▒T▓Q▓QQ▌▌ьX▌LX▄L▌XXммNYXы█Y≤█▄ммLм█▄L≥▌▄XьлYXы█XммьмPуU▒WсPTуT≈у▄≈рSSQV▒п≈п▓S▒S▒влк█▄L▌LкмLслплLK█KмLLмYXY▌NNLM█лMLMы≤мм▌NLYXм≥мXMXы≥≥≥▌ыX▌LмлXYY▌нLмьыY█ы█ы▌Y≥XLлMX≥XMмYL▄≤лM▄▄л≤л≤▄ммл█YLлMLMлY██ьл█ьXн▄уTT■яQQп√KVPрUт⌠уврQпS▒т▒Q▒T▒S░яWп▓S▒S▒кRQт░UQу▒T▓Q▓QQ▌▌ьX▌LX▄L▌XXммNYXы█Y≤█▄ммLм█▄L≥▌▄XьлYXы█XммьмPуU▒WсPTуT≈у▄≈рSSQV▒п≈п▓S▒S▒влк█▄L▌LмLслплMKLK▄▀м▀M█Y█ьXнмL≥LXлY▄л█▌ML▌MMY≤ы▄L▌≤Y▄█▄█▄м▌≥≥X▌N██≥▌ммM██Y≤▄м≥м▄ь▌LYYM▄▄▄м≥█▄льNнX≥L≤█лM≥LMMLуTT■яQQп√KVPрUт⌠уврQпS▒т▒Q▒T▒S░яWп▓S▒S▒кRQт░UQу▒T▓Q▓QQ▌▌ьX▌LX▄L▌XXммNYXы█Y≤█▄ммLм█▄L≥▌▄XьлYXы█XммьмPуU▒WсPTуT≈у▄≈рSSQV▒п≈п▓S▒S▒влк█▄L▌LKмLслпл▄NNм▀▄≥▄Y█≤≤мL≤▌▌ыNMLMнLXлNL█ллMLьYLмнMY▄▄█M≥≤█▄M≥▀ы█XMлL≥Y▄м▌XY▌▌Y≥нылX≤лы▄ыN≤YMY≤▄YX≥MьнY█ьLL≤ьMXLY█▀уTT■яQQп√KVPрUт⌠уврQпS▒т▒Q▒T▒S░яWп▓S▒S▒кRQт░UQу▒T▓Q▓QQ▌▌ьX▌LX▄L▌XXммNYXы█Y≤█▄ммLм█▄L≥▌▄XьлYXы█XммьмPуU▒WсPTуT≈у▄≈рSSQV▒п≈п▓S▒S▒влк█▄L▌L▀мLслпл█KLKMKнь█ьX≥≥LлXь█ыXNы▄▄L▄MMMнM▄▄LыLXMLылым≥≥▄ьNM█≤≤█к≤▌≤MльM▄мMYNX▄▄LM█▌нMнL▄█ыMYMны▌YY≥X█≥MнXMмMNM▌уTT■яQQп√KVPрUт⌠уврQпS▒т▒Q▒T▒S░яWп▓S▒S▒кRQт░UQу▒T▓Q▓QQ▌▌ьX▌LX▄L▌XXммNYXы█Y≤█▄ммLм█▄L≥▌▄XьлYXы█XммьмPуU▒WсPTуT≈у▄≈рSSQV▒п≈п▓S▒S▒влк█▄L▌LкмLслпллLLL█L≤Mл▄≥≥Xы▌▌Mм▄X≤мY▄≥XнY≤█LY▄▄льX▄██л≥≤нM▄мMмыкмXXN▄≥Mы▄Mь▌нMьмы█лL█ы█M▄ььы≤ь█мнL≥▌LльL▄NY▄▄≥YM≤≥≥Lы▀уTT■яQQп√KVPрUт⌠уврQпS▒т▒Q▒T▒S░яWп▓S▒S▒кRQт░UQу▒T▓Q▓QQ▌▌ьX▌LX▄L▌XXммNYXы█Y≤█▄ммLм█▄L≥▌▄XьлYXы█XммьмPуU▒WсPTуT≈у▄≈рSSQV▒п≈п▓S▒S▒влк█▄L▌LмLслплмKLM▀▀▀L≥≥Xьл█≤мY▄█≤▄█Y▄▌ы▌X▌XлLYNY▌мY≥L▄≤лYLXм█LXл█MьM█LьыNX█≥▄█MLллY≥≥ML≥█▌льMм█Xммлм▌▄M▄л≤лXLLнуTT■яQQп√KVPрUт⌠уврQпS▒т▒Q▒T▒S░яWп▓S▒S▒кRQт░UQу▒T▓Q▓QQ▌▌ьX▌LX▄L▌XXммNYXы█Y≤█▄ммLм█▄L≥▌▄XьлYXы█XммьмPуU▒WсPTуT≈у▄≈рSSQV▒п≈п▓S▒S▒влк█▄L▌LKмLслплL▄Kк█M▄L▄ыMмыMнLNNм≤≥▌LN█M≥▄Y≥нNMь▄▄L≥ьYY≤▌YNYнNллмлMM≥XNMNNMXнь▄X█LL≤Lм█мYYM▄нM≤≥X▌NYY█м█X▌LыN≤≤YXь≥ыKуTT■яQQп√KVPрUт⌠уврQпS▒т▒Q▒T▒S░яWп▓S▒S▒кRQт░UQу▒T▓Q▓QQ▌▌ьX▌LX▄L▌XXммNYXы█Y≤█▄ммLм█▄L≥▌▄XьлYXы█XммьмPуU▒WсPTуT≈у▄≈рSSQV▒п≈п▓S▒S▒влк█▄L▌LLмLслплKL█клкKMMX███M█NY▄YYLлYLмы▄льXXлL█XLYMM≤X▄NL≤LLLл≥YXLл█▄мьL▄Y█MX█▌Y≥≥XYNLы█LXY▄▄LYL█ы█Xл▄M≥L≥LыMXыLN▌XNуTT■яQQп√KVPрUт⌠уврQпS▒т▒Q▒T▒S░яWп▓S▒S▒кRQт░UQу▒T▓Q▓QQ▌▌ьX▌LX▄L▌XXммNYXы█Y≤█▄ммLм█▄L≥▌▄XьлYXы█XммьмPуU▒WсPTуT≈у▄≈рSSQV▒п≈п▓S▒S▒влк█▄L▌LLKмLслплLLл▀▄▀кMX≥M█YMNNXMMлл▌█▄мл▌XMMыX▄Nм≤▌м≥Y▄LNLXыMYLNKXьMмM▄ьь▄L≥LмлMмL≥NY▄мллYLны▄LлYYNY≤ы█Y▄LMMMM≤куTT■яQQп√KVPрUт⌠уврQпS▒т▒Q▒T▒S░яWп▓S▒S▒кRQт░UQу▒T▓Q▓QQ▌▌ьX▌LX▄L▌XXммNYXы█Y≤█▄ммLм█▄L≥▌▄XьлYXы█XммьмPуU▒WсPTуT≈у▄≈рSSQV▒п≈п▓S▒S▒влк█▄L▌LL▀мLслплMKLмккXMMYLьMMлNьL█нMNXмX▄NL█MлMMMMыL▄≤MMлыMY█▄▌н▄██м≤≤KMы▄█▌M≤л▄L≤н▄MX≤ьл▄лMмMль▌≥Mм█LXNX≤лYLL▄л▄л≥▄лы▄█≥M≤YKуTT■яQQп√KVPрUт⌠уврQпS▒т▒Q▒T▒S░яWп▓S▒S▒кRQт░UQу▒T▓Q▓QQ▌▌ьX▌LX▄L▌XXммNYXы█Y≤█▄ммLм█▄L≥▌▄XьлYXы█XммьмPуU▒WсPTуT≈у▄≈рSSQV▒п≈п▓S▒S▒влк█▄L▌LLкмLс█WплK█кMк▄Kь≤▄▄нM█мMLыM≤мнM≥Mл▄Mл▄▌MLMмMNMыXмL█м▄M▌M≤Y≥LMьмXYXLLLYXMкL≥ьл≥LLыYX▌L█LY▄мьы▌ьы≥NLм≤ыXьмL▌▄M█ыMLYL█M≥▌M▀уTT■яQQп√KVPрUт⌠уврQпS▒т▒Q▒T▒S░яWп▓S▒S▒кRQт░UQу▒T▓Q▓QQ▌▌ьX▌LX▄L▌XXммNYXы█Y≤█▄ммLм█▄L≥▌▄XьлYXы█XммьмPуU▒WсPTуT≈у▄≈рSSQV▒п≈п▓S▒S▒влк█▄L▌LMмLс█WплLлкM▄▀YMX≥▄≤L▄NMLLьм▄ы≤█MLMм█л▄▄≤M≤лYы≤≤≤ыLь▄лXLлнYX≤LY█NнMьлм█≥Y█ыY▌XM≤▄н≤N≥ьX▄Y█Lы≤██лL█м▄M█нX≥≤N▀уTT■яQQп√KVPрUт⌠уврQпS▒т▒Q▒T▒S░яWп▓S▒S▒кRQт░UQу▒T▓Q▓QQ▌▌ьX▌LX▄L▌XXммNYXы█Y≤█▄ммLм█▄L≥▌▄XьлYXы█XммьмPуU▒WсPTуT≈у▄≈рSSQV▒п≈п▓S▒S▒влк█▄L▌LMKмLс█WплMKLK█Kы▄ы▄Y≤м▄X▌NLYNX█≥NMлмлм█≥X≤█мMмY▄N▄YX▄MлNNX≥█≥NLм▌мь▀ммY█ыMM▄Xл▌Y█ьXь▄█Y▄мыY▌X≥Xы▌X▌YYX▌Y█ь▄▄≥▄Y≥ыкуTT■яQQп√KVPрUт⌠уврQпS▒т▒Q▒T▒S░яWп▓S▒S▒кRQт░UQу▒T▓Q▓QQ▌▌ьX▌LX▄L▌XXммNYXы█Y≤█▄ммLм█▄L≥▌▄XьлYXы█XммьмPуU▒WсPTуT≈у▄≈рSSQV▒п≈п▓S▒S▒влк█▄L▌LM▀мLс█Wпл▄▀█KYLлм▌LNNYL▄X▄NYы≥ььY▌M▄▄▌ML≥Mьм█▄XнXMN▄MX█Y▌MXMM≥NYLY▄≥█L≤M▄≥██ьмл≤≥≥▌NX≤ыYь▌MыLNMьы█≤LнMь▄MLмNMннуTT■яQQп√KVPрUт⌠уврQпS▒т▒Q▒T▒S░яWп▓S▒S▒кRQт░UQу▒T▓Q▓QQ▌▌ьX▌LX▄L▌XXммNYXы█Y≤█▄ммLм█▄L≥▌▄XьлYXы█XммьмPуU▒WсPTуT≈у▄≈рSSQV▒п≈п▓S▒S▒влк█▄L▌LMкмLс█Wпл█KL▀к█кM█мьL≥Y▄ллMLы█≥▄██≤лMLнMмXY≥▄ь▄л▌M▄▄льXыYM█м≥▀ы█ыьыY≤Y█Y█≥XYм≥MLь≤ы▌ьL≥L██ьXлYьY≤ы█M▌ы▄≤█лL▌L▄KуTT■яQQп√KVPрUт⌠уврQпS▒т▒Q▒T▒S░яWп▓S▒S▒кRQт░UQу▒T▓Q▓QQ▌▌ьX▌LX▄L▌XXммNYXы█Y≤█▄ммLм█▄L≥▌▄XьлYXы█XммьмPуU▒WсPTуT≈у▄≈рSSQV▒п≈п▓S▒S▒влк█▄L▌LNмLс█WпллMкн▌███▄Y█мYмXл█MыLллмL█ьMл▌MYMY≥X▌Xлы≥M≥YLLммLMы▌LYYX▄M▄ьNLYXM▄≤≤█▄ьMы≥Lьмлл≥LY▄≥XлY▄M█ь≥≤▄N█≤▌L▌YуTT■яQQп√KVPрUт⌠уврQпS▒т▒Q▒T▒S░яWп▓S▒S▒кRQт░UQу▒T▓Q▓QQ▌▌ьX▌LX▄L▌XXммNYXы█Y≤█▄ммLм█▄L≥▌▄XьлYXы█XммьмPуU▒WсPTуT≈у▄≈рSSQV▒п≈п▓S▒S▒влк█▄L▌LNKмLс█WплмKL▀лк▌KM▄▌M█LлмLXMM≤█NMм≤MыX█ьLынXьыYM▌ML≤≥YлLлX▄н▄лXY≤▌≤≤ы▀X▌м≤M≥≤ы▄ы▌M▄M█▄ыMNLY≥≥▄M≥M▄н≤▄M▌ы▄≤ыNX≤ыLLMNMXKуTT■яQQп√KVPрUт⌠уврQпS▒т▒Q▒T▒S░яWп▓S▒S▒кRQт░UQу▒T▓Q▓QQ▌▌ьX▌LX▄L▌XXммNYXы█Y≤█▄ммLм█▄L≥▌▄XьлYXы█XммьмPуU▒WсPTуT≈у▄≈рSSQV▒п≈п▓S▒S▒влк█▄L▌L▄мLс█WплL█кл▀лYL≤ыLLм█ьмMY█NLL▌XыM≥Y█▄MMь≤▄≤м█≥Mы≤MLMыLYXь▄Lн▌M▌█Y≤ьыY≤X▄≤ныM▄YXMXMллL█MMн≤ьмы▌L█X▄л█м▌Mь≤YYXннM▀уTT■яQQп√KVPрUт⌠уврQпS▒т▒Q▒T▒S░яWп▓S▒S▒кRQт░UQу▒T▓Q▓QQ▌▌ьX▌LX▄L▌XXммNYXы█Y≤█▄ммLм█▄L≥▌▄XьлYXы█XммьмPуU▒WсPTуT≈у▄≈рSSQV▒п≈п▓S▒S▒влк█▄L▌L▄KмLс█WплKLLкM▀лкXмL█NNLлM█≤N█ыXMLм≤ьMMYNMмYM≥██Lь▌█мXY≥лMNX▄Y▀MMмллMMм≥MYM▌L█X≥M▌X≤ммM█MNYLY█LнM▄н▌YMM≤MNNLLлXлKуTT■яQQп√KVPрUт⌠уврQпS▒т▒Q▒T▒S░яWп▓S▒S▒кRQт░UQу▒T▓Q▓QQ▌▌ьX▌LX▄L▌XXммNYXы█Y≤█▄ммLм█▄L≥▌▄XьлYXы█XммьмPуU▒WсPTуT≈у▄≈рSSQV▒п≈п▓S▒S▒влк█▄L▌L▄▀мLс█WплLLNмKы█▌X≥NLNLYM≤≤Y██LMXYLLьь≤L▄XYMY▄ны▄Y▄▄лL▌X▌LмлмM▄ммLMмY█≤≥M≥L≤м▌L≥≤Y▄Y▌≥▄ь≤ьML█YXы█▌LLыX█NмыYMлы▀уTT■яQQп√KVPрUт⌠уврQпS▒т▒Q▒T▒S░яWп▓S▒S▒кRQт░UQу▒T▓Q▓QQ▌▌ьX▌LX▄L▌XXммNYXы█Y≤█▄ммLм█▄L≥▌▄XьлYXы█XммьмPуU▒WсPTуT≈у▄≈рSSQV▒п≈п▓S▒S▒влк█▄L▌L▄кмLс▄плKMKKK▄ML▌лNмYл▄XьмM▌нML▄L≥█YLы≤Xн≤▌NXY█▄▄мMыX≥MXX▄Kм▌YYYYLMN≤ыMнM█▌мYMл▄ммLYY█мм≤ыY▄≥≥XмLYNNуTT■яQQп√KVPрUт⌠уврQпS▒т▒Q▒T▒S░яWп▓S▒S▒кRQт░UQу▒T▓Q▓QQ▌▌ьX▌LX▄L▌XXммNYXы█Y≤█▄ммLм█▄L≥▌▄XьлYXы█XммьмPуU▒WсPTуT≈у▄≈рSSQV▒п≈п▓S▒S▒влк█▄L▌L█мLс▄плL▄▀кL▀лмXL≥LMLYнMыMNYNMыMлX█ыNYL≤л≤ыMXьMы≤ыLM≤ллM▀YM██LмYY≤≥XьMLL█мьM≥▄▌LмL≥██≤NыM▌ьMнNл█ьKуTT■яQQп√KVPрUт⌠уврQпS▒т▒Q▒T▒S░яWп▓S▒S▒кRQт░UQу▒T▓Q▓QQ▌▌ьX▌LX▄L▌XXммNYXы█Y≤█▄ммLм█▄L≥▌▄XьлYXы█XммьмPуU▒WсPTуT≈у▄≈рSSQV▒п≈п▓S▒S▒влк█▄L▌L█KмLс▄плMK█кнKLкмы█YлXьYM≥L██ыM≤м≤ы≥NMXм█≤≥▄мн≥M≥▄ьмN≤█YXьLM▌Lыы█▀≥Xы█ы≥▌NLXL█L▄MLмLлL█Y▄лMлNMыL█Y≥▄LыY█N▄▌ьь█нNL≥▀уTT■яQQп√KVPрUт⌠уврQпS▒т▒Q▒T▒S░яWп▓S▒S▒кRQт░UQу▒T▓Q▓QQ▌▌ьX▌LX▄L▌XXммNYXы█Y≤█▄ммLм█▄L≥▌▄XьлYXы█XммьмPуU▒WсPTуT≈у▄≈рSSQV▒п≈п▓S▒S▒влк█▄L▌L█▀мLс▄пл▄мм▀MY≤нMMNX≥ььXлыM≤мллы██Y≥YMы≥▄XьXMXXX≥≥л≤XLм▄MX≥Y≥≥MыKM▄██лыLьNльNмM≤L≥LльнX▄█▄л≤мьлыYмл≥M≥XXнMьLлL≥▄X▀уTT■яQQп√KVPрUт⌠уврQпS▒т▒Q▒T▒S░яWп▓S▒S▒кRQт░UQу▒T▓Q▓QQ▌▌ьX▌LX▄L▌XXммNYXы█Y≤█▄ммLм█▄L≥▌▄XьлYXы█XммьмPуU▒WсPTуT≈у▄≈рSSQV▒п≈п▓S▒S▒влк█▄L▌L█кмLс▄пл█KнKлKMKымьы█X▌X█нNMMY█XLмM█нYы▄лыMм██ь█MY≤н▌льNY▄█▄млL▄M▀█≤≥мь█YMь█▄лLь▄XнMыMьл██≤≤MнLл██XY≥Nь▄ыMMMмнмMMлNьMуTT■яQQп√KVPрUт⌠уврQпS▒т▒Q▒T▒S░яWп▓S▒S▒кRQт░UQу▒T▓Q▓QQ▌▌ьX▌LX▄L▌XXммNYXы█Y≤█▄ммLм█▄L≥▌▄XьлYXы█XммьмPуU▒WсPTуT≈у▄≈рSSQV▒п≈п▓S▒S▒влк█▄L▌L▌мLс▄плл█▀M▀▄ыL▄XнM≤Y≤YYX█▌LлLNLлмлы▄ьнYMнNXMл≤млLм≥▌Y▀Lылл≥▄млYл≥NY▄XлL█YLлнXLы██лNM▄█≤лMмX▄▄NY▄лM≥KуTT■яQQп√KVPрUт⌠уврQпS▒т▒Q▒T▒S░яWп▓S▒S▒кRQт░UQу▒T▓Q▓QQ▌▌ьX▌LX▄L▌XXммNYXы█Y≤█▄ммLм█▄L≥▌▄XьлYXы█XммьмPуU▒WсPTуT≈у▄≈рSSQV▒п≈п▓S▒S▒влк█▄L▌L▌KмLс▄плмKK▄NнMьм≤█ML≥▄NX≥X≥≤ь≤млыX▄нMмNY≤▄Yл▄MмMLN█Nмы█н▌MNYLMкM▌YL▄LнLм▄X≤л▌L≥≤≤ьLнь▄L▄█▌X▄м≤▄ы▌MмXL█ы≤≤▄лYX≤MN≤≤X▀уTT■яQQп√KVPрUт⌠уврQпS▒т▒Q▒T▒S░яWп▓S▒S▒кRQт░UQу▒T▓Q▓QQ▌▌ьX▌LX▄L▌XXммNYXы█Y≤█▄ммLм█▄L≥▌▄XьлYXы█XммьмPуU▒WсPTуT≈у▄≈рSSQV▒п≈п▓S▒S▒влк█▄L▌LлмLс▄плMLK▄L≥YY█M▄▄▄м≤M≤YY▄▄▌XмльN▄ььнMYM█XXы▄▄лYXь≤ыьмм▄ыYлML▄LX█▄▄MN█YMм▄ы▌MLX≤MMлммMмы▄≤LM≥M▄Xль≥NXKуTT■яQQп√KVPрUт⌠уврQпS▒т▒Q▒T▒S░яWп▓S▒S▒кRQт░UQу▒T▓Q▓QQ▌▌ьX▌LX▄L▌XXммNYXы█Y≤█▄ммLм█▄L≥▌▄XьлYXы█XммьмPуU▒WсPTуT≈у▄≈рSSQV▒п≈п▓S▒S▒влк█▄L▌LлKмLсMWплKмKнKLMьLыLьY≤N▌YMыXмL▌NY≤MMNLымль≥≥ьлм▄нLY█ыXьYL▄▄к▌XX▌Nм▄█ы█лM█ы≤YLл≥▌XXьм▄XмLллы▄M█M≤XььMлXнY█L▄NнMмKуTT■яQQп√KVPрUт⌠уврQпS▒т▒Q▒T▒S░яWп▓S▒S▒кRQт░UQу▒T▓Q▓QQ▌▌ьX▌LX▄L▌XXммNYXы█Y≤█▄ммLм█▄L≥▌▄XьлYXы█XммьмPуU▒WсPTуT≈у▄≈рSSQV▒п≈п▓S▒S▒влк█▄L▌Lл▀мLсMWплLLл▀Y▄MY▄≤лL≥л≥█YL█Mм█▄X≤▄ь▄MнYMь██YLX≥M≥≤≥Y≤MмNNм≥LXM▀█ы██мYM≥YьNX▄≤≤≤▄YNYMM≤YYYY█ы▌MXлM≥X▌XлL▌Mь██м▀уTT■яQQп√KVPрUт⌠уврQпS▒т▒Q▒T▒S░яWп▓S▒S▒кRQт░UQу▒T▓Q▓QQ▌▌ьX▌LX▄L▌XXммNYXы█Y≤█▄ммLм█▄L≥▌▄XьлYXы█XммьмPуU▒WсPTуT≈у▄≈рSSQV▒п≈п▓S▒S▒влк█▄L▌LлкмLсMWплMKM▀▌K▀LLл▌Y█Y≥MMьXмь▄Lь▄Y▌MнXMY▄≥MLьY▌LL≥█LMмMY▄мMмXNмнY▀MMьLMлNY▄L▌L≤Y≤▄≥X█≤LY≥мл▌YльMлL≤NX▄ыY≥≥Lь█ь≥X█▀уTT■яQQп√KVPрUт⌠уврQпS▒т▒Q▒T▒S░яWп▓S▒S▒кRQт░UQу▒T▓Q▓QQ▌▌ьX▌LX▄L▌XXммNYXы█Y≤█▄ммLм█▄L≥▌▄XьлYXы█XммьмPуU▒WсPTуT≈у▄≈рSSQV▒п≈п▓S▒S▒влк█▄L▌LммLсMWпл▄▄K█K▀≥M█ыLL█≥≤Xь▄мXлыM▄▌Xы≤MX≥нNN█л▄≥≥≤NNNNXьY▄LьыNLлыLXL█NммMь≤≥X█ьLлль█Y▄Xмн▄мMY≤ыNNMMмYML█≥X≤▄куTT■яQQп√KVPрUт⌠уврQпS▒т▒Q▒T▒S░яWп▓S▒S▒кRQт░UQу▒T▓Q▓QQ▌▌ьX▌LX▄L▌XXммNYXы█Y≤█▄ммLм█▄L≥▌▄XьлYXы█XммьмPуU▒WсPTуT≈у▄≈рSSQV▒п≈п▓S▒S▒влк█▄L▌LмKмLсMWпл█K█▀▄Xьы█▄NLMNMNXNX█Lы█ьYNYNXьM≤▄XLY≥м≥м≤лLY≥LмM≤XXлнNLь≥MLMXNMXыL▄X▌▄█лL≥YL≤нYLлX≥NXьы≥▄▌LLьлыL≤≤▌ы▄NXKуTT■яQQп√KVPрUт⌠уврQпS▒т▒Q▒T▒S░яWп▓S▒S▒кRQт░UQу▒T▓Q▓QQ▌▌ьX▌LX▄L▌XXммNYXы█Y≤█▄ммLм█▄L≥▌▄XьлYXы█XммьмPуU▒WсPTуT≈у▄≈рSSQV▒п≈п▓S▒S▒влк█▄L▌Lм▀мLсMWпллл▀LкKм≤лM▄M▌NLм▌L▌▌LY≤▌≥Lм≥X≥M▌лнMLYLXь▄ьмL█ыNN▄XлKлMXыY≤ыY▄M≤M▄XYLL▄≤мY█лX▌NM▄M≥Mм█▌Lн█ллMNNMмнY▄YLуTT■яQQп√KVPрUт⌠уврQпS▒т▒Q▒T▒S░яWп▓S▒S▒кRQт░UQу▒T▓Q▓QQ▌▌ьX▌LX▄L▌XXммNYXы█Y≤█▄ммLм█▄L≥▌▄XьлYXы█XммьмPуU▒WсPTуT≈у▄≈рSSQV▒п≈п▓S▒S▒влк█▄L▌LмкмLсMWплмKм▀Kкл▌≤ьнNYX≤мX▌≤▌▄▄█LынLXм█L▌M≤м█ы▄мMXьXь▄L▌Y≥MнLмYL█▄кьXNM▌ьм▄≤YMXYXыл≥▄Y▌м▄ьл≤LL≤MMXYY▌LXNьM▄YM≤≤Y█KуTT■яQQп√KVPрUт⌠уврQпS▒т▒Q▒T▒S░яWп▓S▒S▒кRQт░UQу▒T▓Q▓QQ▌▌ьX▌LX▄L▌XXммNYXы█Y≤█▄ммLм█▄L≥▌▄XьлYXы█XммьмPуU▒WсPTуT≈у▄≈рSSQV▒п≈п▓S▒S▒влк█▄L▌LнмLсLплKм█K▌KXльLмNы▄█мM≤NыX▌ьL▄мXьмлY≤▄ьл█≥льммммM█льмLXмN█K▌нNNXLXY≥XлмNYM≤мMн≤≤▄≥▄ьLнNLMны≥≥ььNMымKуTT■яQQп√KVPрUт⌠уврQпS▒т▒Q▒T▒S░яWп▓S▒S▒кRQт░UQу▒T▓Q▓QQ▌▌ьX▌LX▄L▌XXммNYXы█Y≤█▄ммLм█▄L≥▌▄XьлYXы█XммьмPуU▒WсPTуT≈у▄≈рSSQV▒п≈п▓S▒S▒влк█▄L▌LнKмLсLплL▄клK█▌≥≤≤▌NмNLX▌≥L█≤M≥MLL≤Yл≤ммы▌Y▌ьLYьлMY▄█мыкMYLл▄▌MXMьь▄≤≤Y█≥Lы▄ьLл≤Mы█LL≤ы█M█Lл≥≥Y≤ыLLMлNLY▄ькуTT■яQQп√KVPрUт⌠уврQпS▒т▒Q▒T▒S░яWп▓S▒S▒кRQт░UQу▒T▓Q▓QQ▌▌ьX▌LX▄L▌XXммNYXы█Y≤█▄ммLм█▄L≥▌▄XьлYXы█XммьмPуU▒WсPTуT≈у▄≈рSSQV▒п≈п▓S▒S▒влк█▄L▌MмLсLплMKKNKл▀Mы▄ь▄M≥MыL≥█Y≥Y█ы≤M≥ыLNььы▌YXмL≤L██XYMлл≤м▄ньNLм≤N≥L≥≥K≥▄MXYXNNM≤MыM█мн▄▌Xььн█м▄██L≤≥M▄лмLLMы▌YMмлM≤≤ьLыKуTT■яQQп√KVPрUт⌠уврQпS▒т▒Q▒T▒S░яWп▓S▒S▒кRQт░UQу▒T▓Q▓QQ▌▌ьX▌LX▄L▌XXммNYXы█Y≤█▄ммLм█▄L≥▌▄XьлYXы█XммьмPуU▒WсPTуT≈у▄≈рSSQV▒п≈п▓S▒S▒влк█▄L▌MKмLсLпл▄LMл▀ыM▌MX█лMLLLллLл≤YYлMMXLL█YYьлY≤XLNLMнM≤█≥MLMнYнY▀ьL▄▄▄▄X▄ыYNYXMьл▌LXXNY▄≤▄нMYY≥LыLлYMмыLMMлY≤LML▄л█Y▌L▀уTT■яQQп√KVPрUт⌠уврQпS▒т▒Q▒T▒S░яWп▓S▒S▒кRQт░UQу▒T▓Q▓QQ▌▌ьX▌LX▄L▌XXммNYXы█Y≤█▄ммLм█▄L≥▌▄XьлYXы█XммьмPуU▒WсPTуT≈у▄≈рSSQV▒п≈п▓S▒S▒влк█▄L▌M▀мLсWплK█MNKьльыXX≥≤NLньLь█NM█▌≤≥≥XNNLьнYNMь▄ммM█≥LнLMм≤Xм▌NлM≥≤м█Xллл≤Yь▌MыYыXьм█L≥≥▌нN≤ь▌≤≤≤LлY▄NNX≤Mл▌LкуTT■яQQп√KVPрUт⌠уврQпS▒т▒Q▒T▒S░яWп▓S▒S▒кRQт░UQу▒T▓Q▓QQ▌▌ьX▌LX▄L▌XXммNYXы█Y≤█▄ммLм█▄L≥▌▄XьлYXы█XммьмPуU▒WсPTуT≈у▄≈рSSQV▒п≈п▓S▒S▒влк█▄L▌MкмLсWплLлLK▄KмYлы█▌M▄█MYXыX≥▄█Mл█▄лммLLLNY▄ы≥Y≥▄ыY≥XM▄KNMмXLXM▌MLLL≤X▄лмньлмNNLь≥≥MXYMллXMN▄м▄LL≥█≤LKуTT■яQQп√KVPрUт⌠уврQпS▒т▒Q▒T▒S░яWп▓S▒S▒кRQт░UQу▒T▓Q▓QQ▌▌ьX▌LX▄L▌XXммNYXы█Y≤█▄ммLм█▄L≥▌▄XьлYXы█XммьмPуU▒WсPTуT≈у▄≈рSSQV▒п≈п▓S▒S▒влк█▄L▌MмMWсLплK▄м▀▄▄к▄█к≤MNM█▌XыM▌Y≤▌Mлм≤▄L▌Y▄M≥██нX≤█NYYYMыM≤лXMNLY▌M≤▌Lл▀▌YYXLм▄X▄L▌X▄NXллMNNX▄L▄L▄M█N█▌Y█≥▄MM▄≤н▄▌Lм≤нYKуTT■яQQп√KVPрUт⌠уврQпS▒т▒Q▒T▒S░яWп▓S▒S▒кRQт░UQу▒T▓Q▓QQ▌▌ьX▌LX▄L▌XXммNYXы█Y≤█▄ммLм█▄L≥▌▄XьлYXы█XммьмPуU▒WсPTуT≈у▄≈рSSQV▒п≈п▓S▒S▒влк█▄L▌MKмMWсLплL█K▄▄▄▌KYY▄█LнL▄NY▄█XNM█YX█≥YY█ь█MY█YMмыMл▄MмNX▄▄ммM█ь≤▄▄▀LмьлXлNMMнNY█≥Mлм▄ы▌ML█ь▄ьMN≥L█YLX≤MлMX≥NX█▌нL▄уTT■яQQп√KVPрUт⌠уврQпS▒т▒Q▒T▒S░яWп▓S▒S▒кRQт░UQу▒T▓Q▓QQ▌▌ьX▌LX▄L▌XXммNYXы█Y≤█▄ммLм█▄L≥▌▄XьлYXы█XммьмPуU▒WсPTуT≈у▄≈рSSQV▒п≈п▓S▒S▒влк█▄L▌M▀мMWсWплK▄▄▀▄L▄Lкл█лы▄≥███M≤Nь≤м▄▌XM▌▄м▄ьь≥≤≤≤MX≥NXNLNNX█▄▌XNMMнM▄MKY▄▌YXыL▄▄NLллнNYX▄ы▌M█YYь▄█ь▄█нX█≤нX█ьь█нMM█▄Y▄LкуTT■яQQп√KVPрUт⌠уврQпS▒т▒Q▒T▒S░яWп▓S▒S▒кRQт░UQу▒T▓Q▓QQ▌▌ьX▌LX▄L▌XXммNYXы█Y≤█▄ммLм█▄L≥▌▄XьлYXы█XммьмPуU▒WсPTуT≈у▄≈рSSQV▒п≈п▓S▒S▒влк█▄L▌MкмMWсWплL▄лK▄▀▄MKX█Lлы█X≤▌≤ь▌L≤≥≥Y≥L█л▌Lмы≤XмL▄л█≤ыN▌N≥▄M≤л█NыLYKMY≥ы≤▄MыL█Y█N▌M≤▄мL█ьм≤N≥▌M▄MмлнLYNм█≤MылкуTT■яQQп√KVPрUт⌠уврQпS▒т▒Q▒T▒S░яWп▓S▒S▒кRQт░UQу▒T▓Q▓QQ▌▌ьX▌LX▄L▌XXммNYXы█Y≤█▄ммLм█▄L≥▌▄XьлYXы█XммьмPуU▒WсPTуT≈у▄≈рSSQV▒п≈п▓S▒S▒влк█▄L▌MмMWсWплMK█▄▀▄MKлл▄Mь▄≤ыьмь██Lы█L█MлыL▄▄мXLл▄█≤LX▄LN█Xь▄Y≤▌Lм█≤лMLл▄YLXL≤≤ьL≤Xь▄≥мы█ы█≥XXM▌Lл█≤▄≥YLм▄█ыы≤ыNNX▀уTT■яQQп√KVPрUт⌠уврQпS▒т▒Q▒T▒S░яWп▓S▒S▒кRQт░UQу▒T▓Q▓QQ▌▌ьX▌LX▄L▌XXммNYXы█Y≤█▄ммLм█▄L≥▌▄XьлYXы█XммьмPуU▒WсPTуT≈у▄≈рSSQV▒п≈п▓S▒S▒влк█▄L▌MKмMWсWпл▄█NNK▄Mкьлмм█ьы▌Y≤ы≤мLныXлMьнXь≥≥≤≤█L█мыMм≥XM≥█▄≤MьNLлXкм▄ы≥Y▄нL▄▄▄≤▄ы▄≥XXX█YX≤мыLлY≥NM▌█≤NM≥X≤≤ль▄NL▀уTT■яQQп√KVPрUт⌠уврQпS▒т▒Q▒T▒S░яWп▓S▒S▒кRQт░UQу▒T▓Q▓QQ▌▌ьX▌LX▄L▌XXммNYXы█Y≤█▄ммLм█▄L≥▌▄XьлYXы█XммьмPуU▒WсPTуT≈у▄≈рSSQV▒п≈п▓S▒S▒влк█▄L▌MLмMWсплK▄NMKNNKYMNNылLмыMмнL▄▄▌XьлNYLNLYMMы▌ьNLLXь≤н█нNY▄лNYM▄≥Yмл█MмL≤нXYнNMMMLLл≤≥MьX█M▄ыYY≥≤ы█≤▄NY██L█≤луTT■яQQп√KVPрUт⌠уврQпS▒т▒Q▒T▒S░яWп▓S▒S▒кRQт░UQу▒T▓Q▓QQ▌▌ьX▌LX▄L▌XXммNYXы█Y≤█▄ммLм█▄L≥▌▄XьлYXы█XммьмPуU▒WсPTуT≈у▄≈рSSQV▒п≈п▓S▒S▒влк█▄L▌MLKмMWсплL▄M▀NL▀▄▌LXьLмXлXыXмMMXLNыM█мLNXMLыX██≤ы≥XMYY≤NXX▄л▌L█MXнкл▄L≥LYXыL≤ь█≥M█NM≥лY≥MмL▄LMYLм█XнXY≤XLлM█L▌KуTT■яQQп√KVPрUт⌠уврQпS▒т▒Q▒T▒S░яWп▓S▒S▒кRQт░UQу▒T▓Q▓QQ▌▌ьX▌LX▄L▌XXммNYXы█Y≤█▄ммLм█▄L≥▌▄XьлYXы█XммьмPуU▒WсPTуT≈у▄≈рSSQV▒п≈п▓S▒S▒влк█▄L▌ML▀мMWсплMK▄█▀NK▄KM▄Mм▄YYX≤≤Lьы▄LLнX≤█LLM≤л▄ьM█X█LлMNыNX█▄мMLL≤≤X▀Xь≤лX≤≥л≥Xыь≤M≤N≤█≤≤LлXMл≥█нMм≥M≥Xнл≤≥▄≤▄лылNX▄MNуTT■яQQп√KVPрUт⌠уврQпS▒т▒Q▒T▒S░яWп▓S▒S▒кRQт░UQу▒T▓Q▓QQ▌▌ьX▌LX▄L▌XXммNYXы█Y≤█▄ммLм█▄L≥▌▄XьлYXы█XммьмPуU▒WсPTуT≈у▄≈рSSQV▒п≈п▓S▒S▒влк█▄L▌MLкмMWспл▄▄мNK▄к≤LXыXнLLL≤X██лMь≥≤ыYM≤MнYM≤█лLнX▄ь≥YY▄мL▄▄█▄█▄ль≤ьмKLнNлMмьы▄≥YMыл≤█Y▄ы▄л▌LMLь≥█▄▄█л≤мнLь▄≥X█XKуTT■яQQп√KVPрUт⌠уврQпS▒т▒Q▒T▒S░яWп▓S▒S▒кRQт░UQу▒T▓Q▓QQ▌▌ьX▌LX▄L▌XXммNYXы█Y≤█▄ммLм█▄L≥▌▄XьлYXы█XммьмPуU▒WсPTуT≈у▄≈рSSQV▒п≈п▓S▒S▒влк█▄L▌MMмMWспл█K█▀NK▄кYY█X≤NмнM█ыMLY█▄≤▄NX▌л≤█≤YM▄MлY≤м▄L▄ь█M≥▄NMмллYLMннMллыL█▄нL▄л█≥XмM█ммX▄л▄нлм≤X≥л▌▄█ML≥▄нNXыM█LY█ь▄куTT■яQQп√KVPрUт⌠уврQпS▒т▒Q▒T▒S░яWп▓S▒S▒кRQт░UQу▒T▓Q▓QQ▌▌ьX▌LX▄L▌XXммNYXы█Y≤█▄ммLм█▄L≥▌▄XьлYXы█XммьмPуU▒WсPTуT≈у▄≈рSSQV▒п≈п▓S▒S▒влк█▄L▌MMKмMWсплл█LMн▄▀█LL≥NXXMNLлL≤▌Y▄█м≤≤Xь▄мL≤MNыYX▄LXы▄ььNXмыLь█мм▄≤Xьм≥L▀▄NьмнMLXнXNMX≤▄лNMNьн█▄█лLX▄M≥Mм▄ьY▄LLл≤YMлMN≥▀уTT■яQQп√KVPрUт⌠уврQпS▒т▒Q▒T▒S░яWп▓S▒S▒кRQт░UQу▒T▓Q▓QQ▌▌ьX▌LX▄L▌XXммNYXы█Y≤█▄ммLм█▄L≥▌▄XьлYXы█XммьмPуU▒WсPTуT≈у▄≈рSSQV▒п≈п▓S▒S▒влк█▄L▌MM▀мMWсмWплKNLкNKNл▌▄L▌LьMXмM█▄мYXMнNXмM▄█▌M≤Y█л██X▄мNNXлLLLXмлыXLK█≤Mн██мL≥YNлX▌Y≥L▌X█ьм≤MNN▄▌MY█≤▄▄XY▄ыLXь▄L▄≥YLX▄MNуTT■яQQп√KVPрUт⌠уврQпS▒т▒Q▒T▒S░яWп▓S▒S▒кRQт░UQу▒T▓Q▓QQ▌▌ьX▌LX▄L▌XXммNYXы█Y≤█▄ммLм█▄L≥▌▄XьлYXы█XммьмPуU▒WсPTуT≈у▄≈рSSQV▒п≈п▓S▒S▒влк█▄L▌MMкмMWсмWплL▄▀MнN▀Mл▌Y▄X▌Y≥M≤ыYL≥█ьыX≤л≤MмYLM▄XнL≥X≥лыMYLмлл≤▌Y≥≤ML▄▀Y█YL≤M█мь≤▄мLMMлL█XMY≥█XYXNMX█▌X▄▄≥≤ьмY≥≥YLLL≤▄ммLXMY≥▀уTT■яQQп√KVPрUт⌠уврQпS▒т▒Q▒T▒S░яWп▓S▒S▒кRQт░UQу▒T▓Q▓QQ▌▌ьX▌LX▄L▌XXммNYXы█Y≤█▄ммLм█▄L≥▌▄XьлYXы█XммьмPуU▒WсPTуT≈у▄≈рSSQV▒п≈п▓S▒S▒влк█▄L▌MNмMWсмWплMK▄LMмN▀л▄▄мL█ьX▄LMYLнNXLLXн▌LмNM≤LM▄▄ыMY≤лLX▌Y▌лL▄█NнYLLм≤мYLмN█м▄▌Mнм▄MX≥Mлмьы≤м▄лLLмьыNMXYL█▀уTT■яQQп√KVPрUт⌠уврQпS▒т▒Q▒T▒S░яWп▓S▒S▒кRQт░UQу▒T▓Q▓QQ▌▌ьX▌LX▄L▌XXммNYXы█Y≤█▄ммLм█▄L≥▌▄XьлYXы█XммьмPуU▒WсPTуT≈у▄≈рSSQV▒п≈п▓S▒S▒влк█▄L▌MNKмMWсмWпл▄▄NKMлKNKX≤ыXлмXлX≤M▄█ыNMMX█≤MX≤≤▄м≤нM█ыLь▄▌MLь█▌Nл▄≤XьнLM≤K▄ы≥XLLXLL█Y█MY▄MлL≤NM█▄лY≤ьлм█ьлымLX▌MMYLX█L█≥мKуTT■яQQп√KVPрUт⌠уврQпS▒т▒Q▒T▒S░яWп▓S▒S▒кRQт░UQу▒T▓Q▓QQ▌▌ьX▌LX▄L▌XXммNYXы█Y≤█▄ммLм█▄L≥▌▄XьлYXы█XммьмPуU▒WсPTуT≈у▄≈рSSQV▒п≈п▓S▒S▒влк█▄L▌M▄мMWсмWпл█K▄█кM█кNK▌X≤лYM█≥LNYY▄XMMXLXY▌ьNX≤ыLNY▄Xл▄NL█ы▄▄XNNMY≥XL≤MXMNX≤M▌MMмMл≥▄M≥≤мY≥█мн▄≥YYXмLь██LYMлыL█м█млL▄ьXыL▌MнуTT■яQQп√KVPрUт⌠уврQпS▒т▒Q▒T▒S░яWп▓S▒S▒кRQт░UQу▒T▓Q▓QQ▌▌ьX▌LX▄L▌XXммNYXы█Y≤█▄ммLм█▄L≥▌▄XьлYXы█XммьмPуU▒WсPTуT≈у▄≈рSSQV▒п≈п▓S▒S▒влк█▄L▌M▄KмMWсмWплл▄мKM▄кNLKMы≥L≥ьл▄≤≥≤л▄ьь▄мY▄ы≤нMNY≤██м≥LXY█ы≤л▌NXLмлNN▄клмY≥YXXMMмX≥XLмLьNы≥█NYY█мNыь▌MLыN▄▄нL≤ьMNXьMнXь≤▀уTT■яQQп√KVPрUт⌠уврQпS▒т▒Q▒T▒S░яWп▓S▒S▒кRQт░UQу▒T▓Q▓QQ▌▌ьX▌LX▄L▌XXммNYXы█Y≤█▄ммLм█▄L≥▌▄XьлYXы█XммьмPуU▒WсPTуT≈у▄≈рSSQV▒п≈п▓S▒S▒влк█▄L▌M▄▀мMWсмWплмK█▀MNKNLKM▄ы≥≤≤≥X▄▌MьнNM≥▌L█MNL▌Mнл▄≤▄ьLMнLь≥M▄▄≤▄▄≤Lл≥▄▄█▀▄≤≤XYM≥≥M▄ML≤ьNM█Mмл██▄≤ьMXлнM▄▄м█≥▄ыNYM█YуTT■яQQп√KVPрUт⌠уврQпS▒т▒Q▒T▒S░яWп▓S▒S▒кRQт░UQу▒T▓Q▓QQ▌▌ьX▌LX▄L▌XXммNYXы█Y≤█▄ммLм█▄L≥▌▄XьлYXы█XммьмPуU▒WсPTуT≈у▄≈рSSQV▒п≈п▓S▒S▒влк█▄L▌M▄кмMWсмWпл█LKMMKNL▀л█л≥▌NNYX█M▌LXнL▌Y▄▄YM█ллл▌X≥LNNMX█≥M▄MX≤ы≥█≤мл█Y█нXь█LXьMM≤н█▄▄L▄LYлL▄█▄XMMмY█LYM▌M█XNLNYY█ьы▄Y≤▀уTT■яQQп√KVPрUт⌠уврQпS▒т▒Q▒T▒S░яWп▓S▒S▒кRQт░UQу▒T▓Q▓QQ▌▌ьX▌LX▄L▌XXммNYXы█Y≤█▄ммLм█▄L≥▌▄XьлYXы█XммьмPуU▒WсPTуT≈у▄≈рSSQV▒п≈п▓S▒S▒влк█▄L▌M█мMWсмWплK█MKMLNMл█мX█≥N█LыMн█▄M≥LM≥≤ьLллнMXLYMлLNNYX█ь█ыM█M▌MXNNX▀Mм▄YLLлML▄█ыMY█▄ь≤ыY▌L██ммY█ьыыY≥▄Y≤▄ьM█Y≥X≥█≥KуTT■яQQп√KVPрUт⌠уврQпS▒т▒Q▒T▒S░яWп▓S▒S▒кRQт░UQу▒T▓Q▓QQ▌▌ьX▌LX▄L▌XXммNYXы█Y≤█▄ммLм█▄L≥▌▄XьлYXы█XммьмPуU▒WсPTуT≈у▄≈рSSQV▒п≈п▓S▒S▒влк█▄L▌M█KмMWслплKNM▌MлKX≤ы█ь█ыNY≤MмыLлмн█≤≥Lь▄ыYN█≤ыLL≤≤YL█▄X▄ьнL▌█LM≤нNL≤ы≤KN≥█X▌█мьл▄XLнNLY█≥▄Y≤▌лы▌█м≤LлLNY≥▌YY▌NM▌NLL▄L≥MMYL▄▀уTT■яQQп√KVPрUт⌠уврQпS▒т▒Q▒T▒S░яWп▓S▒S▒кRQт░UQу▒T▓Q▓QQ▌▌ьX▌LX▄L▌XXммNYXы█Y≤█▄ммLм█▄L≥▌▄XьлYXы█XммьмPуU▒WсPTуT≈у▄≈рSSQV▒п≈п▓S▒S▒влк█▄L▌M█▀мMWслплLNKM█KMлкY≥≤YнML≥ML▄нMX█лLLь≤л▄L≥≥м▄MNьLмMл≥M≥▄█м≤XYMYYYX≥≤ьM≥▌YMы≥MлыXX≤ь≤Mы≤█мYX▄▄M≥▄█▄нY≥ылLмNY▄млыKуTT■яQQп√KVPрUт⌠уврQпS▒т▒Q▒T▒S░яWп▓S▒S▒кRQт░UQу▒T▓Q▓QQ▌▌ьX▌LX▄L▌XXммNYXы█Y≤█▄ммLм█▄L≥▌▄XьлYXы█XммьмPуU▒WсPTуT≈у▄≈рSSQV▒п≈п▓S▒S▒влк█▄L▌M█кмMWслплMKNNM▄▀MмNM≥X≤LYM█M▄мьX▄█ьлMм≤лл█▄ыMNLLMмM≤≤ыX≤ыXL█YNL▀≤▄▄≤MNM≥▌LыыL▄Xл█Xл≤≥млY≥NьLMMYMнMXмльы▌NM█≤нLXы≤куTT■яQQп√KVPрUт⌠уврQпS▒т▒Q▒T▒S░яWп▓S▒S▒кRQт░UQу▒T▓Q▓QQ▌▌ьX▌LX▄L▌XXммNYXы█Y≤█▄ммLм█▄L≥▌▄XьлYXы█XммьмPуU▒WсPTуT≈у▄≈рSSQV▒п≈п▓S▒S▒влк█▄L▌M▌мMWслпл▄▄KMNMм▀▄льы≤█MнYMMYM≥≤YLлN≥█▄м█ы▌м▄≤MыMыXмN≥ы≥YM▌MнXкY▄ыLL▄≤≤NьнXL█Y█L▄█Y≥≤ььл▌LX█M≤▄≤л▄█≤L▄ммы≥▌N≥MKуTT■яQQп√KVPрUт⌠уврQпS▒т▒Q▒T▒S░яWп▓S▒S▒кRQт░UQу▒T▓Q▓QQ▌▌ьX▌LX▄L▌XXммNYXы█Y≤█▄ммLм█▄L≥▌▄XьлYXы█XммьмPуU▒WсPTуT≈у▄≈рSSQV▒п≈п▓S▒S▒влк█▄L▌M▌KмMWслпл█K▄MMMKMм▀Lы▄л≤нY█Lь▄м▄M▄ы≥▌Y≥Y▄█Y▌M▌▄YY▄X█YM≤Lы▄XXмL▄мY▌K≤▄▌≤ммMмыLыыY≤ьMл█м≥ML≥≤≤LY≥MY█ь▌ы▄ь▄Xл≤Nь█ьM≤ь█мKуTT■яQQп√KVPрUт⌠уврQпS▒т▒Q▒T▒S░яWп▓S▒S▒кRQт░UQу▒T▓Q▓QQ▌▌ьX▌LX▄L▌XXммNYXы█Y≤█▄ммLм█▄L≥▌▄XьлYXы█XммьмPуU▒WсPTуT≈у▄≈рSSQV▒п≈п▓S▒S▒влк█▄L▌MлмMWслплл▄▄KMLKMн█мLLлY█▄N█L▌Lны≤л▄ы▄нXYL≥ML≤XNYLлььм≤ьLLнLмлMMX≤▄ыNMьнNYL▌MыLMXм█≤L≥LLн▄≤ьXLLLNM▄▄ы█▄≤ы▄█ь▌XLYLы▄LнM≤M█≥▄YKуTT■яQQп√KVPрUт⌠уврQпS▒т▒Q▒T▒S░яWп▓S▒S▒кRQт░UQу▒T▓Q▓QQ▌▌ьX▌LX▄L▌XXммNYXы█Y≤█▄ммLм█▄L≥▌▄XьлYXы█XммьмPуU▒WсPTуT≈у▄≈рSSQV▒п≈п▓S▒S▒влк█▄L▌MлKмMWслплмK▄▌KM▀MныML≤▄LLL█Xь≤MXы≤▌Xл≥MыNML▄л█X▄LM▄нмьML≤≤X▌YXLL█▀Mы▌мм≤█LнM≥≥█≥LMмX≥млYYл≥LлMLYY≥▌XYYыYXL▌NYуTT■яQQп√KVPрUт⌠уврQпS▒т▒Q▒T▒S░яWп▓S▒S▒кRQт░UQу▒T▓Q▓QQ▌▌ьX▌LX▄L▌XXммNYXы█Y≤█▄ммLм█▄L≥▌▄XьлYXы█XммьмPуU▒WсPTуT≈у▄≈рSSQV▒п≈п▓S▒S▒влк█▄L▌Mл▀мMWслпл▄мкMкMнKY▄LLM█MнNM█▌LY≥нMNMнL█ьMмынY≥▄▄▌≥MлMMYLллXYмXLкML▄LL≥ьXнXLм▄X≤м███▄лл█X≥≤LыL▄≤≤█лмY≥█Y▄██MNллм▄уTT■яQQп√KVPрUт⌠уврQпS▒т▒Q▒T▒S░яWп▓S▒S▒кRQт░UQу▒T▓Q▓QQ▌▌ьX▌LX▄L▌XXммNYXы█Y≤█▄ммLм█▄L≥▌▄XьлYXы█XммьмPуU▒WсPTуT≈у▄≈рSSQV▒п≈п▓S▒S▒влк█▄L▌MлкмMWслплK█кLмкN≤лLн▄MXL█лXмLNм≤LYN▄▄Mнм≥ыXM≥NX█MнNYLл█▄X█L▄▄X▄мMY▀мY≥LNNMьLмXы≥M≤▌YMXы≥л█LX≥LLMYNныYы█Y▄YYMмыM≤куTT■яQQп√KVPрUт⌠уврQпS▒т▒Q▒T▒S░яWп▓S▒S▒кRQт░UQу▒T▓Q▓QQ▌▌ьX▌LX▄L▌XXммNYXы█Y≤█▄ммLм█▄L≥▌▄XьлYXы█XммьмPуU▒WсPTуT≈у▄≈рSSQV▒п≈п▓S▒S▒влк█▄L▌MммMWслплL█LKLл▀NK▌YLLы≤YMNMл█ьYмMYмX≤≥█нм▄LXYY█Y▌Y▄≥MмнN▄≥м≥≥MммклLLмM█Mннм≥▌XLлM≥MYNXм▄X▄Y█Lь█л█ьNX≥≥YLыNML█NXLкуTT■яQQп√KVPрUт⌠уврQпS▒т▒Q▒T▒S░яWп▓S▒S▒кRQт░UQу▒T▓Q▓QQ▌▌ьX▌LX▄L▌XXммNYXы█Y≤█▄ммLм█▄L≥▌▄XьлYXы█XммьмPуU▒WсPTуT≈у▄≈рSSQV▒п≈п▓S▒S▒влк█▄L▌MмKмMWс█WплKM█кMMKMN▌Y▄M▄█ылNX█▄▄YL≤NMым≥▄≤▄мNыY≥L▌L≤█м▄нY≥MмMMыY█▄Y▀MьX≤ы▄█MьYьY█XNM▄н█LX≤≤мY█≥▄≤ьMXLLLXXлмYYN≥MY≥▌▌N≥▀уTT■яQQп√KVPрUт⌠уврQпS▒т▒Q▒T▒S░яWп▓S▒S▒кRQт░UQу▒T▓Q▓QQ▌▌ьX▌LX▄L▌XXммNYXы█Y≤█▄ммLм█▄L≥▌▄XьлYXы█XммьмPуU▒WсPTуT≈у▄≈рSSQV▒п≈п▓S▒S▒влк█▄L▌Mм▀мMWс█WплLMмKML▀M▄≤XLь█YL██ыммм≤NY▄YLыL█≥█▌Mы█LLыYмM≥LL█ы≤MнNXлыXьыKьY▄█ьн≤LMм▄ь≤ь▌ыLьMY≤нY≤ьNY≤▌L≤XььнL≥Lьь≥NYYь▌L≥▀уTT■яQQп√KVPрUт⌠уврQпS▒т▒Q▒T▒S░яWп▓S▒S▒кRQт░UQу▒T▓Q▓QQ▌▌ьX▌LX▄L▌XXммNYXы█Y≤█▄ммLм█▄L≥▌▄XьлYXы█XммьмPуU▒WсPTуT≈у▄≈рSSQV▒п≈п▓S▒S▒влк█▄L▌MмкмMWс█WплMKNкMM▄≤ыL▌YM▄ы█▌M▄≥▄Mьь▌Y▄X≤L█MLл█ы█▄ьMM▄YLм▌MYLYл▀▌ммлXнYLY▄льл▄≤LMьLлл≥▄≤≤ьL▄ы█≤▄ыXьм≤Y█ь█ььMKуTT■яQQп√KVPрUт⌠уврQпS▒т▒Q▒T▒S░яWп▓S▒S▒кRQт░UQу▒T▓Q▓QQ▌▌ьX▌LX▄L▌XXммNYXы█Y≤█▄ммLм█▄L≥▌▄XьлYXы█XммьмPуU▒WсPTуT≈у▄≈рSSQV▒п≈п▓S▒S▒влк█▄L▌MнмMWс█Wпл▄NLKMKM▄кнM≥▄ы≤≤M≤▄YLLнYX█Mл≥M▄льнY█лмLыL▌L≥X▌L█LNYNXмм▌мMXYL▄ммY▄ыLXьыL██≤нмнLыLLXMмY≥▄MмLь≥XлXылмLн▌MуTT■яQQп√KVPрUт⌠уврQпS▒т▒Q▒T▒S░яWп▓S▒S▒кRQт░UQу▒T▓Q▓QQ▌▌ьX▌LX▄L▌XXммNYXы█Y≤█▄ммLм█▄L≥▌▄XьлYXы█XммьмPуU▒WсPTуT≈у▄≈рSSQV▒п≈п▓S▒S▒влк█▄L▌MнKмMWс█Wпл█K▄M▀M▄к▌XнYMML≥нYMлм≤LNьM▌MынY≤▄мMMY≤▄▄L≤ь≤▄▄≤л▌M≥≤ьыMмкXXмYм▄█XмьмыXыMм█▄Y▌Mл▌NXXнY≥L▄Mм▄██л█льLMYNMX█лLуTT■яQQп√KVPрUт⌠уврQпS▒т▒Q▒T▒S░яWп▓S▒S▒кRQт░UQу▒T▓Q▓QQ▌▌ьX▌LX▄L▌XXммNYXы█Y≤█▄ммLм█▄L≥▌▄XьлYXы█XммьмPуU▒WсPTуT≈у▄≈рSSQV▒п≈п▓S▒S▒влк█▄L▌NмMWс█Wплл▄кLмкM█▄лYXMм≤≥м≥NN▄LLл█ьынL≤NьNLMLлLXMм▄мY≥≤ь≤лNM██л▄▄≥XмьLXL█M▄NнNLM▄ыLMьNььYXMы≥≥▄XXLм█Lьм█L≥▄X≤≥Y≤▌Nь▀уTT■яQQп√KVPрUт⌠уврQпS▒т▒Q▒T▒S░яWп▓S▒S▒кRQт░UQу▒T▓Q▓QQ▌▌ьX▌LX▄L▌XXммNYXы█Y≤█▄ммLм█▄L≥▌▄XьлYXы█XммьмPуU▒WсPTуT≈у▄≈рSSQV▒п≈п▓S▒S▒влк█▄L▌NKмMWс█WплмK▄MLлкM█K≤лL▌██M▌X▄ыыMXN▌▄мL▄LLL≥▄▄ьылML≤ь▄мM▄ьмлY≤YLX▀NльLYXNYNXы▌MYMь█≥▄██Lмммы▌YM≥лLM█Mлмн≥L≤L▄XL█KуTT■яQQп√KVPрUт⌠уврQпS▒т▒Q▒T▒S░яWп▓S▒S▒кRQт░UQу▒T▓Q▓QQ▌▌ьX▌LX▄L▌XXммNYXы█Y≤█▄ммLм█▄L≥▌▄XьлYXы█XммьмPуU▒WсPTуT≈у▄≈рSSQV▒п≈п▓S▒S▒влк█▄L▌N▀мMWс█Wпл▄▄▀L▌KM█▀YXY▄█YLLMLLнX▌YLYL█нNл▄л▄LNLм≥NYNXNY█ыX▌≤м█лLX▌Yм▀YMныX≥█▌▄≤мXLыYыX█≥ыь≥L▌▄лнY█нMмXмьм█MYL█M█нKуTT■яQQп√KVPрUт⌠уврQпS▒т▒Q▒T▒S░яWп▓S▒S▒кRQт░UQу▒T▓Q▓QQ▌▌ьX▌LX▄L▌XXммNYXы█Y≤█▄ммLм█▄L≥▌▄XьлYXы█XммьмPуU▒WсPTуT≈у▄≈рSSQV▒п≈п▓S▒S▒влк█▄L▌NкмMWс█WплK▄▌L▄кM█▀≥YX≤█Y▄≥M█лYL▄мMы▄лY≤YY≤м▄≤ьXMX≥▄NыLлл█м▌X≤лMлмLYMькь▄Y▄MлYL▄≥NMML▄≤L≤ммLльл▌L█м█NY▄≤█L▄▌L≥YMлMммYMкуTT■яQQп√KVPрUт⌠уврQпS▒т▒Q▒T▒S░яWп▓S▒S▒кRQт░UQу▒T▓Q▓QQ▌▌ьX▌LX▄L▌XXммNYXы█Y≤█▄ммLм█▄L≥▌▄XьлYXы█XммьмPуU▒WсPTуT≈у▄≈рSSQV▒п≈п▓S▒S▒влк█▄L▌NмMWс█WплL▄м▀LNKM█кX≥▌Xььы▄Y≤MнL≤ы▄▌M≥нXMмы█LNYLн▄ыы≤▄≤ьльнMX█MлKммы▄L≥▄≥▄ы█≥≤MY█мY█≤Lлл≤YML≥≥YYX█Y≥YY█▄█≥LыLькуTT■яQQп√KVPрUт⌠уврQпS▒т▒Q▒T▒S░яWп▓S▒S▒кRQт░UQу▒T▓Q▓QQ▌▌ьX▌LX▄L▌XXммNYXы█Y≤█▄ммLм█▄L≥▌▄XьлYXы█XммьмPуU▒WсPTуT≈у▄≈рSSQV▒п≈п▓S▒S▒влк█▄L▌NKмMWс█WплMK█кLLкMлLLXьы≤█ы≥MYNYX▄▄ы█▄Mл▄≤Mм≤л█X█мXн█NM█ы▄ь█лыXYLMк▄L≥Mы≤LYYX≥лMM≤█X▄XмMYM▄L≤ьлNллNLьLьыL▌YY▄ыY≤ммLмнKуTT■яQQп√KVPрUт⌠уврQпS▒т▒Q▒T▒S░яWп▓S▒S▒кRQт░UQу▒T▓Q▓QQ▌▌ьX▌LX▄L▌XXммNYXы█Y≤█▄ммLм█▄L≥▌▄XьлYXы█XммьмPуU▒WсPTуT≈у▄≈рSSQV▒п≈п▓S▒S▒влк█▄L▌N▀мMWс█Wпл▄█LLкMлMXYьMY▌NMNM█лNLM█M▄Y█мы≥XMYMX≥L▄M≤L█XлNLNмLмM≤л█YLьNNYL▄млMML≤M▄M█мLY█▄≤лNXмMы█▄▄▌Xь≤≥м≤н▌Y▀уTT■яQQп√KVPрUт⌠уврQпS▒т▒Q▒T▒S░яWп▓S▒S▒кRQт░UQу▒T▓Q▓QQ▌▌ьX▌LX▄L▌XXммNYXы█Y≤█▄ммLм█▄L≥▌▄XьлYXы█XммьмPуU▒WсPTуT≈у▄≈рSSQV▒п≈п▓S▒S▒влк█▄L▌NкмMWс▄плKMMM▀MKы█ыYL█YLY≤ы≥NYNMлNьNXMLьXмXыLьы█≥N▄Yлы≥XьYLMXнлYXMм≥YNLY≥≤Xммьл█XMXY▄█XL▄≥LM≤≥▄M█лмXLXлM█▄ыX≥M≤ммллYуTT■яQQп√KVPрUт⌠уврQпS▒т▒Q▒T▒S░яWп▓S▒S▒кRQт░UQу▒T▓Q▓QQ▌▌ьX▌LX▄L▌XXммNYXы█Y≤█▄ммLм█▄L≥▌▄XьлYXы█XммьмPуU▒WсPTуT≈у▄≈рSSQV▒п≈п▓S▒S▒влк█▄L▌NмMWс▄плLM▄KLнM▀▄л▄▄≤XY▄мYM▄ь≥NY≤YXлнM█нX▄мь≤LнMмYXXXлL█▄мы▄██XLьYXM▌Lм█YM█Y≥YXX█L▄XмNL█м▄ыMLннLL█мN▌ьь█л▀уTT■яQQп√KVPрUт⌠уврQпS▒т▒Q▒T▒S░яWп▓S▒S▒кRQт░UQу▒T▓Q▓QQ▌▌ьX▌LX▄L▌XXммNYXы█Y≤█▄ммLм█▄L≥▌▄XьлYXы█XммьмPуU▒WсPTуT≈у▄≈рSSQV▒п≈п▓S▒S▒влк█▄L▌NKмMWс▄плMKMлLм▀Mк█YLLY▌MыLыM≥X▄█YXьнLмм█▌≤м≥≤▌NLM██ны▄▌Y▄ь≥L≤мLY▌мнKXлNLм▄▄ьYM≥▄≤XынLX≥≥≥NNN▌≥▌NML▄█MLыL▄мNMы█м▌X▄▄KуTT■яQQп√KVPрUт⌠уврQпS▒т▒Q▒T▒S░яWп▓S▒S▒кRQт░UQу▒T▓Q▓QQ▌▌ьX▌LX▄L▌XXммNYXы█Y≤█▄ммLм█▄L≥▌▄XьлYXы█XммьмPуU▒WсPTуT≈у▄≈рSSQV▒п≈п▓S▒S▒влк█▄L▌NLмMWс▄пл▄MнLл▀MKLY▄MX█мL▄NLX█нNNYY▄ь≤ммLLNMы▌м≥нXMлLLм≤≥▄≤Mк█YNYLX≤M▌YL▌LьXMYL≤▌L≤м█NL≥≥ыLLM▄XNNMмL≥NXXмYMлKуTT■яQQп√KVPрUт⌠уврQпS▒т▒Q▒T▒S░яWп▓S▒S▒кRQт░UQу▒T▓Q▓QQ▌▌ьX▌LX▄L▌XXммNYXы█Y≤█▄ммLм█▄L≥▌▄XьлYXы█XммьмPуU▒WсPTуT≈у▄≈рSSQV▒п≈п▓S▒S▒влк█▄L▌NLKмMWс▄пл█KNKL▌MK▌L█MXм█LN▄MмLлLьмL≤█▄█NMNNLнNY▄м≥▄Mльы▄▌LмNNX▄≤KXннXм≥N≤L≥≥█LLы██млм▄Y≤ы▄лY≥лL≤MXNMыLY█ьмXлуTT■яQQп√KVPрUт⌠уврQпS▒т▒Q▒T▒S░яWп▓S▒S▒кRQт░UQу▒T▓Q▓QQ▌▌ьX▌LX▄L▌XXммNYXы█Y≤█▄ммLм█▄L≥▌▄XьлYXы█XммьмPуU▒WсPTуT≈у▄≈рSSQV▒п≈п▓S▒S▒влк█▄L▌NL▀мMWс▄пллNL▀L█MLKMXмL█нYLм█мл█ьнMьXы≥MLX≥ьY▄ммNN≥▌X▄ь▌LLMXм▄L▄ы▌ыK≥≥L▌Xы≥≤м█м≥LNLMл▄Lы≤▄Y▄м█лMXLы▌█≤X≥█Xь≥█ыMLKуTT■яQQп√KVPрUт⌠уврQпS▒т▒Q▒T▒S░яWп▓S▒S▒кRQт░UQу▒T▓Q▓QQ▌▌ьX▌LX▄L▌XXммNYXы█Y≤█▄ммLм█▄L≥▌▄XьлYXы█XммьмPуU▒WсPTуT≈у▄≈рSSQV▒п≈п▓S▒S▒влк█▄L▌NLкмMWс▄плмK▄L▄MLKLмM█мл≤≥█нY█л█≤█NXY≤▄█NNыMMьX▌NL≥▌NNL≥Lы≤▌Mль▀л▄MLь▄лнXлXX█≥≤ML▄M█лMмлXм█ь≥MM▌XLLX██нYYнX▄≤≤л▄█мм█куTT■яQQп√KVPрUт⌠уврQпS▒т▒Q▒T▒S░яWп▓S▒S▒кRQт░UQу▒T▓Q▓QQ▌▌ьX▌LX▄L▌XXммNYXы█Y≤█▄ммLм█▄L≥▌▄XьлYXы█XммьмPуU▒WсPTуT≈у▄≈рSSQV▒п≈п▓S▒S▒влк█▄L▌NMмMWс▄пл▄▀LMKMLK▄LXMмXлм█мXлмNMнYM█≤ьлMы▌LYLыMмM≤ы▄≤▄ы█ыMXл▌ьнMьKLы▌Y▄▌лYььXлYLL█м█LXLNX▄LMн▄L≥NYYX▄ь≤▄лXыKуTT■яQQп√KVPрUт⌠уврQпS▒т▒Q▒T▒S░яWп▓S▒S▒кRQт░UQу▒T▓Q▓QQ▌▌ьX▌LX▄L▌XXммNYXы█Y≤█▄ммLм█▄L≥▌▄XьлYXы█XммьмPуU▒WсPTуT≈у▄≈рSSQV▒п≈п▓S▒S▒влк█▄L▌NMKмMWс▄плK▄LкLLMLкLммLл█мN▄YыLыMM█LYMмN▄≥≥NыL█YL≤▄M≥MьX≥LLмY▀≥▌X≤нX▄л█LL▄Xльь█≥ы▌YNMY≥▄≥█YL≤YYL≤▌LXьн▌муTT■яQQп√KVPрUт⌠уврQпS▒т▒Q▒T▒S░яWп▓S▒S▒кRQт░UQу▒T▓Q▓QQ▌▌ьX▌LX▄L▌XXммNYXы█Y≤█▄ммLм█▄L≥▌▄XьлYXы█XммьмPуU▒WсPTуT≈у▄≈рSSQV▒п≈п▓S▒S▒влк█▄L▌NM▀мMWс▄плL▄▄KLKMM≥MнX≥≤мм≥≤лMY█MNY█ллы█YLьм▌LммнLLM≥≥█≥YMм▄≥Y≤L≥≤ы█K▄м█≥Mы█▄▄NL≥█MN▄YMYNXLLLYLL▄NмLы≥L▌LLлXN█XLMн█NуTT■яQQп√KVPрUт⌠уврQпS▒т▒Q▒T▒S░яWп▓S▒S▒кRQт░UQу▒T▓Q▓QQ▌▌ьX▌LX▄L▌XXммNYXы█Y≤█▄ммLм█▄L≥▌▄XьлYXы█XммьмPуU▒WсPTуT≈у▄≈рSSQV▒п≈п▓S▒S▒влк█▄L▌NMкмMWс▄плMK▄█кNMMKыM≥L≤▄NнMXM▄Y█MнYYM█▄█лмL≥≥▄н≥▄мXы▄ллл≥≥Y█MмXLL≤лKYM≥▌ь▄XьмXMX█YNMнYY≤ь█MY≥≤ы█X≤YXн≥лMYыYLN█н▄NMь▀уTT■яQQп√KVPрUт⌠уврQпS▒т▒Q▒T▒S░яWп▓S▒S▒кRQт░UQу▒T▓Q▓QQ▌▌ьX▌LX▄L▌XXммNYXы█Y≤█▄ммLм█▄L≥▌▄XьлYXы█XммьмPуU▒WсPTуT≈у▄≈рSSQV▒п≈п▓S▒S▒влк█▄L▌NNмMWс▄пл▄▄мL▀MM▀м▌X▄≤▌≤ы≥█≤мLNMьнYMLNLыLм▄NY≥≤≥Xьл▄Xь█▌Yь█YыY≥█Y▄MLLLл▌XMл≤█мL≥мX▄ь▌▄██нNYLмьннM≤л█м≥X█M≥Xыь▄YXYM▀уTT■яQQп√KVPрUт⌠уврQпS▒т▒Q▒T▒S░яWп▓S▒S▒кRQт░UQу▒T▓Q▓QQ▌▌ьX▌LX▄L▌XXммNYXы█Y≤█▄ммLм█▄L≥▌▄XьлYXы█XммьмPуU▒WсPTуT≈у▄≈рSSQV▒п≈п▓S▒S▒влк█▄L▌NNKмMWс▄пл█K█KKMN█≤лььMLь▌█ыYL≥▄MX≤XL█▄ьMMыNM▄YYYь▌≤▄нNNYмLNNYKNYYлл▄≤MY≤мY▄м≥ыMML█нN▄≤м▌нML≤█нYMм█YMлMM█L≤LL█куTT■яQQп√KVPрUт⌠уврQпS▒т▒Q▒T▒S░яWп▓S▒S▒кRQт░UQу▒T▓Q▓QQ▌▌ьX▌LX▄L▌XXммNYXы█Y≤█▄ммLм█▄L≥▌▄XьлYXы█XммьмPуU▒WсPTуT≈у▄≈рSSQV▒п≈п▓S▒S▒влк█▄LлмMWс▄плл█мкMNKнX▄м≤XXм≤Lь▄≥MYмы█MN▄Lь≥LLXYMмMNL▄≤▄▄XлLлM≥к█нYNMMLлLYыMNY▄MMXыLM█м█▄M▄L█ы≤≤≥≤▄≤≥MXY≤ь▄ыуTT■яQQп√KVPрUт⌠уврQпS▒т▒Q▒T▒S░яWп▓S▒S▒кRQт░UQу▒T▓Q▓QQ▌▌ьX▌LX▄L▌XXммNYXы█Y≤█▄ммLм█▄L≥▌▄XьлYXы█XммьмPуU▒WсPTуT≈у▄≈рSSQV▒п≈п▓S▒S▒влк█▄LлKмMWсMWплKML▌LлK≥Xы≥≥L≤▄LN▄█NNLM▄ьMмлMM▌X≤л≤LXMмлLXM≤лL▄м█▄▄≤Lл▀ььX▄L█≤ьы█▄ь█XлLмнмY▄██▄≤м█нXM██ьнX≤Lы▄█L▄≤LыL▄лXьXькуTT■яQQп√KVPрUт⌠уврQпS▒т▒Q▒T▒S░яWп▓S▒S▒кRQт░UQу▒T▓Q▓QQ▌▌ьX▌LX▄L▌XXммNYXы█Y≤█▄ммLм█▄L≥▌▄XьлYXы█XммьмPуU▒WсPTуT≈у▄≈рSSQV▒п≈п▓S▒S▒влк█▄Lл▀мMWсMWплLML█▀Lм▌▄ьLXьы█≥Mл≤NY█YM▄NNM▄MNLы≥█Xм≥LL▄▄LY█L≥▀XььLLь▄Xым≤YNь≥≤лMлN▄ыL≥▄█л≤MнM█ь≤YYY≥MMMмь▄XL≥█≥уTT■яQQп√KVPрUт⌠уврQпS▒т▒Q▒T▒S░яWп▓S▒S▒кRQт░UQу▒T▓Q▓QQ▌▌ьX▌LX▄L▌XXммNYXы█Y≤█▄ммLм█▄L≥▌▄XьлYXы█XммьмPуU▒WсPTуT≈у▄≈рSSQV▒п≈п▓S▒S▒влк█▄LлкмMWсMWплMKMM▀L▄▀LлкXXLлL≥≥NXMммX█м▄▄L≥█нYXмNыLNX▌ыMXмMMыXнLыYLL▄▌▄▄лXMм█лMLь≥≥M▄LXнNLXн▄мYX▄M≤Mы▄X█▌YM▄≤MмM≤▀уTT■яQQп√KVPрUт⌠уврQпS▒т▒Q▒T▒S░яWп▓S▒S▒кRQт░UQу▒T▓Q▓QQ▌▌ьX▌LX▄L▌XXммNYXы█Y≤█▄ммLм█▄L≥▌▄XьлYXы█XммьмPуU▒WсPTуT≈у▄≈рSSQV▒п≈п▓S▒S▒влк█▄LлмMWсMWпл▄M▄кLNLмKL≥мL▄≤нMX≤▌MMMы█мXM█▄▌M█ы≥≥▌ьы▄YMXX▄M≤YлM▄M▄L▄KMмMьL≤ыMLY≥█≥LY█м≤льMLYMXNLM█MY≥NMмXы▄▄мM▄≥≤YKуTT■яQQп√KVPрUт⌠уврQпS▒т▒Q▒T▒S░яWп▓S▒S▒кRQт░UQу▒T▓Q▓QQ▌▌ьX▌LX▄L▌XXммNYXы█Y≤█▄ммLм█▄L≥▌▄XьлYXы█XммьмPуU▒WсPTуT≈у▄≈рSSQV▒п≈п▓S▒S▒влк█▄LлKмMWсMWпл█KMлKLMKLм▀█▄≥LLьм██ы▄Lьм≤нXYYл▄YX≤Mм█≥L▄н█▄ыыX≤██ьL▄ь█LLNYN▄ьNY≤XL▄N▌MLыLн█▌LLмьMм≤▄▌█ь≥≤▄мYXмы▌ьL≥▌мXXкуTT■яQQп√KVPрUт⌠уврQпS▒т▒Q▒T▒S░яWп▓S▒S▒кRQт░UQу▒T▓Q▓QQ▌▌ьX▌LX▄L▌XXммNYXы█Y≤█▄ммLм█▄L≥▌▄XьлYXы█XммьмPуU▒WсPTуT≈у▄≈рSSQV▒п≈п▓S▒S▒влк█▄Lл▀мMWсMWпллMнLLKLмкьььLLнYлX▄▄ь▌м≥≤Y█мм≥█X▄ыN≥≤ь▄≤MLммм▄нMм≥▄▄M≥≥▌≥KXлMм≥≥≤мь≥X≥мнL█ллллX≥Xы▄█▄LMл█▄ыMыNXNNX▄MNXмм≥NX▀уTT■яQQп√KVPрUт⌠уврQпS▒т▒Q▒T▒S░яWп▓S▒S▒кRQт░UQу▒T▓Q▓QQ▌▌ьX▌LX▄L▌XXммNYXы█Y≤█▄ммLм█▄L≥▌▄XьлYXы█XммьмPуU▒WсPTуT≈у▄≈рSSQV▒п≈п▓S▒S▒влк█▄LлкмMWсMWплмKNKLкLн▄≤нLNM≤лXXлм█▌NL█ьNллL≥█▄▌M▄Y≤X█≥NмлN▌YLXLY█лL≤KY██M≤█нXNX▌MLм▄█л▄MXм▄M▄█≤≥≥Lн█L▄млм█нNY▌MMмYX▀уTT■яQQп√KVPрUт⌠уврQпS▒т▒Q▒T▒S░яWп▓S▒S▒кRQт░UQу▒T▓Q▓QQ▌▌ьX▌LX▄L▌XXммNYXы█Y≤█▄ммLм█▄L≥▌▄XьлYXы█XммьмPуU▒WсPTуT≈у▄≈рSSQV▒п≈п▓S▒S▒влк█▄LлмMWсMWплNL▀L▀LнX▄л≤≥█мX█м▌Y█лнY▄≤л▄≥л≤ьммY▌ьыYXXLYы≤▄▄м≤LMM█L▌▌≥MKMь≤нLы≥ь▄ль≤≤LмыXм▄LыLYMML≥X▌MNM██L≥≤ь▄ы≤MмьнLM≤▌KуTT■яQQп√KVPрUт⌠уврQпS▒т▒Q▒T▒S░яWп▓S▒S▒кRQт░UQу▒T▓Q▓QQ▌▌ьX▌LX▄L▌XXммNYXы█Y≤█▄ммLм█▄L≥▌▄XьлYXы█XммьмPуU▒WсPTуT≈у▄≈рSSQV▒п≈п▓S▒S▒влк█▄LлKмMWсMWплKNNKMкM▄ь█м▄█▌█Lы▌▌XMнLY≤▄NнNNMлY█XмXл≥X█ы▄ьмл▄ыXллM▌KыMYY▄ь█LYMнYLнXм▌LмнLXнM≤нYLы▄Y▄л█л▄мY█≥M██нXLLXмькуTT■яQQп√KVPрUт⌠уврQпS▒т▒Q▒T▒S░яWп▓S▒S▒кRQт░UQу▒T▓Q▓QQ▌▌ьX▌LX▄L▌XXммNYXы█Y≤█▄ммLм█▄L≥▌▄XьлYXы█XммьмPуU▒WсPTуT≈у▄≈рSSQV▒п≈п▓S▒S▒влк█▄LлLмMWсMWплL▄KLKMммнY▄YM█NLNMьлM≤MMXM█л≥▄▄▄≥Y▄MлNYMNM▄██MлXм≥▌L▀YMьм≥MMXMN≥L▄лMлнM█▌NMMлнML≤≥≥LMыы▄ьX≤Mн█LMXььLьXмл█▌уTT■яQQп√KVPрUт⌠уврQпS▒т▒Q▒T▒S░яWп▓S▒S▒кRQт░UQу▒T▓Q▓QQ▌▌ьX▌LX▄L▌XXммNYXы█Y≤█▄ммLм█▄L≥▌▄XьлYXы█XммьмPуU▒WсPTуT≈у▄≈рSSQV▒п≈п▓S▒S▒влк█▄LлLKмMWсMWплMK▄L▀M▀мMлXнY≥лмыN≤NY▌Mы██▄█ьXм≥▌YXLм█мMь██Mь≥ы▄█MыыLYM≤█X▌▄XмM▄≥ыY██мMнY█≥▄ьYXнM▄█NNM≤ыL▄MLн≥XLы≤█≤YYM≤▀уTT■яQQп√KVPрUт⌠уврQпS▒т▒Q▒T▒S░яWп▓S▒S▒кRQт░UQу▒T▓Q▓QQ▌▌ьX▌LX▄L▌XXммNYXы█Y≤█▄ммLм█▄L≥▌▄XьлYXы█XммьмPуU▒WсPTуT≈у▄≈рSSQV▒п≈п▓S▒S▒влк█▄LлL▀мMWсMWпл▄▄NKнMкY█▌MлL█▄мLYM▄м≥M▄лL▌LNXммNнX≤лNXлM≤X▄█м▄м≤м▌YM▄лMXKYнмY▄▄MXллY█▌M▄LмLXнлл▄≤█▄≥LXлL≤Y▄лNY█≤л≤Y≤▀уTT■яQQп√KVPрUт⌠уврQпS▒т▒Q▒T▒S░яWп▓S▒S▒кRQт░UQу▒T▓Q▓QQ▌▌ьX▌LX▄L▌XXммNYXы█Y≤█▄ммLм█▄L≥▌▄XьлYXы█XммьмPуU▒WсPTуT≈у▄≈рSSQV▒п≈п▓S▒S▒влк█▄LлLкмMWсMWпл█K▄█K▌KMKMмX▌Mмь█L██≥≥NX≥≤ы█≤≥≥█LXXмXYYM█Xьл▌Y≥лLLнкYMLыXLлX█лмLX▄лYмы≥≥≤ммNYллнN█м▄мL▄мы▌M≤LMммуTT■яQQп√KVPрUт⌠уврQпS▒т▒Q▒T▒S░яWп▓S▒S▒кRQт░UQу▒T▓Q▓QQ▌▌ьX▌LX▄L▌XXммNYXы█Y≤█▄ммLм█▄L≥▌▄XьлYXы█XммьмPуU▒WсPTуT≈у▄≈рSSQV▒п≈п▓S▒S▒влк█▄LлMмMWсMWплл▄л▀▄MKMнX▄лY██N▌Y▄MMMьм≤Y█XML▌ыNнXLXY▄ы█ы▌Mм█▄ььм█л▄лY▀ы≥▌Xм█лYX▌▌XлMYннL▌▄Y▌NL▄≤лммьл▄≤LNL█MLылы█≤ыKуTT■яQQп√KVPрUт⌠уврQпS▒т▒Q▒T▒S░яWп▓S▒S▒кRQт░UQу▒T▓Q▓QQ▌▌ьX▌LX▄L▌XXммNYXы█Y≤█▄ммLм█▄L≥▌▄XьлYXы█XммьмPуU▒WсPTуT≈у▄≈рSSQV▒п≈п▓S▒S▒влк█▄LлMKмMWсMWплмK▄нкMкYN≥Xь▄█LьLM≤Mль▄█▄лмM≥▄мLм█ьмл≤XыL≥≤LLь≥Y≥█мMьLN≤Lл▄нMKNм▄≤Lь█л█ммнMыл≤▌мYM≤YYNNмLY≤MXLLLыY▄█ь▄нNн≤куTT■яQQп√KVPрUт⌠уврQпS▒т▒Q▒T▒S░яWп▓S▒S▒кRQт░UQу▒T▓Q▓QQ▌▌ьX▌LX▄L▌XXммNYXы█Y≤█▄ммLм█▄L≥▌▄XьлYXы█XммьмPуU▒WсPTуT≈у▄≈рSSQV▒п≈п▓S▒S▒влк█▄LлM▀мMWсMWпл█▌Mк█мь≥YL▄NN▌LL█X▌≤≤лн█мY█ьLLLыLь≤M█L≤ммы≤▄L≥≥MMNXX██MLыLM≥YM≥MML█ыLXM≥NY≥MY≥млмYNYY▌YY█≥█≤мнл▀уTT■яQQп√KVPрUт⌠уврQпS▒т▒Q▒T▒S░яWп▓S▒S▒кRQт░UQу▒T▓Q▓QQ▌▌ьX▌LX▄L▌XXммNYXы█Y≤█▄ммLм█▄L≥▌▄XьлYXы█XммьмPуU▒WсPTуT≈у▄≈рSSQV▒п≈п▓S▒S▒влк█▄LлMкмMWсLплKL▌LMкL▄NLь≤мNь▌X▌≤MXYX▌▌LMXы≥XнNNлYX█≤Y▌≥M≤м▄█нNNM▌MLь▄кмNM█ьX█NY█▄≤мXльYMMнN▄XY≤█≥▌млLX▄██▄L█м≤нY▌M▌█▌YуTT■яQQп√KVPрUт⌠уврQпS▒т▒Q▒T▒S░яWп▓S▒S▒кRQт░UQу▒T▓Q▓QQ▌▌ьX▌LX▄L▌XXммNYXы█Y≤█▄ммLм█▄L≥▌▄XьлYXы█XммьмPуU▒WсPTуT≈у▄≈рSSQV▒п≈п▓S▒S▒влк█▄LлNмMWсLплLLм▀LML▄▀XM▄≤нMьLX▄YX≤▄ь▄▌X▄LLL≥L█мNMм▄ьXM▄NM▄█X▄Y≥█нNX≤M▄мLлы≤▄≤▀ммXNл██▌LYM≤▄нY▄≤▄≤ньN▄≥YM▄NMыNLмML≤M≤▄ы▄≤▌≥▄▌KуTT■яQQп√KVPрUт⌠уврQпS▒т▒Q▒T▒S░яWп▓S▒S▒кRQт░UQу▒T▓Q▓QQ▌▌ьX▌LX▄L▌XXммNYXы█Y≤█▄ммLм█▄L≥▌▄XьлYXы█XммьмPуU▒WсPTуT≈у▄≈рSSQV▒п≈п▓S▒S▒влк█▄LлNKмMWсLплMKMкLLL▄▀лNм▌л█▄LNNьX≤█L≥≥≥XY▄Xм▄≥XMYL≤▄мNLыY≥▌█Y▌LLм█Xл▀██ы≥▄мNL▄ммлXы█LыNY▄YNNXYNNNYXлнмлмL▌XL██м≥XLнYLмY▌NKуTT■яQQп√KVPрUт⌠уврQпS▒т▒Q▒T▒S░яWп▓S▒S▒кRQт░UQу▒T▓Q▓QQ▌▌ьX▌LX▄L▌XXммNYXы█Y≤█▄ммLм█▄L≥▌▄XьлYXы█XммьмPуU▒WсPTуT≈у▄≈рSSQV▒п≈п▓S▒S▒влк█▄Lл▄мMWсLпл▄MLKLкL█MYXY█YL≤≤ыNYLLлNMXLь≤Y≤≤LьY≥LNXы≤█лмXMYLMл█мMы≤█л▀X▄ынX≤ьл██ль≤лмь▌N█лььM█Xьл█мнY▄ь███L▄▌Lы≤н▄≤Lы≥уTT■яQQп√KVPрUт⌠уврQпS▒т▒Q▒T▒S░яWп▓S▒S▒кRQт░UQу▒T▓Q▓QQ▌▌ьX▌LX▄L▌XXммNYXы█Y≤█▄ммLм█▄L≥▌▄XьлYXы█XммьмPуU▒WсPTуT≈у▄≈рSSQV▒п≈п▓S▒S▒влк█▄Lл▄KмMWсLпл█KMNLкL█Lь█ыXNMьNYY≥Y▄ыMыMм█≤▄▄лXллLнNX≥M▄ьLLM▄▄ьмм█м≥▄≤ь≤KXнXNN≥L▌лмм≤ыM≤ыN▌Y≤нLXY██L≥XMLMм▌L≥Y≤м≤лX≥YYы▄▀уTT■яQQп√KVPрUт⌠уврQпS▒т▒Q▒T▒S░яWп▓S▒S▒кRQт░UQу▒T▓Q▓QQ▌▌ьX▌LX▄L▌XXммNYXы█Y≤█▄ммLм█▄L≥▌▄XьлYXы█XммьмPуU▒WсPTуT≈у▄≈рSSQV▒п≈п▓S▒S▒влк█▄Lл▄▀мMWсLпллM█KNKL█▀█≤LX▄MлLмMX▌мY≥≥L≤ьYLL≥MYLMX█MLLьXь≤мM█XмMX█ыYXNлM▄ьььлLьNLь▄N≤ьNLы▄мл≥ы≥L█≥XмлM≥≤≤LLMMмX≤N█NYMMуTT■яQQп√KVPрUт⌠уврQпS▒т▒Q▒T▒S░яWп▓S▒S▒кRQт░UQу▒T▓Q▓QQ▌▌ьX▌LX▄L▌XXммNYXы█Y≤█▄ммLм█▄L≥▌▄XьлYXы█XммьмPуU▒WсPTуT≈у▄≈рSSQV▒п≈п▓S▒S▒влк█▄Lл▄кмMWсLплмKMл▀ML█▀▄▌MьыX▌YLыNYл≤█YLLллм▌ь▌█≥█▄▄ы▄Y█NXNY▌MM▄≥≤YLMXKMлы▌LMм≥▄M▌Y█▄≥▄LлYMY▌≥▄ь█LLьлNльM≥▄YM▄LX█м▀уTT■яQQп√KVPрUт⌠уврQпS▒т▒Q▒T▒S░яWп▓S▒S▒кRQт░UQу▒T▓Q▓QQ▌▌ьX▌LX▄L▌XXммNYXы█Y≤█▄ммLм█▄L≥▌▄XьлYXы█XммьмPуU▒WсPTуT≈у▄≈рSSQV▒п≈п▓S▒S▒влк█▄Lл█мMWсLплMнKL█▀ь▌Xл≤█л≤нMNьYMл█ы▄NLнNNыXы▄XльYыY█LL▄ыM▌мM▀Y≤X≤LYX▄≥▌LлммLM▄Xь▌ыL█MMл≤YXь▌MYNмLXь≥LXL▌YьлMLкуTT■яQQп√KVPрUт⌠уврQпS▒т▒Q▒T▒S░яWп▓S▒S▒кRQт░UQу▒T▓Q▓QQ▌▌ьX▌LX▄L▌XXммNYXы█Y≤█▄ммLм█▄L≥▌▄XьлYXы█XммьмPуU▒WсPTуT≈у▄≈рSSQV▒п≈п▓S▒S▒влк█▄Lл█KмMWсLплKNKL▌≤█YNLXNLлLYLX▌NXнX≤MьL█M▌█≥YXыл▄▌MMM▌≥▄▌█ыMнMLKLлNX≥≤мыYL▌X█л≥NMMмлMXл▌YYьXмM≤█ыLMы▄LуTT■яQQп√KVPрUт⌠уврQпS▒т▒Q▒T▒S░яWп▓S▒S▒кRQт░UQу▒T▓Q▓QQ▌▌ьX▌LX▄L▌XXммNYXы█Y≤█▄ммLм█▄L≥▌▄XьлYXы█XммьмPуU▒WсPTуT≈у▄≈рSSQV▒п≈п▓S▒S▒влк█▄Lл█▀мMWсLплLNL▀нKL▌KьLлM▄лмY≤███Nы▌YY▌M▄XLыL▄м≤L≤Yл≥XXLлл█лML▄л▄мнX▌Y▄LX▀NMы▄≤лXMмYMY≤нмMNлMм≥NX█X≤≤LXны▌▌≥≥≥██ьлMX▄▄Xм█уTT■яQQп√KVPрUт⌠уврQпS▒т▒Q▒T▒S░яWп▓S▒S▒кRQт░UQу▒T▓Q▓QQ▌▌ьX▌LX▄L▌XXммNYXы█Y≤█▄ммLм█▄L≥▌▄XьлYXы█XммьмPуU▒WсPTуT≈у▄≈рSSQV▒п≈п▓S▒S▒влк█▄Lл█кмMWсLплMKNNл▀LлLMNL█м▄MмнNYLнXьL≤≤ь█L≤льмнMлл≥XLнX██Y≥X██лм▌NYY≥▌YLнX≥Y≤л▌Mь▌▄мXM█нNльмX▄X≥▄Y≤ь█LX█≥Y▌LMXX≥≤LлуTT■яQQп√KVPрUт⌠уврQпS▒т▒Q▒T▒S░яWп▓S▒S▒кRQт░UQу▒T▓Q▓QQ▌▌ьX▌LX▄L▌XXммNYXы█Y≤█▄ммLм█▄L≥▌▄XьлYXы█XммьмPуU▒WсPTуT≈у▄≈рSSQV▒п≈п▓S▒S▒влк█▄Lл▌мMWсLпл▄▄K█LлK▌нммYXM█ы≥≤██ллYMY≥MM██≥N▄Y≤≥≥█≥MмY≤XL█▄L≥м≥≥LXмыYл▌▌M≤≥LNX≥NлX≥▄ы▄█≥NмL≤XNлуTT■яQQп√KVPрUт⌠уврQпS▒т▒Q▒T▒S░яWп▓S▒S▒кRQт░UQу▒T▓Q▓QQ▌▌ьX▌LX▄L▌XXммNYXы█Y≤█▄ммLм█▄L≥▌▄XьлYXы█XммьмPуU▒WсPTуT≈у▄≈рSSQV▒п≈п▓S▒S▒влк█▄Lл▌KмMWсLпл█K▄LKMLл▀≤л≥L█▄█XX█лнNN≤лMы≥YY≤лMмм▄▌YYмь≥ыYM▄LY█Lм≤≥█≥KLM≤M≤ьь≥≤█нMXM█LлMM▄▌X▌≤▄█млнYL≥NXыYMLX█X█YкуTT■яQQп√KVPрUт⌠уврQпS▒т▒Q▒T▒S░яWп▓S▒S▒кRQт░UQу▒T▓Q▓QQ▌▌ьX▌LX▄L▌XXммNYXы█Y≤█▄ммLм█▄L≥▌▄XьлYXы█XммьмPуU▒WсPTуT≈у▄≈рSSQV▒п≈п▓S▒S▒влк█▄LллмMWсLплл▄Mк▀LлкыXML▌MNлл≥YNL█L█ыL▄YM█мNлм▄≥ыXNL▌▄нML≤мLыXXь▄Lь█кMмлM▄YMX≤M≤нNL█MьLM≥Y▄X█мL█▄ьнM▄л≥█XX▄█ь█LмL≥█X▄ь≥XNKуTT■яQQп√KVPрUт⌠уврQпS▒т▒Q▒T▒S░яWп▓S▒S▒кRQт░UQу▒T▓Q▓QQ▌▌ьX▌LX▄L▌XXммNYXы█Y≤█▄ммLм█▄L≥▌▄XьлYXы█XммьмPуU▒WсPTуT≈у▄≈рSSQV▒п≈п▓S▒S▒влк█▄LллKмMWсLплмK▄▄к█LмK█Lы≥XлLы≤M▌LыNXMы█л█▄≤LYммY≥LыY▄нY≤≥M▄лнLн▌XыM▀NMMл▌Y≤█≥≥L█м▌Y█Lь███XыL█ьM≥Y█MнM≤ь≤█N≥Xм≥YнYL▀уTT■яQQп√KVPрUт⌠уврQпS▒т▒Q▒T▒S░яWп▓S▒S▒кRQт░UQу▒T▓Q▓QQ▌▌ьX▌LX▄L▌XXммNYXы█Y≤█▄ммLм█▄L≥▌▄XьлYXы█XммьмPуU▒WсPTуT≈у▄≈рSSQV▒п≈п▓S▒S▒влк█▄Lлл▀мMWсLпл▄▌KLмKлм≤M≥XYMNXымнLлм≤≤█лMлYN≥≥YY≤лYLьыMнMм≥▄ы▄█нXYMмXм▄▀≥≤MYL█MMLL≥Mыь▄ыYыNMы▄мX▄XMLм≤Nл▌≥▌X≥█YLьыL≥YуTT■яQQп√KVPрUт⌠уврQпS▒т▒Q▒T▒S░яWп▓S▒S▒кRQт░UQу▒T▓Q▓QQ▌▌ьX▌LX▄L▌XXммNYXы█Y≤█▄ммLм█▄L≥▌▄XьлYXы█XммьмPуU▒WсPTуT≈у▄≈рSSQV▒п≈п▓S▒S▒влк█▄LллкмMWсWплKLMKLLкNM▄▄н▌MYLLм██лммьмнM≤▄ыY▄█▄Mым▄≥л▄нLLмNM█LLX≤█M█MY≤ыLYM▄ь▄лмY█M▌L▌X█Y≤█≤MNLл▌LN▌YNM≥█≤MнммкуTT■яQQп√KVPрUт⌠уврQпS▒т▒Q▒T▒S░яWп▓S▒S▒кRQт░UQу▒T▓Q▓QQ▌▌ьX▌LX▄L▌XXммNYXы█Y≤█▄ммLм█▄L≥▌▄XьлYXы█XммьмPуU▒WсPTуT≈у▄≈рSSQV▒п≈п▓S▒S▒влк█▄LлммMWсWплLL▄кLKLKмьыMLнY≤млXнYMMNNM█лLNXNYMыл≥ь█▄MMь▄NM▄м≤▄█MK▄▄▌XьYLYл▄≤▌LLL≥≥▄≤≤M≥█X≥XнX▄ьL▌Y█л▄XXл≥L█M≤▄≤Y▄мнMькуTT■яQQп√KVPрUт⌠уврQпS▒т▒Q▒T▒S░яWп▓S▒S▒кRQт░UQу▒T▓Q▓QQ▌▌ьX▌LX▄L▌XXммNYXы█Y≤█▄ммLм█▄L≥▌▄XьлYXы█XммьмPуU▒WсPTуT≈у▄≈рSSQV▒п≈п▓S▒S▒влк█▄LлмKмMWсWплMKLлKNLK█MXнL▄LL▌LY▄ыL≥Mл≥XььNNY≤лыXL≤YX█▄█мXль≥X▌мYM▌YьыыYLNLLY█NX▄YX▄▄▌≤≤█нMь█мYл▌MM≥▄L▄ьLNY▄лн▌LммьллуTT■яQQп√KVPрUт⌠уврQпS▒т▒Q▒T▒S░яWп▓S▒S▒кRQт░UQу▒T▓Q▓QQ▌▌ьX▌LX▄L▌XXммNYXы█Y≤█▄ммLм█▄L≥▌▄XьлYXы█XммьмPуU▒WсPTуT≈у▄≈рSSQV▒п≈п▓S▒S▒влк█▄Lлм▀мMWсWпл▄LмкMLLK▄Mллм▄L█ь▄█MмN≥LL█▄ы≥LLY▌Xы▌MьYлYYмNмXLь▄▄Y█MXMк█≥█NYMльм█X▄LYL▄▄Lы▄Yн▄LY█LьмллLнMYL█M█XLMмYML▄LLM▄уTT■яQQп√KVPрUт⌠уврQпS▒т▒Q▒T▒S░яWп▓S▒S▒кRQт░UQу▒T▓Q▓QQ▌▌ьX▌LX▄L▌XXммNYXы█Y≤█▄ммLм█▄L≥▌▄XьлYXы█XммьмPуU▒WсPTуT≈у▄≈рSSQV▒п≈п▓S▒S▒влк█▄LлмкмMWсWпл█KMLLLK≥X≤LLмьYMы≤█LY█XYY≥L▄л█нлLMX≤▌Lы▄█XыL██млмллмнYM▀лмMлNX█ьл≤█ML██▌Lь≤MльXл≥XM▄█нY█нLы█≤█м≤█ььмY▌MKуTT■яQQп√KVPрUт⌠уврQпS▒т▒Q▒T▒S░яWп▓S▒S▒кRQт░UQу▒T▓Q▓QQ▌▌ьX▌LX▄L▌XXммNYXы█Y≤█▄ммLм█▄L≥▌▄XьлYXы█XммьмPуU▒WсPTуT≈у▄≈рSSQV▒п≈п▓S▒S▒влк█▄LлнмMWсWпллMLK▀LLклN▄▄LнLлY█ьL▄▌MLLыM▄≤Y▄LML██M▌LыX≤м█MM≤мнл█▄кMMNXXнммYLьыьмыNXL≤XLнY▄█нLлMмымн▄л▌Y≥Y█▄Y█X▌X▄лы▀уTT■яQQп√KVPрUт⌠уврQпS▒т▒Q▒T▒S░яWп▓S▒S▒кRQт░UQу▒T▓Q▓QQ▌▌ьX▌LX▄L▌XXммNYXы█Y≤█▄ммLм█▄L≥▌▄XьлYXы█XммьмPуU▒WсPTуT≈у▄≈рSSQV▒п≈п▓S▒S▒влк█▄LлнKмMWсWплмKMN▀LLкмы▄N█L█нLLьXYL▌M█▄▌LX≥▄Xл█▌Y▌M▌L▌YM▄ьMлл≥≤▄NNYXмьK≥▄▄мMь▌XX▄MнM▄мYL≤LлNXLMM≤ыXLы█млньы▄MлNL▄XLмылLнKуTT■яQQп√KVPрUт⌠уврQпS▒т▒Q▒T▒S░яWп▓S▒S▒кRQт░UQу▒T▓Q▓QQ▌▌ьX▌LX▄L▌XXммNYXы█Y≤█▄ммLм█▄L≥▌▄XьлYXы█XммьмPуU▒WсPTуT≈у▄≈рSSQV▒п≈п▓S▒S▒влк█▄LлмMWсWплM█KмкLMN█Xл▌Xл▄M▌Y▄XыLNXыьмLNY≤▌мLмY█Lм≤X▌█л█лMыNX≥MмыL▀L█L█LыXLм≥ь█ньыMX█▄ьM≤Y▄█≤≥MыX▌LMл█Lл≤ы▌NXм▌X▀уTT■яQQп√KVPрUт⌠уврQпS▒т▒Q▒T▒S░яWп▓S▒S▒кRQт░UQу▒T▓Q▓QQ▌▌ьX▌LX▄L▌XXммNYXы█Y≤█▄ммLм█▄L≥▌▄XьлYXы█XммьмPуU▒WсPTуT≈у▄≈рSSQV▒п≈п▓S▒S▒влк█▄LлKмMWсWплKMлKлKLM▀≥▄Y▄м█Xлм≥≤лнL≤ьы█≤LXм≤XX█≤M▄XыMYYYNXыLлYXL▄ы≤LлMллXY▄нMььлм█≥L█≥Y█л▄≤LмнMнLYM≥██≤ы≥XXYXлLLь≥█≥≤█Y▄м▌LлNKуTT■яQQп√KVPрUт⌠уврQпS▒т▒Q▒T▒S░яWп▓S▒S▒кRQт░UQу▒T▓Q▓QQ▌▌ьX▌LX▄L▌XXммNYXы█Y≤█▄ммLм█▄L≥▌▄XьлYXы█XммьмPуU▒WсPTуT≈у▄≈рSSQV▒п≈п▓S▒S▒влк█▄Lл▀мMWсWплLMмк█LMKXNY≥█LлXл≥нMMLь█Y≤м█мXы▌LYY█▄мл█мMYMMн≥нYN≥Xм▄ннK≤█≥L▌Y▄LнX█NнMлX█MLY█≤мьл≥Mл≥м▄█▌≥MM▌L≥≤X▄Mь≤X≥м▄уTT■яQQп√KVPрUт⌠уврQпS▒т▒Q▒T▒S░яWп▓S▒S▒кRQт░UQу▒T▓Q▓QQ▌▌ьX▌LX▄L▌XXммNYXы█Y≤█▄ммLм█▄L≥▌▄XьлYXы█XммьмPуU▒WсPTуT≈у▄≈рSSQV▒п≈п▓S▒S▒влк█▄LлкмMWсWплMKNMкLN█Y≤Y▄мььY█▄M█YNXл≥L▄NLXXмь█M≤LM▌YNлX▌мNX█M▄K▌Lьм█MмYMM█▄XLьмXь▄L█мм█ыл█▌Y≤L█≥M█LXXM█ьмMNYN█Mл≥KуTT■яQQп√KVPрUт⌠уврQпS▒т▒Q▒T▒S░яWп▓S▒S▒кRQт░UQу▒T▓Q▓QQ▌▌ьX▌LX▄L▌XXммNYXы█Y≤█▄ммLм█▄L≥▌▄XьлYXы█XммьмPуU▒WсPTуT≈у▄≈рSSQV▒п≈п▓S▒S▒влк█▄LлмMWсWпл▄NLLNXNXL▄нL█M≤███LXM█л≤NXXм≤NLьыM█Xл▄лXьнNL▌NXL█NYыMNннK▄Y▄м▌ьX█≤▌YY▄ьы▄L≥X≥Xм▌LлNыY██≤▄█L≤Yм≥▌≤LлL≥Y≤мMXKуTT■яQQп√KVPрUт⌠уврQпS▒т▒Q▒T▒S░яWп▓S▒S▒кRQт░UQу▒T▓Q▓QQ▌▌ьX▌LX▄L▌XXммNYXы█Y≤█▄ммLм█▄L≥▌▄XьлYXы█XммьмPуU▒WсPTуT≈у▄≈рSSQV▒п≈п▓S▒S▒влк█▄LлKмMWсWпл█KNMKм▀LNKX█м≤YXYMX≤█≤≤ьLLL≥YLX≥M▄▄XMM≤лл▄нMлX█▄н▌NYYLM≥≤XLXн█лM≥▌M≥YYX▌NY▄ыMныNYX▌XXMMM≥м█▄≥█▄▌M▄X█▄X▄KуTT■яQQп√KVPрUт⌠уврQпS▒т▒Q▒T▒S░яWп▓S▒S▒кRQт░UQу▒T▓Q▓QQ▌▌ьX▌LX▄L▌XXммNYXы█Y≤█▄ммLм█▄L≥▌▄XьлYXы█XммьмPуU▒WсPTуT≈у▄≈рSSQV▒п≈п▓S▒S▒влк█▄Lл▀мMWсWплл▄▀M▀L▄MьYYM█M≤лLY▌≤Y█N█X█ль▄мXX█NX≤≤ML█ынMьMлYL█м▌YM▄≤K▌ынM█м▌NMлL▌≤лLLнMXMльM≥██LMь▌≤█ML█мллYXL≥уTT■яQQп√KVPрUт⌠уврQпS▒т▒Q▒T▒S░яWп▓S▒S▒кRQт░UQу▒T▓Q▓QQ▌▌ьX▌LX▄L▌XXммNYXы█Y≤█▄ммLм█▄L≥▌▄XьлYXы█XммьмPуU▒WсPTуT≈у▄≈рSSQV▒п≈п▓S▒S▒влк█▄LлкмMWсWплмK▄кL▄Kы≥█нMLY≥м≥XыL≤YYY≤≥мN▄MьмлYYYXML█L≤ьL▄▄мLм▄лл≥LY▌ьXNL▌MXLY≤MMM▄M≥NM█ьYYLLM▌N▄≥NLь≤█L█≤NыL≤ыMл▀уTT■яQQп√KVPрUт⌠уврQпS▒т▒Q▒T▒S░яWп▓S▒S▒кRQт░UQу▒T▓Q▓QQ▌▌ьX▌LX▄L▌XXммNYXы█Y≤█▄ммLм█▄L≥▌▄XьлYXы█XммьмPуU▒WсPTуT≈у▄≈рSSQV▒п≈п▓S▒S▒влк█▄LлмMWсплKL▀LKM▄≥≤█мNYY█▄Xмлы▄≤█≤нM█≤XXнYYMлYYMьNMнLL▄MьY≥ы≤мY▄≥MмKн█мYYMXL█ML▄█MыLN▌YXYML▌YььLMNLлX▌NMмXYMм▌X≥KуTT■яQQп√KVPрUт⌠уврQпS▒т▒Q▒T▒S░яWп▓S▒S▒кRQт░UQу▒T▓Q▓QQ▌▌ьX▌LX▄L▌XXммNYXы█Y≤█▄ммLм█▄L≥▌▄XьлYXы█XммьмPуU▒WсPTуT≈у▄≈рSSQV▒п≈п▓S▒S▒влк█▄LлKмMWсплLLKM▀≤≤MLLнYYX▌м▄м██L▄▌Y▄█ыNL≥YL≥≥≤≥█≤ы█NM█м≥▌█LнNM▀L≤█Lлы≤лXл≤м▄█ы≥M≤█MмлL█NNYMY≥█≥MлL▄▄≤▄LX≥▄ннL▄ьл▌▀уTT■яQQп√KVPрUт⌠уврQпS▒т▒Q▒T▒S░яWп▓S▒S▒кRQт░UQу▒T▓Q▓QQ▌▌ьX▌LX▄L▌XXммNYXы█Y≤█▄ммLм█▄L≥▌▄XьлYXы█XммьмPуU▒WсPTуT≈у▄≈рSSQV▒п≈п▓S▒S▒влк█▄LлLмMWсплMKLMкKM▀ы█≤█мMX▄▌MMYMMYYXыNмMNLмыLльнLNнXL█▄XYYNM≤▌KYL≥MYYXL≥MLX▄M█ьмнYL▄▄м▄лY▌M██ыьX≤█ыN≥M▄MнLX≥XMKуTT■яQQп√KVPрUт⌠уврQпS▒т▒Q▒T▒S░яWп▓S▒S▒кRQт░UQу▒T▓Q▓QQ▌▌ьX▌LX▄L▌XXммNYXы█Y≤█▄ммLм█▄L≥▌▄XьлYXы█XммьмPуU▒WсPTуT≈у▄≈рSSQV▒п≈п▓S▒S▒влк█▄LлLKмMWспл▄L█▀NMлMMмм≤Mл▌YнX≥≤≤мMXнX≤▄NMLнM≥YX≤XLNMь▄XLлXм≤Mь▄лкL██▄≥▌MMыMл█X█Y▄▄███L▌MXл≤л█XлыMLYNY▌NX█MььMл▄≤мкуTT■яQQп√KVPрUт⌠уврQпS▒т▒Q▒T▒S░яWп▓S▒S▒кRQт░UQу▒T▓Q▓QQ▌▌ьX▌LX▄L▌XXммNYXы█Y≤█▄ммLм█▄L≥▌▄XьлYXы█XммьмPуU▒WсPTуT≈у▄≈рSSQV▒п≈п▓S▒S▒влк█▄LлL▀мMWспл█KLлKнNM▄NLXMLы≥≥Y██ьY≤ммлLлыYLXыXьLNLXM▄ныLь██LMмYYлY≥X≥█K█▄ы█мыYXLы█≤ыMм▌Y≤XлMMXьNL≤▌X█NXы█ыLYM≥█▄≥уTT■яQQп√KVPрUт⌠уврQпS▒т▒Q▒T▒S░яWп▓S▒S▒кRQт░UQу▒T▓Q▓QQ▌▌ьX▌LX▄L▌XXммNYXы█Y≤█▄ммLм█▄L≥▌▄XьлYXы█XммьмPуU▒WсPTуT≈у▄≈рSSQV▒п≈п▓S▒S▒влк█▄LлLкмMWспллLмклкLM≥YMнMXY≤YYLYLльыLм█ы▄Lьл≥Mльмы▌NXн█ьNMлн█м▄Mл▄≤≤лNNYLL▄≤≥≤лLM▄▄≥ьLь██лм▌Y▌≥L≥X≥ы█ьLLн██≤▌X≥LMуTT■яQQп√KVPрUт⌠уврQпS▒т▒Q▒T▒S░яWп▓S▒S▒кRQт░UQу▒T▓Q▓QQ▌▌ьX▌LX▄L▌XXммNYXы█Y≤█▄ммLм█▄L≥▌▄XьлYXы█XммьмPуU▒WсPTуT≈у▄≈рSSQV▒п≈п▓S▒S▒влк█▄LлMмMWсплмKMк▌KLMNYL≤MM▄ы≥X▄ыMмNы█Y▌M≥█ы▄ь█▄█XL▌▌XM▄лы▄MY≤лMYLьKмыL≥▄▌LN≥▄MLллY≤м▄NLыM█▌XML█ы█L▄лYNXLY▄LмлнKуTT■яQQп√KVPрUт⌠уврQпS▒т▒Q▒T▒S░яWп▓S▒S▒кRQт░UQу▒T▓Q▓QQ▌▌ьX▌LX▄L▌XXммNYXы█Y≤█▄ммLм█▄L≥▌▄XьлYXы█XммьмPуU▒WсPTуT≈у▄≈рSSQV▒п≈п▓S▒S▒влк█▄LлMKмMWсплML█LKYL█ML██▌NлыY▄XLмYY≤≤≥▌L≤ьYM▌LL≤л▄▄NNMмм≥Mь▄ь▄ыMXKMлNY█XлNмыы≤≥NL▄ьлм≤м≥YMнM▄≤█ьYнMл█≤м▄MXMм█NXMLNKуTT■яQQп√KVPрUт⌠уврQпS▒т▒Q▒T▒S░яWп▓S▒S▒кRQт░UQу▒T▓Q▓QQ▌▌ьX▌LX▄L▌XXммNYXы█Y≤█▄ммLм█▄L≥▌▄XьлYXы█XммьмPуU▒WсPTуT≈у▄≈рSSQV▒п≈п▓S▒S▒влк█▄LлM▀мMWсплKMM▀NLкмMмNXмNYлнXлXы≤XмN≥YLMYLNYYXмNMь█▄MXN▄≤NMMмYM≤≤≥KньмYNL▌NL▄лL≤▌▄X██LXл▌YNX▌X██LNM≤ьXммыMы≥MY▄NXNXMь▀уTT■яQQп√KVPрUт⌠уврQпS▒т▒Q▒T▒S░яWп▓S▒S▒кRQт░UQу▒T▓Q▓QQ▌▌ьX▌LX▄L▌XXммNYXы█Y≤█▄ммLм█▄L≥▌▄XьлYXы█XммьмPуU▒WсPTуT≈у▄≈рSSQV▒п≈п▓S▒S▒влк█▄LлMкмMWсплLM▄▀LLкYM█▄лML▄YLьYXлXMML█лXнN≥LY▄▄л▄▌≤Mлм█≥льлLLLKN≥YNMл▌XыYLм█≤≤MLн▌MмNL≥M▌≥▄▌XнX█Xм≤мXXLL█≥≥Y▌Y▄уTT■яQQп√KVPрUт⌠уврQпS▒т▒Q▒T▒S░яWп▓S▒S▒кRQт░UQу▒T▓Q▓QQ▌▌ьX▌LX▄L▌XXммNYXы█Y≤█▄ммLм█▄L≥▌▄XьлYXы█XммьмPуU▒WсPTуT≈у▄≈рSSQV▒п≈п▓S▒S▒влк█▄LлNмMWсплMKM▌KL≤ммMнX▌L▌█▄M≤мьм█Yьы≥█▌N▌LMXы▄ььLм▄L▄Lм≤▄█M▄лLY≥Xк▄YLLы██≥▄X≥≤ьы≤ллы▄LьыY▄млMM█LьмLL▄мл≥▄лнY▌L≥▄н▄▄KуTT■яQQп√KVPрUт⌠уврQпS▒т▒Q▒T▒S░яWп▓S▒S▒кRQт░UQу▒T▓Q▓QQ▌▌ьX▌LX▄L▌XXммNYXы█Y≤█▄ммLм█▄L≥▌▄XьлYXы█XммьмPуU▒WсPTуT≈у▄≈рSSQV▒п≈п▓S▒S▒влк█▄LлNKмMWспл▄Mм▌KLK≥█≤мY≥≤█LнY█MNMLы█M▄≤LнNMY█мы▌L▌YNMмLXнM▌NыMлLмы▀Lм≤MньынM▄X▌NM▄L▌L≤▌MлнXLMY▌MYYXYMммXLM█Yьм▄█KуTT■яQQп√KVPрUт⌠уврQпS▒т▒Q▒T▒S░яWп▓S▒S▒кRQт░UQу▒T▓Q▓QQ▌▌ьX▌LX▄L▌XXммNYXы█Y≤█▄ммLм█▄L≥▌▄XьлYXы█XммьмPуU▒WсPTуT≈у▄≈рSSQV▒п≈п▓S▒S▒влк█▄Lл▄мMWспл█KNкL▀XM≤нMXNLнM≤X≥≤ымLNM≤≤м▌≥M≤█▌XYL≤ь≥X≥█▄▌█ы≤▄M≥▄ыY▄X≤ь▄ьыMь▀YNYXь≥NMLYYLMY▄ы▌L██ь≤≤YYLLмьыMNMMьY▌≥Mь≤≤L≤лLн▄KуTT■яQQп√KVPрUт⌠уврQпS▒т▒Q▒T▒S░яWп▓S▒S▒кRQт░UQу▒T▓Q▓QQ▌▌ьX▌LX▄L▌XXммNYXы█Y≤█▄ммLм█▄L≥▌▄XьлYXы█XммьмPуU▒WсPTуT≈у▄≈рSSQV▒п≈п▓S▒S▒влк█▄Lл▄KмMWспллN▀LкLXлMYXм≥M≥Mн≥ь█MMMMMм▄лм≥ьYM▄нN≥██≤ьнMX▄л█▄ьмMXK▌NLYMл≥YMы▌NNL≤YMмXLNNXX≤м≥L≤льыYYYXь▄█NY≤Y≥M█▌XY≤мKуTT■яQQп√KVPрUт⌠уврQпS▒т▒Q▒T▒S░яWп▓S▒S▒кRQт░UQу▒T▓Q▓QQ▌▌ьX▌LX▄L▌XXммNYXы█Y≤█▄ммLм█▄L≥▌▄XьлYXы█XммьмPуU▒WсPTуT≈у▄≈рSSQV▒п≈п▓S▒S▒влк█▄Lл▄▀мMWсмWплKLнK▀мMLм▄XмXлLы█мL≤Y█м≥ы≤л█L█ьXXмXы≤▄л█ы▄ы≥нN▌XLькLнL█M≥MY≥LNNLнLLлLM▌L█XыXNLлммь█LнM▄≤ыL≥█L█ьмM▀уTT■яQQп√KVPрUт⌠уврQпS▒т▒Q▒T▒S░яWп▓S▒S▒кRQт░UQу▒T▓Q▓QQ▌▌ьX▌LX▄L▌XXммNYXы█Y≤█▄ммLм█▄L≥▌▄XьлYXы█XммьмPуU▒WсPTуT≈у▄≈рSSQV▒п≈п▓S▒S▒влк█▄Lл▄кмMWсмWплLMкм▀кьмX█▄Y▄м≥LL▌XNYLлнYMY≥█≥X█≥▄ьL█мY≥≥▄нYкннY▌N█YX≤M≤▄мL≥X≤█ыMX██▌Mы≥██YьX█ьMLы▄нNMм▌л≥█Y≤XнуTT■яQQп√KVPрUт⌠уврQпS▒т▒Q▒T▒S░яWп▓S▒S▒кRQт░UQу▒T▓Q▓QQ▌▌ьX▌LX▄L▌XXммNYXы█Y≤█▄ммLм█▄L≥▌▄XьлYXы█XммьмPуU▒WсPTуT≈у▄≈рSSQV▒п≈п▓S▒S▒влк█▄Lл█мMWсмWплMKLлк≤Xы≥≤≥ML▄MнYYLYмм▄XNYY▄YLXX≤Y▌X▌█млнMы█мL▄▄M▌≤млмKX▄█≤мы▌M≤▄лN≥Y≤█л≤ь▄м≤YLыMьYYLX▄ML≤ымYXмX≤KуTT■яQQп√KVPрUт⌠уврQпS▒т▒Q▒T▒S░яWп▓S▒S▒кRQт░UQу▒T▓Q▓QQ▌▌ьX▌LX▄L▌XXммNYXы█Y≤█▄ммLм█▄L≥▌▄XьлYXы█XммьмPуU▒WсPTуT≈у▄≈рSSQV▒п≈п▓S▒S▒влк█▄Lл█KмMWсмWпл▄LLKл▀▄NM▄лы█X██▄мL≥XN▄LM≤▄м≤▄ль█XXмM█YN▌L≤█NXл█▄мL▄л█кL≥≤м▄нM≥нLм≤ы█MY≥≥NM▄█MлYлнMXнYNYYMыLYY█▄L▀уTT■яQQп√KVPрUт⌠уврQпS▒т▒Q▒T▒S░яWп▓S▒S▒кRQт░UQу▒T▓Q▓QQ▌▌ьX▌LX▄L▌XXммNYXы█Y≤█▄ммLм█▄L≥▌▄XьлYXы█XммьмPуU▒WсPTуT≈у▄≈рSSQV▒п≈п▓S▒S▒влк█▄Lл█▀мMWсмWпл█KLMк█▀▀мXнLNмMNX▄м█л▌XнLл≥NXмL≤нM≤ььлнLMLл▄м▌MьLMXM▄NLKнXY≤ьн≤▄LнL≥≥MN≤мм█YYLL█N≥MYMNмYLмлXьымь█▄MKуTT■яQQп√KVPрUт⌠уврQпS▒т▒Q▒T▒S░яWп▓S▒S▒кRQт░UQу▒T▓Q▓QQ▌▌ьX▌LX▄L▌XXммNYXы█Y≤█▄ммLм█▄L≥▌▄XьлYXы█XммьмPуU▒WсPTуT≈у▄≈рSSQV▒п≈п▓S▒S▒влк█▄Lл█кмMWсмWпллL█▄KьXY≤≤█м≤▄LXY≤XыXXн≥≤л≤NLMьмьM█MN≥M▌LMM≤XXXьMLXьы██кXM▄M█XX▄≥LлY▄YL█ны≥█ьыN█L≤м▄█▄█≤Lь▌N≥LNYXXYNY▄л≤Y▄YуTT■яQQп√KVPрUт⌠уврQпS▒т▒Q▒T▒S░яWп▓S▒S▒кRQт░UQу▒T▓Q▓QQ▌▌ьX▌LX▄L▌XXммNYXы█Y≤█▄ммLм█▄L≥▌▄XьлYXы█XммьмPуU▒WсPTуT≈у▄≈рSSQV▒п≈п▓S▒S▒влк█▄Lл▌мMWсмWплмKLлM▀Xь≤LлLл▄MMмMMыMLьMYM█ь≤XьлL▄ллLMыL▄≤LM█≥▄мл▌Y▌Xь██L≤ьк≤Lь≤ь≥Y≤█≥NNX≥NLл█ь██≥Xм█Lы▌MLLл█X▄▌LыXл▄▌X≤▄н≤▄LуTT■яQQп√KVPрUт⌠уврQпS▒т▒Q▒T▒S░яWп▓S▒S▒кRQт░UQу▒T▓Q▓QQ▌▌ьX▌LX▄L▌XXммNYXы█Y≤█▄ммLм█▄L≥▌▄XьлYXы█XммьмPуU▒WсPTуT≈у▄≈рSSQV▒п≈п▓S▒S▒влк█▄Lл▌KмMWсмWплLм▀LMY▄MнL≥▄LлNXлMыYN≤▌Y▄мнMYL≤м▄лLYY▄нлныLLXXн▀≤м█мYY▄X█ллм▌YYLLYLNмY▌X▄нXмL▄█≤м▌YLмLь≤▄ыNL█XYYYKуTT■яQQп√KVPрUт⌠уврQпS▒т▒Q▒T▒S░яWп▓S▒S▒кRQт░UQу▒T▓Q▓QQ▌▌ьX▌LX▄L▌XXммNYXы█Y≤█▄ммLм█▄L≥▌▄XьлYXы█XммьмPуU▒WсPTуT≈у▄≈рSSQV▒п≈п▓S▒S▒влк█▄LллмMWсмWплKM▀LNMл▌NннM▌XYXNм▄ьY▌ммY█ь≤ь≤█NNX≤ы▄мм≥≥MXьM▌Y█ы▀MыX≥м█▄LмMXьм██≥▌M≥▌X≤Xль▌LL▄▄лXYY▌NMыLмXX≤LмNL█YLKуTT■яQQп√KVPрUт⌠уврQпS▒т▒Q▒T▒S░яWп▓S▒S▒кRQт░UQу▒T▓Q▓QQ▌▌ьX▌LX▄L▌XXммNYXы█Y≤█▄ммLм█▄L≥▌▄XьлYXы█XммьмPуU▒WсPTуT≈у▄≈рSSQV▒п≈п▓S▒S▒влк█▄LллKмMWсмWплLMмKLMмM▄ьлM▄л▄Y▄≥▄NYL▌Lы█MNы≤L≥≤мLLMNMN█MY≤л▌YLX≥Kм▄мY█ньмы≥L≥Y≤NNY▌XNм▄▌MнNM≥≤▄MыYмым▄Lмм≥л≤ыNLKуTT■яQQп√KVPрUт⌠уврQпS▒т▒Q▒T▒S░яWп▓S▒S▒кRQт░UQу▒T▓Q▓QQ▌▌ьX▌LX▄L▌XXммNYXы█Y≤█▄ммLм█▄L≥▌▄XьлYXы█XммьмPуU▒WсPTуT≈у▄≈рSSQV▒п≈п▓S▒S▒влк█▄Lлл▀мMWсмWплMKMLк▄кL▀лLыл▄XL█MNNMм≤MлX█L≤м█нXлX≥NX█ь≤млX▄NMMыY█мYM▄Xмь▌L▀≤█XYьм≤▌LL≥XьыLMLY▌X▌ьLмNX█▄X≥M≥▌▌ыNLL≤█N▄ыYNLKуTT■яQQп√KVPрUт⌠уврQпS▒т▒Q▒T▒S░яWп▓S▒S▒кRQт░UQу▒T▓Q▓QQ▌▌ьX▌LX▄L▌XXммNYXы█Y≤█▄ммLм█▄L≥▌▄XьлYXы█XммьмPуU▒WсPTуT≈у▄≈рSSQV▒п≈п▓S▒S▒влк█▄LллкмMWсмWпл▄M▄LкMLN≤Xь▌XыYX▄XыMNYлLLX≤N█Y≤▄█NNLLM≤Mлл▄LY▌Lм▄▌▄Y█YK≤NL≤M≥LY▄Y▌ыNMYMYL█Lь█нNLN█YMYXы≥NXм▄л≤ыXMMLKуTT■яQQп√KVPрUт⌠уврQпS▒т▒Q▒T▒S░яWп▓S▒S▒кRQт░UQу▒T▓Q▓QQ▌▌ьX▌LX▄L▌XXммNYXы█Y≤█▄ммLм█▄L≥▌▄XьлYXы█XммьмPуU▒WсPTуT≈у▄≈рSSQV▒п≈п▓S▒S▒влк█▄LлммMWслплKнK▌лKXнLнMML≤M▌XLMьNLLXьлYX█▌YнYь≤лыL≥YL█мXллLNL≤Xы▄M█м▄мнXкY≥MмXLь≤≤LлM≤≥LмлY▄≤█≥≥ьNLYL██Y▄Xы▌▄ы≤л≤XYY≥≥≥▀уTT■яQQп√KVPрUт⌠уврQпS▒т▒Q▒T▒S░яWп▓S▒S▒кRQт░UQу▒T▓Q▓QQ▌▌ьX▌LX▄L▌XXммNYXы█Y≤█▄ммLм█▄L≥▌▄XьлYXы█XммьмPуU▒WсPTуT≈у▄≈рSSQV▒п≈п▓S▒S▒влк█▄LлмKмMWслплLK█KлкMYMYM▄нMм≤мMNM█≥XнLM≥L▄█ыL≥▄Lь▄≤мYL█▄Y≤LXM█X▄ьл▌YK≥NNXL█MыNNN█м≥▄▌M▌██X≥YYNXмY≤MYL≤▌≤Lл▄█ьллLь█ыKуTT■яQQп√KVPрUт⌠уврQпS▒т▒Q▒T▒S░яWп▓S▒S▒кRQт░UQу▒T▓Q▓QQ▌▌ьX▌LX▄L▌XXммNYXы█Y≤█▄ммLм█▄L≥▌▄XьлYXы█XммьмPуU▒WсPTуT≈у▄≈рSSQV▒п≈п▓S▒S▒влк█▄Lлм▀мMWслплMKLк▄▀лкX≤≥Yмм█XLMы≤█NLлмMM≥MMNX▌мл▌≤ы▄≥≥L█▌▌▄≥YM▄ыX≥K≤▌M≥▌MXмY▄ы≥≤▄MмLXл▄L≥LLY█M≥мYY█MMX≤л█лнMLMLYNN█YKуTT■яQQп√KVPрUт⌠уврQпS▒т▒Q▒T▒S░яWп▓S▒S▒кRQт░UQу▒T▓Q▓QQ▌▌ьX▌LX▄L▌XXммNYXы█Y≤█▄ммLм█▄L≥▌▄XьлYXы█XммьмPуU▒WсPTуT≈у▄≈рSSQV▒п≈п▓S▒S▒влк█▄LлмкмMWслпл▄NKNKмKнY█M█▄MMLь██YNLXмммлXMмь▌XыLYLX▌лMXь▄▄м██▄лMM█Y≤MмMмк▄LнM▄▌LNьL≤л█N≤█ыX█XLMLлLNл≥█Lы≤мYL▄ьны▄мY▄≤▌█▀уTT■яQQп√KVPрUт⌠уврQпS▒т▒Q▒T▒S░яWп▓S▒S▒кRQт░UQу▒T▓Q▓QQ▌▌ьX▌LX▄L▌XXммNYXы█Y≤█▄ммLм█▄L≥▌▄XьлYXы█XммьмPуU▒WсPTуT≈у▄≈рSSQV▒п≈п▓S▒S▒влк█▄LлнмMWслпл█KL▀MKмKNXнNL▄X≥▌лнLм≤м█Y▌LлX█YNY█L≥MмNY▄≤Mь≥L≤ыNYLLL█L≤K▄≥Y▄мL▄≥≥▌ллль██≤≤≥█≥L▄▌XнY█м≥XNX▌Y█X█▄▌L█≤Y▌M▄ь▄Y▀уTT■яQQп√KVPрUт⌠уврQпS▒т▒Q▒T▒S░яWп▓S▒S▒кRQт░UQу▒T▓Q▓QQ▌▌ьX▌LX▄L▌XXммNYXы█Y≤█▄ммLм█▄L≥▌▄XьлYXы█XммьмPуU▒WсPTуT≈у▄≈рSSQV▒п≈п▓S▒S▒влк█▄LлнKмMWслпллLLKLмк█LL▄▄ьYN≥LL█M≤L▄YMьX█L▄█≥≥▄█≥█YM▄YLY█ы≤LьлLммLмлы▄мкYмLLы█Y▄ьнLмнн≥≤LьMY█≥Y≤Y▄NNYNYL▄YLMнMLLыXы≤LXы▀уTT■яQQп√KVPрUт⌠уврQпS▒т▒Q▒T▒S░яWп▓S▒S▒кRQт░UQу▒T▓Q▓QQ▌▌ьX▌LX▄L▌XXммNYXы█Y≤█▄ммLм█▄L≥▌▄XьлYXы█XммьмPуU▒WсPTуT≈у▄≈рSSQV▒п≈п▓S▒S▒влк█▄LлмMWслплмKLMкмкNLXлMNL≥▄ы█нXXMмYXмLXNXNXNLL≤ы█MX▄≥▄N≤мLY▄мLXNмл≥≥█ьYLL█мY█м▄Y█Y≤XYмLы▄XYN█ьLьL≤л█ыX█NXьLM≥≤лNLнYKуTT■яQQп√KVPрUт⌠уврQпS▒т▒Q▒T▒S░яWп▓S▒S▒кRQт░UQу▒T▓Q▓QQ▌▌ьX▌LX▄L▌XXммNYXы█Y≤█▄ммLм█▄L≥▌▄XьлYXы█XммьмPуU▒WсPTуT≈у▄≈рSSQV▒п≈п▓S▒S▒влк█▄LлKмMWслплL█нKнM█LNMлмL█▄▄▄ь▄мNнL█LM≤≤Xы▄ыMылы≤ьм▄NLXL≤л█LXXMмYM▌YKM≥≥██мL█Mм≥XMNы≤Y≥▄≥▄Y▄█Mлы█ыM▄▄Mы≥YM≥NL≤л█▄нмльL▀уTT■яQQп√KVPрUт⌠уврQпS▒т▒Q▒T▒S░яWп▓S▒S▒кRQт░UQу▒T▓Q▓QQ▌▌ьX▌LX▄L▌XXммNYXы█Y≤█▄ммLм█▄L≥▌▄XьлYXы█XммьмPуU▒WсPTуT≈у▄≈рSSQV▒п≈п▓S▒S▒влк█▄Lл▀мMWслплKL▌KлK▄≥≥█Lм█нллX≤нNX≤MXYMYьнXMл██YL█ыLMлы▄█мX█LYNX≥LMY▌YкX▌ы█лNXлNNX≤LMлм█M▌Y▌YMMьлLьы≤лмь█NNXьмLX≤NMX≥▄XMлы█KуTT■яQQп√KVPрUт⌠уврQпS▒т▒Q▒T▒S░яWп▓S▒S▒кRQт░UQу▒T▓Q▓QQ▌▌ьX▌LX▄L▌XXммNYXы█Y≤█▄ммLм█▄L≥▌▄XьлYXы█XммьмPуU▒WсPTуT≈у▄≈рSSQV▒п≈п▓S▒S▒влк█▄LлкмMWслплLLмKNнKлMML≥▄≥Y█XY█ьM█ьль▄X▄≤лыXьл▄MьMY█н≥L≥N≤≥XMм█M≤L▌MмлмMY▄≥NX▌X≤MYMы▄мьYNLл▄█лX≤LNXMь▄NYX█X≤YLXX≥██XкуTT■яQQп√KVPрUт⌠уврQпS▒т▒Q▒T▒S░яWп▓S▒S▒кRQт░UQу▒T▓Q▓QQ▌▌ьX▌LX▄L▌XXммNYXы█Y≤█▄ммLм█▄L≥▌▄XьлYXы█XммьмPуU▒WсPTуT≈у▄≈рSSQV▒п≈п▓S▒S▒влк█▄LлмMWслплMKMKм▌MYMY▌N█▄млм▄нL▌NMXMLыNN█Mы≤Mл█NLьы≥L█ь≥▄н█мXьмнк▄▌L≥≤▌Xыл▄≤ььL≤ML▄█▌ьм█≥LXY▄▄≥≤≤льMYYXь█Y▄нммKуTT■яQQп√KVPрUт⌠уврQпS▒т▒Q▒T▒S░яWп▓S▒S▒кRQт░UQу▒T▓Q▓QQ▌▌ьX▌LX▄L▌XXммNYXы█Y≤█▄ммLм█▄L≥▌▄XьлYXы█XммьмPуU▒WсPTуT≈у▄≈рSSQV▒п≈п▓S▒S▒влк█▄LлKмMWс█WплK█кMк▄ы█≤нL▄≤ллL▄лл▄Y≤▄▄█≤лYM█ь█XM≤M≥M≤≤██X≥X█M█M█м≥MнY█N≤мM▄█M≥X█лымYMMнNY▄ы▄мм█≤нLY▄MY≤ныM█ььн█м▌X≥LM▄KуTT■яQQп√KVPрUт⌠уврQпS▒т▒Q▒T▒S░яWп▓S▒S▒кRQт░UQу▒T▓Q▓QQ▌▌ьX▌LX▄L▌XXммNYXы█Y≤█▄ммLм█▄L≥▌▄XьлYXы█XммьмPуU▒WсPTуT≈у▄≈рSSQV▒п≈п▓S▒S▒влк█▄Lл▀мMWс█WплLлкM▄K≥≤NYY▄≤мм█▌X≤лYX▌MXыLыX▌▌Yь▄L▄█нXMMьXмнX▄▄L▌LXL▄▄Lы▀YYыMыL≥≥▄LNл≤мLXныYнXлм≤м██▄█лмLYNL█LL▄▄M≥лY███MкуTT■яQQп√KVPрUт⌠уврQпS▒т▒Q▒T▒S░яWп▓S▒S▒кRQт░UQу▒T▓Q▓QQ▌▌ьX▌LX▄L▌XXммNYXы█Y≤█▄ммLм█▄L≥▌▄XьлYXы█XммьмPуU▒WсPTуT≈у▄≈рSSQV▒п≈п▓S▒S▒влк█▄LлкмMWс█WплMKLK▄▀Lм≥M▄≥ь▄▄≤█MнMыLь▌MNXм≤лмL▌MмлнL▄XMML≥LLXM█MкX▄L▌≥L▄▄≥█нлььлMнYLь█▄ллмлXь█▄LL▌Y≤≥▄≥LлY▌YL▄Y▀уTT■яQQп√KVPрUт⌠уврQпS▒т▒Q▒T▒S░яWп▓S▒S▒кRQт░UQу▒T▓Q▓QQ▌▌ьX▌LX▄L▌XXммNYXы█Y≤█▄ммLм█▄L≥▌▄XьлYXы█XммьмPуU▒WсPTуT≈у▄≈рSSQV▒п≈п▓S▒S▒влк█▄LлмMWс█Wпл▄кк█▄ньмXлLLNNMлM▄YYмMнL≤XML▄XY█▌YлYX▄█мL≥ммLы▀M▌X▄ы█XX≤XXнLLXм█Yм▄█м≥XлXыL≥лмныXьLMы▄≥X▄нMXLыKуTT■яQQп√KVPрUт⌠уврQпS▒т▒Q▒T▒S░яWп▓S▒S▒кRQт░UQу▒T▓Q▓QQ▌▌ьX▌LX▄L▌XXммNYXы█Y≤█▄ммLм█▄L≥▌▄XьлYXы█XммьмPуU▒WсPTуT≈у▄≈рSSQV▒п≈п▓S▒S▒влк█▄LлKмMWс█Wпл█KL▀к▄к▄YMYLмXMы≤м██LыLлл▄нM≤▄ьмнLь≤лм≥≥≤м█≤X≥▄м≤ллY▄л▌MX▌MNLX≤XлL▄LмMм≤мLнMLLM▄≥▌X▌M▌Xл█ыы█M█ль█ллLMлуTT■яQQп√KVPрUт⌠уврQпS▒т▒Q▒T▒S░яWп▓S▒S▒кRQт░UQу▒T▓Q▓QQ▌▌ьX▌LX▄L▌XXммNYXы█Y≤█▄ммLм█▄L≥▌▄XьлYXы█XммьмPуU▒WсPTуT≈у▄≈рSSQV▒п≈п▓S▒S▒влк█▄LлLмMWс█WпллNн█Kм≤X≤≥≤ыLы▄YNLLлы▄█LмL▄≤л≥M▄▄XLм≥≥▌Y≥X█лмлXлыLX█лXMьX≥▄█нL≥N≤NмыYNLNXLN≤м≤ы▄▄MыLнлMнL≤ы≥MNM▌KуTT■яQQп√KVPрUт⌠уврQпS▒т▒Q▒T▒S░яWп▓S▒S▒кRQт░UQу▒T▓Q▓QQ▌▌ьX▌LX▄L▌XXммNYXы█Y≤█▄ммLм█▄L≥▌▄XьлYXы█XммьмPуU▒WсPTуT≈у▄≈рSSQV▒п≈п▓S▒S▒влк█▄LлLKмMWс█WплмKLл▀█Kм▄≥Mьл█▄XннLмлнYьм▌M█L▌X█X≤LL▌лMLлYXмь▌LыM≥KNнMмнY≤MыLXн≥LLLMнYN█≥█YLь≤мн▌Nм▌LмY▄Y█KуTT■яQQп√KVPрUт⌠уврQпS▒т▒Q▒T▒S░яWп▓S▒S▒кRQт░UQу▒T▓Q▓QQ▌▌ьX▌LX▄L▌XXммNYXы█Y≤█▄ммLм█▄L≥▌▄XьлYXы█XммьмPуU▒WсPTуT≈у▄≈рSSQV▒п≈п▓S▒S▒влк█▄LлL▀мMWс█WплLK██KYMMY≤ы█L≥N█≤▌YXYMьNLMм▄Y▄█млL▄█ыXы≥Y≥LыL▄≥нMкXMлыLL▌≤L≤YYM≤Y≤NLNXNMN▄▌XYMYYM▌XMнM▄≤м≥█Y▀уTT■яQQп√KVPрUт⌠уврQпS▒т▒Q▒T▒S░яWп▓S▒S▒кRQт░UQу▒T▓Q▓QQ▌▌ьX▌LX▄L▌XXммNYXы█Y≤█▄ммLм█▄L≥▌▄XьлYXы█XммьмPуU▒WсPTуT≈у▄≈рSSQV▒п≈п▓S▒S▒влк█▄LлLкмMWс█WплKLMKLк█к▄лыLYLмM▄Y≥нXлыYMLLXM▄L█L≥NMмьYL█≥Y▌MYнYMLNMлLMXKL≤█≤≤лLыNXMMлм≤LNMл≥▌Lь▌LNлыML▄█MM▄ьLнлм█LMYYY≤ммNKуTT■яQQп√KVPрUт⌠уврQпS▒т▒Q▒T▒S░яWп▓S▒S▒кRQт░UQу▒T▓Q▓QQ▌▌ьX▌LX▄L▌XXммNYXы█Y≤█▄ммLм█▄L≥▌▄XьлYXы█XммьмPуU▒WсPTуT≈у▄≈рSSQV▒п≈п▓S▒S▒влк█▄LлMмMWс█WплLL▄K▌LнLL▌M▌MMы▄мXM≥NLLм≥≤M█≥LM▌NX≥██мYлм≤MMXLмл▄M≥≤ьькXнY▄мыLLль▄LнX≥≤≥Y██≤██ыYLLLLX≥≥NM≤██мнL█Y≥▄нLLьнL▀уTT■яQQп√KVPрUт⌠уврQпS▒т▒Q▒T▒S░яWп▓S▒S▒кRQт░UQу▒T▓Q▓QQ▌▌ьX▌LX▄L▌XXммNYXы█Y≤█▄ммLм█▄L≥▌▄XьлYXы█XммьмPуU▒WсPTуT≈у▄≈рSSQV▒п≈п▓S▒S▒влк█▄LлMKмMWс▄плKM▀▀Kы≥LмLL█Y≤нX≥Mь≥M▄Yлм█≤≤L▄▄YLм▌≤Mьь█MLлл▌ьL≤MNьLLXM▄YLMы█LNL█м█YXы▄лнXYMMы≥▄≤L≥M█≥▄ы█▄≤█нX≤LMкуTT■яQQп√KVPрUт⌠уврQпS▒т▒Q▒T▒S░яWп▓S▒S▒кRQт░UQу▒T▓Q▓QQ▌▌ьX▌LX▄L▌XXммNYXы█Y≤█▄ммLм█▄L≥▌▄XьлYXы█XммьмPуU▒WсPTуT≈у▄≈рSSQV▒п≈п▓S▒S▒влк█▄LлM▀мMWс▄плL▄K▀Kл▄MXмльXXмлLмLMмXMLн▌≥MмL█L≥ьл█ыMLYMXMмыY▌X≤MнMKм█≥Y≤мы▌XNNXY▌ь▄▌XлLYXмлл▄NNY█≥≥L≥NлM▄█≤м▄Nл█Y█▌KуTT■яQQп√KVPрUт⌠уврQпS▒т▒Q▒T▒S░яWп▓S▒S▒кRQт░UQу▒T▓Q▓QQ▌▌ьX▌LX▄L▌XXммNYXы█Y≤█▄ммLм█▄L≥▌▄XьлYXы█XммьмPуU▒WсPTуT≈у▄≈рSSQV▒п≈п▓S▒S▒влк█▄LлMкмMWс▄плMK▌нKLNYL≤YYM≤▌ML█▄лNMлNX≥█Nыыь≥ллллм≥л▌Y▄▄мMLLK≤лммNM▄▌Mы≥ь█мы≥≤▌лY≤нXмLL▄XлммMь≥▄мMXнMьL≥YXMMл▀уTT■яQQп√KVPрUт⌠уврQпS▒т▒Q▒T▒S░яWп▓S▒S▒кRQт░UQу▒T▓Q▓QQ▌▌ьX▌LX▄L▌XXммNYXы█Y≤█▄ммLм█▄L≥▌▄XьлYXы█XммьмPуU▒WсPTуT≈у▄≈рSSQV▒п≈п▓S▒S▒влк█▄LлNмMWс▄пл▄мм▀L▀≥ьы▌Y≥LLNы▄ммYL█▄NXM≥█м▄YNMмл█л█≤ыNY█▄ы≤▄LXнYьлы▌≥▄ыX█нYM▄MынXмы█≤L≤ыыLL▄≤█Lмлм▌ыNXлX▄▀уTT■яQQп√KVPрUт⌠уврQпS▒т▒Q▒T▒S░яWп▓S▒S▒кRQт░UQу▒T▓Q▓QQ▌▌ьX▌LX▄L▌XXммNYXы█Y≤█▄ммLм█▄L≥▌▄XьлYXы█XммьмPуU▒WсPTуT≈у▄≈рSSQV▒п≈п▓S▒S▒влк█▄LлNKмMWс▄пл█KлKL▀ьь▄XX▄L▌M≤YL▄л≤▄≤XXYL≤мLM≥M≤мыYLнLьы▄▄лL▌L≥XLнMьNYY▀нMьмLMM███M▌MXы█Mлль≤▌L≤NьMл█▌X▄≤X▌▌NLM≤LMльNм≥M▄мMуTT■яQQп√KVPрUт⌠уврQпS▒т▒Q▒T▒S░яWп▓S▒S▒кRQт░UQу▒T▓Q▓QQ▌▌ьX▌LX▄L▌XXммNYXы█Y≤█▄ммLм█▄L≥▌▄XьлYXы█XммьмPуU▒WсPTуT≈у▄≈рSSQV▒п≈п▓S▒S▒влк█▄LлLмMWс▄пллK█KLк≤▄█ыMыY▄LыLXмM▌▄M█Nьм▌XыY≤≤≥M██▌XMMMм▄Y≥YLLмLкLMLмMLьM≥XыLмXXммMмьыM█MLм≤ьLXN▄▌YLмьNы▄X██≤YXлXнMыM▀уTT■яQQп√KVPрUт⌠уврQпS▒т▒Q▒T▒S░яWп▓S▒S▒кRQт░UQу▒T▓Q▓QQ▌▌ьX▌LX▄L▌XXммNYXы█Y≤█▄ммLм█▄L≥▌▄XьлYXы█XммьмPуU▒WсPTуT≈у▄≈рSSQV▒п≈п▓S▒S▒влк█▄LлLKмMWс▄плмKLKNKMьMнXл█≥≤MLY██нLL≥NмNLXXыL▄нLь▌L▄M≤▌M▌M≤ьлX▄Y█ь≥YXNнMьл▄ь≥Xьмы≥XM█X▌≤мнL▄YнLмM█≤█X▄мл▄ьлмлY▄≤лMм█XыM≤█YуTT■яQQп√KVPрUт⌠уврQпS▒т▒Q▒T▒S░яWп▓S▒S▒кRQт░UQу▒T▓Q▓QQ▌▌ьX▌LX▄L▌XXммNYXы█Y≤█▄ммLм█▄L≥▌▄XьлYXы█XммьмPуU▒WсPTуT≈у▄≈рSSQV▒п≈п▓S▒S▒влк█▄LлL▀мMWс▄плM▀кMYNX≥≤л≤ллNLнL▄XL≥≤ьмXл▄ь≤мNYMмыM≥▌XXYьммLMмлмYXKNлммыMмXY█YN█мь█ммNN▌LM█лM█≥XNльы≤≤ыY≥≤≤мLLNMNKуTT■яQQп√KVPрUт⌠уврQпS▒т▒Q▒T▒S░яWп▓S▒S▒кRQт░UQу▒T▓Q▓QQ▌▌ьX▌LX▄L▌XXммNYXы█Y≤█▄ммLм█▄L≥▌▄XьлYXы█XммьмPуU▒WсPTуT≈у▄≈рSSQV▒п≈п▓S▒S▒влк█▄LлLкмMWсMWплKмKмкYYL≤≤≤LY▄█▄LY≥▌NY≥м▄NY≥▌L≥M≥▄Y≤M≥▄нMн█≥LL█ь▌Mы≤XкN█YNM▌LыX≤≥н█≤ы█≤нX█MлнX≥NLNM≤▌LM▄≥YMYM≥▀уTT■яQQп√KVPрUт⌠уврQпS▒т▒Q▒T▒S░яWп▓S▒S▒кRQт░UQу▒T▓Q▓QQ▌▌ьX▌LX▄L▌XXммNYXы█Y≤█▄ммLм█▄L≥▌▄XьлYXы█XммьмPуU▒WсPTуT≈у▄≈рSSQV▒п≈п▓S▒S▒влк█▄LлLмMWсMWплLLл▀нKLYNMY≤≥NNM≥▄LMны▄MML▄NNм≥L▌▄лNLмы≤ы█▌█л≤ы▄L≤KL≥≤▌MYMнXNY≥█н█нX≤█≥XлXы▌Xл█нNYы▌LNMь█▄█Y▀уTT■яQQп√KVPрUт⌠уврQпS▒т▒Q▒T▒S░яWп▓S▒S▒кRQт░UQу▒T▓Q▓QQ▌▌ьX▌LX▄L▌XXммNYXы█Y≤█▄ммLм█▄L≥▌▄XьлYXы█XммьмPуU▒WсPTуT≈у▄≈рSSQV▒п≈п▓S▒S▒влк█▄LлLKмMWсMWплMKMк▌KM≥█MлLLY▄█LлM█ыMM▄≤X≥N≥YN█Mь▌NML▄█лмN▄лYь≤≥▌▄≥NNMLмьы≥ьы≤█≥MXLммы▌YMXLмнLмY█≤M█ыMNMл█≤ыMмл█Y▄█мь▌KуTT■яQQп√KVPрUт⌠уврQпS▒т▒Q▒T▒S░яWп▓S▒S▒кRQт░UQу▒T▓Q▓QQ▌▌ьX▌LX▄L▌XXммNYXы█Y≤█▄ммLм█▄L≥▌▄XьлYXы█XммьмPуU▒WсPTуT≈у▄≈рSSQV▒п≈п▓S▒S▒влк█▄LлL▀мMWсMWпл▄▄▀█KKMмьн█▌NLмY█▄мы≥█MLNXX≤▄NXлнMл≤▄█▄ьл▄XXYYY█ммL≥≤ьX≤▀██ьMнLы█Lл≥Y≥LMMM≤≥█л≥Y██MMYX≤▄█M▌Lы≥▄XLL▌YY≤LLуTT■яQQп√KVPрUт⌠уврQпS▒т▒Q▒T▒S░яWп▓S▒S▒кRQт░UQу▒T▓Q▓QQ▌▌ьX▌LX▄L▌XXммNYXы█Y≤█▄ммLм█▄L≥▌▄XьлYXы█XммьмPуU▒WсPTуT≈у▄≈рSSQV▒п≈п▓S▒S▒влк█▄LлLкмMWсMWпл█K▌▄KыNMн≤мы▄Lь▄LнXYы█MNMXLнмY█ыM▄м█XL≥▄нNXьыNY≥мнь≤LыKы≥LнмныY≥▌NYL█нXX≥≥▄ллL▌L▌XнLммы▄M▄MX█LKуTT■яQQп√KVPрUт⌠уврQпS▒т▒Q▒T▒S░яWп▓S▒S▒кRQт░UQу▒T▓Q▓QQ▌▌ьX▌LX▄L▌XXммNYXы█Y≤█▄ммLм█▄L≥▌▄XьлYXы█XммьмPуU▒WсPTуT≈у▄≈рSSQV▒п≈п▓S▒S▒влк█▄LлLмMWсMWплллкLкк▄▄ьMY▄≤▌L≥X█▄█мн▄ыNмьл▌YXлы▄ыLNYLL█▌X▄≤M█M▄LллLY▀мXмLLм▄▌MX≥Y▄л≤XYMLл≤ыMYNYY█Xл≥XX≤ммL█LлMы≤▌Y≤≤м▀уTT■яQQп√KVPрUт⌠уврQпS▒т▒Q▒T▒S░яWп▓S▒S▒кRQт░UQу▒T▓Q▓QQ▌▌ьX▌LX▄L▌XXммNYXы█Y≤█▄ммLм█▄L≥▌▄XьлYXы█XммьмPуU▒WсPTуT≈у▄≈рSSQV▒п≈п▓S▒S▒влк█▄LлLKмMWсLплKм█K▌≤мыMX≥MMыYYXь▄MY▄█YL▄MLльYь▄Y▄MMX≥LмьнMмььмNXкл█ь≥X▌Y≤≥≤█≤≤≤мMллXLмллL██XLMYLь≥≤ы▌≥LмьлXM█Lм≥≤KуTT■яQQп√KVPрUт⌠уврQпS▒т▒Q▒T▒S░яWп▓S▒S▒кRQт░UQу▒T▓Q▓QQ▌▌ьX▌LX▄L▌XXммNYXы█Y≤█▄ммLм█▄L≥▌▄XьлYXы█XммьмPуU▒WсPTуT≈у▄≈рSSQV▒п≈п▓S▒S▒влк█▄LлLLмMWсLплL▄клы▄▄NMнX▄м≥LыXмы▄MлXLXлMXMLм██MYX▄≤л▄ьYLмыллLнM▄NлMьX≥▀ынX▄█м▌NXы≤▄█ь≤мLXM≤█XYN▌LXм▄мL≤LLMYM≤██▄нXLл▀уTT■яQQп√KVPрUт⌠уврQпS▒т▒Q▒T▒S░яWп▓S▒S▒кRQт░UQу▒T▓Q▓QQ▌▌ьX▌LX▄L▌XXммNYXы█Y≤█▄ммLм█▄L≥▌▄XьлYXы█XммьмPуU▒WсPTуT≈у▄≈рSSQV▒п≈п▓S▒S▒влк█▄LлLLKмMWсLплMK▀NKлнMмыLллл≥M≥NX≥XыLM██мьMыLлм≤л▄XL█ь▄ыLыMM≤ь≥L≤≤XмлMкYNNьNь▌нYNXм≤Y≥ьMNльлLььLмыM█YXY▄ьM≥█ьY▄NLль≤≥▄▀уTT■яQQп√KVPрUт⌠уврQпS▒т▒Q▒T▒S░яWп▓S▒S▒кRQт░UQу▒T▓Q▓QQ▌▌ьX▌LX▄L▌XXммNYXы█Y≤█▄ммLм█▄L≥▌▄XьлYXы█XммьмPуU▒WсPTуT≈у▄≈рSSQV▒п≈п▓S▒S▒влк█▄LлLL▀мMWсLпл▄LKMKл▀мX≤▄≥Y≥██MYYYMь█Lм▄██лMыY≥Y▄LYYXXX▄LнYYM≤█LYLлмKы█XX▄Y≤NьLMьNX█лLы▌ььнLммMлLLLьM▌X▌MлYY█M▌M█нMуTT■яQQп√KVPрUт⌠уврQпS▒т▒Q▒T▒S░яWп▓S▒S▒кRQт░UQу▒T▓Q▓QQ▌▌ьX▌LX▄L▌XXммNYXы█Y≤█▄ммLм█▄L≥▌▄XьлYXы█XммьмPуU▒WсPTуT≈у▄≈рSSQV▒п≈п▓S▒S▒влк█▄LлLLкмMWсWплK█LкMкL█≤нL█ыл≤X≤MM▌XX█Y≤NL≤X█▄ьы≤▌MYлн▌LлL≤MыXы▄█▄█L≤ьMл≤X▀█л≥M≤MMьM█ьXнLмммL▄мLыыMLYM█≤ьXNLYM██YY▌LXMMYMь█≥Mм▄KуTT■яQQп√KVPрUт⌠уврQпS▒т▒Q▒T▒S░яWп▓S▒S▒кRQт░UQу▒T▓Q▓QQ▌▌ьX▌LX▄L▌XXммNYXы█Y≤█▄ммLм█▄L≥▌▄XьлYXы█XммьмPуU▒WсPTуT≈у▄≈рSSQV▒п≈п▓S▒S▒влк█▄LлLMмMWсWплLлLKNKлнLXYX≤M≤Xы▄M▄NL▄≤L▄▌LMьмы█ль██LY≤▄ьLM≥█л≥ыL≥▄≤ь█л▄XмMыY≤▄нL≤ьь█≥≤≤▄Lы█L≤нMN▄ль≤LX▌NьM≤▄≥MMX▌YнMYL▄ыX█YMKуTT■яQQп√KVPрUт⌠уврQпS▒т▒Q▒T▒S░яWп▓S▒S▒кRQт░UQу▒T▓Q▓QQ▌▌ьX▌LX▄L▌XXммNYXы█Y≤█▄ммLм█▄L≥▌▄XьлYXы█XммьмPуU▒WсPTуT≈у▄≈рSSQV▒п≈п▓S▒S▒влк█▄LлLMKм▄сLплK▄мк▄█▄█к▌YLLнLл≥█ы≥M▄XLLм█ы≤лXY▄LNNLн▄MLь█XY▌MнNммнX≥█кMл▌M██▄ьыXM█M▌YнL≤Y▄лLм▄льX█≥LMLYMлM█ы▄лM≤м≤≤█≤ыMLуTT■яQQп√KVPрUт⌠уврQпS▒т▒Q▒T▒S░яWп▓S▒S▒кRQт░UQу▒T▓Q▓QQ▌▌ьX▌LX▄L▌XXммNYXы█Y≤█▄ммLм█▄L≥▌▄XьлYXы█XммьмPуU▒WсPTуT≈у▄≈рSSQV▒п≈п▓S▒S▒влк█▄LлLM▀м▄сLплL█▀▄▄▄█к≤MXL≥LLYM█ыNLмMм≥▌Xы█L≥нNLмMLY█NXлLнYNYLыыY█L▀▄YNмьLNY▌≤▄XммлнL≤ыYL▌YY≥▄≤MнMMнM≤X▄X≤лнлмYуTT■яQQп√KVPрUт⌠уврQпS▒т▒Q▒T▒S░яWп▓S▒S▒кRQт░UQу▒T▓Q▓QQ▌▌ьX▌LX▄L▌XXммNYXы█Y≤█▄ммLм█▄L≥▌▄XьлYXы█XммьмPуU▒WсPTуT≈у▄≈рSSQV▒п≈п▓S▒S▒влк█▄LлLMкм▄сWплK▄▄▀▄K▄Lк██≥Y≤ьл▄XNMь▄YM▄ы▌YNNмYлYM▄▄м▌▄▌LыM≤▄▌LMLXMкYлMLл▄█л█LнLыMYлл≤▄≤л█лLл██X≥▄█≥Lн▄NYL▄XNMлNнY▀уTT■яQQп√KVPрUт⌠уврQпS▒т▒Q▒T▒S░яWп▓S▒S▒кRQт░UQу▒T▓Q▓QQ▌▌ьX▌LX▄L▌XXммNYXы█Y≤█▄ммLм█▄L≥▌▄XьлYXы█XммьмPуU▒WсPTуT≈у▄≈рSSQV▒п≈п▓S▒S▒влк█▄LлLNм▄сWплL▄л▀▄▀▄Lкл≥NNNYL≤лYXX▄NY▄мMMльм≤LL▄XNN█нLл██▄NLMY≥▌NY≤ллмM≥YN≤≥█ьL█лL≥≥NYXлX≥L≤LXы▄млXY≤▄≥█X█ы▄▌Y█Y▄Y▌NY≤MыLл█уTT■яQQп√KVPрUт⌠уврQпS▒т▒Q▒T▒S░яWп▓S▒S▒кRQт░UQу▒T▓Q▓QQ▌▌ьX▌LX▄L▌XXммNYXы█Y≤█▄ммLм█▄L≥▌▄XьлYXы█XммьмPуU▒WсPTуT≈у▄≈рSSQV▒п≈п▓S▒S▒влк█▄LлLNKм▄сWплMK█K▄к▄MYыXнN▄м▄≥YX█нXлMNXнNY▄≤ы█≥Mы≤Y≤NXмыы▄LNн▌L█Y▄█X▌MNXлMNLлNLнYыLNMыLLы≤LьлM≥ML▄ьMYLNX≥LY▌L▄YLкуTT■яQQп√KVPрUт⌠уврQпS▒т▒Q▒T▒S░яWп▓S▒S▒кRQт░UQу▒T▓Q▓QQ▌▌ьX▌LX▄L▌XXммNYXы█Y≤█▄ммLм█▄L≥▌▄XьлYXы█XммьмPуU▒WсPTуT≈у▄≈рSSQV▒п≈п▓S▒S▒влк█▄LлL▄м▄сWпл▄█LNNK▄MXL█▄нYMLY≤▄≥≥X≥X█X▌XлмM≤MлмLь▄ьY≤н█▌ь≥Y▄≥▄NXнNNN≥Y█MM▄≤LMM≤нYX▌м▌л█LYLLнMлььлLXм█≤≥▌≤≥ьл▄ыYMм≤▌XкуTT■яQQп√KVPрUт⌠уврQпS▒т▒Q▒T▒S░яWп▓S▒S▒кRQт░UQу▒T▓Q▓QQ▌▌ьX▌LX▄L▌XXммNYXы█Y≤█▄ммLм█▄L≥▌▄XьлYXы█XммьмPуU▒WсPTуT≈у▄≈рSSQV▒п≈п▓S▒S▒влк█▄LлL▄Kм▄сплK▄кNMKNN▄Mы▌нMMмм█MмMлXLлMьLYнN█XмXлXыL≥≥MXыNл≤X▄мLNK≤лL≥█M▌ML█LMY▄▄Y≤нNYYXLн▄▄Y▄█▄≥нYNXXYNNN▄Y█ыL█нY▄M≤▄▀уTT■яQQп√KVPрUт⌠уврQпS▒т▒Q▒T▒S░яWп▓S▒S▒кRQт░UQу▒T▓Q▓QQ▌▌ьX▌LX▄L▌XXммNYXы█Y≤█▄ммLм█▄L≥▌▄XьлYXы█XммьмPуU▒WсPTуT≈у▄≈рSSQV▒п≈п▓S▒S▒влк█▄LлL▄▀м▄сплL▄MкNL▀NNKм▄≤лXнLлX≥м█LьYY▄ы≥Yл█мьM≤L≤LмYNL▌Lм▌▌YYмNXLь▌мY▄к≥Nы█ьYMX≥M█▄ль≤NL█NM█Y▄MLы≥LNMMNMNL▌LXнLM█NLMYL≥куTT■яQQп√KVPрUт⌠уврQпS▒т▒Q▒T▒S░яWп▓S▒S▒кRQт░UQу▒T▓Q▓QQ▌▌ьX▌LX▄L▌XXммNYXы█Y≤█▄ммLм█▄L≥▌▄XьлYXы█XммьмPуU▒WсPTуT≈у▄≈рSSQV▒п≈п▓S▒S▒влк█▄LлL▄км▄сплMK▄█▀NNNK≥Y▄≤≤м≤лLы▄▄≤ль≥≤≥≤≤Lл▄█▄L▌M▌ML≤X▄NMNнMNLLл≤LNL█л█▄█▄▀M▄≤нXL█м≥≥█мML≤ыNLмыььMMLXM≥█л▄█LнMмX≥▄X≤█X▄MNNLлм≤ьы▀уTT■яQQп√KVPрUт⌠уврQпS▒т▒Q▒T▒S░яWп▓S▒S▒кRQт░UQу▒T▓Q▓QQ▌▌ьX▌LX▄L▌XXммNYXы█Y≤█▄ммLм█▄L≥▌▄XьлYXы█XммьмPуU▒WсPTуT≈у▄≈рSSQV▒п≈п▓S▒S▒влк█▄LлL█м▄спл▄▄мNKNNK≥NYNN▄≥XLм≤м≥мь≥NMлY≥L≥ы≥▌LM▌XMY█LмY▌▄≥X█▌LыMX▄MLL▄мыLмл▌≥█X▄Lм≤▄Y≤мьн≥X≤N█M▌ыY▄█NYL███≤лмKуTT■яQQп√KVPрUт⌠уврQпS▒т▒Q▒T▒S░яWп▓S▒S▒кRQт░UQу▒T▓Q▓QQ▌▌ьX▌LX▄L▌XXммNYXы█Y≤█▄ммLм█▄L≥▌▄XьлYXы█XммьмPуU▒WсPTуT≈у▄≈рSSQV▒п≈п▓S▒S▒влк█▄LлL█Kм▄спл█K█кN▀▄ь█▌Yлм█LьM█мм█MMMY▄м▄MыYNL≤█ьньLM▄л▄X▄ммь▄██▄ьннM██▌мы▌NLы▄ммMл≤≥≥Y▌X▌▄█м██мLь≤MлLлмьн█LY≥KуTT■яQQп√KVPрUт⌠уврQпS▒т▒Q▒T▒S░яWп▓S▒S▒кRQт░UQу▒T▓Q▓QQ▌▌ьX▌LX▄L▌XXммNYXы█Y≤█▄ммLм█▄L≥▌▄XьлYXы█XммьмPуU▒WсPTуT≈у▄≈рSSQV▒п≈п▓S▒S▒влк█▄LлL█▀м▄сплл█LKMн▄ммнLлн█льмы▄≥█L≥YX█ьл≥Lлм≤█YY█ыL≤YNM▄Lы▄Yь▄мкьX▌YNммьм█NYLL█MXнYL≤ы█▄≥M▄лмьL▄▄лл▌▄█YYь≤█X≥█≤≥уTT■яQQп√KVPрUт⌠уврQпS▒т▒Q▒T▒S░яWп▓S▒S▒кRQт░UQу▒T▓Q▓QQ▌▌ьX▌LX▄L▌XXммNYXы█Y≤█▄ммLм█▄L≥▌▄XьлYXы█XммьмPуU▒WсPTуT≈у▄≈рSSQV▒п≈п▓S▒S▒влк█▄LлL█км▄смWплKNMN▀NKлY█NMMNNLмNXM█≥NX█≤M▄Yы≥Y≤MM▄ь≥≥≥≤мLL≤MыNMн≤LY≤≥▀ьM≤≥Lьы▄NNYMл≤M▌≥LлыXXлыXммMN≥▄≤██ыNM█M≥█▄ыYXLL▄ы▄лLьMкуTT■яQQп√KVPрUт⌠уврQпS▒т▒Q▒T▒S░яWп▓S▒S▒кRQт░UQу▒T▓Q▓QQ▌▌ьX▌LX▄L▌XXммNYXы█Y≤█▄ммLм█▄L≥▌▄XьлYXы█XммьмPуU▒WсPTуT≈у▄≈рSSQV▒п≈п▓S▒S▒влк█▄LлL▌м▄смWплL▄▀MмкNMьнX█лY█LY▌Y▄≥M≤≥▌NLXM▄ы█XLMXлнYX▄ьнY▌LYL█≥XX▄ы≥XнKMьYNNLYL█мYXXллнXмNNMMнN█Y▄YLYыLьLLнмNYM≥YьMуTT■яQQп√KVPрUт⌠уврQпS▒т▒Q▒T▒S░яWп▓S▒S▒кRQт░UQу▒T▓Q▓QQ▌▌ьX▌LX▄L▌XXммNYXы█Y≤█▄ммLм█▄L≥▌▄XьлYXы█XммьмPуU▒WсPTуT≈у▄≈рSSQV▒п≈п▓S▒S▒влк█▄LлL▌Kм▄смWплMK▄LKMмKNKLXLXнLы≥█L█л≤н≥LNы▄MLXм▄ммYыMыы█≥MмNNыXк≥█м▄MMм█≤XX▄L▄MнXльлYXлмXммнLNX▄▌LьMNL█L≥YY▄YXнь▀уTT■яQQп√KVPрUт⌠уврQпS▒т▒Q▒T▒S░яWп▓S▒S▒кRQт░UQу▒T▓Q▓QQ▌▌ьX▌LX▄L▌XXммNYXы█Y≤█▄ммLм█▄L≥▌▄XьлYXы█XммьмPуU▒WсPTуT≈у▄≈рSSQV▒п≈п▓S▒S▒влк█▄LлLлм▄смWпл▄▄NKMлKNKы≥█XL≥≤мL▄мY█L▌L≥YLYLь▌MлLLNY▄Mм≥Y≥≤LмXXьNMLMммMнNK█▄█Y█ммьNмYXM▄≤ы≤л≤ь≤л▄▄MлN≥▌≥██≥M▄▌L▌MыMмнL█≤н▄KуTT■яQQп√KVPрUт⌠уврQпS▒т▒Q▒T▒S░яWп▓S▒S▒кRQт░UQу▒T▓Q▓QQ▌▌ьX▌LX▄L▌XXммNYXы█Y≤█▄ммLм█▄L≥▌▄XьлYXы█XммьмPуU▒WсPTуT≈у▄≈рSSQV▒п≈п▓S▒S▒влк█▄LлLлKм▄смWпл█K▄▌M█кNKнN▄MнLNм≤█▄л≥█▌▌L▌X█LNM█XY▄≤YXMMнл≤XYм█ыNYMM≥X≤Y▌Y≥ьMM▄мLLM▄▄≤▄█NM≥LNXл▌M▄▄█MыNLX≤Y≤█≥▌█LMнXXь≥█KуTT■яQQп√KVPрUт⌠уврQпS▒т▒Q▒T▒S░яWп▓S▒S▒кRQт░UQу▒T▓Q▓QQ▌▌ьX▌LX▄L▌XXммNYXы█Y≤█▄ммLм█▄L≥▌▄XьлYXы█XммьмPуU▒WсPTуT≈у▄≈рSSQV▒п≈п▓S▒S▒влк█▄LлLл▀м▄смWплл▄м▀M▄кNK▄≥YXX≥л█LлMлы▄л▄L≤█ьXLMнL▌NM≥LNLлм≥MMMLXлXкL█мм█м█▄MXLл▄▄мл▄XY▄▄лMлX≥▄N█▄≤▌Lм▄LY▄NY▄м▄≥≤лкуTT■яQQп√KVPрUт⌠уврQпS▒т▒Q▒T▒S░яWп▓S▒S▒кRQт░UQу▒T▓Q▓QQ▌▌ьX▌LX▄L▌XXммNYXы█Y≤█▄ммLм█▄L≥▌▄XьлYXы█XммьмPуU▒WсPTуT≈у▄≈рSSQV▒п≈п▓S▒S▒влк█▄LлLлкм▄смWплмK█MNKN▀█л▄X≥L≤м≥м██▌▌LY≥нY▄▄мLX▄█Y≥XNYL▄█мM▄мMM▌LMыMл≥▀ьMM≤≥XX▄▌M≤≤M█ыYX█м▄▄██▌XLMммьм≤м▌YXL▌▄█X≥XнмNKуTT■яQQп√KVPрUт⌠уврQпS▒т▒Q▒T▒S░яWп▓S▒S▒кRQт░UQу▒T▓Q▓QQ▌▌ьX▌LX▄L▌XXммNYXы█Y≤█▄ммLм█▄L≥▌▄XьлYXы█XммьмPуU▒WсPTуT≈у▄≈рSSQV▒п≈п▓S▒S▒влк█▄LлLмм▄смWпл█L▀MMKN▀ь▄█YMYXм▄нXл≥M≤≥Lы≥▄Y█ьNьL█XL█л▄LX▌▄L▄█▄██L≥Mн▀█XX▄мы≤Nы▄Mм≤▌XYMыLNYMY≥Xльл≤ы≤Y█Y≥≤ыMнMYM≤██ы≥YXы██муTT■яQQп√KVPрUт⌠уврQпS▒т▒Q▒T▒S░яWп▓S▒S▒кRQт░UQу▒T▓Q▓QQ▌▌ьX▌LX▄L▌XXммNYXы█Y≤█▄ммLм█▄L≥▌▄XьлYXы█XммьмPуU▒WсPTуT≈у▄≈рSSQV▒п≈п▓S▒S▒влк█▄LлLмKм▄слплKNKM▌Mл▀MнX≥MмM█LXн▄мY▌NM█≥LLьлыY▄YLM█ы█YNLнNXY▄ыXы▄▌XлM▀█YYMNMX≥L██≥YMнMNX█нLMMLLLL≥≤≤лMм▄NL≤▄L█MLыMM▀уTT■яQQп√KVPрUт⌠уврQпS▒т▒Q▒T▒S░яWп▓S▒S▒кRQт░UQу▒T▓Q▓QQ▌▌ьX▌LX▄L▌XXммNYXы█Y≤█▄ммLм█▄L≥▌▄XьлYXы█XммьмPуU▒WсPTуT≈у▄≈рSSQV▒п≈п▓S▒S▒влк█▄LлLм▀м▄слплLNKM█KMл▀██ы≥XY█л█нлL▄мм█ь≤▄N≥YNXын▄≥█≥▌LлXXX≥Mм▄ь█▄ыNк██≥≥≤YMлл▄ньYLMм█ьы█м≤л█M█лY≥Y▄Lл▄л≤LX≤≤X▄NY▄LL▌уTT■яQQп√KVPрUт⌠уврQпS▒т▒Q▒T▒S░яWп▓S▒S▒кRQт░UQу▒T▓Q▓QQ▌▌ьX▌LX▄L▌XXммNYXы█Y≤█▄ммLм█▄L≥▌▄XьлYXы█XммьмPуU▒WсPTуT≈у▄≈рSSQV▒п≈п▓S▒S▒влк█▄LлLмкм▄слплMKNNM▄▀Mл▀█YLNYXYMьL▌M▄█Lмы▄▌XьLнXмY▄L▄█▄ы██M█Y█л█LMXыM█мNKXм≤NLL██MN▄мLмлM≥▄нM▄м≤X≥▌X█≥≥M▄X█▄M█MмXLмLNM≤лLM≥уTT■яQQп√KVPрUт⌠уврQпS▒т▒Q▒T▒S░яWп▓S▒S▒кRQт░UQу▒T▓Q▓QQ▌▌ьX▌LX▄L▌XXммNYXы█Y≤█▄ммLм█▄L≥▌▄XьлYXы█XммьмPуU▒WсPTуT≈у▄≈рSSQV▒п≈п▓S▒S▒влк█▄LлLнм▄слпл▄▄▀MNMл▀Yы▄LLлLL▄LX≥MNMNLы█Mм≤лX█NLLлLXы≤NL≥▄≥▄ы█≥▄Mм█N≤Y█нн▄YлLлMыYмнллXлN▄ML▌Y≤ллы▄▄ь▄X█L▄▄ы▄▌KуTT■яQQп√KVPрUт⌠уврQпS▒т▒Q▒T▒S░яWп▓S▒S▒кRQт░UQу▒T▓Q▓QQ▌▌ьX▌LX▄L▌XXммNYXы█Y≤█▄ммLм█▄L≥▌▄XьлYXы█XммьмPуU▒WсPTуT≈у▄≈рSSQV▒п≈п▓S▒S▒влк█▄LлLнKм▄слпл█K▄MKMMKMлкмм≥MYL▌NYMM≥X≤ыь≥█л█нMLы█M█лYы▄M█▄L≥YNYM█ь≤ьь█≥▄K█мM≥LLьм≥▄LLьLL▄▌M≤л▄█ыXLьм█XнLMннXнXYY▄▄ьн█LYLX≤MлуTT■яQQп√KVPрUт⌠уврQпS▒т▒Q▒T▒S░яWп▓S▒S▒кRQт░UQу▒T▓Q▓QQ▌▌ьX▌LX▄L▌XXммNYXы█Y≤█▄ммLм█▄L≥▌▄XьлYXы█XммьмPуU▒WсPTуT≈у▄≈рSSQV▒п≈п▓S▒S▒влк█▄LлMм▄слплл▄▄▀MLKMлкMYMLMX≤лным≤ь≥▄лM≥▄мXлыNY≥≤L≥NMXLLы▌█YMMм▄л██кLы▌YL█ь▄ь≥LллYLнM≤L█ы█▌≤▄▄LыN▄лYNыM▄Y≥M≥█LX█▄ьлKуTT■яQQп√KVPрUт⌠уврQпS▒т▒Q▒T▒S░яWп▓S▒S▒кRQт░UQу▒T▓Q▓QQ▌▌ьX▌LX▄L▌XXммNYXы█Y≤█▄ммLм█▄L≥▌▄XьлYXы█XммьмPуU▒WсPTуT≈у▄≈рSSQV▒п≈п▓S▒S▒влк█▄LлMKм▄слплмK▄лM▀Mлк▄▌XX≥LMLы▄M▌NыXY█LY≤L▄л▄█▄▌Xм█≤▄▌Y█M█MммL≤█LM▀м█ьмX██MXYY≥MлM≤MлY█X█LXN≥YL▌▄млы█≤ы▌лX≥N≤KуTT■яQQп√KVPрUт⌠уврQпS▒т▒Q▒T▒S░яWп▓S▒S▒кRQт░UQу▒T▓Q▓QQ▌▌ьX▌LX▄L▌XXммNYXы█Y≤█▄ммLм█▄L≥▌▄XьлYXы█XммьмPуU▒WсPTуT≈у▄≈рSSQV▒п≈п▓S▒S▒влк█▄LлM▀м▄слпл▄нM▀Mлкм█NYN≤≤M▄LнMл≤█ммMLLлмм≥▄ьML█≤NYXMл█X█нNN▌Y▌≥LнMMM▀нMл≥▌LлMMыMлNLмX▄ьлXL▌X▄лн≤ыLL▄NL▌X≤ы≤▌MNмлыM█L≥X▀уTT■яQQп√KVPрUт⌠уврQпS▒т▒Q▒T▒S░яWп▓S▒S▒кRQт░UQу▒T▓Q▓QQ▌▌ьX▌LX▄L▌XXммNYXы█Y≤█▄ммLм█▄L≥▌▄XьлYXы█XммьмPуU▒WсPTуT≈у▄≈рSSQV▒п≈п▓S▒S▒влк█▄LлMкм▄слплK█▀LмкMм▄ыXLL█ы▄нX█л█▄NXNнL≤ынMLнN≤ы███M█MLь≤MLьнNK▄▄YXMм▌м▄NN≤█ыXMлMы≤LM█≥▌≤ьXMX▄м█м≥X█M█льмY≥Mы▀уTT■яQQп√KVPрUт⌠уврQпS▒т▒Q▒T▒S░яWп▓S▒S▒кRQт░UQу▒T▓Q▓QQ▌▌ьX▌LX▄L▌XXммNYXы█Y≤█▄ммLм█▄L≥▌▄XьлYXы█XммьмPуU▒WсPTуT≈у▄≈рSSQV▒п≈п▓S▒S▒влк█▄LлMм▄слплL█LкLл▀Mмь▄XмX▌M≥MьмьнX▄NXм≥л≤≤MY≥LL▄LMыLм▌Yл≤л≥▄л▌LYыL▀≤≤нLLлM≥█▄YMMьM≤лмьLX█LLYY█ыL≤M▄нX▄▄≥▌L▄▄█LNYXNуTT■яQQп√KVPрUт⌠уврQпS▒т▒Q▒T▒S░яWп▓S▒S▒кRQт░UQу▒T▓Q▓QQ▌▌ьX▌LX▄L▌XXммNYXы█Y≤█▄ммLм█▄L≥▌▄XьлYXы█XммьмPуU▒WсPTуT≈у▄≈рSSQV▒п≈п▓S▒S▒влк█▄LлMKм▄с█WплKM█кMMMN≥≤M█LMмY█ь≤▄лMм≤≥≥LXNYMлM≥YMмLнм≤≤LY▄LLнL▄▄MлнLMлX≤▄≥≤NM≤MьNмYMмлML≥█≥▄NMнYX▄NXы≥█л█нMMл█XLM≥X▄куTT■яQQп√KVPрUт⌠уврQпS▒т▒Q▒T▒S░яWп▓S▒S▒кRQт░UQу▒T▓Q▓QQ▌▌ьX▌LX▄L▌XXммNYXы█Y≤█▄ммLм█▄L≥▌▄XьлYXы█XммьмPуU▒WсPTуT≈у▄≈рSSQV▒п≈п▓S▒S▒влк█▄LлM▀м▄с█WплLMм▀ML▀MNKмьлLмлNLMмNYY█мыXXь█нYML▄XXмлнмXл≥MыXMY≤м▌L≥≤нNXьM▄≥NYYL≤≥≤█NMLY▌Y≤ь≤YM≥▄≥▄мы█≤ыX▌LлLьнM▄█YLм≤▄▄▄лL▄нNMуTT■яQQп√KVPрUт⌠уврQпS▒т▒Q▒T▒S░яWп▓S▒S▒кRQт░UQу▒T▓Q▓QQ▌▌ьX▌LX▄L▌XXммNYXы█Y≤█▄ммLм█▄L≥▌▄XьлYXы█XммьмPуU▒WсPTуT≈у▄≈рSSQV▒п≈п▓S▒S▒влк█▄LлMкм▄с█WплMKNMMNLX█≤≥X≤LмXл▄█NYM██≤л█ыY█Lл≤л█л▄лMMьLьллMьмY≥≤≥▄█м█ьл▄Nм▄LNLьMлLм▄≥▌█NNLNMN█≥L▄M≥LYMY≥▄≤м≤▀уTT■яQQп√KVPрUт⌠уврQпS▒т▒Q▒T▒S░яWп▓S▒S▒кRQт░UQу▒T▓Q▓QQ▌▌ьX▌LX▄L▌XXммNYXы█Y≤█▄ммLм█▄L≥▌▄XьлYXы█XммьмPуU▒WсPTуT≈у▄≈рSSQV▒п≈п▓S▒S▒влк█▄LлMм▄с█Wпл▄NL▀MKMNK█NL≥≤ыNNMMMл█Lм█≥▌X█лнMNLLьXы≤лм█Y█M≤▄LыLMXмY≤лLYXXлMнXлмNY█▄▄MьX≤L█ьLьX█YN▄≤NлммL█ьXMLм█ы≤YY▌L▄LXL▄≥▌█лкуTT■яQQп√KVPрUт⌠уврQпS▒т▒Q▒T▒S░яWп▓S▒S▒кRQт░UQу▒T▓Q▓QQ▌▌ьX▌LX▄L▌XXммNYXы█Y≤█▄ммLм█▄L≥▌▄XьлYXы█XммьмPуU▒WсPTуT≈у▄≈рSSQV▒п≈п▓S▒S▒влк█▄LлMKм▄с█Wпл█K▄MKMNKнLM≤ммLYYLы▌LнX█ьLльMыLM█л█лLLNL▌Y▌LXM≥≥█XмYNXNлL▀▌ьмL≤X≥█LXь≥▄NXлYYY▄▄L▄NXыLы≤MнMмLMллM▄N≥XлыXLым≤YYуTT■яQQп√KVPрUт⌠уврQпS▒т▒Q▒T▒S░яWп▓S▒S▒кRQт░UQу▒T▓Q▓QQ▌▌ьX▌LX▄L▌XXммNYXы█Y≤█▄ммLм█▄L≥▌▄XьлYXы█XммьмPуU▒WсPTуT≈у▄≈рSSQV▒п≈п▓S▒S▒влк█▄LлMLм▄с█Wплл▄LмкMNKXь≤LмL█YX▄L█л█ь█ьл▄L▄ьмл≤ьмLнXYNNY▄▄лмыXмM█XыLNLмк≤█ьмлыL█ьMнX▄Xмм≥█л█XMNXM≤мнY≤LлLл█ы█л≥▄█Lьл≥MыуTT■яQQп√KVPрUт⌠уврQпS▒т▒Q▒T▒S░яWп▓S▒S▒кRQт░UQу▒T▓Q▓QQ▌▌ьX▌LX▄L▌XXммNYXы█Y≤█▄ммLм█▄L≥▌▄XьлYXы█XммьмPуU▒WсPTуT≈у▄≈рSSQV▒п≈п▓S▒S▒влк█▄LлMLKм▄с█WплмK▄M▀LлкMNK▌▄лMмыYYMXX▌лL█▄▄≥█LL▄LнLлм▌█MYм▄LLлLLM▄MY≤XXMл█LMнLLь█≥NMX≥XнY█▄▌NNNLMMлн█≥▌LLL█≤YL▄≥▄█LL≤MмXыыKуTT■яQQп√KVPрUт⌠уврQпS▒т▒Q▒T▒S░яWп▓S▒S▒кRQт░UQу▒T▓Q▓QQ▌▌ьX▌LX▄L▌XXммNYXы█Y≤█▄ммLм█▄L≥▌▄XьлYXы█XммьмPуU▒WсPTуT≈у▄≈рSSQV▒п≈п▓S▒S▒влк█▄LлML▀м▄с█Wпл▄▄кL▌MNKYMнY≤█лнн≤ь▌█▌ьMы▄M█н≥X≤Yм▄YYLXY≥L▄Lы≥Y≥Mл≤XнLMлы█NL▄▄█NьXXLNNMь≤мY≤мь≤мь▄ммX▄YYL█Mл▄LььXл≤лнмYX≤X≤л▀уTT■яQQп√KVPрUт⌠уврQпS▒т▒Q▒T▒S░яWп▓S▒S▒кRQт░UQу▒T▓Q▓QQ▌▌ьX▌LX▄L▌XXммNYXы█Y≤█▄ммLм█▄L≥▌▄XьлYXы█XммьмPуU▒WсPTуT≈у▄≈рSSQV▒п≈п▓S▒S▒влк█▄LлMLкм▄с█WплK▄лL█M▄L≤XлXььYXльLNM≤ыLмм█M≥█▌≤LммNMлYMX≥≤NM≥▄L█▄≥M█LLYMNKL≥≤███X█мLL▄Y≥≤≤нL≥NY≤LньмY≤ьлльлNY≥MмыLN≤ммYMмлл≥X█ь▀уTT■яQQп√KVPрUт⌠уврQпS▒т▒Q▒T▒S░яWп▓S▒S▒кRQт░UQу▒T▓Q▓QQ▌▌ьX▌LX▄L▌XXммNYXы█Y≤█▄ммLм█▄L≥▌▄XьлYXы█XммьмPуU▒WсPTуT≈у▄≈рSSQV▒п≈п▓S▒S▒влк█▄LлMMм▄с█WплL▄нLNKM▄Kлм▄нX█LMLX≤≤MNL█нM≥Mлы██мы██≥LXмь█≥≤л█XLм█л▀M▄нлы≤нYMл▌█NмLNXMьммLMX≤█лX▌лXмлNLмXYMMьыLмMуTT■яQQп√KVPрUт⌠уврQпS▒т▒Q▒T▒S░яWп▓S▒S▒кRQт░UQу▒T▓Q▓QQ▌▌ьX▌LX▄L▌XXммNYXы█Y≤█▄ммLм█▄L≥▌▄XьлYXы█XммьмPуU▒WсPTуT≈у▄≈рSSQV▒п≈п▓S▒S▒влк█▄LлMMKм▄с█WплMK█LLкM▄M▌≥▌NY▄Nы█≤лMыLьMнY≤▄MлNM≥ьMыL≥L██▌Y≤NмM▄≤нL≥LмNY≤Y▄M≥≤л≥YLLьлM█NMXл█▄ыL≤M█≥≤LнLм▄NX▄л≥уTT■яQQп√KVPрUт⌠уврQпS▒т▒Q▒T▒S░яWп▓S▒S▒кRQт░UQу▒T▓Q▓QQ▌▌ьX▌LX▄L▌XXммNYXы█Y≤█▄ммLм█▄L≥▌▄XьлYXы█XммьмPуU▒WсPTуT≈у▄≈рSSQV▒п≈п▓S▒S▒влк█▄LлMM▀м▄с█Wпл▄█L▀L▀M▄KY≥лY≥Mм▄ы█LNL▄█LMXь█▄▄ь≤M▄лLYYлL≤Lл▌L≥≥нLмNмыXлнY█л≥нLXXлы≤≥≤мMX█ььмYM▄Mьм≤лмнM≤▄лм▌LXлм≤м▄LыNXькуTT■яQQп√KVPрUт⌠уврQпS▒т▒Q▒T▒S░яWп▓S▒S▒кRQт░UQу▒T▓Q▓QQ▌▌ьX▌LX▄L▌XXммNYXы█Y≤█▄ммLм█▄L≥▌▄XьлYXы█XммьмPуU▒WсPTуT≈у▄≈рSSQV▒п≈п▓S▒S▒влк█▄LлMMкм▄с▄плKMLкMKMьLY█▌YN▌▄XX▄нMлLXьы▄лмN≤▄L≥≥X▄нNYыLM▌M≥ыXYLнLLLMьл≤Mм▄лм█M█мLыYл≤≥≥N▌XXMXL█мм≥≥NLLы▀уTT■яQQп√KVPрUт⌠уврQпS▒т▒Q▒T▒S░яWп▓S▒S▒кRQт░UQу▒T▓Q▓QQ▌▌ьX▌LX▄L▌XXммNYXы█Y≤█▄ммLм█▄L≥▌▄XьлYXы█XммьмPуU▒WсPTуT≈у▄≈рSSQV▒п≈п▓S▒S▒влк█▄LлMNм▄с▄плLM▄▀LнKMKмNMммNNXMMNMльлл≤▄MXьмX█LNLыM▌MXьML≥Mь≥M▌MNX≤L█Y▄ьXмьK≤Mььн≤▄█XлM≥нX▄≥YLLL≥L▄XлMX█L≤≥▄YX▄н▄YYYYMLXкуTT■яQQп√KVPрUт⌠уврQпS▒т▒Q▒T▒S░яWп▓S▒S▒кRQт░UQу▒T▓Q▓QQ▌▌ьX▌LX▄L▌XXммNYXы█Y≤█▄ммLм█▄L≥▌▄XьлYXы█XммьмPуU▒WсPTуT≈у▄≈рSSQV▒п≈п▓S▒S▒влк█▄LлMNKм▄с▄плMKMлLм▀MK█ы█▄≤лL▌X≤█X▄мь█нY█LYNYLнYMьм█Mь≥▄ь▄≥▄нMьYYXнXыXьKNNлLM▌Mн≥Y▄LXL█YM≥▌XY▄ыMXXXNM▌XьNLLь▌Y▌MмMм≥NкуTT■яQQп√KVPрUт⌠уврQпS▒т▒Q▒T▒S░яWп▓S▒S▒кRQт░UQу▒T▓Q▓QQ▌▌ьX▌LX▄L▌XXммNYXы█Y≤█▄ммLм█▄L≥▌▄XьлYXы█XммьмPуU▒WсPTуT≈у▄≈рSSQV▒п≈п▓S▒S▒влк█▄LлM▄м▄с▄пл▄MнLлKMKLNMь▌▄мML≤≤█л▄YX▄█M≥XьL≥X≥Mн▄лл█LX█L▄M█нMмYLXYY≤MY▀XыXнNл█лмMYYYXMM≥MM≤NX≥LYнL▌▌LыLлм█≤XY≤льL≤≤L≥уTT■яQQп√KVPрUт⌠уврQпS▒т▒Q▒T▒S░яWп▓S▒S▒кRQт░UQу▒T▓Q▓QQ▌▌ьX▌LX▄L▌XXммNYXы█Y≤█▄ммLм█▄L≥▌▄XьлYXы█XммьмPуU▒WсPTуT≈у▄≈рSSQV▒п≈п▓S▒S▒влк█▄LлM▄Kм▄с▄пл█KN▀L▌M▀▄Y▌YXL▌Y▄LнLмнM▌Xь≤LмлLыMYN▄≥▄≥█▄м▌▄≤▄M▌YM██▄ы≤лмл▄▀▄Y▄≥XX█MNLX≤мYL≥▌▄мы▌YM≥≥л▄≥NY≥L█Y≥≤Y▄ы≥L▄█▀уTT■яQQп√KVPрUт⌠уврQпS▒т▒Q▒T▒S░яWп▓S▒S▒кRQт░UQу▒T▓Q▓QQ▌▌ьX▌LX▄L▌XXммNYXы█Y≤█▄ммLм█▄L≥▌▄XьлYXы█XммьмPуU▒WсPTуT≈у▄≈рSSQV▒п≈п▓S▒S▒влк█▄LлM▄▀м▄с▄пллNML█M▀м▌≤ь█мLыX≤ьнNXLMY▌M≥ыM≤≤▄█ллLлX≤нMы≥≥▌Xл≥≤≤≤█ы▌ы▌Y█M≤▌█L█Y≥X▄█лыMь█▌XMXнNм█X≥XMYMмнYNMы≤Y≥MKуTT■яQQп√KVPрUт⌠уврQпS▒т▒Q▒T▒S░яWп▓S▒S▒кRQт░UQу▒T▓Q▓QQ▌▌ьX▌LX▄L▌XXммNYXы█Y≤█▄ммLм█▄L≥▌▄XьлYXы█XммьмPуU▒WсPTуT≈у▄≈рSSQV▒п≈п▓S▒S▒влк█▄LлM▄км▄с▄плмK▄KLNKM▀▄ьм▄ыYLLLь▄нLXM█н█▄█лM≤≥L▄▄лM▄▄L▄≥▄≥YXLьXмлл▄Mн▌L█K█ML≥LLLM≤L█Xм≤█▄лMM≥Mь█≤≥▌█≤▄LY█м≥YXL█M▌XMYY≤▄Y≤▌▄X▄▀уTT■яQQп√KVPрUт⌠уврQпS▒т▒Q▒T▒S░яWп▓S▒S▒кRQт░UQу▒T▓Q▓QQ▌▌ьX▌LX▄L▌XXммNYXы█Y≤█▄ммLм█▄L≥▌▄XьлYXы█XммьмPуU▒WсPTуT≈у▄≈рSSQV▒п≈п▓S▒S▒влк█▄LлM█м▄с▄пл▄LMKMкYMLмMы▄≥XNLьлXы▄▄≥LYYмыMыX≥X≤█лмXыM█≥NMLYыXмX▄█YLы▌LX▌LнNNXXML█▄NMY▄ммYLь▄NX▌MLыYлMьLLXY█Xм▄XMыYYLлXY≥≤л▀уTT■яQQп√KVPрUт⌠уврQпS▒т▒Q▒T▒S░яWп▓S▒S▒кRQт░UQу▒T▓Q▓QQ▌▌ьX▌LX▄L▌XXммNYXы█Y≤█▄ммLм█▄L≥▌▄XьлYXы█XммьмPуU▒WсPTуT≈у▄≈рSSQV▒п≈п▓S▒S▒влк█▄LлM█Kм▄с▄плK▄MKLLM▀YLLN▌N█м≥M▄LMYLллнMьLM▄нL≤ьн≥≥≥▌NнX█ы≤≤ыXыLьмм▀л≥Y█м█L≤█Xы≤≥█м≤YLLLY▌ыM≤Nмн≤мLN█л≤▄≤YLMьы≤▄M▄N█▀уTT■яQQп√KVPрUт⌠уврQпS▒т▒Q▒T▒S░яWп▓S▒S▒кRQт░UQу▒T▓Q▓QQ▌▌ьX▌LX▄L▌XXммNYXы█Y≤█▄ммLм█▄L≥▌▄XьлYXы█XммьмPуU▒WсPTуT≈у▄≈рSSQV▒п≈п▓S▒S▒влк█▄LлM█▀м▄с▄плL▄▄▀LMкмLьM▄XNLLM▌нNY██ьлY≤NNMLNNьNXMнLм▄▌XL≤ьл▌NыYL█▄лYXллLLM≥Lлм≤M▌YMX▄L▄≥▄н≥MMьLMMлLлLнLX≥M█м██ь▌мь≤KуTT■яQQп√KVPрUт⌠уврQпS▒т▒Q▒T▒S░яWп▓S▒S▒кRQт░UQу▒T▓Q▓QQ▌▌ьX▌LX▄L▌XXммNYXы█Y≤█▄ммLм█▄L≥▌▄XьлYXы█XммьмPуU▒WсPTуT≈у▄≈рSSQV▒п≈п▓S▒S▒влк█▄LлM█км▄с▄плMK▄▌KNMкL≥▄нMLMMлM▌Lь▄▌Y▄ы≥▌Xьн█≥L█лMX≥XMMм▄мXXнY▄ыLын▌Y▄≤█≥▄≤лMYY≥Mы▌L█л≥≤ы▄MнY▄лXы≤YлNM≥LLм▀уTT■яQQп√KVPрUт⌠уврQпS▒т▒Q▒T▒S░яWп▓S▒S▒кRQт░UQу▒T▓Q▓QQ▌▌ьX▌LX▄L▌XXммNYXы█Y≤█▄ммLм█▄L≥▌▄XьлYXы█XммьмPуU▒WсPTуT≈у▄≈рSSQV▒п≈п▓S▒S▒влк█▄LлM▌м▄с▄пл▄▄мKL▀MкN≥Mь≤LM█Lл≥█≥≤≤≥█ьыLыXмьл▌█N█млмм▄лXн≤ыL▌M▄≤≥ыMMн≤▌L▄▄ьмNLы█ы≥≤ьмьым▌MNY▄YY▄лльмлM▄ы▌≥▄MYXNMлл▀уTT■яQQп√KVPрUт⌠уврQпS▒т▒Q▒T▒S░яWп▓S▒S▒кRQт░UQу▒T▓Q▓QQ▌▌ьX▌LX▄L▌XXммNYXы█Y≤█▄ммLм█▄L≥▌▄XьлYXы█XммьмPуU▒WсPTуT≈у▄≈рSSQV▒п≈п▓S▒S▒влк█▄LлM▌Kм▄с▄пл█K█▀M▄▄L≤▌Mлм▄XXX▄▄YMMьы▄≤ьMXн▄ы≤▄нLMмNлMм≤XлK≥ML█ммыY≤Y≤MнL█ммX▄█▌YL≥≤NX█≤ь▌X▌LLY▄XNLльNNKуTT■яQQп√KVPрUт⌠уврQпS▒т▒Q▒T▒S░яWп▓S▒S▒кRQт░UQу▒T▓Q▓QQ▌▌ьX▌LX▄L▌XXммNYXы█Y≤█▄ммLм█▄L≥▌▄XьлYXы█XммьмPуU▒WсPTуT≈у▄≈рSSQV▒п≈п▓S▒S▒влк█▄LлMлм▄с▄плл█Kм▀M▌▄LнLY≥≥LY▄ь≥▄NYYы≤лнLY▄мM▄Mь≤лнм▄▄≤L▌YLLы█ьлXNNNKь≥▄MMMыY▄мLлYLLMXYмнYY▄█≤≤MYXы▌XMмлNMLьлYXнXMьнуTT■яQQп√KVPрUт⌠уврQпS▒т▒Q▒T▒S░яWп▓S▒S▒кRQт░UQу▒T▓Q▓QQ▌▌ьX▌LX▄L▌XXммNYXы█Y≤█▄ммLм█▄L≥▌▄XьлYXы█XммьмPуU▒WсPTуT≈у▄≈рSSQV▒п≈п▓S▒S▒влк█▄LлMлKм▄сMWплKML▌KLл▀YM█▄лл≥NLл█нMл▄≥▄YNMLNMнYL▌ыXь█MьLымыXыXл▄YXь█XкXL▄█▄█NLл≥лL▄MLL█≥≤≤м█YLмыM▌ML▄≤YL≤ннY≥NLмMYLMмуTT■яQQп√KVPрUт⌠уврQпS▒т▒Q▒T▒S░яWп▓S▒S▒кRQт░UQу▒T▓Q▓QQ▌▌ьX▌LX▄L▌XXммNYXы█Y≤█▄ммLм█▄L≥▌▄XьлYXы█XммьмPуU▒WсPTуT≈у▄≈рSSQV▒п≈п▓S▒S▒влк█▄LлMл▀м▄сMWплLMKL█▀Lл▀▄LY≤▄M▌XмльY▄ь▄NY≥≥Xы▌▄мXX▌≥≤л▄ьмыM▄▄≥≥█ы█YLXмкX██LXллNMм≥█LMь≥▄LM▄≥MXмLNNм≤ыYY≥X▄█ьнMм▄XNY▄нY▌XMлMкуTT■яQQп√KVPрUт⌠уврQпS▒т▒Q▒T▒S░яWп▓S▒S▒кRQт░UQу▒T▓Q▓QQ▌▌ьX▌LX▄L▌XXммNYXы█Y≤█▄ммLм█▄L≥▌▄XьлYXы█XммьмPуU▒WсPTуT≈у▄≈рSSQV▒п≈п▓S▒S▒влк█▄LлMлкм▄сMWплMKMM▀L▄▀Lл▀ы█L▄л≥≥▄█≤мьмL≤ьм▄ы≥YMлы≥Lл█Y≥█M█Y█нXлX▌X██▄LYXьMлл▌YMXL▌YлLL█м▌L▄M▄≤Lм≥LXыXлымL▄X▄лYNMьMY≥XYь▌▄лXMMыуTT■яQQп√KVPрUт⌠уврQпS▒т▒Q▒T▒S░яWп▓S▒S▒кRQт░UQу▒T▓Q▓QQ▌▌ьX▌LX▄L▌XXммNYXы█Y≤█▄ммLм█▄L≥▌▄XьлYXы█XммьмPуU▒WсPTуT≈у▄≈рSSQV▒п≈п▓S▒S▒влк█▄LлMмм▄сMWпл▄M█KLNKLл▀лL█LлYьL≥MнNY▌M█M▄NYNLы≤▌Yм█ь▄X≥X≥YL▄XMмь▌ьM█▌YLXYYL≥NMYLм≥▌LY≤▄ьMьнымLYLм≥Xл▄X≤M≤ы█лLмь≥LXNL▀уTT■яQQп√KVPрUт⌠уврQпS▒т▒Q▒T▒S░яWп▓S▒S▒кRQт░UQу▒T▓Q▓QQ▌▌ьX▌LX▄L▌XXммNYXы█Y≤█▄ммLм█▄L≥▌▄XьлYXы█XммьмPуU▒WсPTуT≈у▄≈рSSQV▒п≈п▓S▒S▒влк█▄LлMмKм▄сMWпл█KMлKLMLл▀M≤л≤ы▄нLLь█L▄█▌Y█ыMXмMмY≥≤≤L▄мьмнL█ы≤MмMь≥█≥NY≥█ы█нл▀█▄ыMXX▌YL≥LX▌NNYXы≥Xмыы█≤мы▄ьYл▄ьм▌XM≤█▄█ьмнM▄ммьMмKуTT■яQQп√KVPрUт⌠уврQпS▒т▒Q▒T▒S░яWп▓S▒S▒кRQт░UQу▒T▓Q▓QQ▌▌ьX▌LX▄L▌XXммNYXы█Y≤█▄ммLм█▄L≥▌▄XьлYXы█XммьмPуU▒WсPTуT≈у▄≈рSSQV▒п≈п▓S▒S▒влк█▄LлMм▀м▄сMWпллNLLKLлк▄нLY▄лY▄█Nм≤Nн≥▄▌▌L█LлXн≥█ыL≤MыM≤██YL≤мY≥▄ыKNY▄мYXьныXлLXMм≥▄██л≤NMм█L█X▄▌X▌ь███M≤ныь▄L█NY▌KуTT■яQQп√KVPрUт⌠уврQпS▒т▒Q▒T▒S░яWп▓S▒S▒кRQт░UQу▒T▓Q▓QQ▌▌ьX▌LX▄L▌XXммNYXы█Y≤█▄ммLм█▄L≥▌▄XьлYXы█XммьмPуU▒WсPTуT≈у▄≈рSSQV▒п≈п▓S▒S▒влк█▄LлMмкм▄сMWплмKNкLкLлкьMMлX≥LMMмMнNNMMNL█L██YXыMы≤LYMм▄Y█ML≥ы≥N▌мMNYXY≥█XкLмNXMлL▌≤Mы▌NX≥≥L≥█ыы≤≥▄≤█▄≥Y≤лмLY▄Nль≥▌LMл≥NлKуTT■яQQп√KVPрUт⌠уврQпS▒т▒Q▒T▒S░яWп▓S▒S▒кRQт░UQу▒T▓Q▓QQ▌▌ьX▌LX▄L▌XXммNYXы█Y≤█▄ммLм█▄L≥▌▄XьлYXы█XммьмPуU▒WсPTуT≈у▄≈рSSQV▒п≈п▓S▒S▒влк█▄LлMнм▄сMWплNLкL▀LлкLмLлYMMYNLл▌л█Y▄Mл█▄лY█≥≤▌YMлN≤LьыX▄L≤лл▌M≥▄мKыM≥нLыN█≤Lм▌≥YM▄▌█мL▄ь≤██L▄X▄▌▄ь▄YKуTT■яQQп√KVPрUт⌠уврQпS▒т▒Q▒T▒S░яWп▓S▒S▒кRQт░UQу▒T▓Q▓QQ▌▌ьX▌LX▄L▌XXммNYXы█Y≤█▄ммLм█▄L≥▌▄XьлYXы█XммьмPуU▒WсPTуT≈у▄≈рSSQV▒п≈п▓S▒S▒влк█▄LлMнKм▄сMWплK▄M▀LлкмMXMMьлM▌≥YL▌N▄нMLм≤█▌L▄MLнLY▄≥Lл▄л≤≥█ы▌YLMMMы▀NYNM█YL≤▌▄лM▌X▄LXM≥Y▌мMXMм≥XMьыы≤YMLLNN█X█≤NMX██≤LLLн▀уTT■яQQп√KVPрUт⌠уврQпS▒т▒Q▒T▒S░яWп▓S▒S▒кRQт░UQу▒T▓Q▓QQ▌▌ьX▌LX▄L▌XXммNYXы█Y≤█▄ммLм█▄L≥▌▄XьлYXы█XммьмPуU▒WсPTуT≈у▄≈рSSQV▒п≈п▓S▒S▒влк█▄LлNм▄сMWплL▄кLKLм≤▄█≤▄нML▌X█≥≤м≤██YY█лL▄▄лмNXY▌≥лM≤≤ь▄▄≥█L▄▄Mы█≥█мL▀м▄MMXлY▄ь▄XL▌M≥X▄NьX▄Y█ь≤YY≤█нM▄XьыMLMMLлы▄нLмX▀уTT■яQQп√KVPрUт⌠уврQпS▒т▒Q▒T▒S░яWп▓S▒S▒кRQт░UQу▒T▓Q▓QQ▌▌ьX▌LX▄L▌XXммNYXы█Y≤█▄ммLм█▄L≥▌▄XьлYXы█XммьмPуU▒WсPTуT≈у▄≈рSSQV▒п≈п▓S▒S▒влк█▄LлNKм▄сMWплMK▄MLмY≤▄L█YYMX█LM▌X█≤█≥Nн██▄YNXыX≥█мML▄▌NX≥≤YXNXнLкь██нLMYYLYXы█L▄≤лььLYн▌L█≥██▌LлN█≥▄≥█X≥Y▌YL≤Y▄≤≤мMуTT■яQQп√KVPрUт⌠уврQпS▒т▒Q▒T▒S░яWп▓S▒S▒кRQт░UQу▒T▓Q▓QQ▌▌ьX▌LX▄L▌XXммNYXы█Y≤█▄ммLм█▄L≥▌▄XьлYXы█XммьмPуU▒WсPTуT≈у▄≈рSSQV▒п≈п▓S▒S▒влк█▄LлN▀м▄сMWпл▄▄▄KмкLмь▌L≥≤ыNNNLX██N≥▄л▌Mл≥▄мьNL█≤ыLMLм█LN≤мнLNXXь≥X█L≤л▀м▄MLY▌Lн▄ьNLY≥█NXM█LлнXNM█YLлMLллM▄≤Mны▄XXMмь█KуTT■яQQп√KVPрUт⌠уврQпS▒т▒Q▒T▒S░яWп▓S▒S▒кRQт░UQу▒T▓Q▓QQ▌▌ьX▌LX▄L▌XXммNYXы█Y≤█▄ммLм█▄L≥▌▄XьлYXы█XммьмPуU▒WсPTуT≈у▄≈рSSQV▒п≈п▓S▒S▒влк█▄LлNкм▄сMWпл█K▄█к▌KLмKы▌Y█нXY▄▄л▄L▌L▄ьX█нMнлM▄MY▄л≥YLMыL▄▌м▌YY█ыьXыY█лXKML█▌▌XY█мм≥≤LMX≥▌MьLN▄м█лмLьY█▄лY≤≥L≤ыLYNLYL≤ы▀уTT■яQQп√KVPрUт⌠уврQпS▒т▒Q▒T▒S░яWп▓S▒S▒кRQт░UQу▒T▓Q▓QQ▌▌ьX▌LX▄L▌XXммNYXы█Y≤█▄ммLм█▄L≥▌▄XьлYXы█XммьмPуU▒WсPTуT≈у▄≈рSSQV▒п≈п▓S▒S▒влк█▄LлNм▄сMWплл▄лкNKLмKLYM≥▌м█▌N▄NLY▄▄лнXMы█NMлллнм▄M▌ML█X█≤Xм▄NLм▌л▌мXн≤ыY▄≥L▄▌MM█MY▄≥≤л≤Xмлы▌LыX█X▄м≤м≥YLы██м≥≤MыMы▀уTT■яQQп√KVPрUт⌠уврQпS▒т▒Q▒T▒S░яWп▓S▒S▒кRQт░UQу▒T▓Q▓QQ▌▌ьX▌LX▄L▌XXммNYXы█Y≤█▄ммLм█▄L≥▌▄XьлYXы█XммьмPуU▒WсPTуT≈у▄≈рSSQV▒п≈п▓S▒S▒влк█▄LлNKм▄сMWплмK█▀Lм▀X≥▌MLLNMы███YY≥≤Lь▌Xыы▌ь≥█нXлYXM≤≥≥нL▄≤≤Y█X≤м█KL▄≤ы█≤LMнMнM≤N▄YLMыMыM≥NMLMлмл▌█мьMX≥▄ь▌YLNLльл▀уTT■яQQп√KVPрUт⌠уврQпS▒т▒Q▒T▒S░яWп▓S▒S▒кRQт░UQу▒T▓Q▓QQ▌▌ьX▌LX▄L▌XXммNYXы█Y≤█▄ммLм█▄L≥▌▄XьлYXы█XммьмPуU▒WсPTуT≈у▄≈рSSQV▒п≈п▓S▒S▒влк█▄LлN▀м▄сLплKL▌LMкL▄Lм▄лYXыLлы≥X≥Lм▄YYL≤лY≥нYXLь≤█LнX█▌мь▀Mь≥≥LNM≥M≤█≤▌LMLмLMMYMлл▄мь▌NMлыLL█L█Mь█м≥≥█▄NLMM≤▌▄уTT■яQQп√KVPрUт⌠уврQпS▒т▒Q▒T▒S░яWп▓S▒S▒кRQт░UQу▒T▓Q▓QQ▌▌ьX▌LX▄L▌XXммNYXы█Y≤█▄ммLм█▄L≥▌▄XьлYXы█XммьмPуU▒WсPTуT≈у▄≈рSSQV▒п≈п▓S▒S▒влк█▄LлNкм▄сLплLLм▀LML▄≥ьX▌NM▄ML█ы▄▄мыMX≤≤XььYNньы█нYмY▄≤нX▄NыXX▄нNLNNXM▀≤LM█ьNMлM▌X≥YY█▌≤▄▄ыMMн▄ь█M█N▌Y▄лл▄YMмL≥X▄LY▌L█KуTT■яQQп√KVPрUт⌠уврQпS▒т▒Q▒T▒S░яWп▓S▒S▒кRQт░UQу▒T▓Q▓QQ▌▌ьX▌LX▄L▌XXммNYXы█Y≤█▄ммLм█▄L≥▌▄XьлYXы█XммьмPуU▒WсPTуT≈у▄≈рSSQV▒п≈п▓S▒S▒влк█▄LлNм▄сLплMKMLLL▄MыNYXMмм≤Y≤M█Y█≤ьмLьмл▄≥LыM▄нMмLьM≥≥L≥X▄NXMы≤Xл≥Y▀ьY≤LNM▌ь█NYY▄ммLыMммы▄▌LL▄YLMXь▌Y≤лL█≥мнMLм▀уTT■яQQп√KVPрUт⌠уврQпS▒т▒Q▒T▒S░яWп▓S▒S▒кRQт░UQу▒T▓Q▓QQ▌▌ьX▌LX▄L▌XXммNYXы█Y≤█▄ммLм█▄L≥▌▄XьлYXы█XммьмPуU▒WсPTуT≈у▄≈рSSQV▒п≈п▓S▒S▒влк█▄LлNKм▄сLпл▄MLKL▀L▄▄Mн▌XXLл▄≤м≥≥▄NXы█лLыYY█Xм▌Lмь▄MMLь▄мXMXLыьLь▄ы≤▄LмL▄кLLLмY▄█MXMл≤█▌LY█ы≤Xь≤≤▄▌M▌L▌LM≤█LлLн█нMмыMмнLыX█▄лKуTT■яQQп√KVPрUт⌠уврQпS▒т▒Q▒T▒S░яWп▓S▒S▒кRQт░UQу▒T▓Q▓QQ▌▌ьX▌LX▄L▌XXммNYXы█Y≤█▄ммLм█▄L≥▌▄XьлYXы█XммьмPуU▒WсPTуT≈у▄≈рSSQV▒п≈п▓S▒S▒влк█▄LлNLм▄сLпл█KMNKLкL▄KM▄L▌NXM█Xл█XX▄NLXл≥█▄≤▄ь█Lн≤нYXL█ыX█MмMYMлNMмлKLMлл≥Nл≤мь▄ы▌Lм▌X≥L≥л█L█ь▌█X≤лLмьлымьMы██л▌KуTT■яQQп√KVPрUт⌠уврQпS▒т▒Q▒T▒S░яWп▓S▒S▒кRQт░UQу▒T▓Q▓QQ▌▌ьX▌LX▄L▌XXммNYXы█Y≤█▄ммLм█▄L≥▌▄XьлYXы█XммьмPуU▒WсPTуT≈у▄≈рSSQV▒п≈п▓S▒S▒влк█▄LлNLKм▄сLпллM█▀NKL▄≤ы≥Y≥M█MLлмXLл▄ы▄█нXы█лм▌█≥ьMLYYY▄≤▄ы≤LNX≥лMMм█Y≥≤ы█▄ы≤ьX≥L≥≤≤L▄█л█лX≥Xл█мLлNXьL≥MыYLмлMлл≤NMM▌M█≥≤≤куTT■яQQп√KVPрUт⌠уврQпS▒т▒Q▒T▒S░яWп▓S▒S▒кRQт░UQу▒T▓Q▓QQ▌▌ьX▌LX▄L▌XXммNYXы█Y≤█▄ммLм█▄L≥▌▄XьлYXы█XммьмPуU▒WсPTуT≈у▄≈рSSQV▒п≈п▓S▒S▒влк█▄LлNL▀м▄сLплмKMлкML▄K▌NMы█NXлYььм≤LX█м▄▄ы█L≤ыM▄нY≥NXY≥≤█ы▌X≥NY≥Y▄ыM█ML▌≥K≤≥Mл█лLL≤YYм▌Lм≥Y≤нMьь█LMь▄ы▄≥≤мM≥▄≤ы≥▄≥≥LN▌KуTT■яQQп√KVPрUт⌠уврQпS▒т▒Q▒T▒S░яWп▓S▒S▒кRQт░UQу▒T▓Q▓QQ▌▌ьX▌LX▄L▌XXммNYXы█Y≤█▄ммLм█▄L≥▌▄XьлYXы█XммьмPуU▒WсPTуT≈у▄≈рSSQV▒п≈п▓S▒S▒влк█▄LлNLкм▄сLплNKL▄KY≥≤M▄Xы▄ьы█≥≥≤XLыMYMлMY▌Y▌M▄л≤Y█мнм≤█≥мM▄▄█нL≥≤KM≤≤YY≥л▌MM▌█NыYNNY█≥M≥YMмY≤м▌Y≥█M▄мMX▌MNLы▄L≤YKуTT■яQQп√KVPрUт⌠уврQпS▒т▒Q▒T▒S░яWп▓S▒S▒кRQт░UQу▒T▓Q▓QQ▌▌ьX▌LX▄L▌XXммNYXы█Y≤█▄ммLм█▄L≥▌▄XьлYXы█XммьмPуU▒WсPTуT≈у▄≈рSSQV▒п≈п▓S▒S▒влк█▄LлNMм▄сLплKNкL▄KLL▌≤ы≥M█ммыY▌мMY▄X▄M█L≤ы█LY██лны█▌M▄L≤лмYMьY▄мN≥▄█YллNNX█X≥≥ыM█лнYXM▄≥≤м▄NML▄м≥XMNMыLY█лььMYуTT■яQQп√KVPрUт⌠уврQпS▒т▒Q▒T▒S░яWп▓S▒S▒кRQт░UQу▒T▓Q▓QQ▌▌ьX▌LX▄L▌XXммNYXы█Y≤█▄ммLм█▄L≥▌▄XьлYXы█XммьмPуU▒WсPTуT≈у▄≈рSSQV▒п≈п▓S▒S▒влк█▄LлNMKм▄сLплLNLкнL▄▀≤X█ьLXлн≤NY█▌ыYь≥Y▄≥л▄лмXь≤м≤мь█л█▄м▄L▄▄▄≥Y▌MнKM≥▄M▄NьлмNX██ы▌≤X▌Nм≥▄≤ьLLML≤л≥ы█л▄▄MьMY▌NннM≥█▀уTT■яQQп√KVPрUт⌠уврQпS▒т▒Q▒T▒S░яWп▓S▒S▒кRQт░UQу▒T▓Q▓QQ▌▌ьX▌LX▄L▌XXммNYXы█Y≤█▄ммLм█▄L≥▌▄XьлYXы█XммьмPуU▒WсPTуT≈у▄≈рSSQV▒п≈п▓S▒S▒влк█▄LлNM▀м▄сLплMKNNKлKL▄▀Xы≥MYN▄YLлыль≥██н▄ьMнLXMNMNM▌ML▌XNX≤LNLX▄ыNN▌Y█л▌XнLY█XнNыXыMXлXыLLYNNXл▄█ьлY≥≤нNYMMXYYLьX██ммьь█уTT■яQQп√KVPрUт⌠уврQпS▒т▒Q▒T▒S░яWп▓S▒S▒кRQт░UQу▒T▓Q▓QQ▌▌ьX▌LX▄L▌XXммNYXы█Y≤█▄ммLм█▄L≥▌▄XьлYXы█XммьмPуU▒WсPTуT≈у▄≈рSSQV▒п≈п▓S▒S▒влк█▄LлNMкм▄сLпл▄▄▀▄кL▄▀NL≥YYлы█≤≤мM█MьYYMмы▄XMл▌Xььм▄≥Mмлль█▄м█≤▀█LMы▌M≤XлXMY▄≤▌▄нNYMм≤≤█≥▄м≤LN▌XнMыXнXL█▄Y█нL▌Y▌≥уTT■яQQп√KVPрUт⌠уврQпS▒т▒Q▒T▒S░яWп▓S▒S▒кRQт░UQу▒T▓Q▓QQ▌▌ьX▌LX▄L▌XXммNYXы█Y≤█▄ммLм█▄L≥▌▄XьлYXы█XммьмPуU▒WсPTуT≈у▄≈рSSQV▒п≈п▓S▒S▒влк█▄LлNNм▄сLпл█K▄L▀LкL▄▀NXь█▄нM▄лY▄█ыLмьл█▄≥█≥ML≤мн▌LY≤▄▌ь█Xь▄ь≤≥X▌X≤лX▄млYY≤▄ь██м█MлX█≤ыLлLNMм≥≥≤▄ы█NXыMлMнXы≤ML▌▄ыYLLл≥███YLкуTT■яQQп√KVPрUт⌠уврQпS▒т▒Q▒T▒S░яWп▓S▒S▒кRQт░UQу▒T▓Q▓QQ▌▌ьX▌LX▄L▌XXммNYXы█Y≤█▄ммLм█▄L≥▌▄XьлYXы█XммьмPуU▒WсPTуT≈у▄≈рSSQV▒п≈п▓S▒S▒влк█▄LлNNKм▄сLплл▄NK▀L▄к≤Mмыь≥MнY▄лнLYY█≤▄XL▄NLXлM≤YML≤▄█лYY≤ы▄ьNл≤ыM≥M▄ыYY▀XXьY▄MMнX▄мX≥▄NлL██Lым≥≤XыX≥N█≥≤ы█мYY≥Y█X█м▀уTT■яQQп√KVPрUт⌠уврQпS▒т▒Q▒T▒S░яWп▓S▒S▒кRQт░UQу▒T▓Q▓QQ▌▌ьX▌LX▄L▌XXммNYXы█Y≤█▄ммLм█▄L≥▌▄XьлYXы█XммьмPуU▒WсPTуT≈у▄≈рSSQV▒п≈п▓S▒S▒влк█▄Lл▄м▄сLплмK▄█K▄KL▄кн▄█ьNлLX█XM▌LмNXMлL█L▌LлY≥≥▌Y▄лыMл▄X█YыMль█▀≤▄Y≤мX█Xьы▄лнML≤L█NY▄нM≥LLмлм▄L≤L▄ML≥NL≥NLн▄нNыY█▄XMKуTT■яQQп√KVPрUт⌠уврQпS▒т▒Q▒T▒S░яWп▓S▒S▒кRQт░UQу▒T▓Q▓QQ▌▌ьX▌LX▄L▌XXммNYXы█Y≤█▄ммLм█▄L≥▌▄XьлYXы█XммьмPуU▒WсPTуT≈у▄≈рSSQV▒п≈п▓S▒S▒влк█▄Lл▄Kм▄сLпл▄лKL▄к≥▄ыLльыMMLNXYM≥L▌▄≥LлMмYL▌X≥≤▄L▌NMьYY▌ьмX▄▄ы▄≥LL≤▀≥Y≥≤█≥M▄≤н▄▌XYьMл▄▌M▌MY≥MнLM▌▄L≤YL▄█ыMY▌≥▄▌KуTT■яQQп√KVPрUт⌠уврQпS▒т▒Q▒T▒S░яWп▓S▒S▒кRQт░UQу▒T▓Q▓QQ▌▌ьX▌LX▄L▌XXммNYXы█Y≤█▄ммLм█▄L≥▌▄XьлYXы█XммьмPуU▒WсPTуT≈у▄≈рSSQV▒п≈п▓S▒S▒влк█▄Lл▄▀м▄сWплKLM▀LLк≤нNYN▌MY≥▄MLYMмMьX▄льм█ьXм≤ыы≥▄L▄█≤≥MлYм≤нL≤кM≤ы█ыNN▌YMьX≤лX█▄мLYLнYмXNы≤≥▄Lьлы█лX▄XMлL≤лMMYKуTT■яQQп√KVPрUт⌠уврQпS▒т▒Q▒T▒S░яWп▓S▒S▒кRQт░UQу▒T▓Q▓QQ▌▌ьX▌LX▄L▌XXммNYXы█Y≤█▄ммLм█▄L≥▌▄XьлYXы█XммьмPуU▒WсPTуT≈у▄≈рSSQV▒п≈п▓S▒S▒влк█▄Lл▄км▄сWплLL▄кLKLк█LNX▄XXY█Y≤ы▄Y▄≥▌нYMммл≥▌█N▄≥L▄X▄л█л▄██лыYнLл█≥Kьы▌ыMN▄▌█N≤█≥≥█Lмл█▄≤▄≤LY≤▌█л█L▄≤NL≥NNLы≤ь█NуTT■яQQп√KVPрUт⌠уврQпS▒т▒Q▒T▒S░яWп▓S▒S▒кRQт░UQу▒T▓Q▓QQ▌▌ьX▌LX▄L▌XXммNYXы█Y≤█▄ммLм█▄L≥▌▄XьлYXы█XммьмPуU▒WсPTуT≈у▄≈рSSQV▒п≈п▓S▒S▒влк█▄Lл▄м▄сWплMKLлKNL≥MNL≥██≤ььX≥█▄YNлYM█MMлмлXXы▄LлNнLY▌MLы≥YLмл≥█≥≥L≥Y▄X≥█≥MыьL▄млY≤≥≤MX▌л█ы≥≤≥Xы≤L█▌ыNы█M≤≤▌NLXмMуTT■яQQп√KVPрUт⌠уврQпS▒т▒Q▒T▒S░яWп▓S▒S▒кRQт░UQу▒T▓Q▓QQ▌▌ьX▌LX▄L▌XXммNYXы█Y≤█▄ммLм█▄L≥▌▄XьлYXы█XммьмPуU▒WсPTуT≈у▄≈рSSQV▒п≈п▓S▒S▒влк█▄Lл▄Kм▄сWпл▄LнMLк▄ллыNXь≥LXXь▄м≥л≤Xы▄▄NYYM█▄▄≤X≤▌LLл▄Y≥ыM≥LлнмYNK≤≥▄█Yлыь█мM▄M█X█Y≥≤MнL█Yл▄нYM≥M▄≥≤N≥██LLXXнXKуTT■яQQп√KVPрUт⌠уврQпS▒т▒Q▒T▒S░яWп▓S▒S▒кRQт░UQу▒T▓Q▓QQ▌▌ьX▌LX▄L▌XXммNYXы█Y≤█▄ммLм█▄L≥▌▄XьлYXы█XммьмPуU▒WсPTуT≈у▄≈рSSQV▒п≈п▓S▒S▒влк█▄Lл▄▀м▄сWпл█KMKLL█MY≤XNьм█ь▄▌L▄X█XN▄л≤ы▄▌█M█LNM█лNL≤██нMX≥YY▄MMмл≤YY≤мMьXмMмнNYX≤L▄≥▄≥█л▄≥≤≥▄ь▄л█н≥XмьNLлммNNLнYл≤M▀уTT■яQQп√KVPрUт⌠уврQпS▒т▒Q▒T▒S░яWп▓S▒S▒кRQт░UQу▒T▓Q▓QQ▌▌ьX▌LX▄L▌XXммNYXы█Y≤█▄ммLм█▄L≥▌▄XьлYXы█XммьмPуU▒WсPTуT≈у▄≈рSSQV▒п≈п▓S▒S▒влк█▄Lл▄км▄сWпллML▀▀Lмл█Mымм▄LьмXNL≤≥█XMн▄м█ьыLX≥LYMлыXY▄X▄≥ьL≤л≥Mл≤M██Lм▄M█YXь█нY█NLнYы▄≥≤L▄ьм█м▌NыXL▄MнY█куTT■яQQп√KVPрUт⌠уврQпS▒т▒Q▒T▒S░яWп▓S▒S▒кRQт░UQу▒T▓Q▓QQ▌▌ьX▌LX▄L▌XXммNYXы█Y≤█▄ммLм█▄L≥▌▄XьлYXы█XммьмPуU▒WсPTуT≈у▄≈рSSQV▒п≈п▓S▒S▒влк█▄Lл▄м▄сWплмKMNKKLLY█XлыX≤Y≥Mмь█лмыXлX▄лмльы≤█л▌LыYY≥MMX█ыXьM≥Lмкы█LNLлNLммлL▄▄мLы≤мX█M▌л▌M▌M▌M▄Mнь▄▌LмыNYX≥Lм≤куTT■яQQп√KVPрUт⌠уврQпS▒т▒Q▒T▒S░яWп▓S▒S▒кRQт░UQу▒T▓Q▓QQ▌▌ьX▌LX▄L▌XXммNYXы█Y≤█▄ммLм█▄L≥▌▄XьлYXы█XммьмPуU▒WсPTуT≈у▄≈рSSQV▒п≈п▓S▒S▒влк█▄Lл▄Kм▄сWплM█▀мкLK▄≤▄ьылLьмлL█M▄▄Y≥Y█м▄▌NYM≤NNMXXьмMM≥X█MмMмLKл█ьMл▄Mым≥ML≥ы≤≥▌NY█▄XXMLLY≥LM≤██ьлL▌ьYMLы▌≥лX▄ы▄KуTT■яQQп√KVPрUт⌠уврQпS▒т▒Q▒T▒S░яWп▓S▒S▒кRQт░UQу▒T▓Q▓QQ▌▌ьX▌LX▄L▌XXммNYXы█Y≤█▄ммLм█▄L≥▌▄XьлYXы█XммьмPуU▒WсPTуT≈у▄≈рSSQV▒п≈п▓S▒S▒влк█▄Lл▄Lм▄сWплKMл▀лKLK▌≥▌▄▄▌L≤▌MммNнL≤м≤X█Y▄Xл█лмM█M█ь█▌XX≤▄Xьм≤ыNLм▄ы▀YM≥▄XNYYYLXM▄ыMNYY▄лNXL≥LY≤▌X≤MнNLML≥XYYMл█XLLыYML≤NуTT■яQQп√KVPрUт⌠уврQпS▒т▒Q▒T▒S░яWп▓S▒S▒кRQт░UQу▒T▓Q▓QQ▌▌ьX▌LX▄L▌XXммNYXы█Y≤█▄ммLм█▄L≥▌▄XьлYXы█XммьмPуU▒WсPTуT≈у▄≈рSSQV▒п≈п▓S▒S▒влк█▄Lл▄LKм▄сWплLMнK█KLK≥M▄л▄▌ыMмMл█м█NM≥Y█≥≥X▌Y≥MыL█л▄LXMы≥ьLYM≥█MнYXлымл▀█NM≥█≥ы▌MXLL≥▄▄NNNNм≤Y█ьMлмльл▄██▄≥▄█▄н▌XY█LLьXнуTT■яQQп√KVPрUт⌠уврQпS▒т▒Q▒T▒S░яWп▓S▒S▒кRQт░UQу▒T▓Q▓QQ▌▌ьX▌LX▄L▌XXммNYXы█Y≤█▄ммLм█▄L≥▌▄XьлYXы█XммьмPуU▒WсPTуT≈у▄≈рSSQV▒п≈п▓S▒S▒влк█▄Lл▄L▀м▄сWплMKNKM▀LKмыM▌█млM▄л█M≥YMыL≥██Y██N▄ыьы≤Y█≥X▌X█Lн≥▄L▄ьь▄м▀M≥YXлY≤л≥ллMXьмлынYM≤≥NYмL≥X≥Lм≥▌MNLы█мLь▄█лкуTT■яQQп√KVPрUт⌠уврQпS▒т▒Q▒T▒S░яWп▓S▒S▒кRQт░UQу▒T▓Q▓QQ▌▌ьX▌LX▄L▌XXммNYXы█Y≤█▄ммLм█▄L≥▌▄XьлYXы█XммьмPуU▒WсPTуT≈у▄≈рSSQV▒п≈п▓S▒S▒влк█▄Lл▄Lкм▄сWпл▄NLKкLK▄▄▄█≥M█Y▄LY▌▄█м≥≤ы≤≤мL▄ыXыM≤L≤Y█M▄ыNMл≤≥≥█ьь█≥N≥L▌L≥▀м█ы▌YYXл▌≥LLY≥Mл█MмL▌MLL▌LльY█≤MлнXн▄YMXMNL≥█LMM█≥M▀уTT■яQQп√KVPрUт⌠уврQпS▒т▒Q▒T▒S░яWп▓S▒S▒кRQт░UQу▒T▓Q▓QQ▌▌ьX▌LX▄L▌XXммNYXы█Y≤█▄ммLм█▄L≥▌▄XьлYXы█XммьмPуU▒WсPTуT≈у▄≈рSSQV▒п≈п▓S▒S▒влк█▄Lл▄Mм▄сWпл█KNNмKLLLYмннN≥█мM█нN≤█LLLмм▄YN█MмYьXьл≤Mы█Xь≤ы▌Xл▄Lл█мYKLLныNY█≤LлN≤YмM≥X≥MнLллL≤лLMмXыььл▌≥NLYLнNYX█▌KуTT■яQQп√KVPрUт⌠уврQпS▒т▒Q▒T▒S░яWп▓S▒S▒кRQт░UQу▒T▓Q▓QQ▌▌ьX▌LX▄L▌XXммNYXы█Y≤█▄ммLм█▄L≥▌▄XьлYXы█XммьмPуU▒WсPTуT≈у▄≈рSSQV▒п≈п▓S▒S▒влк█▄Lл▄MKм▄сWплл▄MLLL▌ыNM█YLы▄MXм≥X█≥LлмLN█лM≤м▄YM≥MYMль▌XмXнлML█≤кNNY≤мLьMMм█YLнMыLмLX█≥л≥LM█лLы≤л≥Y█≤Lы≥▌X▌≤M▌ьY█KуTT■яQQп√KVPрUт⌠уврQпS▒т▒Q▒T▒S░яWп▓S▒S▒кRQт░UQу▒T▓Q▓QQ▌▌ьX▌LX▄L▌XXммNYXы█Y≤█▄ммLм█▄L≥▌▄XьлYXы█XммьмPуU▒WсPTуT≈у▄≈рSSQV▒п≈п▓S▒S▒влк█▄Lл▄M▀м▄сWплмK▄KLLM█лYMыMы≥X█нл██≥мыLл≥MMмX≤▄█NYYML▄L█≥LM▌≥▄м≤M▌YLл▌≤мMNMл██N≤лмь▌Y██L≤L█L≤█▄л≤ыNYMYLNXL▌▄ыNKуTT■яQQп√KVPрUт⌠уврQпS▒т▒Q▒T▒S░яWп▓S▒S▒кRQт░UQу▒T▓Q▓QQ▌▌ьX▌LX▄L▌XXммNYXы█Y≤█▄ммLм█▄L≥▌▄XьлYXы█XммьмPуU▒WсPTуT≈у▄≈рSSQV▒п≈п▓S▒S▒влк█▄Lл▄Mкм▄сплKL▀LKM▄ыYY≤лMн≤м█≥NLYY≥▌MьLYнN▄▌≥XLM≥X≥Y▄≥Nм≤XMм██Xм▄KL≤≤MMNYM≤мXLMнLл█▌██м█YM≥NY▌LLLXL▄ь≤ньMь▄NLуTT■яQQп√KVPрUт⌠уврQпS▒т▒Q▒T▒S░яWп▓S▒S▒кRQт░UQу▒T▓Q▓QQ▌▌ьX▌LX▄L▌XXммNYXы█Y≤█▄ммLм█▄L≥▌▄XьлYXы█XммьмPуU▒WсPTуT≈у▄≈рSSQV▒п≈п▓S▒S▒влк█▄Lл▄Nм▄сплLLLMY▄Y█≤ьы≤█MLыь≤л≤л█Y≥▄ы█≥≥≥█ьлмNM≤LXYL≥ьMь▄≥▄л██N▀м≥LX█мы█Y█L██M█ьL≤▌█MXльы≤лMм≤ы≤ыL▌█ыYMыXн▌LлN≤X█мLXNKуTT■яQQп√KVPрUт⌠уврQпS▒т▒Q▒T▒S░яWп▓S▒S▒кRQт░UQу▒T▓Q▓QQ▌▌ьX▌LX▄L▌XXммNYXы█Y≤█▄ммLм█▄L≥▌▄XьлYXы█XммьмPуU▒WсPTуT≈у▄≈рSSQV▒п≈п▓S▒S▒влк█▄Lл▄NKм▄сплMKLNKMKнмNM▄XLлмм≤Y≥N≥≤ыL≤л≤ьNY≥LLLML▌≥м≥≤Nь██▄M▌YNMNM▀ы▄XL█Y≥X≥M█≤н▌Mл▄▌XM▄н≥XLMнN█ь≤▄XNMыYY▄█≤▌YXмм█ьMмы▄куTT■яQQп√KVPрUт⌠уврQпS▒т▒Q▒T▒S░яWп▓S▒S▒кRQт░UQу▒T▓Q▓QQ▌▌ьX▌LX▄L▌XXммNYXы█Y≤█▄ммLм█▄L≥▌▄XьлYXы█XммьмPуU▒WсPTуT≈у▄≈рSSQV▒п≈п▓S▒S▒влк█▄Lл▄▄м▄спл▄L█KMKY▌л▄▄≤нL▄≤█лNY▄YнLнL█▌ыY≤нNMMYY█ь▄XNXXмь≤ыYN▄≤мYL▄X▀▄L≤█▌YL▄Y▄Mын▄█≥Y█▄██XYMX▌MMл≤л▄▄м≥XY▌LYыY█NнYXкуTT■яQQп√KVPрUт⌠уврQпS▒т▒Q▒T▒S░яWп▓S▒S▒кRQт░UQу▒T▓Q▓QQ▌▌ьX▌LX▄L▌XXммNYXы█Y≤█▄ммLм█▄L≥▌▄XьлYXы█XммьмPуU▒WсPTуT≈у▄≈рSSQV▒п≈п▓S▒S▒влк█▄Lл▄▄Kм▄спл█KLлKнMK≥YнLM█≤ыXLмMлMXLY▌LLLL≤ыY█M≤█Y≤MY≤л≤YY█м≥▌L≤X▌≤██▀л▄≤м█L≤ь≥YMммл█нMл≥ьы█ыXь█LммлMXMLLы≤ьM≤л▄лнYMуTT■яQQп√KVPрUт⌠уврQпS▒т▒Q▒T▒S░яWп▓S▒S▒кRQт░UQу▒T▓Q▓QQ▌▌ьX▌LX▄L▌XXммNYXы█Y≤█▄ммLм█▄L≥▌▄XьлYXы█XммьмPуU▒WсPTуT≈у▄≈рSSQV▒п≈п▓S▒S▒влк█▄Lл▄▄▀м▄спллLнKмM▀ыY█ь▄L≤ммльMьльлX█нNY█YXмлмNLXXYXM██X▌L█L≤ы≥L▌≤нLK≤MLмYXмLмь█LLYлX█≤ьY██MMMн▄лMныLьлY▌мM≥LM≤▌MLмMыM▌KуTT■яQQп√KVPрUт⌠уврQпS▒т▒Q▒T▒S░яWп▓S▒S▒кRQт░UQу▒T▓Q▓QQ▌▌ьX▌LX▄L▌XXммNYXы█Y≤█▄ммLм█▄L≥▌▄XьлYXы█XммьмPуU▒WсPTуT≈у▄≈рSSQV▒п≈п▓S▒S▒влк█▄Lл▄▄км▄сплмKMK▌KM▀█ыX█≤▄▄Y▌▄ммьN≥▄нLмL█нMмм≥M≥▌Y≥▌NY≤LыXм█ьл▌NLMMMнY█к█Lм█Lл▄█ьлXл▄≤▄Y≤лY≥█м▄ы≤Y≤ыYлN▄M≥LM▌ь▄NM≥▌LыKуTT■яQQп√KVPрUт⌠уврQпS▒т▒Q▒T▒S░яWп▓S▒S▒кRQт░UQу▒T▓Q▓QQ▌▌ьX▌LX▄L▌XXммNYXы█Y≤█▄ммLм█▄L≥▌▄XьлYXы█XммьмPуU▒WсPTуT≈у▄≈рSSQV▒п≈п▓S▒S▒влк█▄Lл▄█м▄сплML▀█M▀ь▄лYNMль█▄LXXM≤нM▄█X▄LнN▄▄лXLLы≥≤█▄N█лнлM▄ннNь≥MY▄XLл≥≤ллLыMNLы█≥█NыLMл≤≥≤L▄Y≥≥LMы█▄≤нMы▄L▄ы█Y≤мKуTT■яQQп√KVPрUт⌠уврQпS▒т▒Q▒T▒S░яWп▓S▒S▒кRQт░UQу▒T▓Q▓QQ▌▌ьX▌LX▄L▌XXммNYXы█Y≤█▄ммLм█▄L≥▌▄XьлYXы█XммьмPуU▒WсPTуT≈у▄≈рSSQV▒п≈п▓S▒S▒влк█▄Lл▄█Kм▄сплKMNNM▀YьыY████YL▄≥≤≤нN██ы≤MX█м█▌YY≤LXLLм≤лыLьXM▄лн≥L█LYK█≥▌XннYYл██млYL█н≤▌NXмм█лMы█▌MыXл▄Y█▌▄LYNN▄█уTT■яQQп√KVPрUт⌠уврQпS▒т▒Q▒T▒S░яWп▓S▒S▒кRQт░UQу▒T▓Q▓QQ▌▌ьX▌LX▄L▌XXммNYXы█Y≤█▄ммLм█▄L≥▌▄XьлYXы█XммьмPуU▒WсPTуT≈у▄≈рSSQV▒п≈п▓S▒S▒влк█▄Lл▄█▀м▄сплLM█LM▀L≤XнXYY▌M█м▄лYь█мY█≥NY≥Xы≤ыNY█л≤▄ML≥YXыMM≤ыNX▌Y▌M▄≥▄MLL≤≤▄л▄█M≥▄≥Mы▌Y≤▌NM█XX▌L≤█ы▄▄NLY█Xь▄▄YXL▌ь▀уTT■яQQп√KVPрUт⌠уврQпS▒т▒Q▒T▒S░яWп▓S▒S▒кRQт░UQу▒T▓Q▓QQ▌▌ьX▌LX▄L▌XXммNYXы█Y≤█▄ммLм█▄L≥▌▄XьлYXы█XммьмPуU▒WсPTуT≈у▄≈рSSQV▒п≈п▓S▒S▒влк█▄Lл▄█км▄сплMKMлKM▀▄л▄M▌NXь≤≤Yм≤нMY▄NMLLм█M≤█≤≥≤MYM▄ы▌NNньNы≤▄YL▄█ы██лMлKьлM≥≤█YYьM█MXNXYXы▌█X▄NLYML▄мYYыL≤M█▌нLл≥≤█YM▀уTT■яQQп√KVPрUт⌠уврQпS▒т▒Q▒T▒S░яWп▓S▒S▒кRQт░UQу▒T▓Q▓QQ▌▌ьX▌LX▄L▌XXммNYXы█Y≤█▄ммLм█▄L≥▌▄XьлYXы█XммьмPуU▒WсPTуT≈у▄≈рSSQV▒п≈п▓S▒S▒влк█▄Lл▄▌м▄спл▄Mм▀▌KMкмн≤M▄ыXLл≥MN█нLYNMнMьы█≥NMьM▌≥LY≥л██ьNL≥лы▌▄▄NXN▄█M▄лYXMл≥≤м≤ллм≥LлN▄LY≤▄██▌LLX█▄м▄льлл█м≥≤лкуTT■яQQп√KVPрUт⌠уврQпS▒т▒Q▒T▒S░яWп▓S▒S▒кRQт░UQу▒T▓Q▓QQ▌▌ьX▌LX▄L▌XXммNYXы█Y≤█▄ммLм█▄L≥▌▄XьлYXы█XммьмPуU▒WсPTуT≈у▄≈рSSQV▒п≈п▓S▒S▒влк█▄Lл▄▌Kм▄спл█KN▀KNнNYMл▄NYLлм▄ыл≥YMьлYмллл≥LXны▄MьXNMмYXM▄M≤X▄▌NM≥≥▀Xм≥L▌MMYYмл▄LLL█MYX█▄ыL▄лL≤лLM█X≤▄L█ыM█≤▌Y▄Mл▄Lм█мкуTT■яQQп√KVPрUт⌠уврQпS▒т▒Q▒T▒S░яWп▓S▒S▒кRQт░UQу▒T▓Q▓QQ▌▌ьX▌LX▄L▌XXммNYXы█Y≤█▄ммLм█▄L≥▌▄XьлYXы█XммьмPуU▒WсPTуT≈у▄≈рSSQV▒п≈п▓S▒S▒влк█▄Lл▄лм▄спллNN▄▄X≤ыYмYM▄YN≥NLл█мл≥ьYM≥лLX▌LлыLMXнXл▄█Y█Y≤▀X▄л≤XNM≥Y▄лXнX▄L█ы██▄▌≥▌N≥Lл▄M≤≥≤ь▄▄≤л≥▌L≥≤▄куTT■яQQп√KVPрUт⌠уврQпS▒т▒Q▒T▒S░яWп▓S▒S▒кRQт░UQу▒T▓Q▓QQ▌▌ьX▌LX▄L▌XXммNYXы█Y≤█▄ммLм█▄L≥▌▄XьлYXы█XммьмPуU▒WсPTуT≈у▄≈рSSQV▒п≈п▓S▒S▒влк█▄Lл▄лKм▄смWплKL▀лX≤XY▄YNN█MLM▄≥X██нXMлы▄MыLь▄M≥▄X≥XнMLYYнM▌L▄▌M≤ы≥L▌мMнLь≥▌Y≤н▄Lьмм▌M▄L█MьMы▄ьмлMMNлL▌█Y▄нXX≤█≤м▄▌уTT■яQQп√KVPрUт⌠уврQпS▒т▒Q▒T▒S░яWп▓S▒S▒кRQт░UQу▒T▓Q▓QQ▌▌ьX▌LX▄L▌XXммNYXы█Y≤█▄ммLм█▄L≥▌▄XьлYXы█XммьмPуU▒WсPTуT≈у▄≈рSSQV▒п≈п▓S▒S▒влк█▄Lл▄л▀м▄смWплLMкм▀▀█M≥YNNNLL≥█лмL█XNMыLмXNл▌YLMLLьNLMMмлY█нMMMY▀м██▄ыM≤ь▄л▄≤▌L█м≥XллMMNMлл█≤лл≥YY█Y█≤M▌XыXмны█MLM▌NуTT■яQQп√KVPрUт⌠уврQпS▒т▒Q▒T▒S░яWп▓S▒S▒кRQт░UQу▒T▓Q▓QQ▌▌ьX▌LX▄L▌XXммNYXы█Y≤█▄ммLм█▄L≥▌▄XьлYXы█XммьмPуU▒WсPTуT≈у▄≈рSSQV▒п≈п▓S▒S▒влк█▄Lл▄лкм▄смWплMKLKлккLьMн█YMXLм≤≥LYX▄лXмL██≥▌лмым≤█лY█≤MXMлмXмьнY▌▄█X▌XнLнK▄ь▄≤Y≥л≥≤мыNY▌M▌≤Y≤ль≤M█LLл█X▄▌YMLYMYн▄≤≥≤MуTT■яQQп√KVPрUт⌠уврQпS▒т▒Q▒T▒S░яWп▓S▒S▒кRQт░UQу▒T▓Q▓QQ▌▌ьX▌LX▄L▌XXммNYXы█Y≤█▄ммLм█▄L≥▌▄XьлYXы█XммьмPуU▒WсPTуT≈у▄≈рSSQV▒п≈п▓S▒S▒влк█▄Lл▄мм▄смWпл▄LL▀лклNммьX▄л█мL≥L▄Mмь≥█MMY█ь█NYL≥NXмьлыM≤N▄L▄мY≥≤Y█Y▄MX█NMKьм▄NNнL▄≤LлнX▌Yн█▌ы≤лм▄≤XмM▄млLLлXлYM▄L≤▄L█л≤мннуTT■яQQп√KVPрUт⌠уврQпS▒т▒Q▒T▒S░яWп▓S▒S▒кRQт░UQу▒T▓Q▓QQ▌▌ьX▌LX▄L▌XXммNYXы█Y≤█▄ммLм█▄L≥▌▄XьлYXы█XммьмPуU▒WсPTуT≈у▄≈рSSQV▒п≈п▓S▒S▒влк█▄Lл▄мKм▄смWпл█KLN█KкN█ьмммы≤MNY≤N█LллXмLм▄M≤лLьL▌L█мм≤X▄≤ьмYMK█▄▌L≥▄ы≥N≥≥L≤X▌ы█м▄ньл▄NлYXлмY≤нNY≤LNXнX▄Y▄мы≥▀уTT■яQQп√KVPрUт⌠уврQпS▒т▒Q▒T▒S░яWп▓S▒S▒кRQт░UQу▒T▓Q▓QQ▌▌ьX▌LX▄L▌XXммNYXы█Y≤█▄ммLм█▄L≥▌▄XьлYXы█XммьмPуU▒WсPTуT≈у▄≈рSSQV▒п≈п▓S▒S▒влк█▄Lл▄м▀м▄смWпллL█K▄K▄L≤Lн≥█▌▄Y▄▌Mлл▌NNNMь≥L█MM▄XынY▄≤нMLY▄Yм▀Y█▌LыLLXMьл▄ыM≥█XLынYлмLMьм█Mль▌X█мм≥M≤ы▌NM█Lм▄▄▄куTT■яQQп√KVPрUт⌠уврQпS▒т▒Q▒T▒S░яWп▓S▒S▒кRQт░UQу▒T▓Q▓QQ▌▌ьX▌LX▄L▌XXммNYXы█Y≤█▄ммLм█▄L≥▌▄XьлYXы█XммьмPуU▒WсPTуT≈у▄≈рSSQV▒п≈п▓S▒S▒влк█▄Lл▄мкм▄смWплмKLлKM▀кь≥MYLы▄█≤NнXL≥▌Nм▌X≥LLYM≤L≤ьн▄X█▄█▄YYMлY≤нLь≤ыKXMN▄L█м█л▌Y≤лM█▄ллML▄≥L▌LNммMмMX█YNXмMM▄YNXLYY▄ь▄≥≤▄уTT■яQQп√KVPрUт⌠уврQпS▒т▒Q▒T▒S░яWп▓S▒S▒кRQт░UQу▒T▓Q▓QQ▌▌ьX▌LX▄L▌XXммNYXы█Y≤█▄ммLм█▄L≥▌▄XьлYXы█XммьмPуU▒WсPTуT≈у▄≈рSSQV▒п≈п▓S▒S▒влк█▄Lл▄нм▄смWплLмкLYLнNM▄≥≤MM▄лMNLM≤≤≤YLYMM≤м▄≥█LXL▄▄ыMнYын≥M≥NLл≤Y▄MNXX▄ы█XXLLMмYM▄XлLXьM▄ммллXлY█L▌M▄YL█YKуTT■яQQп√KVPрUт⌠уврQпS▒т▒Q▒T▒S░яWп▓S▒S▒кRQт░UQу▒T▓Q▓QQ▌▌ьX▌LX▄L▌XXммNYXы█Y≤█▄ммLм█▄L≥▌▄XьлYXы█XммьмPуU▒WсPTуT≈у▄≈рSSQV▒п≈п▓S▒S▒влк█▄Lл▄нKм▄смWплKMккыMLNL▄Y≤L█ыXыMнNLYнLл▄X█≥YLм≤мыLм≥▌M▌LX▄L▄мл≤≤ь≥▄KLьL▌XьX▄LьXXNYL▌YLьыыьLлLXм≤YMьмM≤Y≤≤█лY≤≤Y█Y▄L▀уTT■яQQп√KVPрUт⌠уврQпS▒т▒Q▒T▒S░яWп▓S▒S▒кRQт░UQу▒T▓Q▓QQ▌▌ьX▌LX▄L▌XXммNYXы█Y≤█▄ммLм█▄L≥▌▄XьлYXы█XммьмPуU▒WсPTуT≈у▄≈рSSQV▒п≈п▓S▒S▒влк█▄Lл█м▄смWплLMKмM█LмYYMл≥YY▄█X≥≥≥██X≤▌NX█Y█▌XYX▌MX▄LьL▄YYX▄мь▄M▀█≤MXY█м▄LлL≤ыL▌NXльY≤м▄MYN≥≤MYM≥█≥█▌XмXXLNN▌NнлыLм▀уTT■яQQп√KVPрUт⌠уврQпS▒т▒Q▒T▒S░яWп▓S▒S▒кRQт░UQу▒T▓Q▓QQ▌▌ьX▌LX▄L▌XXммNYXы█Y≤█▄ммLм█▄L≥▌▄XьлYXы█XммьмPуU▒WсPTуT≈у▄≈рSSQV▒п≈п▓S▒S▒влк█▄Lл█Kм▄смWплMKMMK▄▀YXXLLX≤L▌█≤LN≤≤▄ы█ь█мыL≥YL▄нLмYм▄≤мл≤льл≥M█≤л≤▄▌Y▄▀NыLMXнXьNмM▌M≤▄Y≥ь≥YXY█Mл▄ьNX≥XьY≥≥≥≥LN▌MMь≤мм≥≥▀уTT■яQQп√KVPрUт⌠уврQпS▒т▒Q▒T▒S░яWп▓S▒S▒кRQт░UQу▒T▓Q▓QQ▌▌ьX▌LX▄L▌XXммNYXы█Y≤█▄ммLм█▄L≥▌▄XьлYXы█XммьмPуU▒WсPTуT≈у▄≈рSSQV▒п≈п▓S▒S▒влк█▄Lл█▀м▄смWпл▄M▄KKMь≥█MMыN≥ль≤мY≥▌LY▌X≤≥LынL≤≤ь▄≤▄м≥≥≤█NY▄≤M▄MLMннXM▄▀мN≤▌Y≥█LXлыL≤XM≥█▄ы≤LьLлмыYYM≤YMьмн≥██XL≥YмL█▄KуTT■яQQп√KVPрUт⌠уврQпS▒т▒Q▒T▒S░яWп▓S▒S▒кRQт░UQу▒T▓Q▓QQ▌▌ьX▌LX▄L▌XXммNYXы█Y≤█▄ммLм█▄L≥▌▄XьлYXы█XммьмPуU▒WсPTуT≈у▄≈рSSQV▒п≈п▓S▒S▒влк█▄Lл█км▄слплKнK▌лKLL▄Mыь██YY█MXмY▄Xмл▌LLьXL█X▄X█MNXXьмы≥NL█лы≥██≥▄MлMм≤K█▄█▄Y≤▄NMY█ммльыMMMNM▄MM≤≥ыX█ьмнллMM▄лYXLмYы█льKуTT■яQQп√KVPрUт⌠уврQпS▒т▒Q▒T▒S░яWп▓S▒S▒кRQт░UQу▒T▓Q▓QQ▌▌ьX▌LX▄L▌XXммNYXы█Y≤█▄ммLм█▄L≥▌▄XьлYXы█XммьмPуU▒WсPTуT≈у▄≈рSSQV▒п≈п▓S▒S▒влк█▄Lл█м▄слплL▀█KлK▄лы≥≥NX▄ыLXLM≤NYYYX≥▄MY≥█≤лн≥Mм█▄ы≥Xм▄▄мьмL█XXMлльы█LY≥л≥M▌LM▄ыLMнLн█ьYL≤≤мMMмььNM█Xы█ы█нXкуTT■яQQп√KVPрUт⌠уврQпS▒т▒Q▒T▒S░яWп▓S▒S▒кRQт░UQу▒T▓Q▓QQ▌▌ьX▌LX▄L▌XXммNYXы█Y≤█▄ммLм█▄L≥▌▄XьлYXы█XммьмPуU▒WсPTуT≈у▄≈рSSQV▒п≈п▓S▒S▒влк█▄Lл█Kм▄слплMKLк▄▀л▀ь▌ьл█≤л█л▄≥NлLм≤NNмMML≤ьм≤лнY███XмLYY▄Mм▄Xм▄M▌MXNYLLкн≥█ыNMXY≥M▄≤≥Y▄MMмь≥Mымм█≤мXLм█▌Y▄LыLлNY█▌уTT■яQQп√KVPрUт⌠уврQпS▒т▒Q▒T▒S░яWп▓S▒S▒кRQт░UQу▒T▓Q▓QQ▌▌ьX▌LX▄L▌XXммNYXы█Y≤█▄ммLм█▄L≥▌▄XьлYXы█XммьмPуU▒WсPTуT≈у▄≈рSSQV▒п≈п▓S▒S▒влк█▄Lл█▀м▄слпл▄LNKл▀≥Y█мь≤█м▌MYLмм█▄Lл≤ыNY█ьXNY█▄X≥L▌▌X≥Lм▌м█L█мX≥нNY█мнLLMMN▄Lм▄лX▄мMLл▄ыXы▄≥LMь█XMN█нY█▌Y≥NY▌NуTT■яQQп√KVPрUт⌠уврQпS▒т▒Q▒T▒S░яWп▓S▒S▒кRQт░UQу▒T▓Q▓QQ▌▌ьX▌LX▄L▌XXммNYXы█Y≤█▄ммLм█▄L≥▌▄XьлYXы█XммьмPуU▒WсPTуT≈у▄≈рSSQV▒п≈п▓S▒S▒влк█▄Lл█км▄слпл█KL▀Mл▀≤█л≥MлMY▄MY≤▄MыY█YмлNь▄ь█MллMмXL≤≥▌█ML≥YNыXK≥л▄лм█Lл≥Y▄Y≥XьLLьыY≤мл█X█YL▌YL≥MMлмN▄Lы█куTT■яQQп√KVPрUт⌠уврQпS▒т▒Q▒T▒S░яWп▓S▒S▒кRQт░UQу▒T▓Q▓QQ▌▌ьX▌LX▄L▌XXммNYXы█Y≤█▄ммLм█▄L≥▌▄XьлYXы█XммьмPуU▒WсPTуT≈у▄≈рSSQV▒п≈п▓S▒S▒влк█▄Lл█м▄слпллLLкLлкн▄XммNMыYNMYмыM█Xм≤ыYNM█M≤ьXмMX≥M≥█▄м▄н≤Y▄NMьX█ы≤XK▄ыYM█≤лYYNM▄лыYMьY≥LNMN█ььнY▄LX≤M≤LLлY█≤XNYM▄▌LуTT■яQQп√KVPрUт⌠уврQпS▒т▒Q▒T▒S░яWп▓S▒S▒кRQт░UQу▒T▓Q▓QQ▌▌ьX▌LX▄L▌XXммNYXы█Y≤█▄ммLм█▄L≥▌▄XьлYXы█XммьмPуU▒WсPTуT≈у▄≈рSSQV▒п≈п▓S▒S▒влк█▄Lл█Kм▄слплмKLNKл▀NXмXYMM▄≥█ьы▄≥≥M≤▌M▄▄≥ьNNY▄▌≥XM▌л▌L≥█▄ль▄LныY█ыьKьмлнмM≤MьXм▄≥MYYY≥▄≤Y≥≤Lмыь▄≥LмLNLY█MYX▄▄█м▄ммы▌KуTT■яQQп√KVPрUт⌠уврQпS▒т▒Q▒T▒S░яWп▓S▒S▒кRQт░UQу▒T▓Q▓QQ▌▌ьX▌LX▄L▌XXммNYXы█Y≤█▄ммLм█▄L≥▌▄XьлYXы█XммьмPуU▒WсPTуT≈у▄≈рSSQV▒п≈п▓S▒S▒влк█▄Lл█Lм▄слплL█нл▀≤≥XLMM≤█LL█▌нLYLы█N≥L▄≤LY≤≥X▄≥≤м▌MнL▄█LьLк█мьлM≤NL▄ль≤Y≤ьM▌≥█LYмлLыMнYXл█YY█XYX█▄YY▌ы≥YMлXKуTT■яQQп√KVPрUт⌠уврQпS▒т▒Q▒T▒S░яWп▓S▒S▒кRQт░UQу▒T▓Q▓QQ▌▌ьX▌LX▄L▌XXммNYXы█Y≤█▄ммLм█▄L≥▌▄XьлYXы█XммьмPуU▒WсPTуT≈у▄≈рSSQV▒п≈п▓S▒S▒влк█▄Lл█LKм▄слплKLлллкM≤▄██▄XX▄▄MьLYXлыMммNY█▄LнMыM≤ыL█ыMLлыL█≤нLLLXN≥█≥MлNMлмм▌LY≤ыLмMXY▄Xл≤█нлM█≤≤ьыMмммллнL≤≤ы≥NMLнллм▌▄KуTT■яQQп√KVPрUт⌠уврQпS▒т▒Q▒T▒S░яWп▓S▒S▒кRQт░UQу▒T▓Q▓QQ▌▌ьX▌LX▄L▌XXммNYXы█Y≤█▄ммLм█▄L≥▌▄XьлYXы█XммьмPуU▒WсPTуT≈у▄≈рSSQV▒п≈п▓S▒S▒влк█▄Lл█L▀м▄слплLLм▀Nлк█LльYLNX▄Y≤лN▄LлYYMлMмы▄м▄≥▄ьM▄нL█м█M█ьл█L█YXLNLL≤KXмXмYY≤M≤Xьь█нMX≥NM≥MLмм▄Lл≥≥█≥LMM≤YXMXL▌KуTT■яQQп√KVPрUт⌠уврQпS▒т▒Q▒T▒S░яWп▓S▒S▒кRQт░UQу▒T▓Q▓QQ▌▌ьX▌LX▄L▌XXммNYXы█Y≤█▄ммLм█▄L≥▌▄XьлYXы█XммьмPуU▒WсPTуT≈у▄≈рSSQV▒п≈п▓S▒S▒влк█▄Lл█Lкм▄слплMKM▀мл▌LL█M≤LыY█≥Y≥Lы█≤█нX█MM≥█Mмм▄Lыььы≥YLY▌MMнX▀X≤≥≤ьY▄лнNMыNNNLнXXьыM▄█ль▄█≥MыьLлY█YььXнY█L█лLы≤▀уTT■яQQп√KVPрUт⌠уврQпS▒т▒Q▒T▒S░яWп▓S▒S▒кRQт░UQу▒T▓Q▓QQ▌▌ьX▌LX▄L▌XXммNYXы█Y≤█▄ммLм█▄L≥▌▄XьлYXы█XммьмPуU▒WсPTуT≈у▄≈рSSQV▒п≈п▓S▒S▒влк█▄Lл█Mм▄с█WплK█кMк▄Lлм≥Lьм█▄≥▄L█≥NMYNM█ьл▄X≤Yм█мн█ьнLм█M█≤лL▌ь▄█▌LLMклнLY≤X▄≥ML█мY≥л≤ь▄▌NLM≤ь█ммнNм▌M≥XY≥≥█нMNY≥LXмNLLX▀уTT■яQQп√KVPрUт⌠уврQпS▒т▒Q▒T▒S░яWп▓S▒S▒кRQт░UQу▒T▓Q▓QQ▌▌ьX▌LX▄L▌XXммNYXы█Y≤█▄ммLм█▄L≥▌▄XьлYXы█XммьмPуU▒WсPTуT≈у▄≈рSSQV▒п≈п▓S▒S▒влк█▄Lл█MKм▄с█WплLмM▄ь≤NX▄ь█YYYMLL≤NMлььYMM≤L≤≤ы≥NMYY█XM▌Y▄█▌Y█ьL≤█млL▄Xы▄MLмYXьл█ммYLMлл▄Mмм▄L█ььMь▄L▌▄Lл▄≥≤▌██YYьL█MNNNKуTT■яQQп√KVPрUт⌠уврQпS▒т▒Q▒T▒S░яWп▓S▒S▒кRQт░UQу▒T▓Q▓QQ▌▌ьX▌LX▄L▌XXммNYXы█Y≤█▄ммLм█▄L≥▌▄XьлYXы█XммьмPуU▒WсPTуT≈у▄≈рSSQV▒п≈п▓S▒S▒влк█▄Lл█M▀м▄с█WплMKKLK▄XLлX≤Mм▄лл≥LL≤ы≤нNXMNMLLXXьл≥LьNNM≥м█ML▌NL▀≤ыLмX▄ы≤█XYL▄YMнXNXьл█нLм█ныN≤≥M▄█лн█≥█≤XнмMлL▀уTT■яQQп√KVPрUт⌠уврQпS▒т▒Q▒T▒S░яWп▓S▒S▒кRQт░UQу▒T▓Q▓QQ▌▌ьX▌LX▄L▌XXммNYXы█Y≤█▄ммLм█▄L≥▌▄XьлYXы█XммьмPуU▒WсPTуT≈у▄≈рSSQV▒п≈п▓S▒S▒влк█▄Lл█Mкм▄с█Wпл▄кк▄≤ы≥ьM█L█▌X≥LX≤≤LLYм▄≥█MXлYXM█M≤ллMNLмM█XмлXы≥Y█л█▀█NLмM██Mлл▌N▌л█▄▄█нLXX≤ыYX▄≥NL≤ы▄мYYY▌MY█▄ьм█MXX≥█уTT■яQQп√KVPрUт⌠уврQпS▒т▒Q▒T▒S░яWп▓S▒S▒кRQт░UQу▒T▓Q▓QQ▌▌ьX▌LX▄L▌XXммNYXы█Y≤█▄ммLм█▄L≥▌▄XьлYXы█XммьмPуU▒WсPTуT≈у▄≈рSSQV▒п≈п▓S▒S▒влк█▄Lл█Nм▄с█Wпл█KLк▀▄мM▌MYNлы█LммL≤█XM█≥▄ы▄▄X▌XьLм≤ммN▌XY▄█▌YL≥≥XX█NK▄NNX█≥Y█≥YL██ыныXыMыMллыMMллл▌XNXLм≥▄ьY█MнM▌уTT■яQQп√KVPрUт⌠уврQпS▒т▒Q▒T▒S░яWп▓S▒S▒кRQт░UQу▒T▓Q▓QQ▌▌ьX▌LX▄L▌XXммNYXы█Y≤█▄ммLм█▄L≥▌▄XьлYXы█XммьмPуU▒WсPTуT≈у▄≈рSSQV▒п≈п▓S▒S▒влк█▄Lл█NKм▄с█WпллNKн▄K▌ы█ьнXыXLл█Mы≤X█Y▄▌л≥мLXм≥▄YXмLNNNY▌нM≥▌мX▌X▄▄Lк≥█Lы▌Y▄█Mмл▌M≤ы▄Y█ьм█▄▌NNYX▄≤MмLL█NNXь≤≤LьXл≥▌ы▄▄▄≤ыMькуTT■яQQп√KVPрUт⌠уврQпS▒т▒Q▒T▒S░яWп▓S▒S▒кRQт░UQу▒T▓Q▓QQ▌▌ьX▌LX▄L▌XXммNYXы█Y≤█▄ммLм█▄L≥▌▄XьлYXы█XммьмPуU▒WсPTуT≈у▄≈рSSQV▒п≈п▓S▒S▒влк█▄Lл█▄м▄с█WплмKLKл▀▄K█Mы≥Lл▄Lы█▌Mлн█мы█L≤█▄M█≥M▄MьLY▄M▄LыY▄мX▌LьYMMML█Kммы≥≤XLM▄█▌≥▌XNLьXNM█▄≤YмM≤Xл▄л≥NM▄M≥≤мMм▌Y▌▄ьы▌LLль▀уTT■яQQп√KVPрUт⌠уврQпS▒т▒Q▒T▒S░яWп▓S▒S▒кRQт░UQу▒T▓Q▓QQ▌▌ьX▌LX▄L▌XXммNYXы█Y≤█▄ммLм█▄L≥▌▄XьлYXы█XммьмPуU▒WсPTуT≈у▄≈рSSQV▒п≈п▓S▒S▒влк█▄Lл█▄Kм▄с█WплLL█▄K≤█M█LX▄ллY≥NX▄мY▄ь≥≤MYM≥ьыL≥▄▄≤█ы█X≥▌M▄MLLнXы▌▀ы≥L█нмнMьL▄█л▄MмXл▌ллXмLыьыX▄▄≤ьмл▄LY≥X≥MLMYX▀уTT■яQQп√KVPрUт⌠уврQпS▒т▒Q▒T▒S░яWп▓S▒S▒кRQт░UQу▒T▓Q▓QQ▌▌ьX▌LX▄L▌XXммNYXы█Y≤█▄ммLм█▄L≥▌▄XьлYXы█XммьмPуU▒WсPTуT≈у▄≈рSSQV▒п≈п▓S▒S▒влк█▄Lл█▄▀м▄с█WплKLM▀LK▄K█▄≥YMл▌XыM▌Xлл▄ьM≤лL≥N▄Lл█ьлльы≤YYL▌X█NY▄██N▌≤кX≤ы█≥█ллнMм█▌≥YL█ьлL≥▄мL≥█нNLмьY█ыY█XXмнXMNLлLл█▄NуTT■яQQп√KVPрUт⌠уврQпS▒т▒Q▒T▒S░яWп▓S▒S▒кRQт░UQу▒T▓Q▓QQ▌▌ьX▌LX▄L▌XXммNYXы█Y≤█▄ммLм█▄L≥▌▄XьлYXы█XммьмPуU▒WсPTуT≈у▄≈рSSQV▒п≈п▓S▒S▒влк█▄Lл█▄км▄с▄плKM▀▀K≤Y█X▄▄▌NлLY█≤лмL▌MыLML≥YL≥YX█м≤NLлыNL▄▄Lы≥MльлN▄█ы≥█▄█ы≤≥≥≥YXYL▄XыX≤лXьммY▌LMMьMNM≥LYYY▄≤≤▄лLнMKуTT■яQQп√KVPрUт⌠уврQпS▒т▒Q▒T▒S░яWп▓S▒S▒кRQт░UQу▒T▓Q▓QQ▌▌ьX▌LX▄L▌XXммNYXы█Y≤█▄ммLм█▄L≥▌▄XьлYXы█XммьмPуU▒WсPTуT≈у▄≈рSSQV▒п≈п▓S▒S▒влк█▄Lл██м▄с▄плL▄▀кKXL█▄Lлм≤≥LXY█▌NY█Y≥▄Lл▄XыMл≤YXNX≤ьн▌≤л≥█L≤█н≥лYNыMX≤ы█▄L≤≥X≥≥Mн≤ы≥▄ь█ьX▌X≥LMNM▌MьM≥█L≤M█лMыL▌KуTT■яQQп√KVPрUт⌠уврQпS▒т▒Q▒T▒S░яWп▓S▒S▒кRQт░UQу▒T▓Q▓QQ▌▌ьX▌LX▄L▌XXммNYXы█Y≤█▄ммLм█▄L≥▌▄XьлYXы█XммьмPуU▒WсPTуT≈у▄≈рSSQV▒п≈п▓S▒S▒влк█▄Lл██Kм▄с▄плMK▌нKLнM▄лм█≥X≥≤ьы▄нXLлы███MNY▌NXMX█≥млы▄Y█≥Y▌M≥▄█Lы≤MNX▀▌█Lь█XьNMXXьN≤▄LнMмL██XнYYXлнXLыXнLьMLмXYыLьL▄█мыMMM▀уTT■яQQп√KVPрUт⌠уврQпS▒т▒Q▒T▒S░яWп▓S▒S▒кRQт░UQу▒T▓Q▓QQ▌▌ьX▌LX▄L▌XXммNYXы█Y≤█▄ммLм█▄L≥▌▄XьлYXы█XммьмPуU▒WсPTуT≈у▄≈рSSQV▒п≈п▓S▒S▒влк█▄Lл██▀м▄с▄пл▄мKм▀K▄ы≥MY▄█м█ь▌L≥≥YYY█YL█MыьнL█▄MX≤Xымььь▄Y≤≥M≥≥ыY█Kн≤█MыY≤▄м≥▌L▄MNY▄лYXXX▌YLьMмьнM█X▌Xь≤мMнLыNMNXL▄≤M▀уTT■яQQп√KVPрUт⌠уврQпS▒т▒Q▒T▒S░яWп▓S▒S▒кRQт░UQу▒T▓Q▓QQ▌▌ьX▌LX▄L▌XXммNYXы█Y≤█▄ммLм█▄L≥▌▄XьлYXы█XммьмPуU▒WсPTуT≈у▄≈рSSQV▒п≈п▓S▒S▒влк█▄Lл██км▄с▄пл█Kл▀K≥Y▄н▄≥▌Mьы█M≤LY▄ы≥≥XNYL≤≥X▄≤нLY▄Yм▄YлXлLнNыXYM▀▌лN≤▌▄LьY≤лX█нX▌NXMьыXылыX█LY█Mн█NM▌L≥≤▄≤лмл██мы≥MуTT■яQQп√KVPрUт⌠уврQпS▒т▒Q▒T▒S░яWп▓S▒S▒кRQт░UQу▒T▓Q▓QQ▌▌ьX▌LX▄L▌XXммNYXы█Y≤█▄ммLм█▄L≥▌▄XьлYXы█XммьмPуU▒WсPTуT≈у▄≈рSSQV▒п≈п▓S▒S▒влк█▄Lл█▌м▄с▄плл▀█▀LXL▄Y█X█ыMлMыY≥≥≤нXм≤ььXлLXXм▄нY▄█ь≥LLнMлNY≥≤NYL██YK≥M█M▄≥▄NN▄м≥≤█M≤▌Xлы█мXь███YX≥█ьлм≤мL█NL▌█LLм▄ьь▌уTT■яQQп√KVPрUт⌠уврQпS▒т▒Q▒T▒S░яWп▓S▒S▒кRQт░UQу▒T▓Q▓QQ▌▌ьX▌LX▄L▌XXммNYXы█Y≤█▄ммLм█▄L≥▌▄XьлYXы█XммьмPуU▒WсPTуT≈у▄≈рSSQV▒п≈п▓S▒S▒влк█▄Lл█▌Kм▄с▄плмKL▀NKLLныLьY▄нMYLы█▄нXмL▄≥█м█YYMлXY▌N≤Xл▄XYLнLM≤▌≤лYXY≤лM▄▌NX█LыMьN▄мM█≥Mы█M≥ь▄X█▄ыX▄≥NыLY▄м▄млмKуTT■яQQп√KVPрUт⌠уврQпS▒т▒Q▒T▒S░яWп▓S▒S▒кRQт░UQу▒T▓Q▓QQ▌▌ьX▌LX▄L▌XXммNYXы█Y≤█▄ммLм█▄L≥▌▄XьлYXы█XммьмPуU▒WсPTуT≈у▄≈рSSQV▒п≈п▓S▒S▒влк█▄Lл█лм▄с▄плMк▀Lмм▄нYл≤≤≥YLмML▄█▌ыьYYL▌NL█Lы▌LXльLNXль█NX█≥≥MлM▄≥▄MNмнYY▄нYMY█LM▄▄NYX≤мн▌LьNYь≥LLNMM≤NMнYLLYM≤MьLь▀уTT■яQQп√KVPрUт⌠уврQпS▒т▒Q▒T▒S░яWп▓S▒S▒кRQт░UQу▒T▓Q▓QQ▌▌ьX▌LX▄L▌XXммNYXы█Y≤█▄ммLм█▄L≥▌▄XьлYXы█XммьмPуU▒WсPTуT≈у▄≈рSSQV▒п≈п▓S▒S▒влк█▄Lл█лKм▄сMWплKмKмк≥MLM≤нYL≥█NYыL≤XылM▄ь≤YNLммM▄█XMы▌LMмнYMмлNм≤≤≤▄KNYLYLL≥█мLL▄≥LMммXлMнлмNXнMлM▌YMнM≤█NL≤█нммY█нльM▀уTT■яQQп√KVPрUт⌠уврQпS▒т▒Q▒T▒S░яWп▓S▒S▒кRQт░UQу▒T▓Q▓QQ▌▌ьX▌LX▄L▌XXммNYXы█Y≤█▄ммLм█▄L≥▌▄XьлYXы█XммьмPуU▒WсPTуT≈у▄≈рSSQV▒п≈п▓S▒S▒влк█▄Lл█л▀м▄сMWплLLKл▀нл▄█лL≤ь▌█≤XыYлмX█ыXYX▄█Mы▄NY≤≥█≤≥█нLнN≤Nл≤ль≥MKYMыX▄ы▄YMь█≤≤█ьLыMыY≥X█Y▄▄≤▌≥нM▄X▌M≤≤≤лм█ы≥▌≥≥L█▀уTT■яQQп√KVPрUт⌠уврQпS▒т▒Q▒T▒S░яWп▓S▒S▒кRQт░UQу▒T▓Q▓QQ▌▌ьX▌LX▄L▌XXммNYXы█Y≤█▄ммLм█▄L≥▌▄XьлYXы█XммьмPуU▒WсPTуT≈у▄≈рSSQV▒п≈п▓S▒S▒влк█▄Lл█лкм▄сMWплMKMк▌KньM≤▄≥ьлMьXн≤ль≤лн██лNX≥X█≤▌MLьл█XьлMны▌Xл≤▌MMь≤л≥лXмYM█X█≥Mмь▄м≤л▄мMXьлX▌▄≥XM≥L≥мLьMыLл▌LL≥█MY≤M█уTT■яQQп√KVPрUт⌠уврQпS▒т▒Q▒T▒S░яWп▓S▒S▒кRQт░UQу▒T▓Q▓QQ▌▌ьX▌LX▄L▌XXммNYXы█Y≤█▄ммLм█▄L≥▌▄XьлYXы█XммьмPуU▒WсPTуT≈у▄≈рSSQV▒п≈п▓S▒S▒влк█▄Lл█мм▄сMWпл▄▄▀█KнLнM█NMNXX▄XN▄█мL▌X█▄млY▌YYнLыMыL▌▄ы≤▄≤≥▄ьл≥Xм▄≥▀█NXLXLы▌лLL█≤█м█лыL≥мNNLX▄MNM▌M█ьNы▌NNLLм≥█лL≤ы≥куTT■яQQп√KVPрUт⌠уврQпS▒т▒Q▒T▒S░яWп▓S▒S▒кRQт░UQу▒T▓Q▓QQ▌▌ьX▌LX▄L▌XXммNYXы█Y≤█▄ммLм█▄L≥▌▄XьлYXы█XммьмPуU▒WсPTуT≈у▄≈рSSQV▒п≈п▓S▒S▒влк█▄Lл█мKм▄сMWпл█K▌▄нK▄▄ы≤ыьыXлMX█льыYLXLLYлM█YL█X≤Y█MMNNл≤нMMллYY█▌Lк▌NMMм█LLнY▄≥≤M█≤YMмLLлллXL█мLML≤≥█▌▌L≤█M█≥≤N▄≥KуTT■яQQп√KVPрUт⌠уврQпS▒т▒Q▒T▒S░яWп▓S▒S▒кRQт░UQу▒T▓Q▓QQ▌▌ьX▌LX▄L▌XXммNYXы█Y≤█▄ммLм█▄L≥▌▄XьлYXы█XммьмPуU▒WсPTуT≈у▄≈рSSQV▒п≈п▓S▒S▒влк█▄Lл█м▀м▄сMWплллкL▀ннNNM≤LьLL▄≤ыLыY≤LX█ллX█ммLXXLмYнY▌≥L▄ы≤мLXь▀нLьY≥█MY█ь≤█▄▌Mл█▌M≤XмLыMNLXM█ы█X≥MьмX▄мл▌YL≤▄LL█M▀уTT■яQQп√KVPрUт⌠уврQпS▒т▒Q▒T▒S░яWп▓S▒S▒кRQт░UQу▒T▓Q▓QQ▌▌ьX▌LX▄L▌XXммNYXы█Y≤█▄ммLм█▄L≥▌▄XьлYXы█XммьмPуU▒WсPTуT≈у▄≈рSSQV▒п≈п▓S▒S▒влк█▄Lл█мкм▄сLплKмK█▀▌L▄▄≥YX≤LнL█мL≥≤ь█YMы█≥X█M≥ь▄Y▌X▄нLнYYNM█мXьLыX≥≤▄н▀MMм█Xмл█ьлмM≤█мL▌LY█XLмXL▌N██▌X▄≤█MмьM≥YMы≥▄M▌мYуTT■яQQп√KVPрUт⌠уврQпS▒т▒Q▒T▒S░яWп▓S▒S▒кRQт░UQу▒T▓Q▓QQ▌▌ьX▌LX▄L▌XXммNYXы█Y≤█▄ммLм█▄L≥▌▄XьлYXы█XммьмPуU▒WсPTуT≈у▄≈рSSQV▒п≈п▓S▒S▒влк█▄Lл█нм▄сLплL▄▀▌█YL≤MY≤NXM█▌XML█≤мYLM▌≥█▄мL█XнLнMмXлXY█MMм█▄▀NыXль≤LLLYXXMMX≥█ыM≤YльLллLXMмььL≤ьMYYLнM▌LM≤XмьыуTT■яQQп√KVPрUт⌠уврQпS▒т▒Q▒T▒S░яWп▓S▒S▒кRQт░UQу▒T▓Q▓QQ▌▌ьX▌LX▄L▌XXммNYXы█Y≤█▄ммLм█▄L≥▌▄XьлYXы█XммьмPуU▒WсPTуT≈у▄≈рSSQV▒п≈п▓S▒S▒влк█▄Lл█нKм▄сLплMKKN▌█▄XXLXнX█мльлмыYYMмNYNXлыьл▌LMл≥NLмY██ыMYл≤ыл▄≤▌YM▄≥≥≥≥█ыNLLмнь≤лM≥█▄▄≤ьYYXмM█MNML▄MнллM▄▄█XNL▌KуTT■яQQп√KVPрUт⌠уврQпS▒т▒Q▒T▒S░яWп▓S▒S▒кRQт░UQу▒T▓Q▓QQ▌▌ьX▌LX▄L▌XXммNYXы█Y≤█▄ммLм█▄L≥▌▄XьлYXы█XммьмPуU▒WсPTуT≈у▄≈рSSQV▒п≈п▓S▒S▒влк█▄Lл▌м▄сLпл▄L▀MK▌K▄л≥M▄Mы█ыNM▄▌LML▄лL≤нLы██≤▌YY▄ьNM█▌YLMь≤ыNLYь█Xк≥YLл≤ьL≥XM▄█≤≥Lы≥▌лLнLYн▌MLLлн≤▄M▄MыN█лLLн≥Y▀уTT■яQQп√KVPрUт⌠уврQпS▒т▒Q▒T▒S░яWп▓S▒S▒кRQт░UQу▒T▓Q▓QQ▌▌ьX▌LX▄L▌XXммNYXы█Y≤█▄ммLм█▄L≥▌▄XьлYXы█XммьмPуU▒WсPTуT≈у▄≈рSSQV▒п≈п▓S▒S▒влк█▄Lл▌Kм▄сWплK█MMкXMмм▄Mм▄м▌Y▄нYY≥MььMлн▌≤н≥M▄YNMNMнL██ыNMLмYM▌льлл▄нмлMмY▄LYL≥XYYLы≤ы█≤Lм▄ь▌XX▌XLLнX█ьM▄N▌YMмMM≤куTT■яQQп√KVPрUт⌠уврQпS▒т▒Q▒T▒S░яWп▓S▒S▒кRQт░UQу▒T▓Q▓QQ▌▌ьX▌LX▄L▌XXммNYXы█Y≤█▄ммLм█▄L≥▌▄XьлYXы█XммьмPуU▒WсPTуT≈у▄≈рSSQV▒п≈п▓S▒S▒влк█▄Lл▌▀м▄сWплLлLMкYLнL▌X▄лмXн█YMNMYY▄Xыьлы▄NX▄LL≥≥ы█▄≤X█MLь▌лM▌≥Y▀MMLX▄≥▌MLы≤▌Lлмы≤л≥LLь▄L▌лнLXы█NY▄M█≥██▌M≥█KуTT■яQQп√KVPрUт⌠уврQпS▒т▒Q▒T▒S░яWп▓S▒S▒кRQт░UQу▒T▓Q▓QQ