atlas_master_sha256,atlas_row_id,reference,source_identity,source_cxf_sha256,X_D50,Y_D50,Z_D50,Lab_L_spectral,Lab_a_spectral,Lab_b_spectral,Lab_DE76_crosscheck,sRGB_R_unclipped,sRGB_G_unclipped,sRGB_B_unclipped,sRGB_R_clipped,sRGB_G_clipped,sRGB_B_clipped,sRGB16_R,sRGB8_R,legacy_sRGB8_R,sRGB16_G,sRGB8_G,legacy_sRGB8_G,sRGB16_B,sRGB8_B,legacy_sRGB8_B,sRGB_out_of_gamut,derived_rgb8_equivalence_class_id,derived_rgb8_class_size,derived_rgb16_equivalence_class_id,derived_rgb16_class_size,derived_rgb_float64_equivalence_class_id,derived_rgb_float64_class_size,shadow_status,active_master_modified,cxf_object_index,frozen_identity_digest_v0_3
8283ab91b10f89ac758d09ecf5fb4d6343536600a06dd468b1cc1ecf4ec747c4,18,H000_L005_C000,H000_L005_C000,b385b04067eeb7883c3178e37c2b4d0c2f03e24216ad425bc239b139efd75eab,0.53310839604754368,0.55225236807615963,0.45713495099425172,4.9884751870405388,0.033355937391704699,-0.033719399145193299,0.048810221795672598,0.066069992191564703,0.0658456612260295,0.066148122526473202,0.066069992191564703,0.0658456612260295,0.066148122526473202,4330,17,17,4315,17,17,4335,17,17,False,,1,,1,,1,EXPERIMENTAL_SHADOW,False,0,cfae4bf653f3f4a0abd3ed5776edbb44545e2f7c0550c8c890fb673c57fa7ce4
8283ab91b10f89ac758d09ecf5fb4d6343536600a06dd468b1cc1ecf4ec747c4,17,H000_L010_C000,H000_L010_C000,b385b04067eeb7883c3178e37c2b4d0c2f03e24216ad425bc239b139efd75eab,1.0846664752625934,1.1250069939716485,0.92851577024510978,9.9922013931326479,0.011717175412234699,-0.0146736710105843,0.020332906571354298,0.1076796995449871,0.10762418506942591,0.1077210816904445,0.1076796995449871,0.10762418506942591,0.1077210816904445,7057,27,28,7053,27,28,7060,27,28,False,,1,,1,,1,EXPERIMENTAL_SHADOW,False,1,847d9f97edf0d5096ba54def774dfb8469e672a6ba0e6e9580f9594544278e1e
8283ab91b10f89ac758d09ecf5fb4d6343536600a06dd468b1cc1ecf4ec747c4,16,H000_L015_C000,H000_L015_C000,b385b04067eeb7883c3178e37c2b4d0c2f03e24216ad425bc239b139efd75eab,1.839986448593371,1.9085600075149984,1.5724596570328049,14.999874024774684,0.0106730264187726,0.013692952005661599,0.0173616329106039,0.14779958243956329,0.1476913142252099,0.14763832087978179,0.14779958243956329,0.1476913142252099,0.14763832087978179,9686,38,37,9679,38,37,9675,38,37,False,,1,,1,,1,EXPERIMENTAL_SHADOW,False,2,c8b56827418f374022e1a94af708d70fa3aef0f0561edf68ff66223bafd24bad
8283ab91b10f89ac758d09ecf5fb4d6343536600a06dd468b1cc1ecf4ec747c4,15,H000_L020_C000,H000_L020_C000,b385b04067eeb7883c3178e37c2b4d0c2f03e24216ad425bc239b139efd75eab,2.8809629281117224,2.9897454417947218,2.4647356318255014,20.00278193809239,-0.0120631859774344,0.0034012801820026001,0.0128385490750531,0.189334386673009,0.1894212817151979,0.189378290716403,0.189334386673009,0.1894212817151979,0.189378290716403,12408,48,48,12414,48,48,12411,48,48,False,,1,,1,,1,EXPERIMENTAL_SHADOW,False,3,dbb3413e70054fa2592b3c9316d83a0f2d71596e9d8ff898ada385dc7ba36473
8283ab91b10f89ac758d09ecf5fb4d6343536600a06dd468b1cc1ecf4ec747c4,14,H000_L025_C000,H000_L025_C000,b385b04067eeb7883c3178e37c2b4d0c2f03e24216ad425bc239b139efd75eab,4.2566728880909936,4.4162483796748919,3.6402315378741026,25.002388183001425,0.0016340038788974999,0.0071622501968237997,0.0077247145323588,0.23256023857177929,0.23253132004890731,0.23249346353783579,0.23256023857177929,0.23253132004890731,0.23249346353783579,15241,59,59,15239,59,59,15236,59,59,False,,1,,1,,1,EXPERIMENTAL_SHADOW,False,4,2734464df42b3db6c97f22ecaecb451015b0a1c87099319115e568544e0be5a4
8283ab91b10f89ac758d09ecf5fb4d6343536600a06dd468b1cc1ecf4ec747c4,13,H000_L030_C000,H000_L030_C000,b385b04067eeb7883c3178e37c2b4d0c2f03e24216ad425bc239b139efd75eab,6.0121968891088597,6.2369231545374415,5.1411034315548543,30.002502075976693,0.0088365407294731992,0.0074007034020828,0.0117947126757028,0.27708583744310622,0.27699578267740821,0.27697067536809838,0.27708583744310622,0.27699578267740821,0.27697067536809838,18159,71,71,18153,71,71,18151,71,71,False,,1,,1,,1,EXPERIMENTAL_SHADOW,False,5,418aa0132b758d808e5643f7583722a8c7acb6aa82f93cc4c6f69fcc9582e372
8283ab91b10f89ac758d09ecf5fb4d6343536600a06dd468b1cc1ecf4ec747c4,12,H000_L035_C000,H000_L035_C000,b385b04067eeb7883c3178e37c2b4d0c2f03e24216ad425bc239b139efd75eab,8.1926585234057825,8.4985308957645476,7.0087474287610112,35.000285633508938,0.012866573966929799,-0.0060087448145450997,0.0142033561665624,0.3227693357397925,0.32267372903998193,0.32273824180073779,0.3227693357397925,0.32267372903998193,0.32273824180073779,21153,82,82,21146,82,82,21151,82,82,False,,1,,1,,1,EXPERIMENTAL_SHADOW,False,6,b6238a089d2d22ac0b7055538a08eac02d78dd5cf325ae9c0b3d17d150abd4b2
8283ab91b10f89ac758d09ecf5fb4d6343536600a06dd468b1cc1ecf4ec747c4,11,H000_L040_C000,H000_L040_C000,b385b04067eeb7883c3178e37c2b4d0c2f03e24216ad425bc239b139efd75eab,10.845889695870296,11.252044087807384,9.2773545778478397,40.001775675500475,0.0053762151026869997,0.0010962919000934001,0.0057670242104168002,0.36959145061394788,0.36954197815763529,0.36954713090917618,0.36959145061394788,0.36954197815763529,0.36954713090917618,24221,94,94,24218,94,94,24218,94,94,False,,1,,1,,1,EXPERIMENTAL_SHADOW,False,7,46f6b8d13404f5b6d716f38613de945dc827d8820ba7c24407dedd8e1f04aab2
8283ab91b10f89ac758d09ecf5fb4d6343536600a06dd468b1cc1ecf4ec747c4,10,H000_L045_C000,H000_L045_C000,b385b04067eeb7883c3178e37c2b4d0c2f03e24216ad425bc239b139efd75eab,14.018156304306462,14.543366207333303,11.989581520050979,45.002313035611436,0.0042820907342199996,0.0055246174404999003,0.0073625968692942996,0.4174992266209166,0.41744767938686123,0.4174223050183466,0.4174992266209166,0.41744767938686123,0.4174223050183466,27361,106,107,27357,106,107,27356,106,107,False,,1,,1,,1,EXPERIMENTAL_SHADOW,False,8,50745620ecd6691574bb1864e109c1cd4428a6334c2d86422e4d0994f022af18
8283ab91b10f89ac758d09ecf5fb4d6343536600a06dd468b1cc1ecf4ec747c4,9,H000_L050_C000,H000_L050_C000,b385b04067eeb7883c3178e37c2b4d0c2f03e24216ad425bc239b139efd75eab,17.754203354238587,18.418410455827367,15.18862440589932,49.999711666064442,0.0096735085672316999,-0.0051332220826648999,0.0109549017982206,0.46637881506490941,0.4663036634270486,0.46635938895794432,0.46637881506490941,0.4663036634270486,0.46635938895794432,30564,119,119,30559,119,119,30563,119,119,False,,1,,1,,1,EXPERIMENTAL_SHADOW,False,9,d35a5280415828a13d4327f72ec5a0a649fe508204526565834b37f5b79b1422
8283ab91b10f89ac758d09ecf5fb4d6343536600a06dd468b1cc1ecf4ec747c4,8,H000_L055_C000,H000_L055_C000,b385b04067eeb7883c3178e37c2b4d0c2f03e24216ad425bc239b139efd75eab,22.10395885896552,22.930442262350148,18.907393102714764,55.000618658586887,0.012424187302129099,-0.0010992130963449001,0.0124880518094974,0.51624477780020162,0.51613263688804245,0.51616925278269055,0.51624477780020162,0.51613263688804245,0.51616925278269055,33832,132,132,33825,132,132,33827,132,132,False,,1,,1,,1,EXPERIMENTAL_SHADOW,False,10,2ea94ed311efb69d7d304144462b10c892dcf053bb5ada6f8f5cb2a3a422aeed
8283ab91b10f89ac758d09ecf5fb4d6343536600a06dd468b1cc1ecf4ec747c4,7,H000_L060_C000,H000_L060_C000,b385b04067eeb7883c3178e37c2b4d0c2f03e24216ad425bc239b139efd75eab,27.110556277911552,28.124876450285221,23.190900182751918,60.001389143436363,0.0108283309942502,-0.0019571746357360002,0.011091122763840401,0.56695335589218465,0.56685649817123607,0.56689567007539532,0.56695335589218465,0.56685649817123607,0.56689567007539532,37155,145,145,37149,145,145,37152,145,145,False,,1,,1,,1,EXPERIMENTAL_SHADOW,False,11,7f3c9f3b6b94178b60be5044a011a54fb84ae9929b5f44129d8139af8a530a50
8283ab91b10f89ac758d09ecf5fb4d6343536600a06dd468b1cc1ecf4ec747c4,6,H000_L065_C000,H000_L065_C000,b385b04067eeb7883c3178e37c2b4d0c2f03e24216ad425bc239b139efd75eab,32.819234793764473,34.047973966558885,28.073437780598159,65.000633217884698,0.0086922385665321993,0.0003429618746775,0.0087220180597434999,0.61849110398050766,0.61840711248859737,0.61842600256520375,0.61849110398050766,0.61840711248859737,0.61842600256520375,40533,158,158,40527,158,158,40529,158,158,False,,1,,1,,1,EXPERIMENTAL_SHADOW,False,12,8d6f466d05f29ef8a3b2ffb8d1992360b90f121ebc1b2378822c9d1a2265615d
8283ab91b10f89ac758d09ecf5fb4d6343536600a06dd468b1cc1ecf4ec747c4,5,H000_L070_C000,H000_L070_C000,b385b04067eeb7883c3178e37c2b4d0c2f03e24216ad425bc239b139efd75eab,39.280113713865937,40.751232717331646,33.598432229943931,70.00127821407925,0.0077519086021381996,0.0033301223701264998,0.0085332076740411,0.67085577909718397,0.67077174264210881,0.67076789622787614,0.67085577909718397,0.67077174264210881,0.67076789622787614,43965,171,172,43959,171,172,43959,171,172,False,,1,,1,,1,EXPERIMENTAL_SHADOW,False,13,73be68c75925ea5320f35cdf757d7edb0301e6830479f6a00d3e9cd8f6cf7a72
8283ab91b10f89ac758d09ecf5fb4d6343536600a06dd468b1cc1ecf4ec747c4,4,H000_L075_C000,H000_L075_C000,b385b04067eeb7883c3178e37c2b4d0c2f03e24216ad425bc239b139efd75eab,46.537886909619282,48.280952980484216,39.804800605100354,75.001789758071482,0.0078535272530766004,0.0057687883530554004,0.0099075750479947992,0.72399255398166651,0.72389978079068795,0.72387900295954466,0.72399255398166651,0.72389978079068795,0.72387900295954466,47447,185,184,47441,185,184,47439,185,184,False,,1,,1,,1,EXPERIMENTAL_SHADOW,False,14,c0351f89f24cf6c1cf549e2224e0608ad7c4494eed470b67d6e80685667b7637
8283ab91b10f89ac758d09ecf5fb4d6343536600a06dd468b1cc1ecf4ec747c4,3,H000_L080_C000,H000_L080_C000,b385b04067eeb7883c3178e37c2b4d0c2f03e24216ad425bc239b139efd75eab,54.637368823067369,56.683888198819766,46.734859396518956,80.00146639614276,0.0080683449692474998,0.0033304584181825,0.0088510147138917,0.7778440909625689,0.77775455147417694,0.77775140260684472,0.7778440909625689,0.77775455147417694,0.77775140260684472,50976,198,199,50970,198,199,50970,198,199,False,,1,,1,,1,EXPERIMENTAL_SHADOW,False,15,93e2262f210af55ca279dd471e80c556692732d4904449712961b1062e9463de
8283ab91b10f89ac758d09ecf5fb4d6343536600a06dd468b1cc1ecf4ec747c4,2,H000_L085_C000,H000_L085_C000,b385b04067eeb7883c3178e37c2b4d0c2f03e24216ad425bc239b139efd75eab,63.627858635340942,66.011263096942372,54.421949153938641,85.002162004160994,0.0081947711319529,0.0068798304077244002,0.0109160708286558,0.83242746068875628,0.83232572963525542,0.8322972729277025,0.83242746068875628,0.83232572963525542,0.8322972729277025,54553,212,212,54546,212,212,54545,212,212,False,,1,,1,,1,EXPERIMENTAL_SHADOW,False,16,a9160bfc30a15d913793f575f32c54ffce6114e06c9883e10a1972f633e7b41c
8283ab91b10f89ac758d09ecf5fb4d6343536600a06dd468b1cc1ecf4ec747c4,1,H000_L090_C000,H000_L090_C000,b385b04067eeb7883c3178e37c2b4d0c2f03e24216ad425bc239b139efd75eab,73.553077096831686,76.308851363888991,62.913241657479176,90.002545583369937,0.0074309506771785003,0.0056637958466332003,0.0096838838309997993,0.88766813499965147,0.88757636061940703,0.88755443940083412,0.88766813499965147,0.88757636061940703,0.88755443940083412,58173,226,226,58167,226,226,58166,226,226,False,,1,,1,,1,EXPERIMENTAL_SHADOW,False,17,422452e7aad77dcfa4187960b898131a775bae98646fa9664c00f509922060ed
8283ab91b10f89ac758d09ecf5fb4d6343536600a06dd468b1cc1ecf4ec747c4,0,H000_L095_C000,H000_L095_C000,b385b04067eeb7883c3178e37c2b4d0c2f03e24216ad425bc239b139efd75eab,84.459178678574261,87.622681389337771,72.240993237923774,95.001837723515266,0.0093917070782544992,0.0059275970030192001,0.011256899919271699,0.94357728819553555,0.94346343082907602,0.94344448795255942,0.94357728819553555,0.94346343082907602,0.94344448795255942,61837,241,240,61830,241,240,61829,241,240,False,,1,,1,,1,EXPERIMENTAL_SHADOW,False,18,ec3a2b22cf88a90f9f4172b474ffc4f8980c801f54c1b27611e7673c928d1a3f
8283ab91b10f89ac758d09ecf5fb4d6343536600a06dd468b1cc1ecf4ec747c4,185,H005_L005_C005,H005_L005_C005,b385b04067eeb7883c3178e37c2b4d0c2f03e24216ad425bc239b139efd75eab,0.65617279149151231,0.55191024756011775,0.43260384383082923,4.9853848250902644,5.0179759453212185,0.42430526567212018,0.041387833807877,0.096727983653105698,0.053900379802832903,0.063789962447015999,0.096727983653105698,0.053900379802832903,0.063789962447015999,6339,25,25,3532,14,14,4180,16,18,False,DERIVED-RGB8-0026,2,,1,,1,EXPERIMENTAL_SHADOW,False,19,c6e8d1e277c62f9295fe77a150a4ee8787a746f06ff841f828e6ee3f09f7a85b
8283ab91b10f89ac758d09ecf5fb4d6343536600a06dd468b1cc1ecf4ec747c4,186,H005_L005_C010,H005_L005_C010,b385b04067eeb7883c3178e37c2b4d0c2f03e24216ad425bc239b139efd75eab,0.77871789510282208,0.55179084073345352,0.40846424959488181,4.9843062276474797,9.9729472831445047,0.87840344501764467,0.0203623137102753,0.1203900038908383,0.039876888946156097,0.061408857347409702,0.1203900038908383,0.039876888946156097,0.061408857347409702,7890,31,31,2613,10,10,4024,16,15,False,,1,,1,,1,EXPERIMENTAL_SHADOW,False,20,607847217e4c6915c036d742cb36e47f7067dda9ab23acdc8caaed0d8b0462b5
8283ab91b10f89ac758d09ecf5fb4d6343536600a06dd468b1cc1ecf4ec747c4,181,H005_L010_C005,H005_L010_C005,b385b04067eeb7883c3178e37c2b4d0c2f03e24216ad425bc239b139efd75eab,1.2373391332741146,1.1273346025048276,0.90206329718432476,10.01011476135303,4.9625731202155157,0.44602850223141027,0.023376923529809201,0.1340041128146541,0.098481420549906398,0.10609952622839661,0.1340041128146541,0.098481420549906398,0.10609952622839661,8782,34,35,6454,25,26,6953,27,28,False,,1,,1,,1,EXPERIMENTAL_SHADOW,False,21,b8285e17dca8a59199d98783a501aee54093d53944d1e0419c85a62e5ebf7c5f
8283ab91b10f89ac758d09ecf5fb4d6343536600a06dd468b1cc1ecf4ec747c4,182,H005_L010_C010,H005_L010_C010,b385b04067eeb7883c3178e37c2b4d0c2f03e24216ad425bc239b139efd75eab,1.4024859946338013,1.1266463197836842,0.87508002867517332,10.004820279685024,9.9780998839563129,0.8840889955251674,0.0210153835479528,0.1578321738450211,0.087204033132408099,0.1045069239968902,0.1578321738450211,0.087204033132408099,0.1045069239968902,10344,40,40,5715,22,22,6849,27,27,False,,1,,1,,1,EXPERIMENTAL_SHADOW,False,22,26e38d14d1a11da4ec64c3c2e0997ac2ae5692485881ecd4a656590ce6511082
8283ab91b10f89ac758d09ecf5fb4d6343536600a06dd468b1cc1ecf4ec747c4,183,H005_L010_C015,H005_L010_C015,b385b04067eeb7883c3178e37c2b4d0c2f03e24216ad425bc239b139efd75eab,1.5804365625870016,1.1254682280666044,0.84983879928755635,9.9957530307558109,14.97577651454078,1.2951743504076296,0.035297780867191202,0.1798598077982822,0.073392568584360704,0.10311027782306879,0.1798598077982822,0.073392568584360704,0.10311027782306879,11787,46,46,4810,19,19,6757,26,27,False,,1,,1,,1,EXPERIMENTAL_SHADOW,False,23,d783d754d2934c091069d2e443405b9672f766e0b7d4af518f2501767e7f8277
8283ab91b10f89ac758d09ecf5fb4d6343536600a06dd468b1cc1ecf4ec747c4,184,H005_L010_C020,H005_L010_C020,b385b04067eeb7883c3178e37c2b4d0c2f03e24216ad425bc239b139efd75eab,1.7737580232536194,1.1256840729238915,0.82385863196141906,9.9974147660825956,19.950065436274866,1.7461682790497035,0.026471264159246499,0.20080369949939389,0.055837812677940302,0.101680127807698,0.20080369949939389,0.055837812677940302,0.101680127807698,13160,51,52,3659,14,15,6664,26,26,False,,1,,1,,1,EXPERIMENTAL_SHADOW,False,24,80de085dbd31ed5b324d8e4fc7b845d8858eae7e8c474c2ccb853fdbd5c8b78b
8283ab91b10f89ac758d09ecf5fb4d6343536600a06dd468b1cc1ecf4ec747c4,175,H005_L015_C005,H005_L015_C005,b385b04067eeb7883c3178e37c2b4d0c2f03e24216ad425bc239b139efd75eab,2.053152698192656,1.9076493764582236,1.5358242701784219,14.994942918106659,5.0050263275884523,0.42342991801118662,0.0274928613111395,0.17551027486086601,0.13800501811556889,0.14603651354080119,0.17551027486086601,0.13800501811556889,0.14603651354080119,11502,45,45,9044,35,35,9571,37,38,False,DERIVED-RGB8-0067,2,,1,,1,EXPERIMENTAL_SHADOW,False,25,d7128395bd4eeaf25b3564558c42a69f92972aff5c17550c4e8149ff885ca33e
8283ab91b10f89ac758d09ecf5fb4d6343536600a06dd468b1cc1ecf4ec747c4,176,H005_L015_C010,H005_L015_C010,b385b04067eeb7883c3178e37c2b4d0c2f03e24216ad425bc239b139efd75eab,2.28144560261648,1.9070448556418316,1.4974881041299013,14.991668544944538,9.9768792005957856,0.86262359148322465,0.019348527171078,0.2007327281853872,0.12685195957824111,0.14435442485962749,0.2007327281853872,0.12685195957824111,0.14435442485962749,13155,51,51,8313,32,32,9460,37,36,False,,1,,1,,1,EXPERIMENTAL_SHADOW,False,26,89304cd923ade2ed08ab0ef12fe5f46bc4107bbaf3ce3bc4c9dbe72ae42f8c96
8283ab91b10f89ac758d09ecf5fb4d6343536600a06dd468b1cc1ecf4ec747c4,177,H005_L015_C015,H005_L015_C015,b385b04067eeb7883c3178e37c2b4d0c2f03e24216ad425bc239b139efd75eab,2.5285831599899304,1.9088973263088811,1.4612953864856342,15.001700222551854,14.940743854888831,1.3069092245152181,0.0027735219389339,0.2244111252027059,0.113869779132941,0.1428267211889134,0.2244111252027059,0.113869779132941,0.1428267211889134,14707,57,57,7462,29,29,9360,36,37,False,,1,,1,,1,EXPERIMENTAL_SHADOW,False,27,a6aa7775adbfd729c4b92be5118dc282d118210b051e91c829c02110770cc57c
8283ab91b10f89ac758d09ecf5fb4d6343536600a06dd468b1cc1ecf4ec747c4,178,H005_L015_C020,H005_L015_C020,b385b04067eeb7883c3178e37c2b4d0c2f03e24216ad425bc239b139efd75eab,2.790346774045211,1.9070906573671624,1.4235863332172032,14.991916653166763,19.942231834641749,1.742487182589969,0.020044256098365201,0.24690268377815591,0.097919271045716405,0.141271117492138,0.24690268377815591,0.097919271045716405,0.141271117492138,16181,63,63,6417,25,25,9258,36,35,False,,1,,1,,1,EXPERIMENTAL_SHADOW,False,28,4cfc2263c44d76dbb23f8e0c8f8c1c6f0b394c61657a53144720d3d6ebf2f7f1
8283ab91b10f89ac758d09ecf5fb4d6343536600a06dd468b1cc1ecf4ec747c4,179,H005_L015_C025,H005_L015_C025,b385b04067eeb7883c3178e37c2b4d0c2f03e24216ad425bc239b139efd75eab,3.0720381706030881,1.9080501905885616,1.3888384554893625,14.997113537311227,24.921447963666047,2.1754932073089321,0.017139807606460101,0.26856700255776211,0.078094785071180201,0.1399303746211408,0.26856700255776211,0.078094785071180201,0.1399303746211408,17601,68,68,5118,20,20,9170,36,36,False,,1,,1,,1,EXPERIMENTAL_SHADOW,False,29,d0aa3ac4c4b958c1ab1bf23fbcabe84b47929669676f44024306b08225c6b512
8283ab91b10f89ac758d09ecf5fb4d6343536600a06dd468b1cc1ecf4ec747c4,180,H005_L015_C030,H005_L015_C030,b385b04067eeb7883c3178e37c2b4d0c2f03e24216ad425bc239b139efd75eab,3.3702156680757489,1.908499106694761,1.3528903046116807,14.999544293139492,29.88249122599068,2.6258883319511321,0.0116762333839373,0.28949058284691082,0.051058214799660197,0.13855843391138101,0.28949058284691082,0.051058214799660197,0.13855843391138101,18972,74,73,3346,13,12,9080,35,34,False,,1,,1,,1,EXPERIMENTAL_SHADOW,False,30,6a081809636d5b44025842b802b521f721e121aa522820f1f18bdff1c520b37b
8283ab91b10f89ac758d09ecf5fb4d6343536600a06dd468b1cc1ecf4ec747c4,167,H005_L020_C005,H005_L020_C005,b385b04067eeb7883c3178e37c2b4d0c2f03e24216ad425bc239b139efd75eab,3.1686726806066048,2.990370095862227,2.4129686162077491,20.005289143533297,4.9795981256748609,0.44535843779307521,0.011013810602302301,0.2184273106334578,0.17953628173822181,0.18758939879487341,0.2184273106334578,0.17953628173822181,0.18758939879487341,14315,56,56,11766,46,46,12294,48,49,False,DERIVED-RGB8-0085,2,,1,,1,EXPERIMENTAL_SHADOW,False,31,e4a9d49bc18f60ecf72623c54066baef2707db82c224ef8fd41c1c95a539c1c5
8283ab91b10f89ac758d09ecf5fb4d6343536600a06dd468b1cc1ecf4ec747c4,168,H005_L020_C010,H005_L020_C010,b385b04067eeb7883c3178e37c2b4d0c2f03e24216ad425bc239b139efd75eab,3.4720478982472658,2.9881945934096188,2.3615290889056624,19.996555709765751,9.9740847192062176,0.87141130696122282,0.0126635746302121,0.24509659094525171,0.1682328454369188,0.18585936451150731,0.24509659094525171,0.1682328454369188,0.18585936451150731,16062,62,63,11025,43,43,12180,47,47,False,,1,,1,,1,EXPERIMENTAL_SHADOW,False,32,f97c8a6a5489680a16b4107f2613978ad6456197f55b3ac86e0168d071e9210a
8283ab91b10f89ac758d09ecf5fb4d6343536600a06dd468b1cc1ecf4ec747c4,169,H005_L020_C015,H005_L020_C015,b385b04067eeb7883c3178e37c2b4d0c2f03e24216ad425bc239b139efd75eab,3.7983494884208815,2.9902134377232374,2.3112255172983791,20.004660389687821,14.958064352121465,1.3229933670180327,0.022314985450786199,0.27027967159065602,0.15546335401827649,0.1841920558210377,0.27027967159065602,0.15546335401827649,0.1841920558210377,17713,69,69,10188,40,40,12071,47,47,False,,1,,1,,1,EXPERIMENTAL_SHADOW,False,33,abb776d462a10c9628884325b61685c08c6aca19d0af9e158d21cce5ca4baca7
8283ab91b10f89ac758d09ecf5fb4d6343536600a06dd468b1cc1ecf4ec747c4,170,H005_L020_C020,H005_L020_C020,b385b04067eeb7883c3178e37c2b4d0c2f03e24216ad425bc239b139efd75eab,4.1390011667036442,2.9872896054761235,2.2631611638025562,19.992921437549967,19.95035405534021,1.7268551224651874,0.031840526635452698,0.2940667039468578,0.1404174010545976,0.18269661255038261,0.2940667039468578,0.1404174010545976,0.18269661255038261,19272,75,75,9202,36,36,11973,47,46,False,,1,,1,,1,EXPERIMENTAL_SHADOW,False,34,71abe6594e74ea8a67aafa0ddc643985789dc3e5db02383a66f56e4681993f2a
8283ab91b10f89ac758d09ecf5fb4d6343536600a06dd468b1cc1ecf4ec747c4,171,H005_L020_C025,H005_L020_C025,b385b04067eeb7883c3178e37c2b4d0c2f03e24216ad425bc239b139efd75eab,4.5042141474211927,2.9898197535005657,2.2142608422045216,20.003080225023162,24.911982186014896,2.1820558004007062,0.0083429144255456004,0.31707651511017337,0.1228226058880918,0.18116439296362671,0.31707651511017337,0.1228226058880918,0.18116439296362671,20780,81,80,8049,31,31,11873,46,46,False,,1,,1,,1,EXPERIMENTAL_SHADOW,False,35,8a9383df189e08d2050fbaa17b12648a7a75ff742f085be299be04b3965e76b4
8283ab91b10f89ac758d09ecf5fb4d6343536600a06dd468b1cc1ecf4ec747c4,172,H005_L020_C030,H005_L020_C030,b385b04067eeb7883c3178e37c2b4d0c2f03e24216ad425bc239b139efd75eab,4.886622321631382,2.9872880122561232,2.1652560321449084,19.992915038811752,29.914768995980921,2.6096637269410028,0.030245056612712901,0.33933397507408891,0.1006868176802275,0.17969925353575081,0.33933397507408891,0.1006868176802275,0.17969925353575081,22238,87,86,6599,26,25,11777,46,45,False,,1,,1,,1,EXPERIMENTAL_SHADOW,False,36,2db0548c4724acf3735679d0dd0c9943b708d3cf3335ed8eeb34662be19115bc
8283ab91b10f89ac758d09ecf5fb4d6343536600a06dd468b1cc1ecf4ec747c4,173,H005_L020_C035,H005_L020_C035,b385b04067eeb7883c3178e37c2b4d0c2f03e24216ad425bc239b139efd75eab,5.2922519913987571,2.9879995175344822,2.1169159543735776,19.995772381438435,34.887372684091531,3.060315959812776,0.0231832085026673,0.36104740441593741,0.071526070387524704,0.17828894713120061,0.36104740441593741,0.071526070387524704,0.17828894713120061,23661,92,92,4687,18,18,11684,45,45,False,,1,,1,,1,EXPERIMENTAL_SHADOW,False,37,463bac54985b207bd6629d5e26b115c2ef586a87fa6e5f8d2e6947fe2e5802c6
8283ab91b10f89ac758d09ecf5fb4d6343536600a06dd468b1cc1ecf4ec747c4,174,H005_L020_C040,H005_L020_C040,b385b04067eeb7883c3178e37c2b4d0c2f03e24216ad425bc239b139efd75eab,5.7196351304309525,2.9882302051294114,2.0712160611634185,19.996698705156788,39.867225747981713,3.4895784381007826,0.019991800226385099,0.38230216959443319,0.025383504542366101,0.1770640780983988,0.38230216959443319,0.025383504542366101,0.1770640780983988,25054,97,98,1664,6,6,11604,45,46,False,,1,,1,,1,EXPERIMENTAL_SHADOW,False,38,187047602f73b15dfbb648540ea0eb5db3b0b3e519f939af64fe79a8be76717e
8283ab91b10f89ac758d09ecf5fb4d6343536600a06dd468b1cc1ecf4ec747c4,158,H005_L025_C005,H005_L025_C005,b385b04067eeb7883c3178e37c2b4d0c2f03e24216ad425bc239b139efd75eab,4.6261232377475885,4.4155111625954122,3.5745269451779538,25.000106507061275,4.983448421654324,0.43110055205495262,0.0053000871068005998,0.26264228906686238,0.22237534928163841,0.23070422836067001,0.26264228906686238,0.22237534928163841,0.23070422836067001,17212,67,67,14573,57,57,15119,59,60,False,DERIVED-RGB8-0101,2,,1,,1,EXPERIMENTAL_SHADOW,False,39,7e0e1fee00cbd556241ae9cfc222690ea5672920e2fbb2dd08ad92ea586846ec
8283ab91b10f89ac758d09ecf5fb4d6343536600a06dd468b1cc1ecf4ec747c4,159,H005_L025_C010,H005_L025_C010,b385b04067eeb7883c3178e37c2b4d0c2f03e24216ad425bc239b139efd75eab,5.0180196113890609,4.4162413498961977,3.5072874587264327,25.002366427139656,9.9663315895764129,0.87832804164534872,0.0083967557998669007,0.29063118883899908,0.2110902420936859,0.2288748780662653,0.29063118883899908,0.2110902420936859,0.2288748780662653,19047,74,74,13834,54,54,14999,58,58,False,,1,,1,,1,EXPERIMENTAL_SHADOW,False,40,5c3f933fa291b95a763fc888cb60daa4c917593908b98270377f3d8791a9ec2b
8283ab91b10f89ac758d09ecf5fb4d6343536600a06dd468b1cc1ecf4ec747c4,160,H005_L025_C015,H005_L025_C015,b385b04067eeb7883c3178e37c2b4d0c2f03e24216ad425bc239b139efd75eab,5.4283602753335041,4.4143835915788268,3.4421950052786681,24.996616200136128,14.947429565556696,1.3030197578737801,0.0070913706933282,0.3169152961263989,0.1983504960433462,0.22716651562681611,0.3169152961263989,0.1983504960433462,0.22716651562681611,20769,81,81,12999,51,51,14887,58,58,False,,1,,1,,1,EXPERIMENTAL_SHADOW,False,41,2904e0e6e670aef2b882b4c87aa87e6f45e570c36af78f32abcd48a5fe947a5c
8283ab91b10f89ac758d09ecf5fb4d6343536600a06dd468b1cc1ecf4ec747c4,161,H005_L025_C020,H005_L025_C020,b385b04067eeb7883c3178e37c2b4d0c2f03e24216ad425bc239b139efd75eab,5.8640128898565935,4.414206613987516,3.3785018910360272,24.996068326033303,19.945576589615712,1.7326743560686977,0.0243726619172118,0.34213991235948832,0.1838895300593672,0.22553918049341901,0.34213991235948832,0.1838895300593672,0.22553918049341901,22422,87,87,12051,47,47,14781,58,57,False,,1,,1,,1,EXPERIMENTAL_SHADOW,False,42,5f6a5e183eff7b03e0738a081ed1c1f20642879be039d33f4cb94c00cf6960ac
8283ab91b10f89ac758d09ecf5fb4d6343536600a06dd468b1cc1ecf4ec747c4,162,H005_L025_C025,H005_L025_C025,b385b04067eeb7883c3178e37c2b4d0c2f03e24216ad425bc239b139efd75eab,6.3216278960753627,4.4149855986721045,3.3143062318441303,24.998479739436011,24.92305488435051,2.1763402268000109,0.018397376356375499,0.3663747592369313,0.16732215838476319,0.2239170602798761,0.3663747592369313,0.16732215838476319,0.2239170602798761,24010,93,94,10965,43,43,14674,57,58,False,,1,,1,,1,EXPERIMENTAL_SHADOW,False,43,c1321d18ba80644410c0677260bfc963c0c7392f9c1f598832e0ec1229927ebe
8283ab91b10f89ac758d09ecf5fb4d6343536600a06dd468b1cc1ecf4ec747c4,163,H005_L025_C030,H005_L025_C030,b385b04067eeb7883c3178e37c2b4d0c2f03e24216ad425bc239b139efd75eab,6.8013384855500201,4.4143657762708646,3.25148104209438,24.996561049489731,29.907924172914932,2.6086873027921009,0.023183139034563299,0.38984507526892259,0.14774661291890301,0.22239114605912649,0.38984507526892259,0.14774661291890301,0.22239114605912649,25548,99,100,9683,38,38,14574,57,56,False,,1,,1,,1,EXPERIMENTAL_SHADOW,False,44,482abcdf44679fefbac4a5d8eef4e94f8e96f359ccca12f9b4932bbb3756b425
8283ab91b10f89ac758d09ecf5fb4d6343536600a06dd468b1cc1ecf4ec747c4,164,H005_L025_C035,H005_L025_C035,b385b04067eeb7883c3178e37c2b4d0c2f03e24216ad425bc239b139efd75eab,7.3041107717928195,4.413202300894306,3.1881242335058841,24.992958970663629,34.894133883194954,3.0475394657674126,0.028381015266784299,0.41270779575396649,0.12384503679972531,0.22088318776326751,0.41270779575396649,0.12384503679972531,0.22088318776326751,27047,105,106,8116,32,32,14476,56,57,False,,1,,1,,1,EXPERIMENTAL_SHADOW,False,45,07d3e901dd47379a509ece8442b8371f3797f1c45df95befdd7dd8715582e8fe
8283ab91b10f89ac758d09ecf5fb4d6343536600a06dd468b1cc1ecf4ec747c4,165,H005_L025_C040,H005_L025_C040,b385b04067eeb7883c3178e37c2b4d0c2f03e24216ad425bc239b139efd75eab,7.8325083114066798,4.4144522110560649,3.1272240255406967,24.996828623285559,39.861401389520935,3.4876099915397085,0.014037218503221101,0.43507248922455383,0.092945456518824299,0.2195010577491214,0.43507248922455383,0.092945456518824299,0.2195010577491214,28512,111,111,6091,24,23,14385,56,57,False,,1,,1,,1,EXPERIMENTAL_SHADOW,False,46,99ec51be67feb1801b88f9b684368dde8e285d4cba42602878df1cfadad38aba
8283ab91b10f89ac758d09ecf5fb4d6343536600a06dd468b1cc1ecf4ec747c4,166,H005_L025_C045,H005_L025_C045,b385b04067eeb7883c3178e37c2b4d0c2f03e24216ad425bc239b139efd75eab,8.3863979381281339,4.4138347996851843,3.0677950936555747,24.994917243187004,44.858904627192395,3.9127016789085922,0.031915227875287999,0.457087668729519,0.045115633338161702,0.21823536695631349,0.457087668729519,0.045115633338161702,0.21823536695631349,29955,117,117,2957,12,11,14302,56,55,False,,1,,1,,1,EXPERIMENTAL_SHADOW,False,47,9acdaedbb5637ab43411dd678f5fba54e442cb43a303eef454c55d23729c8fa7
8283ab91b10f89ac758d09ecf5fb4d6343536600a06dd468b1cc1ecf4ec747c4,147,H005_L030_C005,H005_L030_C005,b385b04067eeb7883c3178e37c2b4d0c2f03e24216ad425bc239b139efd75eab,6.4750566491819201,6.2354374402579449,5.0561100951578748,29.998848992543365,4.9880197889631273,0.4405720671447621,0.0085659138500331997,0.30816900939739378,0.2665950868336513,0.27505754962262219,0.30816900939739378,0.2665950868336513,0.27505754962262219,20196,79,79,17471,68,68,18026,70,71,False,,1,,1,,1,EXPERIMENTAL_SHADOW,False,48,819d1e93adc94c333041617fbd0476faaaf3165a996acaf1770cff94e67fd591
8283ab91b10f89ac758d09ecf5fb4d6343536600a06dd468b1cc1ecf4ec747c4,148,H005_L030_C010,H005_L030_C010,b385b04067eeb7883c3178e37c2b4d0c2f03e24216ad425bc239b139efd75eab,6.9643295412750961,6.2362368340180652,4.9744837005931686,30.000814618956632,9.975350772583214,0.87068246350783252,0.013506619130793001,0.33727611102330463,0.2551803135929262,0.27326657565966,0.33727611102330463,0.2551803135929262,0.27326657565966,22103,86,86,16723,65,65,17909,70,70,False,,1,,1,,1,EXPERIMENTAL_SHADOW,False,49,baa8d8b7a216a564ff9bd0b556106032520a82f2dc4cd1b3491d6bd5bd369b55
8283ab91b10f89ac758d09ecf5fb4d6343536600a06dd468b1cc1ecf4ec747c4,149,H005_L030_C015,H005_L030_C015,b385b04067eeb7883c3178e37c2b4d0c2f03e24216ad425bc239b139efd75eab,7.4754140212651423,6.2350560996314366,4.8925596467039316,29.997911256275813,14.962421470989778,1.2986739625850063,0.0214443279548448,0.36478310675996301,0.24249540030843561,0.27149825604619809,0.36478310675996301,0.24249540030843561,0.27149825604619809,23906,93,94,15892,62,63,17793,69,70,False,,1,,1,,1,EXPERIMENTAL_SHADOW,False,50,c41679c0758e6d8aa559beffedb1c2564023f89133c0c106a55f1ad3dc959520
8283ab91b10f89ac758d09ecf5fb4d6343536600a06dd468b1cc1ecf4ec747c4,150,H005_L030_C020,H005_L030_C020,b385b04067eeb7883c3178e37c2b4d0c2f03e24216ad425bc239b139efd75eab,8.0114748740286892,6.2350344677778056,4.8099522210768404,29.997858061286152,19.942331982854249,1.7401137476165671,0.0187947757818701,0.39110070616888132,0.22838916055405309,0.2697294884665617,0.39110070616888132,0.22838916055405309,0.2697294884665617,25631,100,101,14967,58,59,17677,69,69,False,,1,,1,,1,EXPERIMENTAL_SHADOW,False,51,ffaa725466551ba3d6c28810225b0e6f25d2a72cf91e52ec49dcd8e305e2ad65
8283ab91b10f89ac758d09ecf5fb4d6343536600a06dd468b1cc1ecf4ec747c4,151,H005_L030_C025,H005_L030_C025,b385b04067eeb7883c3178e37c2b4d0c2f03e24216ad425bc239b139efd75eab,8.5718155677383265,6.234579186464094,4.7292651373043242,29.996738448390051,24.920298339248053,2.1743584517438963,0.016382070414478402,0.41643786561452317,0.21248939884282811,0.26805196149513488,0.41643786561452317,0.21248939884282811,0.26805196149513488,27291,106,107,13925,54,55,17567,68,69,False,,1,,1,,1,EXPERIMENTAL_SHADOW,False,52,044f4bd3f7c5f5618ddcd11d7b7ce9e494b9e6acbec3040e5542fbe09e47a4a1
8283ab91b10f89ac758d09ecf5fb4d6343536600a06dd468b1cc1ecf4ec747c4,152,H005_L030_C030,H005_L030_C030,b385b04067eeb7883c3178e37c2b4d0c2f03e24216ad425bc239b139efd75eab,9.1601706817704862,6.2351031521334175,4.6502726579422164,29.998026962872608,29.908458681808082,2.608427175509187,0.023593580988873,0.44108009721034092,0.19430011095817909,0.26645906591194313,0.44108009721034092,0.19430011095817909,0.26645906591194313,28906,112,113,12733,50,49,17462,68,67,False,,1,,1,,1,EXPERIMENTAL_SHADOW,False,53,9d441fa62ce2f0b3e5e2efb0493bf236c414fbacb8639e8363273337c681a494
8283ab91b10f89ac758d09ecf5fb4d6343536600a06dd468b1cc1ecf4ec747c4,153,H005_L030_C035,H005_L030_C035,b385b04067eeb7883c3178e37c2b4d0c2f03e24216ad425bc239b139efd75eab,9.7724110497704952,6.2346338174157525,4.5704572715813923,29.996872797914957,34.887749553321854,3.0477793206242665,0.0213556848059606,0.46502851814886897,0.17308547391214121,0.26487348359123658,0.46502851814886897,0.17308547391214121,0.26487348359123658,30476,119,120,11343,44,45,17358,68,68,False,,1,,1,,1,EXPERIMENTAL_SHADOW,False,54,d105eb961c9dfe59467bcfeaf90ee8a78708627db757a7fac41c12c7458f7e6e
8283ab91b10f89ac758d09ecf5fb4d6343536600a06dd468b1cc1ecf4ec747c4,154,H005_L030_C040,H005_L030_C040,b385b04067eeb7883c3178e37c2b4d0c2f03e24216ad425bc239b139efd75eab,10.41105938078816,6.233082909922218,4.4922223775933015,29.993058470145957,39.876356494553455,3.4788206846867675,0.0303003714892786,0.48845741692784178,0.1474396054211263,0.2633796625433244,0.48845741692784178,0.1474396054211263,0.2633796625433244,32011,125,125,9662,38,38,17261,67,68,False,,1,,1,,1,EXPERIMENTAL_SHADOW,False,55,995819159738fa0f96ccea59c72ace56d2e1b201d66e72aa9527994dbd447d6e
8283ab91b10f89ac758d09ecf5fb4d6343536600a06dd468b1cc1ecf4ec747c4,155,H005_L030_C045,H005_L030_C045,b385b04067eeb7883c3178e37c2b4d0c2f03e24216ad425bc239b139efd75eab,11.078516536494648,6.2340613815361436,4.4130212270224352,29.995465013218837,44.849657305684048,3.9311991669399582,0.0232425897415139,0.5114622994555007,0.1148545387537461,0.26187916053709431,0.5114622994555007,0.1148545387537461,0.26187916053709431,33519,130,131,7527,29,30,17162,67,67,False,,1,,1,,1,EXPERIMENTAL_SHADOW,False,56,1b36c73030038be006d825c10c5c98f78f12081c69ac15e527f203a3d1ea899d
8283ab91b10f89ac758d09ecf5fb4d6343536600a06dd468b1cc1ecf4ec747c4,156,H005_L030_C050,H005_L030_C050,b385b04067eeb7883c3178e37c2b4d0c2f03e24216ad425bc239b139efd75eab,11.77236431967175,6.2326292921011177,4.337563487620697,29.991942715315112,49.837669307666367,4.3571867939306008,0.029113193392563599,0.53407173685575737,0.066999145124300705,0.26055250457162932,0.53407173685575737,0.066999145124300705,0.26055250457162932,35000,136,137,4391,17,17,17075,66,67,False,,1,,1,,1,EXPERIMENTAL_SHADOW,False,57,b498b0870325a3947999ffe42cf89a8309ce892ae1e7440c50ddd471525ce40d
8283ab91b10f89ac758d09ecf5fb4d6343536600a06dd468b1cc1ecf4ec747c4,157,H005_L030_C055,H005_L030_C055,b385b04067eeb7883c3178e37c2b4d0c2f03e24216ad425bc239b139efd75eab,12.49757695610348,6.234058905334094,4.261159663197752,29.995458923337623,54.81547853685656,4.8058631064766812,0.028017513209845701,0.55641626443461312,-0.018769016999682701,0.25922449156435912,0.55641626443461312,0,0.25922449156435912,36465,142,142,0,0,0,16988,66,66,True,,1,,1,,1,EXPERIMENTAL_SHADOW,False,58,c4943d9b4394c7737885b45c6a06e5e1e61c331d584ad4a3aa08d0cec590e308
8283ab91b10f89ac758d09ecf5fb4d6343536600a06dd468b1cc1ecf4ec747c4,135,H005_L035_C005,H005_L035_C005,b385b04067eeb7883c3178e37c2b4d0c2f03e24216ad425bc239b139efd75eab,8.761577458305057,8.4991801251638641,6.9037696799502069,35.00158429097106,4.9826078591379552,0.43748662454585752,0.0028177812631887001,0.35479191834448343,0.31211548539064488,0.32075256319382578,0.35479191834448343,0.31211548539064488,0.32075256319382578,23251,90,90,20454,80,79,21021,82,82,False,DERIVED-RGB8-0130,2,,1,,1,EXPERIMENTAL_SHADOW,False,59,69d8eef75d509bfbe3ddf58909fa2280d145141adebaa2bb8ff6d8c4715d8d15
8283ab91b10f89ac758d09ecf5fb4d6343536600a06dd468b1cc1ecf4ec747c4,136,H005_L035_C010,H005_L035_C010,b385b04067eeb7883c3178e37c2b4d0c2f03e24216ad425bc239b139efd75eab,9.357163364748132,8.4982359183191569,6.802329012634269,34.999695566503526,9.9736221814671353,0.8648891724592267,0.013510641153706499,0.38491122601058703,0.30052961092834862,0.3188884608546193,0.38491122601058703,0.30052961092834862,0.3188884608546193,25225,98,97,19695,77,76,20898,81,80,False,,1,,1,,1,EXPERIMENTAL_SHADOW,False,60,d9b48494888e42c3564a4b70fae8105e8833096d209070bedee73031772e287d
8283ab91b10f89ac758d09ecf5fb4d6343536600a06dd468b1cc1ecf4ec747c4,137,H005_L035_C015,H005_L035_C015,b385b04067eeb7883c3178e37c2b4d0c2f03e24216ad425bc239b139efd75eab,9.9786083563851609,8.497098684212915,6.6984010148454498,34.997420538247454,14.962082525237925,1.3066490114633789,0.019366122056604099,0.41352183724554631,0.28784383044838863,0.31698111990769212,0.41352183724554631,0.28784383044838863,0.31698111990769212,27100,105,105,18864,73,73,20773,81,81,False,,1,,1,,1,EXPERIMENTAL_SHADOW,False,61,c859395a512b67ae6c5855d4f05033d3efe3d85daf685105e0695d29af4f4636
8283ab91b10f89ac758d09ecf5fb4d6343536600a06dd468b1cc1ecf4ec747c4,138,H005_L035_C020,H005_L035_C020,b385b04067eeb7883c3178e37c2b4d0c2f03e24216ad425bc239b139efd75eab,10.627085808019032,8.4975752390074621,6.5999006597399923,34.998373907228377,19.937448274472164,1.7349747474066812,0.015881424639504298,0.44088067072224107,0.27394396007618582,0.31523542179455988,0.44088067072224107,0.27394396007618582,0.31523542179455988,28893,112,112,17953,70,69,20659,80,79,False,,1,,1,,1,EXPERIMENTAL_SHADOW,False,62,d899dd1d5c07869da9ff0e5c679ad94c36e0ee58dbfa7b2236f1ca90a802f6b4
8283ab91b10f89ac758d09ecf5fb4d6343536600a06dd468b1cc1ecf4ec747c4,139,H005_L035_C025,H005_L035_C025,b385b04067eeb7883c3178e37c2b4d0c2f03e24216ad425bc239b139efd75eab,11.303670587564479,8.4978241762912408,6.4994074104346575,34.998871903121383,24.919135629333091,2.1755459993399677,0.014668846768041199,0.4673277199214988,0.25849668973803719,0.31346416838262808,0.4673277199214988,0.25849668973803719,0.31346416838262808,30626,119,119,16941,66,66,20543,80,80,False,,1,,1,,1,EXPERIMENTAL_SHADOW,False,63,01e2a32fed5093387df58a35b5576aa1dd76788aade5694d71ab531519ce3a0d
8283ab91b10f89ac758d09ecf5fb4d6343536600a06dd468b1cc1ecf4ec747c4,140,H005_L035_C030,H005_L035_C030,b385b04067eeb7883c3178e37c2b4d0c2f03e24216ad425bc239b139efd75eab,12.006527258130864,8.4967006751606959,6.3986547473769058,34.996624276186282,29.899816201945345,2.617092470608684,0.014614148755662399,0.49295401395188682,0.24116612619926769,0.31171643081147882,0.49295401395188682,0.24116612619926769,0.31171643081147882,32306,126,126,15805,61,61,20428,79,79,False,,1,,1,,1,EXPERIMENTAL_SHADOW,False,64,f5f8c44b5136079b0e31c0f32f2b10902419b720d00602783a98de60138c8398
8283ab91b10f89ac758d09ecf5fb4d6343536600a06dd468b1cc1ecf4ec747c4,141,H005_L035_C035,H005_L035_C035,b385b04067eeb7883c3178e37c2b4d0c2f03e24216ad425bc239b139efd75eab,12.739833428222369,8.49670331781447,6.3019381800830558,34.996629563195626,34.883459386950037,3.0491002833918808,0.017054448815087799,0.51795141518467014,0.22149817094220831,0.31010477048643542,0.51795141518467014,0.22149817094220831,0.31010477048643542,33944,132,132,14516,56,56,20323,79,79,False,,1,,1,,1,EXPERIMENTAL_SHADOW,False,65,92625569ef5bcec2467e82c505cc8c7acf359f0d789ca4be006e2fd6abff8923
8283ab91b10f89ac758d09ecf5fb4d6343536600a06dd468b1cc1ecf4ec747c4,142,H005_L035_C040,H005_L035_C040,b385b04067eeb7883c3178e37c2b4d0c2f03e24216ad425bc239b139efd75eab,13.501840880459152,8.4953537330755111,6.2046373233016938,34.993929381934166,39.875142279050202,3.483536763356776,0.0281344176548615,0.54240988691873593,0.1986558332195015,0.3085134420100098,0.54240988691873593,0.1986558332195015,0.3085134420100098,35547,138,137,13019,51,50,20218,79,79,False,,1,,1,,1,EXPERIMENTAL_SHADOW,False,66,9dc6cf0bd7fab304ff5478f4cbc32b00c0d9788c16127ef209e367f497a13043
8283ab91b10f89ac758d09ecf5fb4d6343536600a06dd468b1cc1ecf4ec747c4,143,H005_L035_C045,H005_L035_C045,b385b04067eeb7883c3178e37c2b4d0c2f03e24216ad425bc239b139efd75eab,14.293996081274807,8.4960271188680387,6.110079954516153,34.995276694099729,44.851555454831271,3.9169915116843312,0.023774046740377901,0.56637081877725171,0.17152970725708891,0.3070216764890375,0.56637081877725171,0.17152970725708891,0.3070216764890375,37117,144,145,11241,44,44,20121,78,78,False,,1,,1,,1,EXPERIMENTAL_SHADOW,False,67,415900b8711d2f022955fc617770e85e9dd0c6f678f78a92e2d915be45529bd2
8283ab91b10f89ac758d09ecf5fb4d6343536600a06dd468b1cc1ecf4ec747c4,144,H005_L035_C050,H005_L035_C050,b385b04067eeb7883c3178e37c2b4d0c2f03e24216ad425bc239b139efd75eab,15.115700578686331,8.4946498645935442,6.0143887404113521,34.992521003812719,49.8406354585168,4.3530943636932653,0.032172674596081099,0.58994880734956534,0.1373032748897717,0.30554105082252397,0.58994880734956534,0.1373032748897717,0.30554105082252397,38662,150,151,8998,35,35,20024,78,79,False,,1,,1,,1,EXPERIMENTAL_SHADOW,False,68,de94b5aa6eeb4cb26ef011e86f3f47cfd12211a13696fc60cb7521b07d2999e5
8283ab91b10f89ac758d09ecf5fb4d6343536600a06dd468b1cc1ecf4ec747c4,145,H005_L035_C055,H005_L035_C055,b385b04067eeb7883c3178e37c2b4d0c2f03e24216ad425bc239b139efd75eab,15.969804072506218,8.496098211594088,5.9194436693069123,34.99541893246883,54.813924450031934,4.8001534076843821,0.0245623372521615,0.61318346833886495,0.089397444253581704,0.30410620349287859,0.61318346833886495,0.089397444253581704,0.30410620349287859,40185,156,157,5859,23,22,19930,78,77,False,,1,,1,,1,EXPERIMENTAL_SHADOW,False,69,fb356f5f52ddf9aef27268a39bdf3f186efc2378eddb085440da0e2d85182884
8283ab91b10f89ac758d09ecf5fb4d6343536600a06dd468b1cc1ecf4ec747c4,146,H005_L035_C060,H005_L035_C060,b385b04067eeb7883c3178e37c2b4d0c2f03e24216ad425bc239b139efd75eab,16.855884585668225,8.4967481035650216,5.8257654505097021,34.996719163370834,59.796281284101966,5.2432167194547468,0.028437273031554099,0.63614112437279557,-0.0030286078469692998,0.30274853205269658,0.63614112437279557,0,0.30274853205269658,41690,162,162,0,0,0,19841,77,77,True,,1,,1,,1,EXPERIMENTAL_SHADOW,False,70,bd203b138698ad3e04f56eeccc474fab2eb5af7b9245a576fa658375fe0fca1e
8283ab91b10f89ac758d09ecf5fb4d6343536600a06dd468b1cc1ecf4ec747c4,121,H005_L040_C005,H005_L040_C005,b385b04067eeb7883c3178e37c2b4d0c2f03e24216ad425bc239b139efd75eab,11.531025454301426,11.250554006696452,9.1517464038743928,39.999303506257192,4.9955322434118985,0.4345694308107606,0.014600873352164799,0.40254370133129108,0.35869690830001932,0.36754364988913651,0.40254370133129108,0.35869690830001932,0.36754364988913651,26381,103,102,23507,91,91,24087,94,94,False,,1,,1,,1,EXPERIMENTAL_SHADOW,False,71,05e2a5ed7d7f95ff80458f90e5f095617723f1fe7bdaed64f33f641a474431f7
8283ab91b10f89ac758d09ecf5fb4d6343536600a06dd468b1cc1ecf4ec747c4,122,H005_L040_C010,H005_L040_C010,b385b04067eeb7883c3178e37c2b4d0c2f03e24216ad425bc239b139efd75eab,12.244052003584851,11.250637334572607,9.0275171785416344,39.999441759937966,9.9718938692484027,0.8716952518297183,0.010009901469651399,0.43355802815441102,0.34702754004245251,0.36558391445767968,0.43355802815441102,0.34702754004245251,0.36558391445767968,28413,111,111,22742,88,88,23959,93,93,False,,1,,1,,1,EXPERIMENTAL_SHADOW,False,72,8d9cb66d24dc057b52bd7b00446997aadb88f1c2fa2478aef9484873e5a2794b
8283ab91b10f89ac758d09ecf5fb4d6343536600a06dd468b1cc1ecf4ec747c4,123,H005_L040_C015,H005_L040_C015,b385b04067eeb7883c3178e37c2b4d0c2f03e24216ad425bc239b139efd75eab,12.986661301884387,11.249994565407016,8.9060540264538108,39.998375289986512,14.958572957862154,1.300908789864097,0.017003789512284002,0.4631374095513745,0.33432724908976702,0.36371048049698951,0.4631374095513745,0.33432724908976702,0.36371048049698951,30352,118,118,21910,85,85,23836,93,93,False,,1,,1,,1,EXPERIMENTAL_SHADOW,False,73,2fcad4910d5a78dd4ef7c45d93097b31964abbcda67990b964d34ca985aaaaa6
8283ab91b10f89ac758d09ecf5fb4d6343536600a06dd468b1cc1ecf4ec747c4,124,H005_L040_C020,H005_L040_C020,b385b04067eeb7883c3178e37c2b4d0c2f03e24216ad425bc239b139efd75eab,13.758225760447935,11.250010336898722,8.7818526426126322,39.998401458221338,19.93750257443569,1.7457957919029932,0.0139589634672807,0.49152966792611819,0.3205120372362843,0.36179429345821051,0.49152966792611819,0.3205120372362843,0.36179429345821051,32212,125,125,21005,82,81,23710,92,92,False,,1,,1,,1,EXPERIMENTAL_SHADOW,False,74,2b628e249c504d8166e62d222a31e2591b63236788c8fcd6d0e9b2daaf109039
8283ab91b10f89ac758d09ecf5fb4d6343536600a06dd468b1cc1ecf4ec747c4,125,H005_L040_C025,H005_L040_C025,b385b04067eeb7883c3178e37c2b4d0c2f03e24216ad425bc239b139efd75eab,14.560194638203996,11.24955859362659,8.662727125019714,39.997651911066647,24.922421328974568,2.1751237105809174,0.0180768042654284,0.51895935174232932,0.3053437197976831,0.36001884451006322,0.51895935174232932,0.3053437197976831,0.36001884451006322,34010,132,132,20011,78,78,23594,92,92,False,,1,,1,,1,EXPERIMENTAL_SHADOW,False,75,884464bee81eb2934e0c3f7a7404e7c093eb8afa3a32b62a4a31670343eeb1e3
8283ab91b10f89ac758d09ecf5fb4d6343536600a06dd468b1cc1ecf4ec747c4,126,H005_L040_C030,H005_L040_C030,b385b04067eeb7883c3178e37c2b4d0c2f03e24216ad425bc239b139efd75eab,15.393422160180537,11.249609522981425,8.543199819007036,39.997736415715032,29.907765152582279,2.6113283464952897,0.0223374078427638,0.54560928548597465,0.2885984269754478,0.35825832161203403,0.54560928548597465,0.2885984269754478,0.35825832161203403,35757,139,139,18913,74,73,23478,91,90,False,,1,,1,,1,EXPERIMENTAL_SHADOW,False,76,37eebf46720e2cd2dff71e994d84b84bfa091cb161dec233ee16575273d18842
8283ab91b10f89ac758d09ecf5fb4d6343536600a06dd468b1cc1ecf4ec747c4,127,H005_L040_C035,H005_L040_C035,b385b04067eeb7883c3178e37c2b4d0c2f03e24216ad425bc239b139efd75eab,16.255835213144103,11.248687396023993,8.423355915455117,39.996206334955247,34.88867443572974,3.0500070120971667,0.022206437580997902,0.5715492016221525,0.26992994395914621,0.3565180801634375,0.5715492016221525,0.26992994395914621,0.3565180801634375,37456,146,146,17690,69,69,23364,91,91,False,,1,,1,,1,EXPERIMENTAL_SHADOW,False,77,fb11954849cbea2313a30ba32d31cc2e7759921fcc386c9e6b478bf5f47dd72d
8283ab91b10f89ac758d09ecf5fb4d6343536600a06dd468b1cc1ecf4ec747c4,128,H005_L040_C040,H005_L040_C040,b385b04067eeb7883c3178e37c2b4d0c2f03e24216ad425bc239b139efd75eab,17.15192534501556,11.249735424358954,8.3074236026256774,39.997945316768821,39.866714531169485,3.4839191280563564,0.019162035105005901,0.59693352081662643,0.24889601666193481,0.35489092760942198,0.59693352081662643,0.24889601666193481,0.35489092760942198,39120,152,152,16311,63,63,23258,90,91,False,,1,,1,,1,EXPERIMENTAL_SHADOW,False,78,9e7adbca1742cec0c2710f261135148a59ac717cc8fdbab9820a480015ce3bf0
8283ab91b10f89ac758d09ecf5fb4d6343536600a06dd468b1cc1ecf4ec747c4,129,H005_L040_C045,H005_L040_C045,b385b04067eeb7883c3178e37c2b4d0c2f03e24216ad425bc239b139efd75eab,18.078812800226281,11.248766376926913,8.1901675170902006,39.996337390856255,44.851039307411575,3.9210786135484121,0.022557713822094701,0.62182696345557986,0.22463809055343381,0.35326824249935501,0.62182696345557986,0.22463809055343381,0.35326824249935501,40751,159,158,14722,57,57,23151,90,89,False,,1,,1,,1,EXPERIMENTAL_SHADOW,False,79,0ee5a4395ab2b7af4eab6b9b36b4f2efa460f546c00efda2c3d4885aa8fe42b3
8283ab91b10f89ac758d09ecf5fb4d6343536600a06dd468b1cc1ecf4ec747c4,130,H005_L040_C050,H005_L040_C050,b385b04067eeb7883c3178e37c2b4d0c2f03e24216ad425bc239b139efd75eab,19.039210161251731,11.248206038768316,8.0742734612977554,39.995407587991942,49.836034255777122,4.35844268247636,0.0267394150301015,0.64630839071570534,0.19595833852145161,0.35170717024125647,0.64630839071570534,0.19595833852145161,0.35170717024125647,42356,165,165,12842,50,49,23049,90,90,False,,1,,1,,1,EXPERIMENTAL_SHADOW,False,80,0922899c7dd4abd22e0024f4823f6edef2d87de5bda24efe6acdb320274be23e
8283ab91b10f89ac758d09ecf5fb4d6343536600a06dd468b1cc1ecf4ec747c4,131,H005_L040_C055,H005_L040_C055,b385b04067eeb7883c3178e37c2b4d0c2f03e24216ad425bc239b139efd75eab,20.03286506076611,11.247908683318082,7.9598715846636461,39.994914155637701,54.818326760028704,4.7950464834547244,0.0281282064295925,0.6704142970014777,0.16045108223740651,0.35021205024870722,0.6704142970014777,0.16045108223740651,0.35021205024870722,43936,171,171,10515,41,40,22951,89,89,False,,1,,1,,1,EXPERIMENTAL_SHADOW,False,81,f598b388bccaa7822b180c910df199679f787ffb77e4f33c8a89d8a809abb628
8283ab91b10f89ac758d09ecf5fb4d6343536600a06dd468b1cc1ecf4ec747c4,132,H005_L040_C060,H005_L040_C060,b385b04067eeb7883c3178e37c2b4d0c2f03e24216ad425bc239b139efd75eab,21.060032014561145,11.24785622345934,7.8448515285815228,39.994827102718617,59.796614901788203,5.2389609754895261,0.027218479840143101,0.6941932628842995,0.1120789660026246,0.34873423859510588,0.6941932628842995,0.1120789660026246,0.34873423859510588,45494,177,177,7345,29,28,22854,89,89,False,,1,,1,,1,EXPERIMENTAL_SHADOW,False,82,3e4c9903bfaefe2d87a1d1ed8e173d66c4ffe99e00be3621190e3dc1743195fb
8283ab91b10f89ac758d09ecf5fb4d6343536600a06dd468b1cc1ecf4ec747c4,133,H005_L040_C065,H005_L040_C065,b385b04067eeb7883c3178e37c2b4d0c2f03e24216ad425bc239b139efd75eab,22.122736415112485,11.247849498543292,7.731738696769062,39.994815943241377,64.779247935575597,5.6798965438520259,0.030831883461238298,0.71771069827727163,0.020198459878948201,0.34733746936052101,0.71771069827727163,0.020198459878948201,0.34733746936052101,47035,183,184,1324,5,4,22763,89,88,False,,1,,1,,1,EXPERIMENTAL_SHADOW,False,83,4401ae88a7cb7c156223f8bc76ccc4478a95401f722f764a670a5685aefa2cda
8283ab91b10f89ac758d09ecf5fb4d6343536600a06dd468b1cc1ecf4ec747c4,134,H005_L040_C070,H005_L040_C070,b385b04067eeb7883c3178e37c2b4d0c2f03e24216ad425bc239b139efd75eab,23.223152726022199,11.249541780514759,7.6220342390313247,39.997624013816427,69.761118186921735,6.1165333031386044,0.031737928237800798,0.74100887384035097,-0.11898483832198679,0.34605510601109002,0.74100887384035097,0,0.34605510601109002,48562,189,189,0,0,0,22679,88,88,True,,1,,1,,1,EXPERIMENTAL_SHADOW,False,84,470ad4d6bffbfff08f27593084ef9da7650b96138559ad2973ac3c0e61306bd4
8283ab91b10f89ac758d09ecf5fb4d6343536600a06dd468b1cc1ecf4ec747c4,106,H005_L045_C005,H005_L045_C005,b385b04067eeb7883c3178e37c2b4d0c2f03e24216ad425bc239b139efd75eab,14.829039880185425,14.542146248207269,11.842356887351484,45.000607277159297,4.9869447320913256,0.4348355110236346,0.0060530045573566,0.4512009558274977,0.40642887157779573,0.415406969167125,0.4512009558274977,0.40642887157779573,0.415406969167125,29569,115,115,26635,104,103,27224,106,106,False,,1,,1,,1,EXPERIMENTAL_SHADOW,False,85,d9c5f55fdfd102268c3978c754658e735ed59370ba1506cd3842cc1a18dbe12f
8283ab91b10f89ac758d09ecf5fb4d6343536600a06dd468b1cc1ecf4ec747c4,107,H005_L045_C010,H005_L045_C010,b385b04067eeb7883c3178e37c2b4d0c2f03e24216ad425bc239b139efd75eab,15.67057448934683,14.539960672329686,11.694209682768935,44.997551145619575,9.9752446032420039,0.86815841839185115,0.0139971356865833,0.48312994937950249,0.39456659551231232,0.4133949478924091,0.48312994937950249,0.39456659551231232,0.4133949478924091,31662,123,124,25858,101,101,27092,105,105,False,,1,,1,,1,EXPERIMENTAL_SHADOW,False,86,338b18d3d83c907ee84094f6e9e5dc6ce6b9e796bf117691fea10186f7bd6585
8283ab91b10f89ac758d09ecf5fb4d6343536600a06dd468b1cc1ecf4ec747c4,108,H005_L045_C015,H005_L045_C015,b385b04067eeb7883c3178e37c2b4d0c2f03e24216ad425bc239b139efd75eab,16.545719657376271,14.540942504527877,11.547668146484078,44.998924097791111,14.957668951669444,1.308023529959268,0.0148257544354231,0.51364478881313935,0.381844977255893,0.41142521953615718,0.51364478881313935,0.381844977255893,0.41142521953615718,33662,131,131,25024,97,97,26963,105,105,False,,1,,1,,1,EXPERIMENTAL_SHADOW,False,87,12e105389ca07c741dcbd74bf239c18826cb068f01cff66e315f4c1d77382d88
8283ab91b10f89ac758d09ecf5fb4d6343536600a06dd468b1cc1ecf4ec747c4,109,H005_L045_C020,H005_L045_C020,b385b04067eeb7883c3178e37c2b4d0c2f03e24216ad425bc239b139efd75eab,17.451296766295567,14.540563416038912,11.404660595385351,44.998394003979307,19.93987513232037,1.7376399709097656,0.016958655416575801,0.54295757041251735,0.3680729422184072,0.40954735600114911,0.54295757041251735,0.3680729422184072,0.40954735600114911,35583,138,139,24122,94,94,26840,104,104,False,,1,,1,,1,EXPERIMENTAL_SHADOW,False,88,d4937be39c4c0b3a140f5183f2846c05488fe791de286bc7b6686d924007deb5
8283ab91b10f89ac758d09ecf5fb4d6343536600a06dd468b1cc1ecf4ec747c4,110,H005_L045_C025,H005_L045_C025,b385b04067eeb7883c3178e37c2b4d0c2f03e24216ad425bc239b139efd75eab,18.389466361398533,14.540377704979088,11.26079773358515,44.998134313798552,24.921638200992025,2.1739444902249216,0.017555774963884701,0.57131883834369301,0.35311901374221177,0.4076741145857512,0.57131883834369301,0.35311901374221177,0.4076741145857512,37441,146,146,23142,90,90,26717,104,104,False,,1,,1,,1,EXPERIMENTAL_SHADOW,False,89,597333ea848c4ca654486ae493484a78ef7dbc4ae7ca866646a70f9cc40e2952
8283ab91b10f89ac758d09ecf5fb4d6343536600a06dd468b1cc1ecf4ec747c4,111,H005_L045_C030,H005_L045_C030,b385b04067eeb7883c3178e37c2b4d0c2f03e24216ad425bc239b139efd75eab,19.360001677433377,14.538944820438401,11.118725214577273,44.996130556705538,29.907544246472735,2.6054727883025874,0.0239358785463403,0.59886900207389437,0.33675809063544743,0.40586214243419128,0.59886900207389437,0.33675809063544743,0.40586214243419128,39247,153,153,22069,86,86,26598,103,103,False,,1,,1,,1,EXPERIMENTAL_SHADOW,False,90,0ec40c5924277c987c992f4003ab5abfe972211692934f2141d99cdb8c31f7ba
8283ab91b10f89ac758d09ecf5fb4d6343536600a06dd468b1cc1ecf4ec747c4,112,H005_L045_C035,H005_L045_C035,b385b04067eeb7883c3178e37c2b4d0c2f03e24216ad425bc239b139efd75eab,20.366863150441755,14.539459588966468,10.97540467516359,44.996850428245217,34.895190047575021,3.0492888461497669,0.028589884525815699,0.62578725836646953,0.31878185247936031,0.40404596107505442,0.62578725836646953,0.31878185247936031,0.40404596107505442,41011,160,160,20891,81,82,26479,103,104,False,,1,,1,,1,EXPERIMENTAL_SHADOW,False,91,1cd05513a9facdb9dda731043ebcb80f997dac79faea936c38af1dd0a944e4aa
8283ab91b10f89ac758d09ecf5fb4d6343536600a06dd468b1cc1ecf4ec747c4,113,H005_L045_C040,H005_L045_C040,b385b04067eeb7883c3178e37c2b4d0c2f03e24216ad425bc239b139efd75eab,21.403033980281283,14.538146302912464,10.835205828106728,44.995013846343838,39.870239032237677,3.4828011315928054,0.023236269117398001,0.65201086094739136,0.2988555612486456,0.40231769726729322,0.65201086094739136,0.2988555612486456,0.40231769726729322,42730,166,167,19585,76,77,26366,103,104,False,,1,,1,,1,EXPERIMENTAL_SHADOW,False,92,04fdb057786d90a1afa79de9f31bba47e7a5d7a9ca2e9bc1b1146c619438ff91
8283ab91b10f89ac758d09ecf5fb4d6343536600a06dd468b1cc1ecf4ec747c4,114,H005_L045_C045,H005_L045_C045,b385b04067eeb7883c3178e37c2b4d0c2f03e24216ad425bc239b139efd75eab,22.478757483347291,14.538946274641406,10.695468486565614,44.996132590341283,44.855333227440894,3.9237358836158975,0.026869728465811801,0.67782053333318792,0.27645058671951578,0.40062313300004898,0.67782053333318792,0.27645058671951578,0.40062313300004898,44421,173,174,18117,70,71,26255,102,103,False,,1,,1,,1,EXPERIMENTAL_SHADOW,False,93,b1db90b3570549c4983d80f7229bd6b37539fb7ad7ef25421f146168d5113362
8283ab91b10f89ac758d09ecf5fb4d6343536600a06dd468b1cc1ecf4ec747c4,115,H005_L045_C050,H005_L045_C050,b385b04067eeb7883c3178e37c2b4d0c2f03e24216ad425bc239b139efd75eab,23.586750384008887,14.538169067311124,10.559685306200167,44.995045682454105,49.835862377124009,4.3521235705981534,0.027225669686503601,0.70312726922435131,0.25083875967993552,0.39903771412126898,0.70312726922435131,0.25083875967993552,0.39903771412126898,46079,179,179,16439,64,64,26151,102,102,False,,1,,1,,1,EXPERIMENTAL_SHADOW,False,94,cf4575c9909e03dc960e24fe4a3f2160a59cd34d21304866f1e668a91cfacd1d
8283ab91b10f89ac758d09ecf5fb4d6343536600a06dd468b1cc1ecf4ec747c4,116,H005_L045_C055,H005_L045_C055,b385b04067eeb7883c3178e37c2b4d0c2f03e24216ad425bc239b139efd75eab,24.73045396113319,14.536473581845778,10.421362995709051,44.992674447730955,54.821443325742017,4.7901521911015932,0.031791558312329098,0.72806887652491337,0.2207488944339078,0.39743313350187981,0.72806887652491337,0.2207488944339078,0.39743313350187981,47714,186,186,14467,56,56,26046,101,101,False,,1,,1,,1,EXPERIMENTAL_SHADOW,False,95,e6ebcbaa5d41684e13919c5cca5816a8e3e55ada780c9d725ef0bda38aaa428a
8283ab91b10f89ac758d09ecf5fb4d6343536600a06dd468b1cc1ecf4ec747c4,117,H005_L045_C060,H005_L045_C060,b385b04067eeb7883c3178e37c2b4d0c2f03e24216ad425bc239b139efd75eab,25.914000180999174,14.538386183654406,10.286296069979665,44.995349318932014,59.799620881285655,5.2302672168970563,0.028322075395166499,0.7526959536850486,0.1840513761280568,0.39591621213494338,0.7526959536850486,0.1840513761280568,0.39591621213494338,49328,192,193,12062,47,47,25946,101,102,False,,1,,1,,1,EXPERIMENTAL_SHADOW,False,96,94bbb50a8cc9010e52207a8e40aaee6911af91fa386db3cf94063113d9197521
8283ab91b10f89ac758d09ecf5fb4d6343536600a06dd468b1cc1ecf4ec747c4,118,H005_L045_C065,H005_L045_C065,b385b04067eeb7883c3178e37c2b4d0c2f03e24216ad425bc239b139efd75eab,27.133316377884423,14.538750821495146,10.149786084218274,44.995859256927616,64.781488239047164,5.6751936316434159,0.030786195938777499,0.77702145483109575,0.13520596898536311,0.39440516832251998,0.77702145483109575,0.13520596898536311,0.39440516832251998,50922,198,199,8861,34,34,25847,101,100,False,,1,,1,,1,EXPERIMENTAL_SHADOW,False,97,d93f5fcb4e1512088921b00631af7e71f469419dfebadc3c776f5ac5a8d6c622
8283ab91b10f89ac758d09ecf5fb4d6343536600a06dd468b1cc1ecf4ec747c4,119,H005_L045_C070,H005_L045_C070,b385b04067eeb7883c3178e37c2b4d0c2f03e24216ad425bc239b139efd75eab,28.386614703790976,14.536362665693821,10.014651828460606,44.992519318636397,69.765582602540064,6.112946274340346,0.034985142337606003,0.80103977976296648,0.050986182661404901,0.39296006518910931,0.80103977976296648,0.050986182661404901,0.39296006518910931,52496,204,204,3341,13,11,25753,100,100,False,,1,,1,,1,EXPERIMENTAL_SHADOW,False,98,c4191d5ddf357343cf85327655c1114ce98abc122fc998a8a29d64c1005aaa6c
8283ab91b10f89ac758d09ecf5fb4d6343536600a06dd468b1cc1ecf4ec747c4,120,H005_L045_C075,H005_L045_C075,b385b04067eeb7883c3178e37c2b4d0c2f03e24216ad425bc239b139efd75eab,29.68400396097184,14.538839830766348,9.8824563287683986,44.995983733139866,74.74340162330806,6.5566630083381376,0.0352730152748457,0.82488073141374463,-0.1119837840682803,0.3915991059304289,0.82488073141374463,0,0.3915991059304289,54059,210,210,0,0,0,25663,100,100,True,,1,,1,,1,EXPERIMENTAL_SHADOW,False,99,35ff38342c5607dace52b2a5bdb1dba7902a4be5c16c4bb2917829365178da6c
8283ab91b10f89ac758d09ecf5fb4d6343536600a06dd468b1cc1ecf4ec747c4,90,H005_L050_C005,H005_L050_C005,b385b04067eeb7883c3178e37c2b4d0c2f03e24216ad425bc239b139efd75eab,18.70472363628873,18.419575333525625,15.0128582660654,50.00110302701917,4.9926817175835474,0.43793416166324478,0.011926182973258599,0.50088885599518618,0.45512284525378,0.46424172961516952,0.50088885599518618,0.45512284525378,0.46424172961516952,32826,128,128,29826,116,117,30424,118,120,False,DERIVED-RGB8-0167,2,,1,,1,EXPERIMENTAL_SHADOW,False,100,8d451fece9835b0109022e1f2286f4c9b0b35936c6793161995941aed0c0ec42
8283ab91b10f89ac758d09ecf5fb4d6343536600a06dd468b1cc1ecf4ec747c4,91,H005_L050_C010,H005_L050_C010,b385b04067eeb7883c3178e37c2b4d0c2f03e24216ad425bc239b139efd75eab,19.685100398014363,18.418554614113702,14.838893409075984,49.999883855742681,9.9696021487730153,0.8753844917402942,0.0085824799995410997,0.53359177944609315,0.44316914286728393,0.46217372578167382,0.53359177944609315,0.44316914286728393,0.46217372578167382,34969,136,136,29043,113,113,30289,118,118,False,,1,,1,,1,EXPERIMENTAL_SHADOW,False,101,f80715559fea973f9a89f9c8615c6e7417f76a12cacd734e8700fd6f11705329
8283ab91b10f89ac758d09ecf5fb4d6343536600a06dd468b1cc1ecf4ec747c4,92,H005_L050_C015,H005_L050_C015,b385b04067eeb7883c3178e37c2b4d0c2f03e24216ad425bc239b139efd75eab,20.702124609791479,18.417909872491915,14.669702855870158,49.999113737971456,14.958935254211214,1.3048536502622945,0.0162449827651702,0.56496686450348277,0.43034402791642251,0.4602051998193003,0.56496686450348277,0.43034402791642251,0.4602051998193003,37025,144,144,28203,110,110,30160,117,118,False,,1,,1,,1,EXPERIMENTAL_SHADOW,False,102,a54e3d5c92d23d874ff723dcef6025889c3f12364ccca8752c478a226093ab9d
8283ab91b10f89ac758d09ecf5fb4d6343536600a06dd468b1cc1ecf4ec747c4,93,H005_L050_C020,H005_L050_C020,b385b04067eeb7883c3178e37c2b4d0c2f03e24216ad425bc239b139efd75eab,21.751962358976108,18.416597443791776,14.497999200580082,49.997546039479815,19.944120307775091,1.7427465844173762,0.0203717370719389,0.59517409221224693,0.41657199015042318,0.45821378967054871,0.59517409221224693,0.41657199015042318,0.45821378967054871,39005,152,153,27300,106,107,30029,117,117,False,,1,,1,,1,EXPERIMENTAL_SHADOW,False,103,a90423bf258f1049f10524788dbb269c6018d471b233ad667ca6dd627e5e13e7
8283ab91b10f89ac758d09ecf5fb4d6343536600a06dd468b1cc1ecf4ec747c4,94,H005_L050_C025,H005_L050_C025,b385b04067eeb7883c3178e37c2b4d0c2f03e24216ad425bc239b139efd75eab,22.838063598374703,18.417425674001642,14.33087405907486,49.998535370655816,24.924414694812882,2.1766531696907343,0.019698139485604501,0.6244135627758779,0.40176955725145491,0.45631523568097992,0.6244135627758779,0.40176955725145491,0.45631523568097992,40921,159,160,26330,102,103,29905,116,117,False,,1,,1,,1,EXPERIMENTAL_SHADOW,False,104,2b912b9a0b5254f8329cdac6a0782bddfbfc9cfb878165e2707a0a44446a9754
8283ab91b10f89ac758d09ecf5fb4d6343536600a06dd468b1cc1ecf4ec747c4,95,H005_L050_C030,H005_L050_C030,b385b04067eeb7883c3178e37c2b4d0c2f03e24216ad425bc239b139efd75eab,23.957760009790928,18.416609005103691,14.162728396844663,49.997559849813285,29.904563069481476,2.6132157211694151,0.018979204223234,0.652823808299129,0.38572552136484312,0.45442331808497072,0.652823808299129,0.38572552136484312,0.45442331808497072,42783,166,167,25279,98,99,29781,116,116,False,,1,,1,,1,EXPERIMENTAL_SHADOW,False,105,da4c9d488ae39c2b34bdb6564b0a44707f387b4cbaac457cef25173c7060e429
8283ab91b10f89ac758d09ecf5fb4d6343536600a06dd468b1cc1ecf4ec747c4,96,H005_L050_C035,H005_L050_C035,b385b04067eeb7883c3178e37c2b4d0c2f03e24216ad425bc239b139efd75eab,25.114988069805381,18.416462515383525,13.996955288294645,49.997384863026362,34.887702177751777,3.0483836949598557,0.021171176707515199,0.6805620839473715,0.36826118143517339,0.45259356112038462,0.6805620839473715,0.36826118143517339,0.45259356112038462,44601,174,174,24134,94,94,29661,115,116,False,,1,,1,,1,EXPERIMENTAL_SHADOW,False,106,f67b46f519d80b90bdce36c2b0dc4ed34082bd871dfd6cddb4e5087c5c264624
8283ab91b10f89ac758d09ecf5fb4d6343536600a06dd468b1cc1ecf4ec747c4,97,H005_L050_C040,H005_L050_C040,b385b04067eeb7883c3178e37c2b4d0c2f03e24216ad425bc239b139efd75eab,26.308002440777088,18.414699032804293,13.833192295411914,49.995278252280045,39.875504881895054,3.4783301443658927,0.0291854417484456,0.70769647016336512,0.34908441147178032,0.45082555277441788,0.70769647016336512,0.34908441147178032,0.45082555277441788,46379,180,181,22877,89,89,29545,115,116,False,,1,,1,,1,EXPERIMENTAL_SHADOW,False,107,ae1a4b2770a295287fb37add5fdb2eb58a62516bca1b617af974853e76d40db0
8283ab91b10f89ac758d09ecf5fb4d6343536600a06dd468b1cc1ecf4ec747c4,98,H005_L050_C045,H005_L050_C045,b385b04067eeb7883c3178e37c2b4d0c2f03e24216ad425bc239b139efd75eab,27.538506201270408,18.415060731356487,13.668986888858177,49.995710338992737,44.853540127041178,3.9172745546690591,0.025550047184819999,0.73429706071544576,0.32794841491604798,0.44906849589979292,0.73429706071544576,0.32794841491604798,0.44906849589979292,48122,187,188,21492,84,84,29430,115,115,False,,1,,1,,1,EXPERIMENTAL_SHADOW,False,108,bd2f0df53ef8f54fab594c8d8df2c335fec9b7e20f4bc5408368c8e30fb77a5d
8283ab91b10f89ac758d09ecf5fb4d6343536600a06dd468b1cc1ecf4ec747c4,99,H005_L050_C050,H005_L050_C050,b385b04067eeb7883c3178e37c2b4d0c2f03e24216ad425bc239b139efd75eab,28.806266869254312,18.414767031559929,13.505766571555077,49.995359484330365,49.832913153495809,4.3557320604550309,0.023762602022123099,0.76043852987231908,0.30429090334226938,0.44735520777190091,0.76043852987231908,0.30429090334226938,0.44735520777190091,49835,194,194,19942,78,78,29317,114,115,False,,1,,1,,1,EXPERIMENTAL_SHADOW,False,109,8c839170a520f3d2b668076fdb4aaf3f3abc90f886c135c32e912134b4ab9aec
8283ab91b10f89ac758d09ecf5fb4d6343536600a06dd468b1cc1ecf4ec747c4,100,H005_L050_C055,H005_L050_C055,b385b04067eeb7883c3178e37c2b4d0c2f03e24216ad425bc239b139efd75eab,30.114239474923306,18.414555434009571,13.344620494723744,49.995106706946792,54.818956557786905,4.7922630933308508,0.028708268744584299,0.7862106065097253,0.27735750454487451,0.44570599238979108,0.7862106065097253,0.27735750454487451,0.44570599238979108,51524,200,201,18177,71,71,29209,114,114,False,,1,,1,,1,EXPERIMENTAL_SHADOW,False,110,2115f5eb29bf4145f8f7c022d8d93629d04cb4dc889084b5f9a8aa0ca3af3a38
8283ab91b10f89ac758d09ecf5fb4d6343536600a06dd468b1cc1ecf4ec747c4,101,H005_L050_C060,H005_L050_C060,b385b04067eeb7883c3178e37c2b4d0c2f03e24216ad425bc239b139efd75eab,31.45974808831447,18.413887413532343,13.185369473149732,49.994308667664825,59.801989672268682,5.2261851229262746,0.030976732705013402,0.81160247172881483,0.2460044716058403,0.44411772393027021,0.81160247172881483,0.2460044716058403,0.44411772393027021,53188,207,208,16122,63,63,29105,113,114,False,,1,,1,,1,EXPERIMENTAL_SHADOW,False,111,c0df62aafdde0fbc19ca2a8f7304e86da24c78c18b60c7d075dd9f7bf038b8a4
8283ab91b10f89ac758d09ecf5fb4d6343536600a06dd468b1cc1ecf4ec747c4,102,H005_L050_C065,H005_L050_C065,b385b04067eeb7883c3178e37c2b4d0c2f03e24216ad425bc239b139efd75eab,32.845056539771683,18.41393211422859,13.024337097581061,49.994362069192576,64.78244018053131,5.6700231012964508,0.0306675973659346,0.8366859736958453,0.20809074952014389,0.44252481204949268,0.8366859736958453,0.20809074952014389,0.44252481204949268,54832,213,215,13637,53,53,29001,113,113,False,,1,,1,,1,EXPERIMENTAL_SHADOW,False,112,ebf51ccda7b0aa557d2b6718780ca0fa984f9a0677d503e7914ad570ec7e213b
8283ab91b10f89ac758d09ecf5fb4d6343536600a06dd468b1cc1ecf4ec747c4,103,H005_L050_C070,H005_L050_C070,b385b04067eeb7883c3178e37c2b4d0c2f03e24216ad425bc239b139efd75eab,34.269062812374429,18.411845611532208,12.866431470531458,49.991869344032843,69.769096610477035,6.1044211565979722,0.036585727621608402,0.86147840183966784,0.1586620083316658,0.44102173358441821,0.86147840183966784,0.1586620083316658,0.44102173358441821,56457,220,221,10398,40,41,28902,112,113,False,,1,,1,,1,EXPERIMENTAL_SHADOW,False,113,c3864d213681a29e0b94e97f0d77cef330746919dbfd55ed56c669249268d886
8283ab91b10f89ac758d09ecf5fb4d6343536600a06dd468b1cc1ecf4ec747c4,104,H005_L050_C075,H005_L050_C075,b385b04067eeb7883c3178e37c2b4d0c2f03e24216ad425bc239b139efd75eab,35.737011194726513,18.414168898920654,12.708288059293483,49.994644941741171,74.744325780068451,6.5521754868355098,0.033938022075971498,0.88604035201963383,0.080672145652029001,0.4395353362029501,0.88604035201963383,0.080672145652029001,0.4395353362029501,58067,226,227,5287,21,20,28805,112,112,False,,1,,1,,1,EXPERIMENTAL_SHADOW,False,114,5d4c01212aa092f6b16c0bee758bed1ca4b5fb4c158291ee20ea01ec62aed7df
8283ab91b10f89ac758d09ecf5fb4d6343536600a06dd468b1cc1ecf4ec747c4,105,H005_L050_C080,H005_L050_C080,b385b04067eeb7883c3178e37c2b4d0c2f03e24216ad425bc239b139efd75eab,37.246384700125091,18.415708260851162,12.553799962567886,49.996483866500327,79.723891796166242,6.9916388990550082,0.034337827277473101,0.91037996403475241,-0.097053674814006202,0.43814850307180542,0.91037996403475241,0,0.43814850307180542,59662,232,233,0,0,0,28714,112,112,True,,1,,1,,1,EXPERIMENTAL_SHADOW,False,115,0c23359eccc6d0e0717fb575145762ffea5d852140724956efc75632e2d1f0cb
8283ab91b10f89ac758d09ecf5fb4d6343536600a06dd468b1cc1ecf4ec747c4,75,H005_L055_C005,H005_L055_C005,b385b04067eeb7883c3178e37c2b4d0c2f03e24216ad425bc239b139efd75eab,23.200030842516068,22.930168976303719,18.706370276142749,55.000336594606473,4.9909615125482976,0.43380205754470758,0.0101654710778032,0.55139168309580011,0.50476692125587685,0.51404880510956308,0.55139168309580011,0.50476692125587685,0.51404880510956308,36135,141,140,33080,129,129,33688,131,131,False,,1,,1,,1,EXPERIMENTAL_SHADOW,False,116,0cfe3155702a8c2aa8fed5eb877deb0c0f67be2c090c8bfb4806797c416fa1bc
8283ab91b10f89ac758d09ecf5fb4d6343536600a06dd468b1cc1ecf4ec747c4,76,H005_L055_C010,H005_L055_C010,b385b04067eeb7883c3178e37c2b4d0c2f03e24216ad425bc239b139efd75eab,24.331587607894203,22.929089974854687,18.505277007826255,54.999222913792593,9.9723767503712679,0.87055418726165168,0.0105574563981734,0.58489285742150576,0.49266954523538498,0.51194491549829402,0.58489285742150576,0.49266954523538498,0.51194491549829402,38331,149,149,32287,126,126,33550,131,130,False,,1,,1,,1,EXPERIMENTAL_SHADOW,False,117,58b3074ba80bafd4ef97bfe89f5833335b6b8004c6133a7e497d1c3b1f093776
8283ab91b10f89ac758d09ecf5fb4d6343536600a06dd468b1cc1ecf4ec747c4,77,H005_L055_C015,H005_L055_C015,b385b04067eeb7883c3178e37c2b4d0c2f03e24216ad425bc239b139efd75eab,25.500983305533804,22.928264714562655,18.306762910827171,54.998371105856791,14.959505853981261,1.3052597785560447,0.016809824095363302,0.6170697175688179,0.4797713290019765,0.50989636785558434,0.6170697175688179,0.4797713290019765,0.50989636785558434,40440,157,157,31442,122,122,33416,130,130,False,,1,,1,,1,EXPERIMENTAL_SHADOW,False,118,9e845b7d342c6d892e097497155583622c28310b9f27d131400ceb97e230d811
8283ab91b10f89ac758d09ecf5fb4d6343536600a06dd468b1cc1ecf4ec747c4,78,H005_L055_C020,H005_L055_C020,b385b04067eeb7883c3178e37c2b4d0c2f03e24216ad425bc239b139efd75eab,26.706084977536968,22.927793755297561,18.109605479004927,54.997884987230734,19.940280813782685,1.7407471990379395,0.016683525154002999,0.64808189743122546,0.46601851728771698,0.50788394220930277,0.64808189743122546,0.46601851728771698,0.50788394220930277,42472,165,165,30541,119,118,33284,130,129,False,,1,,1,,1,EXPERIMENTAL_SHADOW,False,119,26d1d922323591ad490b232fa92f8c528abce2acd6a654de07d7519acd1c6514
8283ab91b10f89ac758d09ecf5fb4d6343536600a06dd468b1cc1ecf4ec747c4,79,H005_L055_C025,H005_L055_C025,b385b04067eeb7883c3178e37c2b4d0c2f03e24216ad425bc239b139efd75eab,27.949331045847888,22.928003033757221,17.914118396347035,54.998101002822416,24.921044091071881,2.176886561503566,0.016379615422725601,0.67814964538498845,0.45129605014240698,0.50591396830074542,0.67814964538498845,0.45129605014240698,0.50591396830074542,44443,173,173,29576,115,115,33155,129,129,False,,1,,1,,1,EXPERIMENTAL_SHADOW,False,120,1668a4d747032bd5de6ef831090400441c98aa70e23beb91199d18875a84be22
8283ab91b10f89ac758d09ecf5fb4d6343536600a06dd468b1cc1ecf4ec747c4,80,H005_L055_C030,H005_L055_C030,b385b04067eeb7883c3178e37c2b4d0c2f03e24216ad425bc239b139efd75eab,29.231830243365145,22.928229993280009,17.719181404242661,54.998335267183634,29.906537354637159,2.6149995261219638,0.0208062233140731,0.70743379023973385,0.4354559887098326,0.503972712804726,0.70743379023973385,0.4354559887098326,0.503972712804726,46362,180,180,28538,111,110,33028,129,127,False,,1,,1,,1,EXPERIMENTAL_SHADOW,False,121,10fa68a73596c374c78575289cbf89cbfb451acac79766651b969bafc4dd1d4c
8283ab91b10f89ac758d09ecf5fb4d6343536600a06dd468b1cc1ecf4ec747c4,81,H005_L055_C035,H005_L055_C035,b385b04067eeb7883c3178e37c2b4d0c2f03e24216ad425bc239b139efd75eab,30.5508524478232,22.926659989051089,17.526968694526385,54.996714699714559,34.892133226657407,3.0469521158422053,0.025790561312974799,0.73598616177031351,0.41833785742321311,0.50209583081915266,0.73598616177031351,0.41833785742321311,0.50209583081915266,48233,188,187,27416,107,106,32905,128,128,False,,1,,1,,1,EXPERIMENTAL_SHADOW,False,122,48372ee442818194858e459a42bd23784e62e2e7f15689899c06322a1159ac0e
8283ab91b10f89ac758d09ecf5fb4d6343536600a06dd468b1cc1ecf4ec747c4,82,H005_L055_C040,H005_L055_C040,b385b04067eeb7883c3178e37c2b4d0c2f03e24216ad425bc239b139efd75eab,31.908253356797847,22.925178442036128,17.335344862187082,54.99518537044473,39.874752830441054,3.4809056036775976,0.027886669915171799,0.76391550448915435,0.39977278630248292,0.50024860277873751,0.76391550448915435,0.39977278630248292,0.50024860277873751,50063,195,194,26199,102,101,32784,128,128,False,,1,,1,,1,EXPERIMENTAL_SHADOW,False,123,62a8353a8fe4f64590b79c33b3c192e631785068c8581ed1471f4d50238aa86b
8283ab91b10f89ac758d09ecf5fb4d6343536600a06dd468b1cc1ecf4ec747c4,83,H005_L055_C045,H005_L055_C045,b385b04067eeb7883c3178e37c2b4d0c2f03e24216ad425bc239b139efd75eab,33.307141431696074,22.92549911082892,17.14519337428781,54.995516386904768,44.855899691613686,3.9179040945451327,0.027771793486193599,0.7913280228126448,0.3795168696319598,0.4984431034423511,0.7913280228126448,0.3795168696319598,0.4984431034423511,51860,202,202,24872,97,96,32665,127,126,False,,1,,1,,1,EXPERIMENTAL_SHADOW,False,124,dcbaa021183a48d5d0362e02e60d641872ab97ac931cba1bc95a36b9e63a6a9d
8283ab91b10f89ac758d09ecf5fb4d6343536600a06dd468b1cc1ecf4ec747c4,84,H005_L055_C050,H005_L055_C050,b385b04067eeb7883c3178e37c2b4d0c2f03e24216ad425bc239b139efd75eab,34.744474248811244,22.92380148808919,16.954634855926781,54.993763948459375,49.83969461324039,4.3554939665598091,0.030722678146366301,0.81826102066039341,0.35716498171204097,0.4966582671495533,0.81826102066039341,0.35716498171204097,0.4966582671495533,53625,209,208,23407,91,90,32548,127,127,False,,1,,1,,1,EXPERIMENTAL_SHADOW,False,125,4c2938a47b7c5dcc014ac6de0f1d7a90645030b0b6b4529cfadc9fec95c5acab
8283ab91b10f89ac758d09ecf5fb4d6343536600a06dd468b1cc1ecf4ec747c4,85,H005_L055_C055,H005_L055_C055,b385b04067eeb7883c3178e37c2b4d0c2f03e24216ad425bc239b139efd75eab,36.224487969503457,22.924192009992488,16.768419382071883,54.994167087854315,54.820551949366475,4.7899593699623821,0.0306335752426692,0.84478346749021815,0.33230054038730988,0.49496054329310091,0.84478346749021815,0.33230054038730988,0.49496054329310091,55363,215,215,21777,85,84,32437,126,125,False,,1,,1,,1,EXPERIMENTAL_SHADOW,False,126,a7aea8129c1e00d898a0e56e8525909039c278187bb4e671499011da22e85c3e
8283ab91b10f89ac758d09ecf5fb4d6343536600a06dd468b1cc1ecf4ec747c4,86,H005_L055_C060,H005_L055_C060,b385b04067eeb7883c3178e37c2b4d0c2f03e24216ad425bc239b139efd75eab,37.746227742684994,22.924524591531281,16.579842822163428,54.994510411261913,59.80257889238527,5.2331067695440723,0.031593244116676598,0.8709512570513418,0.30415843488307109,0.49325210338185788,0.8709512570513418,0.30415843488307109,0.49325210338185788,57078,222,222,19933,78,76,32325,126,125,False,,1,,1,,1,EXPERIMENTAL_SHADOW,False,127,0b8ca7f285a19e4b568ae4822f094d75469933b5acb2a407af1666e77a5fe4a5
8283ab91b10f89ac758d09ecf5fb4d6343536600a06dd468b1cc1ecf4ec747c4,87,H005_L055_C065,H005_L055_C065,b385b04067eeb7883c3178e37c2b4d0c2f03e24216ad425bc239b139efd75eab,39.309626524445889,22.925141091006072,16.39625206491095,54.995146813932877,64.782171121797404,5.6682942876719489,0.030038373936191201,0.89677112127702918,0.27162306614751403,0.49164594999722988,0.89677112127702918,0.27162306614751403,0.49164594999722988,58770,229,228,17801,69,68,32220,125,124,False,,1,,1,,1,EXPERIMENTAL_SHADOW,False,128,ab99824187a3d90d65aa17fa6ff4ecd5e7e8d01edea56c9cfa97a1cfde4e5287
8283ab91b10f89ac758d09ecf5fb4d6343536600a06dd468b1cc1ecf4ec747c4,88,H005_L055_C070,H005_L055_C070,b385b04067eeb7883c3178e37c2b4d0c2f03e24216ad425bc239b139efd75eab,40.913235393324463,22.923703178278146,16.211955223728772,54.993662461605183,69.763636831583156,6.1047662838231931,0.030940649557861698,0.92228064783689045,0.23259508650712141,0.49005943989069678,0.92228064783689045,0.23259508650712141,0.49005943989069678,60442,235,235,15243,59,58,32116,125,125,False,,1,,1,,1,EXPERIMENTAL_SHADOW,False,129,00b43ac5470ae04b70c715cec5a05b2de838dba7f6c77fcdec02f724aa9d6378
8283ab91b10f89ac758d09ecf5fb4d6343536600a06dd468b1cc1ecf4ec747c4,89,H005_L055_C075,H005_L055_C075,b385b04067eeb7883c3178e37c2b4d0c2f03e24216ad425bc239b139efd75eab,42.563805925189158,22.923956499349263,16.029863181296918,54.993923968573647,74.749302592241904,6.5422761678911145,0.035669058223485303,0.9475676015290424,0.1827287928771881,0.4885342296690563,0.9475676015290424,0.1827287928771881,0.4885342296690563,62099,242,241,11975,47,45,32016,125,123,False,,1,,1,,1,EXPERIMENTAL_SHADOW,False,130,3a0a7c3d3eef7f1ab894c61692774d3f2593318e10107ddb57e70cf7e104519d
8283ab91b10f89ac758d09ecf5fb4d6343536600a06dd468b1cc1ecf4ec747c4,61,H005_L060_C005,H005_L060_C005,b385b04067eeb7883c3178e37c2b4d0c2f03e24216ad425bc239b139efd75eab,28.364097466265623,28.122799512114465,22.955777610788545,59.999518272143597,4.9922587498951181,0.43917110416311628,0.0117624765337505,0.60278114918079018,0.55529514108955735,0.56467907809745088,0.60278114918079018,0.55529514108955735,0.56467907809745088,39503,154,153,36391,142,141,37006,144,144,False,,1,,1,,1,EXPERIMENTAL_SHADOW,False,131,68105b1e420b8ebb0830e9ba6ed730ec9be7a52d66af924e1ea0ce556354f3cb
8283ab91b10f89ac758d09ecf5fb4d6343536600a06dd468b1cc1ecf4ec747c4,62,H005_L060_C010,H005_L060_C010,b385b04067eeb7883c3178e37c2b4d0c2f03e24216ad425bc239b139efd75eab,29.657721328049472,28.122801383356865,22.728893800066054,59.999519957769024,9.9733019860382957,0.87084353075506105,0.0114371312784101,0.63700478245032377,0.54307862094021075,0.56258155489186235,0.63700478245032377,0.54307862094021075,0.56258155489186235,41746,162,162,35591,138,138,36869,143,143,False,,1,,1,,1,EXPERIMENTAL_SHADOW,False,132,45019b881fde2567f28f4134348fb7df708a864b6f7075e2c5aa371bb72205b5
8283ab91b10f89ac758d09ecf5fb4d6343536600a06dd468b1cc1ecf4ec747c4,63,H005_L060_C015,H005_L060_C015,b385b04067eeb7883c3178e37c2b4d0c2f03e24216ad425bc239b139efd75eab,30.991468792592432,28.1231241814504,22.501105308674127,59.999810734944873,14.958171832215427,1.3076352760423848,0.015276684538925899,0.66994405328565532,0.53011443849359186,0.56048842193766324,0.66994405328565532,0.53011443849359186,0.56048842193766324,43905,171,171,34741,135,135,36732,143,144,False,,1,,1,,1,EXPERIMENTAL_SHADOW,False,133,01ff7343cb9086fba1ad81121ab14654c51b17d850354bf6230f9bd7b167367e
8283ab91b10f89ac758d09ecf5fb4d6343536600a06dd468b1cc1ecf4ec747c4,64,H005_L060_C020,H005_L060_C020,b385b04067eeb7883c3178e37c2b4d0c2f03e24216ad425bc239b139efd75eab,32.361466772597225,28.121011541217001,22.27411731207145,59.997907623973411,19.941227458148024,1.7420501597450675,0.017484879406763999,0.70173153692846046,0.51631916033563896,0.55842559090197441,0.70173153692846046,0.51631916033563896,0.55842559090197441,45988,179,179,33837,132,131,36596,142,142,False,,1,,1,,1,EXPERIMENTAL_SHADOW,False,134,c09035ed9b1d90a6392fb3dbb5131c2adb46d71c4e3ef66a0b70d0c5786d0edc
8283ab91b10f89ac758d09ecf5fb4d6343536600a06dd468b1cc1ecf4ec747c4,65,H005_L060_C025,H005_L060_C025,b385b04067eeb7883c3178e37c2b4d0c2f03e24216ad425bc239b139efd75eab,33.773030158936592,28.11988850873912,22.049363873714011,59.996895933781559,24.926614400679227,2.1766328456189976,0.022051993400455501,0.73259657673285805,0.50162477321639998,0.55640874241756233,0.73259657673285805,0.50162477321639998,0.55640874241756233,48011,187,187,32874,128,128,36464,142,142,False,,1,,1,,1,EXPERIMENTAL_SHADOW,False,135,c012a30b0983a12bfa9d53f1f2900e52cbe34f9a913174b265c160987a24664c
8283ab91b10f89ac758d09ecf5fb4d6343536600a06dd468b1cc1ecf4ec747c4,66,H005_L060_C030,H005_L060_C030,b385b04067eeb7883c3178e37c2b4d0c2f03e24216ad425bc239b139efd75eab,35.225200205424613,28.120165062985169,21.827968737974551,59.997145071746083,29.9070577625154,2.6097783141576514,0.022006046306117601,0.76263007369824276,0.48595266774341572,0.5544519643183845,0.76263007369824276,0.48595266774341572,0.5544519643183845,49979,194,194,31847,124,124,36336,141,140,False,,1,,1,,1,EXPERIMENTAL_SHADOW,False,136,2faa4edeb6cc677cd6e62c069befcd084c39d54b78947851c70c2652c3eb0384
8283ab91b10f89ac758d09ecf5fb4d6343536600a06dd468b1cc1ecf4ec747c4,67,H005_L060_C035,H005_L060_C035,b385b04067eeb7883c3178e37c2b4d0c2f03e24216ad425bc239b139efd75eab,36.718376616065832,28.119403737079736,21.603961042092049,59.99645921615317,34.8914159848579,3.0494062641367448,0.024893375000450101,0.79197992128535755,0.46912393647221018,0.55248172802994988,0.79197992128535755,0.46912393647221018,0.55248172802994988,51902,202,202,30744,120,120,36207,141,141,False,,1,,1,,1,EXPERIMENTAL_SHADOW,False,137,3ac39f0c1caa6de546be802c65832f4f2a8103ead3ef09762137ee65ba2e238c
8283ab91b10f89ac758d09ecf5fb4d6343536600a06dd468b1cc1ecf4ec747c4,68,H005_L060_C040,H005_L060_C040,b385b04067eeb7883c3178e37c2b4d0c2f03e24216ad425bc239b139efd75eab,38.252921243381486,28.119170981359119,21.383538705068236,59.99624953105932,39.872943188218599,3.4857842555924279,0.0254247669504238,0.8206960294633473,0.45101899341523172,0.55057804161907797,0.8206960294633473,0.45101899341523172,0.55057804161907797,53784,209,209,29558,115,115,36082,140,141,False,,1,,1,,1,EXPERIMENTAL_SHADOW,False,138,29e4525d51fe01d185399223c066bcae51fcdd2fc81ed036afd505f9f6c292fd
8283ab91b10f89ac758d09ecf5fb4d6343536600a06dd468b1cc1ecf4ec747c4,69,H005_L060_C045,H005_L060_C045,b385b04067eeb7883c3178e37c2b4d0c2f03e24216ad425bc239b139efd75eab,39.829989056531197,28.118543025285749,21.165044174159064,59.995683811895375,44.857105906836232,3.920700834191893,0.028662548270738601,0.84887696847966232,0.43140907424539793,0.54872224103107825,0.84887696847966232,0.43140907424539793,0.54872224103107825,55631,216,216,28272,110,109,35961,140,139,False,,1,,1,,1,EXPERIMENTAL_SHADOW,False,139,93df168182edf89d0e03e250583218f2f1d4204bbcccc0d76ca1302d577fe47c
8283ab91b10f89ac758d09ecf5fb4d6343536600a06dd468b1cc1ecf4ec747c4,70,H005_L060_C050,H005_L060_C050,b385b04067eeb7883c3178e37c2b4d0c2f03e24216ad425bc239b139efd75eab,41.448499778376203,28.117605202797321,20.947626138271247,59.994838921584616,49.838472637773137,4.3559765363031078,0.029288674170877001,0.87655838713997491,0.4100562142122573,0.54690247206368625,0.87655838713997491,0.4100562142122573,0.54690247206368625,57445,224,224,26873,105,104,35841,139,140,False,,1,,1,,1,EXPERIMENTAL_SHADOW,False,140,ad1cf8ab5e7c4d650af49a6cd2fa4a91f0fd00576f527c5e0f5788c9bbc97baf
8283ab91b10f89ac758d09ecf5fb4d6343536600a06dd468b1cc1ecf4ec747c4,71,H005_L060_C055,H005_L060_C055,b385b04067eeb7883c3178e37c2b4d0c2f03e24216ad425bc239b139efd75eab,43.111736823959085,28.116799363243448,20.73119497361802,59.994112920541312,54.823654562948967,4.7924866604345917,0.033494782410073302,0.90383487537327845,0.38658777515421078,0.54511929141650051,0.90383487537327845,0.38658777515421078,0.54511929141650051,59233,230,231,25335,99,98,35724,139,139,False,,1,,1,,1,EXPERIMENTAL_SHADOW,False,141,3779b8b3414cba3dcbe9107c5189e752569ea2ff2bd1f13ed2047e80e5c27d39
8283ab91b10f89ac758d09ecf5fb4d6343536600a06dd468b1cc1ecf4ec747c4,72,H005_L060_C060,H005_L060_C060,b385b04067eeb7883c3178e37c2b4d0c2f03e24216ad425bc239b139efd75eab,44.819972640601392,28.118314502616883,20.517057142908527,59.995477936084562,59.802960352675846,5.2309722795675695,0.031629973607728602,0.93072463364381175,0.3605892515434625,0.5433863492565314,0.93072463364381175,0.3605892515434625,0.5433863492565314,60995,237,238,23631,92,92,35611,139,139,False,,1,,1,,1,EXPERIMENTAL_SHADOW,False,142,c0b09ac35c279ea7ecb1ca389e02e5f97d843d244f68f69e09790e7f133ee58a
8283ab91b10f89ac758d09ecf5fb4d6343536600a06dd468b1cc1ecf4ec747c4,73,H005_L060_C065,H005_L060_C065,b385b04067eeb7883c3178e37c2b4d0c2f03e24216ad425bc239b139efd75eab,46.569499723408576,28.116557205707331,20.30443127256293,59.993894752039537,64.785855036421808,5.6643083840660857,0.0337217607573604,0.95724899559324117,0.3312516639311161,0.54170344107816903,0.95724899559324117,0.3312516639311161,0.54170344107816903,62733,244,244,21709,84,84,35501,138,138,False,,1,,1,,1,EXPERIMENTAL_SHADOW,False,143,25d4c4cbf15bba00d3cef094d5d9563a5336ee612170c2bb3bd77c4d86eac2b2
8283ab91b10f89ac758d09ecf5fb4d6343536600a06dd468b1cc1ecf4ec747c4,74,H005_L060_C070,H005_L060_C070,b385b04067eeb7883c3178e37c2b4d0c2f03e24216ad425bc239b139efd75eab,48.366583613646952,28.11683651001449,20.093392996406862,59.99414638730299,69.767991225517193,6.1005727906705998,0.0348873650499225,0.98348615736600276,0.29753894641660972,0.54006471483229301,0.98348615736600276,0.29753894641660972,0.54006471483229301,64453,251,251,19499,76,76,35393,138,138,False,,1,,1,,1,EXPERIMENTAL_SHADOW,False,144,c5be8647a74eba6a350f9205477ce02c574a1eab56a68235a6fc755a8d437310
8283ab91b10f89ac758d09ecf5fb4d6343536600a06dd468b1cc1ecf4ec747c4,49,H005_L065_C005,H005_L065_C005,b385b04067eeb7883c3178e37c2b4d0c2f03e24216ad425bc239b139efd75eab,34.244326136936053,34.047547701974729,27.811407357825185,65.000295186559043,4.9923564686646937,0.43562349477483941,0.011361675480813601,0.6549668098389263,0.60669258539146897,0.61622985608704861,0.6549668098389263,0.60669258539146897,0.61622985608704861,42923,167,167,39760,155,155,40385,157,158,False,,1,,1,,1,EXPERIMENTAL_SHADOW,False,145,9954a8f459385e62ecf63fb31b023f03da556c9988679206ad7996869bffbe35
8283ab91b10f89ac758d09ecf5fb4d6343536600a06dd468b1cc1ecf4ec747c4,50,H005_L065_C010,H005_L065_C010,b385b04067eeb7883c3178e37c2b4d0c2f03e24216ad425bc239b139efd75eab,35.709295482248557,34.047095220254441,27.547712645773601,64.999936361741533,9.9734617080981529,0.8764092644661492,0.0125222269856523,0.68989239439567251,0.59434104373118868,0.61402805520646142,0.68989239439567251,0.59434104373118868,0.61402805520646142,45212,176,176,38950,152,152,40240,157,156,False,,1,,1,,1,EXPERIMENTAL_SHADOW,False,146,554c4ed0b50fb9cade8fc7da6d763292bed4808ef35eb05729cd272e0a2b7d04
8283ab91b10f89ac758d09ecf5fb4d6343536600a06dd468b1cc1ecf4ec747c4,51,H005_L065_C015,H005_L065_C015,b385b04067eeb7883c3178e37c2b4d0c2f03e24216ad425bc239b139efd75eab,37.216030455805459,34.046707011196339,27.291019216514069,64.999628503579075,14.956204417000796,1.3082772700029557,0.013345432850998601,0.72352117893704393,0.58129015586402866,0.61192332333448995,0.72352117893704393,0.58129015586402866,0.61192332333448995,47416,184,184,38095,148,148,40102,156,157,False,,1,,1,,1,EXPERIMENTAL_SHADOW,False,147,3bd6d9ec4c3bb10b37fdef60ecbc8e04e521d4e7bb304b1bbebe79886023f458
8283ab91b10f89ac758d09ecf5fb4d6343536600a06dd468b1cc1ecf4ec747c4,52,H005_L065_C020,H005_L065_C020,b385b04067eeb7883c3178e37c2b4d0c2f03e24216ad425bc239b139efd75eab,38.764573938973797,34.046085941799731,27.033533534304937,64.999135977275159,19.939774072503745,1.7438940164598238,0.015917385943102502,0.75606788793500213,0.56747269411480117,0.60982559633719435,0.75606788793500213,0.56747269411480117,0.60982559633719435,49549,193,193,37189,145,145,39965,156,155,False,,1,,1,,1,EXPERIMENTAL_SHADOW,False,148,a1db6dc81700e9005a000874454d2c930fffa16f5f806b164ebf4b25c254bf27
8283ab91b10f89ac758d09ecf5fb4d6343536600a06dd468b1cc1ecf4ec747c4,53,H005_L065_C025,H005_L065_C025,b385b04067eeb7883c3178e37c2b4d0c2f03e24216ad425bc239b139efd75eab,40.356337333448039,34.045347069844347,26.779140514281195,64.998550022274486,24.926368772431985,2.1768375565162974,0.021616297052553999,0.78768980647790854,0.55280857580521814,0.60778166093468244,0.78768980647790854,0.55280857580521814,0.60778166093468244,51621,201,201,36228,141,141,39831,155,156,False,,1,,1,,1,EXPERIMENTAL_SHADOW,False,149,bfd017a5b0a2a317a3622990048641b79bdfa25d4524341470c5a751797590a9
8283ab91b10f89ac758d09ecf5fb4d6343536600a06dd468b1cc1ecf4ec747c4,54,H005_L065_C030,H005_L065_C030,b385b04067eeb7883c3178e37c2b4d0c2f03e24216ad425bc239b139efd75eab,41.988525324528368,34.044281594409306,26.523542830706017,64.99770504272945,29.906365012927484,2.6141662057893589,0.020699553662834401,0.81846431132859643,0.53723498464048891,0.60573977916245958,0.81846431132859643,0.53723498464048891,0.60573977916245958,53638,209,209,35208,137,136,39697,154,154,False,,1,,1,,1,EXPERIMENTAL_SHADOW,False,150,17a3795adfd5af6a182db0649c3de83f4ed6ff17c5066878d977305ce8e70150
8283ab91b10f89ac758d09ecf5fb4d6343536600a06dd468b1cc1ecf4ec747c4,55,H005_L065_C035,H005_L065_C035,b385b04067eeb7883c3178e37c2b4d0c2f03e24216ad425bc239b139efd75eab,43.665365643374848,34.043723528975953,26.271331316769615,64.997262459675468,34.888222575234053,3.049147519153661,0.021639086420801298,0.84854219861952285,0.52062863542256954,0.60375583291696888,0.84854219861952285,0.52062863542256954,0.60375583291696888,55609,216,216,34119,133,132,39567,154,154,False,,1,,1,,1,EXPERIMENTAL_SHADOW,False,151,7baffcb47d4709f61d6a450cd5915ad0e49807a9f106fb7e09970706869ad9b6
8283ab91b10f89ac758d09ecf5fb4d6343536600a06dd468b1cc1ecf4ec747c4,56,H005_L065_C040,H005_L065_C040,b385b04067eeb7883c3178e37c2b4d0c2f03e24216ad425bc239b139efd75eab,45.386596809226326,34.042661608146744,26.021211891785789,64.996420272378842,39.8727480924152,3.4825883704044269,0.0254610611195746,0.8780054856110735,0.50284762314791132,0.60181685167129717,0.8780054856110735,0.50284762314791132,0.60181685167129717,57540,224,224,32954,128,128,39440,153,154,False,,1,,1,,1,EXPERIMENTAL_SHADOW,False,152,3597d71012f3ecf9bfa30a8497ecd54ca828f42b0850752c5b715cccb2967c5c
8283ab91b10f89ac758d09ecf5fb4d6343536600a06dd468b1cc1ecf4ec747c4,57,H005_L065_C045,H005_L065_C045,b385b04067eeb7883c3178e37c2b4d0c2f03e24216ad425bc239b139efd75eab,47.152461462047889,34.041755485608697,25.76991642251345,64.995701631614352,44.856699770788097,3.9211027290848577,0.028243198754783299,0.90692234344820954,0.48374674728295242,0.59988287085299441,0.90692234344820954,0.48374674728295242,0.59988287085299441,59435,231,232,31702,123,124,39313,153,154,False,,1,,1,,1,EXPERIMENTAL_SHADOW,False,153,b956faf8810c841613371ed61df2bba16daf2e1fe14f61a359492e6bfe82917a
8283ab91b10f89ac758d09ecf5fb4d6343536600a06dd468b1cc1ecf4ec747c4,58,H005_L065_C050,H005_L065_C050,b385b04067eeb7883c3178e37c2b4d0c2f03e24216ad425bc239b139efd75eab,48.962708415904629,34.039800211938406,25.524529489956254,64.994150871449889,49.841964952774816,4.3506102739570229,0.0335698025452928,0.93533329089475903,0.4631094820010192,0.59804191707035714,0.93533329089475903,0.4631094820010192,0.59804191707035714,61297,239,239,30350,118,118,39193,153,153,False,,1,,1,,1,EXPERIMENTAL_SHADOW,False,154,5e6806d0b4aaea0225839091c251d7a20fd8f78a4b1767624a4233d991f5ecd9
8283ab91b10f89ac758d09ecf5fb4d6343536600a06dd468b1cc1ecf4ec747c4,59,H005_L065_C055,H005_L065_C055,b385b04067eeb7883c3178e37c2b4d0c2f03e24216ad425bc239b139efd75eab,50.819127908284607,34.038611152986789,25.277081175062744,64.993207779922486,54.825733296510691,4.787610199981529,0.036184856255740298,0.96331433589664395,0.44069824656878998,0.59619581303454816,0.96331433589664395,0.44069824656878998,0.59619581303454816,63131,246,246,28881,112,112,39072,152,152,False,,1,,1,,1,EXPERIMENTAL_SHADOW,False,155,4ea1f03fae2ebb560c00cabeb8a6c1e88c12a355eb1830b95770b7f7fac55ee7
8283ab91b10f89ac758d09ecf5fb4d6343536600a06dd468b1cc1ecf4ec747c4,60,H005_L065_C060,H005_L065_C060,b385b04067eeb7883c3178e37c2b4d0c2f03e24216ad425bc239b139efd75eab,52.722475696734577,34.039466154551874,25.029856952047144,64.993885919024535,59.804032397959006,5.2298762349648484,0.032910454124618002,0.99089786689289361,0.41620005901443269,0.59437031455185307,0.99089786689289361,0.41620005901443269,0.59437031455185307,64938,253,253,27276,106,106,38952,152,152,False,,1,,1,,1,EXPERIMENTAL_SHADOW,False,156,5eba1c5a8fc1b59767d00436f30b9e168e68a4efdef22e74ccea4f5ebda79bce
8283ab91b10f89ac758d09ecf5fb4d6343536600a06dd468b1cc1ecf4ec747c4,39,H005_L070_C005,H005_L070_C005,b385b04067eeb7883c3178e37c2b4d0c2f03e24216ad425bc239b139efd75eab,40.88503356827534,40.750528088140406,33.304011350958071,70.000782528784612,4.9914140061755319,0.43685407704570067,0.010496425788859599,0.70792466199439885,0.65889768923077385,0.6685484420708826,0.70792466199439885,0.65889768923077385,0.6685484420708826,46394,181,181,43181,168,168,43813,170,171,False,DERIVED-RGB8-0223,2,,1,,1,EXPERIMENTAL_SHADOW,False,157,958ed815c3613fb398451d7dea95552efb0b0f29e77d0a13d38fe62ad8910d91
8283ab91b10f89ac758d09ecf5fb4d6343536600a06dd468b1cc1ecf4ec747c4,40,H005_L070_C010,H005_L070_C010,b385b04067eeb7883c3178e37c2b4d0c2f03e24216ad425bc239b139efd75eab,42.533049586616237,40.750618660965941,33.008261844026521,70.000846244344203,9.9725596691401783,0.87588785091163845,0.011520865466996899,0.74350275097602203,0.64642381428658202,0.66632728095025195,0.74350275097602203,0.64642381428658202,0.66632728095025195,48725,190,190,42363,165,165,43668,170,170,False,,1,,1,,1,EXPERIMENTAL_SHADOW,False,158,4538319db8cc2ee0f214f72b7426d7da17a509758d1d7ca3caaf0f67a4a8551d
8283ab91b10f89ac758d09ecf5fb4d6343536600a06dd468b1cc1ecf4ec747c4,41,H005_L070_C015,H005_L070_C015,b385b04067eeb7883c3178e37c2b4d0c2f03e24216ad425bc239b139efd75eab,44.223875653901437,40.748008579494055,32.717605105724274,69.999010084016476,14.959303252853552,1.3066496993589416,0.0164459578242118,0.77782259960359301,0.63325664526042535,0.66417815796028046,0.77782259960359301,0.63325664526042535,0.66417815796028046,50975,198,198,41500,161,161,43527,169,170,False,,1,,1,,1,EXPERIMENTAL_SHADOW,False,159,cb381dce71e06e00b2dc7fda528ddee36dfd136aa1e27a3c80aa15877f4ae30b
8283ab91b10f89ac758d09ecf5fb4d6343536600a06dd468b1cc1ecf4ec747c4,42,H005_L070_C020,H005_L070_C020,b385b04067eeb7883c3178e37c2b4d0c2f03e24216ad425bc239b139efd75eab,45.960297541418683,40.748246350017482,32.427217096264719,69.999177355911741,19.94128928221517,1.7430385871384011,0.017408838295370099,0.81106964708834262,0.61940509279126943,0.66204270461122328,0.81106964708834262,0.61940509279126943,0.66204270461122328,53153,207,208,40593,158,158,43387,169,169,False,,1,,1,,1,EXPERIMENTAL_SHADOW,False,160,ff692a82437feabefdd35fa48e69d10f320e0202aeb1a6678da575297fc04b80
8283ab91b10f89ac758d09ecf5fb4d6343536600a06dd468b1cc1ecf4ec747c4,43,H005_L070_C025,H005_L070_C025,b385b04067eeb7883c3178e37c2b4d0c2f03e24216ad425bc239b139efd75eab,47.74053686540136,40.747974456868825,32.13724976215466,69.998986078648585,24.921918170574038,2.1807832060792176,0.017152044523344501,0.8433793007090713,0.60477166232503721,0.65992758165512044,0.8433793007090713,0.60477166232503721,0.65992758165512044,55271,215,216,39634,154,155,43248,168,169,False,,1,,1,,1,EXPERIMENTAL_SHADOW,False,161,0a39177d402ff9593dfb49b56648c1ff73e717968b06b73bf749563234288b6e
8283ab91b10f89ac758d09ecf5fb4d6343536600a06dd468b1cc1ecf4ec747c4,44,H005_L070_C030,H005_L070_C030,b385b04067eeb7883c3178e37c2b4d0c2f03e24216ad425bc239b139efd75eab,49.566504945217247,40.74671935387034,31.851574848262064,69.998103100660359,29.906448281617148,2.6134348673413799,0.020773789290587302,0.87488839896111936,0.58926167142966324,0.65787636645372305,0.87488839896111936,0.58926167142966324,0.65787636645372305,57336,223,224,38617,150,151,43114,168,168,False,,1,,1,,1,EXPERIMENTAL_SHADOW,False,162,f96a5b8aecb9c56487ab32455174274e0467fb9a71f7a82d76ec71a8d0a30b3b
8283ab91b10f89ac758d09ecf5fb4d6343536600a06dd468b1cc1ecf4ec747c4,45,H005_L070_C035,H005_L070_C035,b385b04067eeb7883c3178e37c2b4d0c2f03e24216ad425bc239b139efd75eab,51.437047484000246,40.74389414963651,31.565695085402758,69.996115473808658,34.892056931830894,3.0470999834913304,0.025779105133828101,0.90568315230269758,0.57278667861407484,0.655841911855777,0.90568315230269758,0.57278667861407484,0.655841911855777,59354,231,232,37538,146,146,42981,167,168,False,,1,,1,,1,EXPERIMENTAL_SHADOW,False,163,7a7db74a7fee96dfd640bdbf3d6884a32c847b422e8e863b2b5407a5929f1d7e
8283ab91b10f89ac758d09ecf5fb4d6343536600a06dd468b1cc1ecf4ec747c4,46,H005_L070_C040,H005_L070_C040,b385b04067eeb7883c3178e37c2b4d0c2f03e24216ad425bc239b139efd75eab,53.357175848195759,40.744436791797632,31.283346857535925,69.996497248074121,39.875423319750858,3.4820488640814107,0.028152246704784299,0.93586619078168876,0.55528632202107564,0.65385883011961243,0.93586619078168876,0.55528632202107564,0.65385883011961243,61332,239,239,36391,142,142,42851,167,168,False,,1,,1,,1,EXPERIMENTAL_SHADOW,False,164,98d1316e6d35560884ddde30fa3fb7282f525f0e4dce4b8c46b6b4eeaa339812
8283ab91b10f89ac758d09ecf5fb4d6343536600a06dd468b1cc1ecf4ec747c4,47,H005_L070_C045,H005_L070_C045,b385b04067eeb7883c3178e37c2b4d0c2f03e24216ad425bc239b139efd75eab,55.321158397237163,40.7434278183526,30.998347810767264,69.995787385123833,44.855117554197079,3.9218511461936112,0.026652991210495001,0.96546480757562736,0.5365995728458629,0.65186628175185657,0.96546480757562736,0.5365995728458629,0.65186628175185657,63272,246,247,35166,137,137,42720,166,166,False,,1,,1,,1,EXPERIMENTAL_SHADOW,False,165,222743899362e0c4f7c581e7e201040955f76068d1ca44a9fa7df624a3253240
8283ab91b10f89ac758d09ecf5fb4d6343536600a06dd468b1cc1ecf4ec747c4,48,H005_L070_C050,H005_L070_C050,b385b04067eeb7883c3178e37c2b4d0c2f03e24216ad425bc239b139efd75eab,57.334585002942397,40.741939252446144,30.719263080197891,69.994740083648523,49.840745279976495,4.3545468870927362,0.031655313494441999,0.99458480468593558,0.51653873419096952,0.64995850066023364,0.99458480468593558,0.51653873419096952,0.64995850066023364,65180,254,254,33851,132,132,42595,166,167,False,,1,,1,,1,EXPERIMENTAL_SHADOW,False,166,19e036cd4bb6411d63f642a37f987d5537f11d8eb89b2f4b101d0e9fc5b4a643
8283ab91b10f89ac758d09ecf5fb4d6343536600a06dd468b1cc1ecf4ec747c4,31,H005_L075_C005,H005_L075_C005,b385b04067eeb7883c3178e37c2b4d0c2f03e24216ad425bc239b139efd75eab,48.33326209266091,48.278988343097815,39.47379838924504,75.000555400059071,4.9939279412027364,0.43974239454138692,0.013527106404808101,0.76164321454422668,0.71185949844055463,0.72161640735477606,0.76164321454422668,0.71185949844055463,0.72161640735477606,49914,194,194,46652,182,182,47291,184,185,False,,1,,1,,1,EXPERIMENTAL_SHADOW,False,167,3e4328f984b5a0b18417f99f8e0cde0032478c447b47d6121a7713d31995a05c
8283ab91b10f89ac758d09ecf5fb4d6343536600a06dd468b1cc1ecf4ec747c4,32,H005_L075_C010,H005_L075_C010,b385b04067eeb7883c3178e37c2b4d0c2f03e24216ad425bc239b139efd75eab,50.172438832945083,48.277512754206072,39.144891157948763,74.999628283306009,9.9738942313807328,0.87390709187686866,0.012219755834034399,0.79781070936972398,0.69925431393611925,0.71938512145274991,0.79781070936972398,0.69925431393611925,0.71938512145274991,52285,203,203,45826,178,178,47145,183,183,False,,1,,1,,1,EXPERIMENTAL_SHADOW,False,168,95e7f3d3cea286a77dbb8974b7060c449e139c3e2720d7ae18cd94a78bf8e0da
8283ab91b10f89ac758d09ecf5fb4d6343536600a06dd468b1cc1ecf4ec747c4,33,H005_L075_C015,H005_L075_C015,b385b04067eeb7883c3178e37c2b4d0c2f03e24216ad425bc239b139efd75eab,52.061474576816579,48.277490233595273,38.81720943351565,74.999614133394971,14.959793043514193,1.31045634244491,0.017189715234370701,0.83280760923479935,0.68601584135484484,0.71717867924523504,0.83280760923479935,0.68601584135484484,0.71717867924523504,54578,212,212,44958,175,174,47000,183,183,False,,1,,1,,1,EXPERIMENTAL_SHADOW,False,169,a23607d747cee417ec621c1f8be53e8364641329276120551900975692508915
8283ab91b10f89ac758d09ecf5fb4d6343536600a06dd468b1cc1ecf4ec747c4,34,H005_L075_C020,H005_L075_C020,b385b04067eeb7883c3178e37c2b4d0c2f03e24216ad425bc239b139efd75eab,53.995314319685683,48.277421717977163,38.491989083910738,74.99957108436233,19.940659767749946,1.7461125779317357,0.0170337726135797,0.86671254071662385,0.67211320465319335,0.7150091248919469,0.86671254071662385,0.67211320465319335,0.7150091248919469,56800,221,221,44047,171,171,46858,182,182,False,,1,,1,,1,EXPERIMENTAL_SHADOW,False,170,d46ee34c28378fbd525b53f0873643494351505a584716c7ee355e2bd47eb5e1
8283ab91b10f89ac758d09ecf5fb4d6343536600a06dd468b1cc1ecf4ec747c4,35,H005_L075_C025,H005_L075_C025,b385b04067eeb7883c3178e37c2b4d0c2f03e24216ad425bc239b139efd75eab,55.973986144550643,48.273810252512611,38.167238116397456,74.997301907648833,24.924977738166319,2.1797577415305858,0.0202763653731102,0.89969410429784558,0.65744251191377756,0.71286319966137657,0.89969410429784558,0.65744251191377756,0.71286319966137657,58961,229,229,43085,168,167,46717,182,182,False,,1,,1,,1,EXPERIMENTAL_SHADOW,False,171,9a92af9f46117554986c3a7047ac6f977e3cd48af78ec409cbe4181eb3ba783b
8283ab91b10f89ac758d09ecf5fb4d6343536600a06dd468b1cc1ecf4ec747c4,36,H005_L075_C030,H005_L075_C030,b385b04067eeb7883c3178e37c2b4d0c2f03e24216ad425bc239b139efd75eab,58.00395156313909,48.274657063083929,37.846438488174513,74.99783399068545,29.905797906818187,2.6153524917551074,0.020125447049693601,0.93188509855077761,0.64201020361038152,0.71076549136158562,0.93188509855077761,0.64201020361038152,0.71076549136158562,61071,238,238,42074,164,163,46580,181,180,False,,1,,1,,1,EXPERIMENTAL_SHADOW,False,172,a0fafa41f13e00e1a07a0243df6a722ffcc92ccde3f17f1713613e21d9052992
8283ab91b10f89ac758d09ecf5fb4d6343536600a06dd468b1cc1ecf4ec747c4,37,H005_L075_C035,H005_L075_C035,b385b04067eeb7883c3178e37c2b4d0c2f03e24216ad425bc239b139efd75eab,60.08291827252625,48.275276947888841,37.526636440279098,74.998223483755339,34.888431119454722,3.0518014914415081,0.021742934916989101,0.96337841579229477,0.6256916773728014,0.70869413351797184,0.96337841579229477,0.6256916773728014,0.70869413351797184,63135,246,246,41005,160,159,46444,181,181,False,,1,,1,,1,EXPERIMENTAL_SHADOW,False,173,4bd7cedfed40823f4b79f191ce6c0f989e3ea50cd099a355685deaa0e5e9f108
8283ab91b10f89ac758d09ecf5fb4d6343536600a06dd468b1cc1ecf4ec747c4,38,H005_L075_C040,H005_L075_C040,b385b04067eeb7883c3178e37c2b4d0c2f03e24216ad425bc239b139efd75eab,62.207257957051048,48.272468296260939,37.206799462366043,74.99645869315286,39.871739878429736,3.4870670981789864,0.0242159140374292,0.9942188699477652,0.60837740345845437,0.70664263831672958,0.9942188699477652,0.60837740345845437,0.70664263831672958,65156,254,253,39870,155,154,46310,180,180,False,,1,,1,,1,EXPERIMENTAL_SHADOW,False,174,0cf6b182c7863f4bac10a678fe87991cc254415fbc7eb2bd7763360d965859ca
8283ab91b10f89ac758d09ecf5fb4d6343536600a06dd468b1cc1ecf4ec747c4,25,H005_L080_C005,H005_L080_C005,b385b04067eeb7883c3178e37c2b4d0c2f03e24216ad425bc239b139efd75eab,56.634596310321129,56.682996356234952,46.364298543791904,80.000962910068864,4.9921588507241834,0.44108383564944731,0.0123841053151078,0.81604495330661064,0.76557941313099653,0.77543755791696201,0.81604495330661064,0.76557941313099653,0.77543755791696201,53480,208,208,50172,195,195,50818,198,198,False,,1,,1,,1,EXPERIMENTAL_SHADOW,False,175,ba9724d466b547c13979a8b3bd78e283b8f0aa723fda9081eb5488040bc16980
8283ab91b10f89ac758d09ecf5fb4d6343536600a06dd468b1cc1ecf4ec747c4,26,H005_L080_C010,H005_L080_C010,b385b04067eeb7883c3178e37c2b4d0c2f03e24216ad425bc239b139efd75eab,58.680033916978971,56.682536389048458,46.00036305354601,80.000703235415713,9.9754928141223544,0.87369604178157967,0.0137714388124458,0.85283216890507352,0.75285139421112357,0.77319293525106214,0.85283216890507352,0.75285139421112357,0.77319293525106214,55890,217,218,49338,192,192,50671,197,197,False,,1,,1,,1,EXPERIMENTAL_SHADOW,False,176,6f7d2122b6e60e854018ea873697db5e4648e6c8fd31a9420d2da288c9bcbccc
8283ab91b10f89ac758d09ecf5fb4d6343536600a06dd468b1cc1ecf4ec747c4,27,H005_L080_C015,H005_L080_C015,b385b04067eeb7883c3178e37c2b4d0c2f03e24216ad425bc239b139efd75eab,60.77284137926825,56.680757604672309,45.634763324343446,79.999699008786692,14.958988757438007,1.3093108464194092,0.016216726393818898,0.888421250512897,0.73951637788401725,0.77094825017905488,0.888421250512897,0.73951637788401725,0.77094825017905488,58223,227,227,48464,189,189,50524,197,197,False,,1,,1,,1,EXPERIMENTAL_SHADOW,False,177,c00fea11d4e31a336b117d001e9c1f908bf44edacfbc0569a96a609d451332f5
8283ab91b10f89ac758d09ecf5fb4d6343536600a06dd468b1cc1ecf4ec747c4,28,H005_L080_C020,H005_L080_C020,b385b04067eeb7883c3178e37c2b4d0c2f03e24216ad425bc239b139efd75eab,62.915797891724317,56.679461242710552,45.273006134393242,79.99896712426839,19.943543939279664,1.7431038193682635,0.019671075143155001,0.92297913876050897,0.72553863916357264,0.76875033225294465,0.92297913876050897,0.72553863916357264,0.76875033225294465,60487,235,236,47548,185,185,50380,196,196,False,,1,,1,,1,EXPERIMENTAL_SHADOW,False,178,c9dcbb6d267d3b73c1adfa572c1ab81e7c82650b553818d392abf18eb7689557
8283ab91b10f89ac758d09ecf5fb4d6343536600a06dd468b1cc1ecf4ec747c4,29,H005_L080_C025,H005_L080_C025,b385b04067eeb7883c3178e37c2b4d0c2f03e24216ad425bc239b139efd75eab,65.10590920777841,56.676956788470378,44.90965193721221,79.997553157867131,24.925112911621305,2.1799806061446381,0.0203891280410314,0.9566088553091282,0.71086756102530158,0.76655305907935223,0.9566088553091282,0.71086756102530158,0.76655305907935223,62691,244,244,46587,181,181,50236,195,196,False,,1,,1,,1,EXPERIMENTAL_SHADOW,False,179,aaca4b9b2be6fec862a81be02d5aa6707e93fe99121eb38c8c48e15a262799c0
8283ab91b10f89ac758d09ecf5fb4d6343536600a06dd468b1cc1ecf4ec747c4,30,H005_L080_C030,H005_L080_C030,b385b04067eeb7883c3178e37c2b4d0c2f03e24216ad425bc239b139efd75eab,67.349530145231242,56.677829406180877,44.551083352988321,79.998045825668939,29.905633401068496,2.6166877939299167,0.0200283279373978,0.98945516041508241,0.69546830305852647,0.76440894794452274,0.98945516041508241,0.69546830305852647,0.76440894794452274,64844,252,253,45578,177,177,50096,195,194,False,,1,,1,,1,EXPERIMENTAL_SHADOW,False,180,f20925b62ddeeab799778b8561503cbc4dccfbc263d84b2ade8f15d4230b793d
8283ab91b10f89ac758d09ecf5fb4d6343536600a06dd468b1cc1ecf4ec747c4,21,H005_L085_C005,H005_L085_C005,b385b04067eeb7883c3178e37c2b4d0c2f03e24216ad425bc239b139efd75eab,65.836381580469862,66.00934018277745,54.01449519886355,85.001181260548478,4.9923830714278523,0.44085695582727341,0.012511694283907899,0.87113927318303408,0.8200039403891044,0.82997580441383023,0.87113927318303408,0.8200039403891044,0.82997580441383023,57090,222,222,53739,209,209,54392,212,213,False,DERIVED-RGB8-0262,2,,1,,1,EXPERIMENTAL_SHADOW,False,181,6cb473238a4975b4058bcd63ed57b2fb7243ebd792a8ecb83b4152f9ed058e69
8283ab91b10f89ac758d09ecf5fb4d6343536600a06dd468b1cc1ecf4ec747c4,22,H005_L085_C010,H005_L085_C010,b385b04067eeb7883c3178e37c2b4d0c2f03e24216ad425bc239b139efd75eab,68.095318635482485,66.00799435272323,53.606338247546702,85.000494835724894,9.9750656074868989,0.87829540366992642,0.014778582922492799,0.90849482254233804,0.80715299326444112,0.82765992712366565,0.90849482254233804,0.80715299326444112,0.82765992712366565,59538,232,232,52897,206,206,54241,211,211,False,,1,,1,,1,EXPERIMENTAL_SHADOW,False,182,9fbca0bd98cef4bac31f49f2ea22a6936e07e8304daa20571a7d89e751e9c54d
8283ab91b10f89ac758d09ecf5fb4d6343536600a06dd468b1cc1ecf4ec747c4,23,H005_L085_C015,H005_L085_C015,b385b04067eeb7883c3178e37c2b4d0c2f03e24216ad425bc239b139efd75eab,70.405963212093525,66.007527031607239,53.205195391463448,85.000256481892094,14.957134636878369,1.3111435152719064,0.014746636215263301,0.94467088132062482,0.79373799255537247,0.82541131464250928,0.94467088132062482,0.79373799255537247,0.82541131464250928,61909,241,241,52018,202,203,54093,210,212,False,,1,,1,,1,EXPERIMENTAL_SHADOW,False,183,355998dbf452ede1d56a07d4c16d17026af856e65bf77240a11b5fa8af97e579
8283ab91b10f89ac758d09ecf5fb4d6343536600a06dd468b1cc1ecf4ec747c4,24,H005_L085_C020,H005_L085_C020,b385b04067eeb7883c3178e37c2b4d0c2f03e24216ad425bc239b139efd75eab,72.768021178144622,66.004756738638889,52.803532248389672,84.99884349043819,19.943693674339901,1.7447158196964627,0.019893162934337402,0.97984716117579362,0.77968544167229414,0.82317450062161168,0.97984716117579362,0.77968544167229414,0.82317450062161168,64214,250,250,51097,199,199,53947,210,209,False,,1,,1,,1,EXPERIMENTAL_SHADOW,False,184,4a73da86face12db007d400492d3518c18dd5379fc51ef326a86dc83cdcfe112
8283ab91b10f89ac758d09ecf5fb4d6343536600a06dd468b1cc1ecf4ec747c4,19,H005_L090_C005,H005_L090_C005,b385b04067eeb7883c3178e37c2b4d0c2f03e24216ad425bc239b139efd75eab,75.983585283968111,76.305589142459098,62.464039351423928,90.001035017218939,4.9923106069728611,0.43906290419890581,0.0118172600271511,0.92688295290372003,0.87510992178616787,0.88520262568388808,0.92688295290372003,0.87510992178616787,0.88520262568388808,60743,236,237,57350,223,224,58012,226,227,False,,1,,1,,1,EXPERIMENTAL_SHADOW,False,185,a03074b1e9f3beb933b8be03b44b40c1d086e0838198afe1c8b5e248d397dbff
8283ab91b10f89ac758d09ecf5fb4d6343536600a06dd468b1cc1ecf4ec747c4,20,H005_L090_C010,H005_L090_C010,b385b04067eeb7883c3178e37c2b4d0c2f03e24216ad425bc239b139efd75eab,78.468065148743932,76.303711258087588,62.017014262279488,90.000165446491494,9.9764304725448163,0.87353403571230892,0.0146595531669178,0.96478413163814358,0.86213722451422392,0.88287690887756465,0.96478413163814358,0.86213722451422392,0.88287690887756465,63227,246,247,56500,220,221,57859,225,226,False,,1,,1,,1,EXPERIMENTAL_SHADOW,False,186,dd1495593c2471734e2bc8705f5006900932ca0e160ae8f9128c1693b95347fa
8283ab91b10f89ac758d09ecf5fb4d6343536600a06dd468b1cc1ecf4ec747c4,353,H010_L005_C005,H010_L005_C005,b385b04067eeb7883c3178e37c2b4d0c2f03e24216ad425bc239b139efd75eab,0.65508580687937301,0.55290694026026277,0.41054851351035981,4.99438791333613,4.9352597869549433,0.85641729276841883,0.017236893823965,0.097112755721846994,0.0541361792878138,0.060808089549996398,0.097112755721846994,0.0541361792878138,0.060808089549996398,6364,25,25,3548,14,13,3985,16,15,False,DERIVED-RGB8-0026,2,,1,,1,EXPERIMENTAL_SHADOW,False,187,b93a1650422ed5400a8fc06a3f4b25b1d8169ea144d6577d0dcbaa3800b2a2ae
8283ab91b10f89ac758d09ecf5fb4d6343536600a06dd468b1cc1ecf4ec747c4,349,H010_L010_C005,H010_L010_C005,b385b04067eeb7883c3178e37c2b4d0c2f03e24216ad425bc239b139efd75eab,1.2358597954410899,1.1263020247082811,0.87558470139364863,10.002171047303507,4.9501370991152784,0.87107373918092745,0.026384081819080599,0.13449265172881711,0.098388915513060005,0.1038112984975689,0.13449265172881711,0.098388915513060005,0.1038112984975689,8814,34,35,6448,25,26,6803,26,27,False,DERIVED-RGB8-0045,2,,1,,1,EXPERIMENTAL_SHADOW,False,188,9770acff8b4ef40f82f6c0b10e34a53228809c9bfcd0033f0f3de13337497002
8283ab91b10f89ac758d09ecf5fb4d6343536600a06dd468b1cc1ecf4ec747c4,350,H010_L010_C010,H010_L010_C010,b385b04067eeb7883c3178e37c2b4d0c2f03e24216ad425bc239b139efd75eab,1.3985651206804903,1.1270096225046744,0.82418277225052805,10.007615184195554,9.8521933179431826,1.7581065242676164,0.023272047031648899,0.1583316080532963,0.087409686592723607,0.099962773402893002,0.1583316080532963,0.087409686592723607,0.099962773402893002,10376,40,40,5728,22,22,6551,25,25,False,,1,,1,,1,EXPERIMENTAL_SHADOW,False,189,79a7147eff74625fcda6d2456d1b07e4c54ca39b8cb5a375ea0753ef08ced530
8283ab91b10f89ac758d09ecf5fb4d6343536600a06dd468b1cc1ecf4ec747c4,351,H010_L010_C015,H010_L010_C015,b385b04067eeb7883c3178e37c2b4d0c2f03e24216ad425bc239b139efd75eab,1.5728171612082664,1.1249691489586822,0.77582560019669422,9.9919099323582046,14.787878053323947,2.5906602483712731,0.022616604230928702,0.18033622989662421,0.073729675162318001,0.0963588005125562,0.18033622989662421,0.073729675162318001,0.0963588005125562,11818,46,47,4832,19,19,6315,25,24,False,,1,,1,,1,EXPERIMENTAL_SHADOW,False,190,5037f5208020f330139ca08438e2137999528ff5339f1671f59715fb728dc874
8283ab91b10f89ac758d09ecf5fb4d6343536600a06dd468b1cc1ecf4ec747c4,352,H010_L010_C020,H010_L010_C020,b385b04067eeb7883c3178e37c2b4d0c2f03e24216ad425bc239b139efd75eab,1.7633091276632016,1.1245357460465857,0.72668360290531864,9.9885716433588634,19.728459956129708,3.4957991815716016,0.041123166042298799,0.20133960174604851,0.056328597321353001,0.092609580275209893,0.20133960174604851,0.056328597321353001,0.092609580275209893,13195,51,52,3691,14,15,6069,24,25,False,,1,,1,,1,EXPERIMENTAL_SHADOW,False,191,8c87cac1d4fcb565489b0b70fa5f72fc0a443b17ff050e8682fb2464c1b38e26
8283ab91b10f89ac758d09ecf5fb4d6343536600a06dd468b1cc1ecf4ec747c4,343,H010_L015_C005,H010_L015_C005,b385b04067eeb7883c3178e37c2b4d0c2f03e24216ad425bc239b139efd75eab,2.0501816297378435,1.9079889763653333,1.4998243395805375,14.996782049783846,4.9302099494005489,0.84411531215791136,0.0250796902612824,0.17579860146762569,0.13811659549906091,0.14373814855128281,0.17579860146762569,0.13811659549906091,0.14373814855128281,11521,45,45,9051,35,35,9420,37,36,False,DERIVED-RGB8-0067,2,,1,,1,EXPERIMENTAL_SHADOW,False,192,7160e21fce72ebce3c573d62b77fab556ed2d8881a75bbc9aefe0fa20ba88667
8283ab91b10f89ac758d09ecf5fb4d6343536600a06dd468b1cc1ecf4ec747c4,344,H010_L015_C010,H010_L015_C010,b385b04067eeb7883c3178e37c2b4d0c2f03e24216ad425bc239b139efd75eab,2.2787171344742951,1.9083388840276143,1.4257031888871858,14.998676775719112,9.8894181853853276,1.728533535910648,0.042099975250834303,0.201516942030705,0.12699355303425089,0.1396818394485127,0.201516942030705,0.12699355303425089,0.1396818394485127,13206,51,51,8323,32,32,9154,36,35,False,,1,,1,,1,EXPERIMENTAL_SHADOW,False,193,3d0dc966b1b205bb4df13602803b4ca68289be781f657752dac53eb3e5207ce0
8283ab91b10f89ac758d09ecf5fb4d6343536600a06dd468b1cc1ecf4ec747c4,345,H010_L015_C015,H010_L015_C015,b385b04067eeb7883c3178e37c2b4d0c2f03e24216ad425bc239b139efd75eab,2.5206456877337908,1.9089013851456496,1.3553875841452174,15.001722195228576,14.785028856690086,2.5983922836269269,0.014488222028988199,0.22517466088275581,0.1141116042932612,0.13580585171525511,0.22517466088275581,0.1141116042932612,0.13580585171525511,14757,57,57,7478,29,28,8900,35,33,False,,1,,1,,1,EXPERIMENTAL_SHADOW,False,194,4a8aa6bcf4ca1fb380fb774d9cd9353f95bd83ec2f8b29325227a879c9df1ba3
8283ab91b10f89ac758d09ecf5fb4d6343536600a06dd468b1cc1ecf4ec747c4,346,H010_L015_C020,H010_L015_C020,b385b04067eeb7883c3178e37c2b4d0c2f03e24216ad425bc239b139efd75eab,2.7791561751350824,1.9081858269803635,1.2863750334067503,14.997848010830744,19.711150793705169,3.469885526569644,0.0154226208715472,0.2476739431486934,0.098473603759412096,0.1319809353059487,0.2476739431486934,0.098473603759412096,0.1319809353059487,16231,63,63,6453,25,24,8649,34,34,False,,1,,1,,1,EXPERIMENTAL_SHADOW,False,195,41d06e6bfb7e4ece5544ca2123e63111716ccf8d16f4880bcd3a4d293616a3cd
8283ab91b10f89ac758d09ecf5fb4d6343536600a06dd468b1cc1ecf4ec747c4,347,H010_L015_C025,H010_L015_C025,b385b04067eeb7883c3178e37c2b4d0c2f03e24216ad425bc239b139efd75eab,3.0541100955644582,1.9077126583864228,1.220018198571984,14.99528564322312,24.620337702101615,4.3399857613130646,0.0048701639887536998,0.2691917302216893,0.0789882637677672,0.12829125318590759,0.2691917302216893,0.0789882637677672,0.12829125318590759,17641,69,69,5176,20,19,8408,33,33,False,,1,,1,,1,EXPERIMENTAL_SHADOW,False,196,8b79758635b7b1dbf8e9a604b5a28bf33a1de7f042ad1bd89e9cdb12fee9d1ba
8283ab91b10f89ac758d09ecf5fb4d6343536600a06dd468b1cc1ecf4ec747c4,348,H010_L015_C030,H010_L015_C030,b385b04067eeb7883c3178e37c2b4d0c2f03e24216ad425bc239b139efd75eab,3.3490999417430007,1.9071660154863801,1.155823032156102,14.992324859908184,29.571427369073842,5.2116307773785007,0.028376288866312799,0.29017809684471901,0.052310867190542197,0.12473039872014351,0.29017809684471901,0.052310867190542197,0.12473039872014351,19017,74,74,3428,13,12,8174,32,32,False,,1,,1,,1,EXPERIMENTAL_SHADOW,False,197,f549326daea5a0149593f975bb07d99cdcbb6e2143e4278d280f9c57e9930166
8283ab91b10f89ac758d09ecf5fb4d6343536600a06dd468b1cc1ecf4ec747c4,335,H010_L020_C005,H010_L020_C005,b385b04067eeb7883c3178e37c2b4d0c2f03e24216ad425bc239b139efd75eab,3.1643927860140995,2.9899960980376248,2.3629380593917304,20.003788051605667,4.9139203503569533,0.87171359842516105,0.011326696154971901,0.2187688247936489,0.1796012061408315,0.18514269237125691,0.2187688247936489,0.1796012061408315,0.18514269237125691,14337,56,56,11770,46,46,12133,47,47,False,DERIVED-RGB8-0084,2,,1,,1,EXPERIMENTAL_SHADOW,False,198,8235c2add1523d85521543f2ff6ddbfd15f7f6a33f7f6ea24c528d436996c11b
8283ab91b10f89ac758d09ecf5fb4d6343536600a06dd468b1cc1ecf4ec747c4,336,H010_L020_C010,H010_L020_C010,b385b04067eeb7883c3178e37c2b4d0c2f03e24216ad425bc239b139efd75eab,3.4643089342876903,2.9883059144836976,2.2639148030219536,19.997002704917278,9.8493775888987827,1.72719585575829,0.0098581494854632998,0.2456954311267347,0.16840767626622019,0.1809978671530218,0.2456954311267347,0.16840767626622019,0.1809978671530218,16102,63,62,11037,43,42,11862,46,45,False,,1,,1,,1,EXPERIMENTAL_SHADOW,False,199,8bf8898489e723fa58b4c6d7278c1b3ed0d59d7ae883c4a2a78377d19fea97c8
8283ab91b10f89ac758d09ecf5fb4d6343536600a06dd468b1cc1ecf4ec747c4,337,H010_L020_C015,H010_L020_C015,b385b04067eeb7883c3178e37c2b4d0c2f03e24216ad425bc239b139efd75eab,3.7849931523173233,2.9881183675715577,2.1664681552590519,19.996249628521497,14.794646950485127,2.6043221455289807,0.022859856438895099,0.27102180250379337,0.15564039783121589,0.17687206633119959,0.27102180250379337,0.15564039783121589,0.17687206633119959,17761,69,70,10200,40,40,11591,45,45,False,,1,,1,,1,EXPERIMENTAL_SHADOW,False,200,441bf8d827a5e19c11c7f2d2da1ef95134f469ac59d208c51cc40b24eb2a2bad
8283ab91b10f89ac758d09ecf5fb4d6343536600a06dd468b1cc1ecf4ec747c4,338,H010_L020_C020,H010_L020_C020,b385b04067eeb7883c3178e37c2b4d0c2f03e24216ad425bc239b139efd75eab,4.1229476019031956,2.9882967019433599,2.0750374600456158,19.996965713592907,19.70625709583809,3.4540380568636402,0.021677346659667699,0.29490028980161259,0.14094521229831411,0.17300237603173901,0.29490028980161259,0.14094521229831411,0.17300237603173901,19326,75,76,9237,36,36,11338,44,45,False,,1,,1,,1,EXPERIMENTAL_SHADOW,False,201,40f4ceb3a11665f58542db3e8a39843b55cef9300e590749d871fd1d934eb298
8283ab91b10f89ac758d09ecf5fb4d6343536600a06dd468b1cc1ecf4ec747c4,339,H010_L020_C025,H010_L020_C025,b385b04067eeb7883c3178e37c2b4d0c2f03e24216ad425bc239b139efd75eab,4.4804292336296365,2.987129142104842,1.9824693424424853,19.992276968293677,24.640980911442895,4.3307776039076202,0.024497302697255401,0.31789887314214238,0.123372947394444,0.1690428616313297,0.31789887314214238,0.123372947394444,0.1690428616313297,20834,81,81,8085,31,31,11078,43,43,False,,1,,1,,1,EXPERIMENTAL_SHADOW,False,202,657bc8543b28703e803e1ce025fdadc4a9524015aa4cd28f35c3bd99ddb8554f
8283ab91b10f89ac758d09ecf5fb4d6343536600a06dd468b1cc1ecf4ec747c4,340,H010_L020_C030,H010_L020_C030,b385b04067eeb7883c3178e37c2b4d0c2f03e24216ad425bc239b139efd75eab,4.8592943597916944,2.987533865878798,1.8933636025368783,19.99390241663523,29.564897529969357,5.2117213843115966,0.0217015459090995,0.34015881249795488,0.1018416077787636,0.16522141796824169,0.34015881249795488,0.1018416077787636,0.16522141796824169,22292,87,87,6674,26,25,10828,42,42,False,,1,,1,,1,EXPERIMENTAL_SHADOW,False,203,a94c4992a97f4cb68aef5495a22f2f3fb71a995d2e4b2591c9d174bb318717f1
8283ab91b10f89ac758d09ecf5fb4d6343536600a06dd468b1cc1ecf4ec747c4,341,H010_L020_C035,H010_L020_C035,b385b04067eeb7883c3178e37c2b4d0c2f03e24216ad425bc239b139efd75eab,5.2598881655120362,2.9898170049706105,1.8071002738276591,20.003069192521441,34.467740087352979,6.1043090165462726,0.0267912897499493,0.36181738437494831,0.073624665945791895,0.16151202840876139,0.36181738437494831,0.073624665945791895,0.16151202840876139,23712,92,92,4825,19,20,10585,41,42,False,,1,,1,,1,EXPERIMENTAL_SHADOW,False,204,42679f9e03e90a3c363d0c460e144ea4aa56e0f58665b0755960d7edf281b7d4
8283ab91b10f89ac758d09ecf5fb4d6343536600a06dd468b1cc1ecf4ec747c4,342,H010_L020_C040,H010_L020_C040,b385b04067eeb7883c3178e37c2b4d0c2f03e24216ad425bc239b139efd75eab,5.679829391902266,2.9888702084786773,1.7259754027986749,19.999268382594448,39.402670184533697,6.9481509020679066,0.0106368487537601,0.38295962760230212,0.029083863750257601,0.158098164625747,0.38295962760230212,0.029083863750257601,0.158098164625747,25097,98,98,1906,7,9,10361,40,40,False,,1,,1,,1,EXPERIMENTAL_SHADOW,False,205,a78253740e00107afbf4c709d6439a4a1acbbf592814982dbd95ba856d4fd945
8283ab91b10f89ac758d09ecf5fb4d6343536600a06dd468b1cc1ecf4ec747c4,326,H010_L025_C005,H010_L025_C005,b385b04067eeb7883c3178e37c2b4d0c2f03e24216ad425bc239b139efd75eab,4.6226654376634677,4.4155384263737885,3.5099161202147591,25.000190892573727,4.9378007911972954,0.85713959458191258,0.017687024782548001,0.26313321571827669,0.2224117657801068,0.22819442864544701,0.26313321571827669,0.2224117657801068,0.22819442864544701,17244,67,67,14576,57,57,14955,58,58,False,DERIVED-RGB8-0100,2,,1,,1,EXPERIMENTAL_SHADOW,False,206,390916ab4b876bb6190d25ff24ed4bc143ab9e29c9673d08ba2b12cfe1fc71be
8283ab91b10f89ac758d09ecf5fb4d6343536600a06dd468b1cc1ecf4ec747c4,327,H010_L025_C010,H010_L025_C010,b385b04067eeb7883c3178e37c2b4d0c2f03e24216ad425bc239b139efd75eab,5.0085125682909526,4.4161829999436231,3.3795460130152866,25.002185843963147,9.8491289307392194,1.736119539807035,0.0024456823701722,0.29132184320738558,0.21123902402264791,0.2238315345659907,0.29132184320738558,0.21123902402264791,0.2238315345659907,19092,74,75,13844,54,54,14669,57,57,False,,1,,1,,1,EXPERIMENTAL_SHADOW,False,207,9a69d2c481db342081a46bfc57e63075f89bdfdfff88b648ed16e63563a86caa
8283ab91b10f89ac758d09ecf5fb4d6343536600a06dd468b1cc1ecf4ec747c4,328,H010_L025_C015,H010_L025_C015,b385b04067eeb7883c3178e37c2b4d0c2f03e24216ad425bc239b139efd75eab,5.4146018436095344,4.4149611007707321,3.2524393426131963,24.998403908416989,14.777665754566211,2.605177443222817,0.0058097404643986002,0.31784213890499108,0.19861679018550921,0.21955836687854349,0.31784213890499108,0.19861679018550921,0.21955836687854349,20830,81,81,13016,51,50,14389,56,55,False,,1,,1,,1,EXPERIMENTAL_SHADOW,False,208,272895f5c70387a5949a54120d83905bb823077bc0539e2b31f92e95200475ea
8283ab91b10f89ac758d09ecf5fb4d6343536600a06dd468b1cc1ecf4ec747c4,329,H010_L025_C020,H010_L025_C020,b385b04067eeb7883c3178e37c2b4d0c2f03e24216ad425bc239b139efd75eab,5.8437006092160519,4.4149693391372296,3.127901445507959,24.998429409560288,19.708075810705935,3.4855182723206646,0.017326533875732401,0.3431407917859936,0.1843447672551474,0.2153375500126454,0.3431407917859936,0.1843447672551474,0.2153375500126454,22488,88,88,12081,47,47,14112,55,56,False,,1,,1,,1,EXPERIMENTAL_SHADOW,False,209,20a5e66b33b4685d79fae5efc454d0fb06c38c39e55543745a4a888fa08513b1
8283ab91b10f89ac758d09ecf5fb4d6343536600a06dd468b1cc1ecf4ec747c4,330,H010_L025_C025,H010_L025_C025,b385b04067eeb7883c3178e37c2b4d0c2f03e24216ad425bc239b139efd75eab,6.2951153551997256,4.415779825192824,3.010881837652049,25.000938043230256,24.630174032454903,4.3385533266975251,0.010361762788411499,0.36739818297633081,0.1679944782206976,0.21138493049041121,0.36739818297633081,0.1679944782206976,0.21138493049041121,24077,94,95,11010,43,43,13853,54,55,False,,1,,1,,1,EXPERIMENTAL_SHADOW,False,210,3bf5495a5ce66d0348efd7ffab10096b2ff1136c43f7b98e51974c80beb89f77
8283ab91b10f89ac758d09ecf5fb4d6343536600a06dd468b1cc1ecf4ec747c4,331,H010_L025_C030,H010_L025_C030,b385b04067eeb7883c3178e37c2b4d0c2f03e24216ad425bc239b139efd75eab,6.76656668835827,4.4127341838185519,2.8938073480475981,24.991509518066561,29.576986504616404,5.1937063617524259,0.037327382038783101,0.39086228296933628,0.14858251580654919,0.2074177724421534,0.39086228296933628,0.14858251580654919,0.2074177724421534,25615,100,101,9737,38,38,13593,53,54,False,,1,,1,,1,EXPERIMENTAL_SHADOW,False,211,b3b4317b58fefd1cc87751137a4b3ca5528f5ba158aca743b925da36fcabc49b
8283ab91b10f89ac758d09ecf5fb4d6343536600a06dd468b1cc1ecf4ec747c4,332,H010_L025_C035,H010_L025_C035,b385b04067eeb7883c3178e37c2b4d0c2f03e24216ad425bc239b139efd75eab,7.2641376147191332,4.4148653556659836,2.7800427749385075,24.998107535488401,34.485250259528641,6.0746705856686845,0.017322530739090899,0.4136988347218975,0.12534787684282711,0.2035333103470538,0.4136988347218975,0.12534787684282711,0.2035333103470538,27112,105,105,8215,32,32,13339,52,52,False,,1,,1,,1,EXPERIMENTAL_SHADOW,False,212,c701174c04e879ccae8b35ed6c46f6cf730fd7764da110e4bd0f065df702b65c
8283ab91b10f89ac758d09ecf5fb4d6343536600a06dd468b1cc1ecf4ec747c4,333,H010_L025_C040,H010_L025_C040,b385b04067eeb7883c3178e37c2b4d0c2f03e24216ad425bc239b139efd75eab,7.7838469276229842,4.4142934371716986,2.670141253266856,24.996337108638031,39.414085961111539,6.9345076541618811,0.024856194768677502,0.43599788068010381,0.095126455796978995,0.1998111780514476,0.43599788068010381,0.095126455796978995,0.1998111780514476,28573,111,111,6234,24,25,13095,51,51,False,,1,,1,,1,EXPERIMENTAL_SHADOW,False,213,4a5b65b5d3980c1e6bfcb52f286bee3d3ee620e156d52092fb90566f256bc0d6
8283ab91b10f89ac758d09ecf5fb4d6343536600a06dd468b1cc1ecf4ec747c4,334,H010_L025_C045,H010_L025_C045,b385b04067eeb7883c3178e37c2b4d0c2f03e24216ad425bc239b139efd75eab,8.3283202894196648,4.4143360546130879,2.5601936933185887,24.996469040161248,44.339577460533548,7.8220158252960914,0.024807155647772802,0.45788814567700542,0.049811793561691402,0.1960630533330672,0.45788814567700542,0.049811793561691402,0.1960630533330672,30008,117,116,3264,13,14,12849,50,50,False,,1,,1,,1,EXPERIMENTAL_SHADOW,False,214,30ba2f4894d433c46c82b37b832b85f03c98af8074cbfd428158dc41635b2a5d
8283ab91b10f89ac758d09ecf5fb4d6343536600a06dd468b1cc1ecf4ec747c4,315,H010_L030_C005,H010_L030_C005,b385b04067eeb7883c3178e37c2b4d0c2f03e24216ad425bc239b139efd75eab,6.4694285038011596,6.2361829323670745,4.9762704524943056,30.000682085664277,4.9212102963208935,0.8610635060283589,0.0076926740264942001,0.30856655457757381,0.2666940380138822,0.27251961859650531,0.30856655457757381,0.2666940380138822,0.27251961859650531,20222,79,79,17478,68,68,17860,69,70,False,DERIVED-RGB8-0116,2,,1,,1,EXPERIMENTAL_SHADOW,False,215,a45ffe82f344e38292b1ad94ffecfe32cbdbe978c36094a147bc9eefd0b7f412
8283ab91b10f89ac758d09ecf5fb4d6343536600a06dd468b1cc1ecf4ec747c4,316,H010_L030_C010,H010_L030_C010,b385b04067eeb7883c3178e37c2b4d0c2f03e24216ad425bc239b139efd75eab,6.9523668026201175,6.2364587794127564,4.8103147984040975,30.001360329888364,9.8536894234413914,1.7442031853630249,0.0096141154845083999,0.33802522417544928,0.25534236795786691,0.26798310530803687,0.33802522417544928,0.25534236795786691,0.26798310530803687,22152,86,87,16734,65,65,17562,68,68,False,,1,,1,,1,EXPERIMENTAL_SHADOW,False,216,d6686ab43aa8ece03b1cadba75352334ed1894fd2b27a28db7aaf99c68928c48
8283ab91b10f89ac758d09ecf5fb4d6343536600a06dd468b1cc1ecf4ec747c4,317,H010_L030_C015,H010_L030_C015,b385b04067eeb7883c3178e37c2b4d0c2f03e24216ad425bc239b139efd75eab,7.4576917501796798,6.2367990135449993,4.6511669194850764,30.002196859552345,14.775311903236998,2.6107005152145368,0.0071518317329511,0.36574150778742698,0.24282141019167999,0.263618230064875,0.36574150778742698,0.24282141019167999,0.263618230064875,23969,93,94,15913,62,62,17276,67,67,False,,1,,1,,1,EXPERIMENTAL_SHADOW,False,217,802bf6a901e62a48a2fb6f22a149c7da36282352888ac7c3dece646a86d59a63
8283ab91b10f89ac758d09ecf5fb4d6343536600a06dd468b1cc1ecf4ec747c4,318,H010_L030_C020,H010_L030_C020,b385b04067eeb7883c3178e37c2b4d0c2f03e24216ad425bc239b139efd75eab,7.9849509549150017,6.2344118543733691,4.4939552510367307,29.996326937094729,19.707854286186127,3.4747081021256232,0.0123382085606361,0.39216898920913679,0.2287819709853684,0.25928602178518062,0.39216898920913679,0.2287819709853684,0.25928602178518062,25701,100,101,14993,58,59,16992,66,67,False,,1,,1,,1,EXPERIMENTAL_SHADOW,False,218,052a99b92040c53278e3818fa8132ed515c612d5787f421a3153c99b20251227
8283ab91b10f89ac758d09ecf5fb4d6343536600a06dd468b1cc1ecf4ec747c4,319,H010_L030_C025,H010_L030_C025,b385b04067eeb7883c3178e37c2b4d0c2f03e24216ad425bc239b139efd75eab,8.5405962270236984,6.2357425112454052,4.3437906067309004,29.999599150308008,24.636688204409563,4.3345431041136084,0.017785832225941,0.41765004388497839,0.213085680217481,0.25513964308192377,0.41765004388497839,0.213085680217481,0.25513964308192377,27371,107,107,13965,54,54,16721,65,66,False,,1,,1,,1,EXPERIMENTAL_SHADOW,False,219,04af447378e588ff14826232a0e58d6383e0a697d10556f96c4600510d89fecc
8283ab91b10f89ac758d09ecf5fb4d6343536600a06dd468b1cc1ecf4ec747c4,320,H010_L030_C030,H010_L030_C030,b385b04067eeb7883c3178e37c2b4d0c2f03e24216ad425bc239b139efd75eab,9.1192303895450806,6.2362398068343614,4.1933225369166438,30.000821928490321,29.55596884096753,5.2125520464716404,0.0122113300308233,0.4422676830638762,0.1951912735408298,0.2509494500827979,0.4422676830638762,0.1951912735408298,0.2509494500827979,28984,113,114,12792,50,50,16446,64,65,False,,1,,1,,1,EXPERIMENTAL_SHADOW,False,220,dee1b57b525f539de373a31940533d9aaad167be99ccbf0e9bb10aade74d878f
8283ab91b10f89ac758d09ecf5fb4d6343536600a06dd468b1cc1ecf4ec747c4,321,H010_L030_C035,H010_L030_C035,b385b04067eeb7883c3178e37c2b4d0c2f03e24216ad425bc239b139efd75eab,9.7210267687747827,6.233620717705235,4.0467429878803829,29.99438123523602,34.489128751622047,6.0750983535268084,0.021729610580435699,0.4661818095605989,0.17423847358482689,0.2468763518291423,0.4661818095605989,0.17423847358482689,0.2468763518291423,30551,119,118,11419,44,45,16179,63,63,False,,1,,1,,1,EXPERIMENTAL_SHADOW,False,221,fa768eb4463e414e824000b2d86436e9343a32546933ea876770fa4baa87c7ca
8283ab91b10f89ac758d09ecf5fb4d6343536600a06dd468b1cc1ecf4ec747c4,322,H010_L030_C040,H010_L030_C040,b385b04067eeb7883c3178e37c2b4d0c2f03e24216ad425bc239b139efd75eab,10.351758735223964,6.2340382078621239,3.9059734259960073,29.995408020665181,39.413258838930552,6.9359808213461545,0.023637878684325798,0.4895717921715067,0.1492140804257836,0.242971649336089,0.4895717921715067,0.1492140804257836,0.242971649336089,32084,125,125,9779,38,39,15923,62,63,False,,1,,1,,1,EXPERIMENTAL_SHADOW,False,222,deace08fb44f7bdcbdd5773e2d0a882328976be91f3ec9778394b8a73fe3c723
8283ab91b10f89ac758d09ecf5fb4d6343536600a06dd468b1cc1ecf4ec747c4,323,H010_L030_C045,H010_L030_C045,b385b04067eeb7883c3178e37c2b4d0c2f03e24216ad425bc239b139efd75eab,11.009294307241545,6.234661599462533,3.7660620804342688,29.996941119776949,44.335901056771242,7.813202692171628,0.019863353132659502,0.51250634886832525,0.11750495852442799,0.23907518007354589,0.51250634886832525,0.11750495852442799,0.23907518007354589,33587,131,130,7701,30,31,15668,61,61,False,,1,,1,,1,EXPERIMENTAL_SHADOW,False,223,5d18ad4a1d730c48dfb2e8719e35495dcc78ed85b9d79e2a6945b4b45df93b31
8283ab91b10f89ac758d09ecf5fb4d6343536600a06dd468b1cc1ecf4ec747c4,324,H010_L030_C050,H010_L030_C050,b385b04067eeb7883c3178e37c2b4d0c2f03e24216ad425bc239b139efd75eab,11.693802526339327,6.2339829739246806,3.628739024081205,29.995272179609582,49.27024232912175,8.6900491910070539,0.0311677239482962,0.53505895385385127,0.071886951908795294,0.2352625315863355,0.53505895385385127,0.071886951908795294,0.2352625315863355,35065,136,137,4711,18,20,15418,60,60,False,,1,,1,,1,EXPERIMENTAL_SHADOW,False,224,a89ea36059e79c29146a46d95aa436822c02db499abf3d72031ca2bdc32b3edc
8283ab91b10f89ac758d09ecf5fb4d6343536600a06dd468b1cc1ecf4ec747c4,325,H010_L030_C055,H010_L030_C055,b385b04067eeb7883c3178e37c2b4d0c2f03e24216ad425bc239b139efd75eab,12.405327948442755,6.2342465439912473,3.4965917144139107,29.995920390454,54.189280540180157,9.5589452658460399,0.026558011140620601,0.55722484596168254,-0.0103607781024383,0.23162406226280899,0.55722484596168254,0,0.23162406226280899,36518,142,142,0,0,0,15179,59,59,True,,1,,1,,1,EXPERIMENTAL_SHADOW,False,225,876d52ef391c3131bcdfbb27044b38e30e376de4ed099418dcb10d737370dc4b
8283ab91b10f89ac758d09ecf5fb4d6343536600a06dd468b1cc1ecf4ec747c4,303,H010_L035_C005,H010_L035_C005,b385b04067eeb7883c3178e37c2b4d0c2f03e24216ad425bc239b139efd75eab,8.7552543771607692,8.4981726160325124,6.8031629632631487,34.999568936090867,4.9371995135707722,0.86111297147004595,0.0149879601007985,0.35530660173117662,0.31213273416962972,0.31809594714537531,0.35530660173117662,0.31213273416962972,0.31809594714537531,23285,91,90,20456,80,79,20846,81,80,False,,1,,1,,1,EXPERIMENTAL_SHADOW,False,226,c030d78d021cd3898e13e44c7a6c72f6b87145b2a8d55a84d40d257da51037e3
8283ab91b10f89ac758d09ecf5fb4d6343536600a06dd468b1cc1ecf4ec747c4,304,H010_L035_C010,H010_L035_C010,b385b04067eeb7883c3178e37c2b4d0c2f03e24216ad425bc239b139efd75eab,9.3429961851666707,8.4984926107856058,6.6009000287546726,35.000209049770817,9.8553744088192552,1.7337884924081393,0.0077661444035680999,0.38571843449528748,0.3006832076580907,0.31349263216466861,0.38571843449528748,0.3006832076580907,0.31349263216466861,25278,98,98,19705,77,76,20545,80,79,False,,1,,1,,1,EXPERIMENTAL_SHADOW,False,227,af526e8bebd0f25322783e2d5f559ac5e41dc6aae11b6076b28cfbcf98848402
8283ab91b10f89ac758d09ecf5fb4d6343536600a06dd468b1cc1ecf4ec747c4,305,H010_L035_C015,H010_L035_C015,b385b04067eeb7883c3178e37c2b4d0c2f03e24216ad425bc239b139efd75eab,9.9584247743789156,8.4991764445326456,6.401929425887122,35.001576928768763,14.785765847090682,2.6110811230025237,0.0151644588370622,0.41460032175339889,0.28813678370370183,0.3089349616714821,0.41460032175339889,0.28813678370370183,0.3089349616714821,27171,106,106,18883,73,73,20246,79,78,False,,1,,1,,1,EXPERIMENTAL_SHADOW,False,228,ef8772fbe1ef27454ca9719baba6df3173da9dcb1cd1f2fd4fd636d01254343d
8283ab91b10f89ac758d09ecf5fb4d6343536600a06dd468b1cc1ecf4ec747c4,306,H010_L035_C020,H010_L035_C020,b385b04067eeb7883c3178e37c2b4d0c2f03e24216ad425bc239b139efd75eab,10.595419183635212,8.495759685593514,6.2101551732446199,34.99474162138327,19.714723834805799,3.4599143425676715,0.0232812678354428,0.44207971184772049,0.27426921485405031,0.3045463042399445,0.44207971184772049,0.27426921485405031,0.3045463042399445,28972,113,113,17974,70,70,19958,78,78,False,,1,,1,,1,EXPERIMENTAL_SHADOW,False,229,bf5ad1ee15999a2adc26c53bf3fe0fcbc08b9f66841aebc235fe3f4868c04783
8283ab91b10f89ac758d09ecf5fb4d6343536600a06dd468b1cc1ecf4ec747c4,307,H010_L035_C025,H010_L035_C025,b385b04067eeb7883c3178e37c2b4d0c2f03e24216ad425bc239b139efd75eab,11.263474518518043,8.4971270804038852,6.0200511171420121,34.997477347084335,24.63469985005398,4.3354233006297926,0.015810745869014702,0.46862382502966521,0.259024356561256,0.30015176669577093,0.46862382502966521,0.259024356561256,0.30015176669577093,30711,119,120,16975,66,65,19670,77,77,False,,1,,1,,1,EXPERIMENTAL_SHADOW,False,230,94280e842fe9936c4029fbb9c0790b5530d109efc244be3f60f5c9419d729103
8283ab91b10f89ac758d09ecf5fb4d6343536600a06dd468b1cc1ecf4ec747c4,308,H010_L035_C030,H010_L035_C030,b385b04067eeb7883c3178e37c2b4d0c2f03e24216ad425bc239b139efd75eab,11.959822336862413,8.4977879898146327,5.8346550430456219,34.998799513135957,29.566228351536491,5.2047697290244717,0.022541713542518101,0.49436639877971827,0.2419179829246054,0.29586089071483351,0.49436639877971827,0.2419179829246054,0.29586089071483351,32398,126,126,15854,62,61,19389,75,75,False,,1,,1,,1,EXPERIMENTAL_SHADOW,False,231,7a8db6e7f0f2ed592875201e88b6523fc780947623d044fcb4dbc470a2c5b534
8283ab91b10f89ac758d09ecf5fb4d6343536600a06dd468b1cc1ecf4ec747c4,309,H010_L035_C035,H010_L035_C035,b385b04067eeb7883c3178e37c2b4d0c2f03e24216ad425bc239b139efd75eab,12.681216900734777,8.4969615317794727,5.6522376042052267,34.997146152121907,34.490008832299914,6.0731725220233184,0.022358799260390701,0.51934099118951671,0.2225311610990908,0.29162753867975982,0.51934099118951671,0.2225311610990908,0.29162753867975982,34035,132,131,14584,57,57,19112,74,74,False,,1,,1,,1,EXPERIMENTAL_SHADOW,False,232,3a0a3240727efa853ec72a51fc55c983a451e059ddd84d9076d8cfbcd14b6698
8283ab91b10f89ac758d09ecf5fb4d6343536600a06dd468b1cc1ecf4ec747c4,310,H010_L035_C040,H010_L035_C040,b385b04067eeb7883c3178e37c2b4d0c2f03e24216ad425bc239b139efd75eab,13.431927388937099,8.4963843984463487,5.4754397799063845,34.995991511167006,39.417270043401089,6.9336711617431597,0.028091200317689101,0.54374359659592331,0.20013772828529541,0.28753203653181381,0.54374359659592331,0.20013772828529541,0.28753203653181381,35634,139,137,13116,51,51,18843,73,73,False,,1,,1,,1,EXPERIMENTAL_SHADOW,False,233,286cb756fb7bab45f144082f94a0d17fbb09bfe1411bc34acb5aa7a1bf33820c
8283ab91b10f89ac758d09ecf5fb4d6343536600a06dd468b1cc1ecf4ec747c4,311,H010_L035_C045,H010_L035_C045,b385b04067eeb7883c3178e37c2b4d0c2f03e24216ad425bc239b139efd75eab,14.210141037867407,8.4955407533286174,5.2988978689172281,34.99430357971714,44.337198544516646,7.8107324096541202,0.021936785310526001,0.5676239798913526,0.17356308650186619,0.2834186468260817,0.5676239798913526,0.17356308650186619,0.2834186468260817,37199,145,144,11374,44,44,18574,72,72,False,,1,,1,,1,EXPERIMENTAL_SHADOW,False,234,8ded2cb7039bf3ce2cec08b5851f31da25acd2b4f14b6f6f44b4b262160e2c0f
8283ab91b10f89ac758d09ecf5fb4d6343536600a06dd468b1cc1ecf4ec747c4,312,H010_L035_C050,H010_L035_C050,b385b04067eeb7883c3178e37c2b4d0c2f03e24216ad425bc239b139efd75eab,15.021507076392597,8.4966998450985258,5.1293659200323649,34.99662261552718,49.261709712358019,8.6783540857690245,0.021951765045734501,0.59113613856919311,0.1404369512724942,0.27949290709159269,0.59113613856919311,0.1404369512724942,0.27949290709159269,38740,151,150,9204,36,36,18317,71,70,False,,1,,1,,1,EXPERIMENTAL_SHADOW,False,235,8ba942a5de67c1b5727540a94beeb78485a522ccce20b0bd4ea6ebd265c56837
8283ab91b10f89ac758d09ecf5fb4d6343536600a06dd468b1cc1ecf4ec747c4,313,H010_L035_C055,H010_L035_C055,b385b04067eeb7883c3178e37c2b4d0c2f03e24216ad425bc239b139efd75eab,15.859850550901372,8.4948691735734219,4.9601055856471916,34.99295982988572,54.19280690192155,9.5534769645509687,0.029407362973344699,0.61425013966761055,0.094478957096615093,0.27556872540402028,0.61425013966761055,0.094478957096615093,0.27556872540402028,40255,157,156,6192,24,24,18059,70,69,False,,1,,1,,1,EXPERIMENTAL_SHADOW,False,236,db484a5f7cd51b63a6a782a11210b05334aada273e02b76ebfec0975b797e5af
8283ab91b10f89ac758d09ecf5fb4d6343536600a06dd468b1cc1ecf4ec747c4,314,H010_L035_C060,H010_L035_C060,b385b04067eeb7883c3178e37c2b4d0c2f03e24216ad425bc239b139efd75eab,16.731614808480273,8.4960127267628014,4.7960820635288526,34.995247899080091,59.11378772835166,10.430932824497107,0.0284049385445269,0.63707021586145252,0.0080548576972691004,0.2717844501681444,0.63707021586145252,0.0080548576972691004,0.2717844501681444,41750,162,162,528,2,2,17811,69,70,False,,1,,1,,1,EXPERIMENTAL_SHADOW,False,237,6a9acfda6ac2766f0b294f95fda64e94aebe0f8732c55d6620075fd4054db75f
8283ab91b10f89ac758d09ecf5fb4d6343536600a06dd468b1cc1ecf4ec747c4,289,H010_L040_C005,H010_L040_C005,b385b04067eeb7883c3178e37c2b4d0c2f03e24216ad425bc239b139efd75eab,11.52399973796078,11.251843310655232,9.0296465496632567,40.001442582128703,4.9362647812614959,0.86762275061318395,0.0123628119554155,0.40305038079368638,0.35878271364798919,0.3648007118679038,0.40305038079368638,0.35878271364798919,0.3648007118679038,26414,103,103,23513,91,91,23907,93,93,False,,1,,1,,1,EXPERIMENTAL_SHADOW,False,238,410d40bcefb2339dd36699d55f3ccbe618448d9d84402e6659506cc3fdb2d81e
8283ab91b10f89ac758d09ecf5fb4d6343536600a06dd468b1cc1ecf4ec747c4,290,H010_L040_C010,H010_L040_C010,b385b04067eeb7883c3178e37c2b4d0c2f03e24216ad425bc239b139efd75eab,12.227518090510358,11.250968044529069,8.7848935635030916,39.999990451564322,9.8563404948696647,1.7375940966992909,0.0083128150741481003,0.4344185839275263,0.34717519966090021,0.36007757999373019,0.4344185839275263,0.34717519966090021,0.36007757999373019,28470,111,111,22752,89,88,23598,92,91,False,,1,,1,,1,EXPERIMENTAL_SHADOW,False,239,f71ec93698ea2f216ee012e83e498bccbe72e11d2a9edf07f457eda213a03c99
8283ab91b10f89ac758d09ecf5fb4d6343536600a06dd468b1cc1ecf4ec747c4,291,H010_L040_C015,H010_L040_C015,b385b04067eeb7883c3178e37c2b4d0c2f03e24216ad425bc239b139efd75eab,12.960215492546457,11.250071939328183,8.5469247605848029,39.998503669424593,14.783905453865517,2.5990006876188909,0.0131943134637295,0.4642447454059927,0.33457605280356179,0.35546999759655928,0.4642447454059927,0.33457605280356179,0.35546999759655928,30424,118,118,21926,85,85,23296,91,90,False,,1,,1,,1,EXPERIMENTAL_SHADOW,False,240,e249542e135622faa6e4621287cbfa7cffbc60956a56efa91b9b06271c23ab84
8283ab91b10f89ac758d09ecf5fb4d6343536600a06dd468b1cc1ecf4ec747c4,292,H010_L040_C020,H010_L040_C020,b385b04067eeb7883c3178e37c2b4d0c2f03e24216ad425bc239b139efd75eab,13.724306042460704,11.251534859811295,8.3117186912025982,40.000930848196319,19.711677624425636,3.4730307224952406,0.015505620919434899,0.49287348930990821,0.32089263118316469,0.35088269854625931,0.49287348930990821,0.32089263118316469,0.35088269854625931,32300,126,126,21030,82,82,22995,89,90,False,,1,,1,,1,EXPERIMENTAL_SHADOW,False,241,69d1ffae240bb9c36d59fa3eb4522cd6165f333e5ba5aae39c05f9dcec1108e5
8283ab91b10f89ac758d09ecf5fb4d6343536600a06dd468b1cc1ecf4ec747c4,293,H010_L040_C025,H010_L040_C025,b385b04067eeb7883c3178e37c2b4d0c2f03e24216ad425bc239b139efd75eab,14.51309740058098,11.249521835160389,8.0791692455795641,39.997590919339125,24.635253400846768,4.3435788087457965,0.0154294289503242,0.52038784936007754,0.3058675996140256,0.3463289973579925,0.52038784936007754,0.3058675996140256,0.3463289973579925,34104,133,133,20045,78,78,22697,88,89,False,,1,,1,,1,EXPERIMENTAL_SHADOW,False,242,491c443240184dc209ac34e3bed9bafad972824e494b570474e098d400228693
8283ab91b10f89ac758d09ecf5fb4d6343536600a06dd468b1cc1ecf4ec747c4,294,H010_L040_C030,H010_L040_C030,b385b04067eeb7883c3178e37c2b4d0c2f03e24216ad425bc239b139efd75eab,15.33381784562938,11.249596188801998,7.8538879099859811,39.997714290971999,29.557273256339691,5.2088951054129362,0.0132811677057441,0.54707215626146433,0.28934280984701322,0.34190989404771938,0.54707215626146433,0.28934280984701322,0.34190989404771938,35852,140,140,18962,74,74,22407,87,88,False,,1,,1,,1,EXPERIMENTAL_SHADOW,False,243,90db74fa6565f9083aa6eebd91e3facdd139bb0670c3f799c03db525ed420862
8283ab91b10f89ac758d09ecf5fb4d6343536600a06dd468b1cc1ecf4ec747c4,295,H010_L040_C035,H010_L040_C035,b385b04067eeb7883c3178e37c2b4d0c2f03e24216ad425bc239b139efd75eab,16.185725400652551,11.248653392873344,7.632100541042198,39.996149912094779,34.491196637893019,6.0741989482097756,0.023480557219108401,0.57308393870866703,0.27089033902727472,0.3375505245407151,0.57308393870866703,0.27089033902727472,0.3375505245407151,37557,146,146,17753,69,70,22121,86,86,False,,1,,1,,1,EXPERIMENTAL_SHADOW,False,244,95500a1bca6b5d9c6b556769297adb01c711afd8bd5d554b9123fb31fe579116
8283ab91b10f89ac758d09ecf5fb4d6343536600a06dd468b1cc1ecf4ec747c4,296,H010_L040_C040,H010_L040_C040,b385b04067eeb7883c3178e37c2b4d0c2f03e24216ad425bc239b139efd75eab,17.068215651090327,11.248618553831054,7.4142283278901777,39.996092102086152,39.416431704830337,6.9433089931450924,0.024583005525074201,0.59846415990394197,0.25014583793398337,0.3332559527297243,0.59846415990394197,0.25014583793398337,0.3332559527297243,39220,153,152,16393,64,64,21840,85,85,False,,1,,1,,1,EXPERIMENTAL_SHADOW,False,245,6e1c983bfe814e117d8e1cc248506eee0f7ce0d23abca062b9d93ffeb06b410c
8283ab91b10f89ac758d09ecf5fb4d6343536600a06dd468b1cc1ecf4ec747c4,297,H010_L040_C045,H010_L040_C045,b385b04067eeb7883c3178e37c2b4d0c2f03e24216ad425bc239b139efd75eab,17.982551489327893,11.248765383726106,7.2006329443367818,39.996335742805641,44.342155443467121,7.8125670635818771,0.026164808789930199,0.62332963697025456,0.22635488418763761,0.32904339669659671,0.62332963697025456,0.22635488418763761,0.32904339669659671,40850,159,159,14834,58,58,21564,84,84,False,,1,,1,,1,EXPERIMENTAL_SHADOW,False,246,97f5508c3c42e83e802c56c552af51f74cfeed769a74a8987fe24dfab47bd601
8283ab91b10f89ac758d09ecf5fb4d6343536600a06dd468b1cc1ecf4ec747c4,298,H010_L040_C050,H010_L040_C050,b385b04067eeb7883c3178e37c2b4d0c2f03e24216ad425bc239b139efd75eab,18.927108707264281,11.247913823301174,6.9919517487321166,39.994922685011971,49.265486414003718,8.6757347922887575,0.026448672724497801,0.64771006564643341,0.19833739518444279,0.3249362691492052,0.64771006564643341,0.19833739518444279,0.3249362691492052,42448,165,165,12998,51,51,21295,83,83,False,,1,,1,,1,EXPERIMENTAL_SHADOW,False,247,79e427cf1241cb0ead5be75dec53c31249dffb7577c65d84125fb84af33a1a4b
8283ab91b10f89ac758d09ecf5fb4d6343536600a06dd468b1cc1ecf4ec747c4,299,H010_L040_C055,H010_L040_C055,b385b04067eeb7883c3178e37c2b4d0c2f03e24216ad425bc239b139efd75eab,19.906825735563441,11.248374744078664,6.7846473090180686,39.995687534126006,54.192543566427446,9.5541721894897069,0.028695264956448301,0.67175640191484143,0.1638652953895951,0.32084371712930582,0.67175640191484143,0.1638652953895951,0.32084371712930582,44024,171,171,10739,42,42,21026,82,81,False,,1,,1,,1,EXPERIMENTAL_SHADOW,False,248,63d2bf74163ae773a7ab79455ec72fafef786576f0f7ab8c531f743cc27598b0
8283ab91b10f89ac758d09ecf5fb4d6343536600a06dd468b1cc1ecf4ec747c4,300,H010_L040_C060,H010_L040_C060,b385b04067eeb7883c3178e37c2b4d0c2f03e24216ad425bc239b139efd75eab,20.916575139328447,11.24718777861561,6.5823603472597449,39.99371784852849,59.116037489787381,10.42406200499909,0.028712803181018799,0.69540591597313117,0.11757362080152969,0.31686947167093632,0.69540591597313117,0.11757362080152969,0.31686947167093632,45573,177,177,7705,30,30,20766,81,81,False,,1,,1,,1,EXPERIMENTAL_SHADOW,False,249,871441df3f783f2353c9a776cb2a9353fb2e1fdfa790b388d0c1344b86b1a51e
8283ab91b10f89ac758d09ecf5fb4d6343536600a06dd468b1cc1ecf4ec747c4,301,H010_L040_C065,H010_L040_C065,b385b04067eeb7883c3178e37c2b4d0c2f03e24216ad425bc239b139efd75eab,21.962896296840491,11.247465425900202,6.3839079450624938,39.994178597060959,64.042918781045458,11.299151603258862,0.033232997360740799,0.71880474897775282,0.0344923309053441,0.31298258599426287,0.71880474897775282,0.0344923309053441,0.31298258599426287,47107,183,183,2260,9,9,20511,80,80,False,,1,,1,,1,EXPERIMENTAL_SHADOW,False,250,4466968e4053ebc4174ccd072d1c8df97f944021e964dfe3e7732c155ff63bf4
8283ab91b10f89ac758d09ecf5fb4d6343536600a06dd468b1cc1ecf4ec747c4,302,H010_L040_C070,H010_L040_C070,b385b04067eeb7883c3178e37c2b4d0c2f03e24216ad425bc239b139efd75eab,23.043699915022479,11.247997456061492,6.1889600106065625,39.995061466253681,68.968689324401865,12.17735420295929,0.039275039765607797,0.74194281587293542,-0.10286653695723449,0.30918067087099488,0.74194281587293542,0,0.30918067087099488,48623,189,189,0,0,0,20262,79,79,True,,1,,1,,1,EXPERIMENTAL_SHADOW,False,251,af4de70a70f8987702b5443fccd93ba0ead9a8c03a6a96df312aba80b4478da4
8283ab91b10f89ac758d09ecf5fb4d6343536600a06dd468b1cc1ecf4ec747c4,274,H010_L045_C005,H010_L045_C005,b385b04067eeb7883c3178e37c2b4d0c2f03e24216ad425bc239b139efd75eab,14.81955266777558,14.541249556276288,11.696206522081868,44.999353453143087,4.9352008772841627,0.86532961520287,0.0115808800898996,0.45173439342456262,0.40646638838175791,0.41258929047850579,0.45173439342456262,0.40646638838175791,0.41258929047850579,29604,115,116,26638,104,104,27039,105,105,False,DERIVED-RGB8-0154,2,,1,,1,EXPERIMENTAL_SHADOW,False,252,f90d5cda85514a8528b5ffd8068ae55cb7356789bb8f183b9079ccc5437c30ad
8283ab91b10f89ac758d09ecf5fb4d6343536600a06dd468b1cc1ecf4ec747c4,275,H010_L045_C010,H010_L045_C010,b385b04067eeb7883c3178e37c2b4d0c2f03e24216ad425bc239b139efd75eab,15.651608196391429,14.541080663265271,11.407490580765876,44.999117288102816,9.858353169208522,1.7303324146940249,0.011997740104639901,0.48402521782049401,0.39472795352266332,0.40780115546345452,0.48402521782049401,0.39472795352266332,0.40780115546345452,31721,123,124,25868,101,100,26725,104,103,False,,1,,1,,1,EXPERIMENTAL_SHADOW,False,253,85a7626e9759edacd80554b30b990fd75e791de39300d768e815f75b1d3b19ca
8283ab91b10f89ac758d09ecf5fb4d6343536600a06dd468b1cc1ecf4ec747c4,276,H010_L045_C015,H010_L045_C015,b385b04067eeb7883c3178e37c2b4d0c2f03e24216ad425bc239b139efd75eab,16.516016298570165,14.541611792784336,11.11936741361067,44.999859966452611,14.787246898643858,2.6099282730557727,0.0160244496650403,0.51485445060693857,0.38208709538334279,0.4029850858888277,0.51485445060693857,0.38208709538334279,0.4029850858888277,33741,131,132,25040,97,98,26410,103,103,False,,1,,1,,1,EXPERIMENTAL_SHADOW,False,254,e7a8f72500e00a27d1bc8e90d187f32fa3810533da79d11ee0cff0539747d0d4
8283ab91b10f89ac758d09ecf5fb4d6343536600a06dd468b1cc1ecf4ec747c4,277,H010_L045_C020,H010_L045_C020,b385b04067eeb7883c3178e37c2b4d0c2f03e24216ad425bc239b139efd75eab,17.409065376233549,14.540246838132823,10.841440506214219,44.997951314026551,19.713426066904681,3.4683667367771958,0.017955545753724898,0.54436218543962844,0.36841867456090832,0.39833860044418068,0.54436218543962844,0.36841867456090832,0.39833860044418068,35675,139,139,24144,94,94,26105,102,103,False,,1,,1,,1,EXPERIMENTAL_SHADOW,False,255,e46b74af6391196638817de04f9aeaca12f68cdbf2de126125d0848a023f0d2a
8283ab91b10f89ac758d09ecf5fb4d6343536600a06dd468b1cc1ecf4ec747c4,278,H010_L045_C025,H010_L045_C025,b385b04067eeb7883c3178e37c2b4d0c2f03e24216ad425bc239b139efd75eab,18.334384995916569,14.539638855535117,10.564619580047944,44.997101117322721,24.63841369092934,4.3399676089233008,0.0184840700553765,0.57286874067644877,0.35360406960993801,0.39367837535927808,0.57286874067644877,0.35360406960993801,0.39367837535927808,37543,146,147,23173,90,90,25800,100,101,False,,1,,1,,1,EXPERIMENTAL_SHADOW,False,256,1df9c5f0c5240f9ae206772330befe5724b3ca81de12050d53b92c7f02cb3fc9
8283ab91b10f89ac758d09ecf5fb4d6343536600a06dd468b1cc1ecf4ec747c4,279,H010_L045_C030,H010_L045_C030,b385b04067eeb7883c3178e37c2b4d0c2f03e24216ad425bc239b139efd75eab,19.292979862582911,14.539487604432932,10.294479732161646,44.996889605632568,29.565977992578208,5.2064277503285004,0.022198868934411201,0.60052840663252327,0.33744479783577508,0.38912192745752311,0.60052840663252327,0.33744479783577508,0.38912192745752311,39356,153,153,22114,86,85,25501,99,99,False,,1,,1,,1,EXPERIMENTAL_SHADOW,False,257,fde44a4f0937b826d5e69ea2cbbf035708720113105748242f0fbd9138695666
8283ab91b10f89ac758d09ecf5fb4d6343536600a06dd468b1cc1ecf4ec747c4,280,H010_L045_C035,H010_L045_C035,b385b04067eeb7883c3178e37c2b4d0c2f03e24216ad425bc239b139efd75eab,20.28428251866648,14.540193202411716,10.029109013284533,44.997876311330842,34.487713577029069,6.0745440653043881,0.019782743753840398,0.62744335537446516,0.3197307605684816,0.38463183215037988,0.62744335537446516,0.3197307605684816,0.38463183215037988,41120,160,160,20954,82,82,25207,98,99,False,,1,,1,,1,EXPERIMENTAL_SHADOW,False,258,4872af8bfd240067be671ed40dfd3e61c900ad44bb61be0f1bb9007fcf8dc9f8
8283ab91b10f89ac758d09ecf5fb4d6343536600a06dd468b1cc1ecf4ec747c4,281,H010_L045_C040,H010_L045_C040,b385b04067eeb7883c3178e37c2b4d0c2f03e24216ad425bc239b139efd75eab,21.307469111013184,14.538682548017617,9.76752665438236,44.995763778620578,39.415695431480927,6.9400378854470919,0.0244878780784702,0.65372910922012051,0.30004692883403022,0.38020008872586902,0.65372910922012051,0.30004692883403022,0.38020008872586902,42842,167,166,19664,77,77,24916,97,97,False,,1,,1,,1,EXPERIMENTAL_SHADOW,False,259,57c0efa0d3aea208c6524b4b4821ab26f86933e0b76586ab33f14722b81f000f
8283ab91b10f89ac758d09ecf5fb4d6343536600a06dd468b1cc1ecf4ec747c4,282,H010_L045_C045,H010_L045_C045,b385b04067eeb7883c3178e37c2b4d0c2f03e24216ad425bc239b139efd75eab,22.36515738631266,14.538032739826839,9.5113046086992306,44.994855027379536,44.341509213801245,7.8049735256947708,0.0273331855415305,0.67947665703334048,0.27799831182043488,0.37585559091440113,0.67947665703334048,0.27799831182043488,0.37585559091440113,44530,173,174,18219,71,72,24632,96,96,False,,1,,1,,1,EXPERIMENTAL_SHADOW,False,260,ede7ebfb1128ff0da68576c68e905e30087321d3cde4ec6453c16af92215dcf5
8283ab91b10f89ac758d09ecf5fb4d6343536600a06dd468b1cc1ecf4ec747c4,283,H010_L045_C050,H010_L045_C050,b385b04067eeb7883c3178e37c2b4d0c2f03e24216ad425bc239b139efd75eab,23.45738349199905,14.537924316019261,9.25735256171318,44.99470339496856,49.26451455149278,8.6790323438716612,0.024918000047269299,0.70475888279560905,0.2528845366553954,0.37153564642697312,0.70475888279560905,0.2528845366553954,0.37153564642697312,46186,180,180,16573,64,65,24349,95,95,False,,1,,1,,1,EXPERIMENTAL_SHADOW,False,261,fa366faaf1dd806d3abd5dbdf40a0ca691de4155305d63bfbdf5f9520cf9ce33
8283ab91b10f89ac758d09ecf5fb4d6343536600a06dd468b1cc1ecf4ec747c4,284,H010_L045_C055,H010_L045_C055,b385b04067eeb7883c3178e37c2b4d0c2f03e24216ad425bc239b139efd75eab,24.58523118319086,14.536792259489379,9.009772560307038,44.993120150962106,54.196391383579126,9.5442160857164833,0.033339695674529199,0.72964842041025157,0.2234783698807003,0.36733986448058581,0.72964842041025157,0.2234783698807003,0.36733986448058581,47818,186,186,14646,57,57,24074,94,93,False,,1,,1,,1,EXPERIMENTAL_SHADOW,False,262,c237ca355c6971741ef7cfd9ea02e7a4134aa60020647cda448ce482fdb96ef7
8283ab91b10f89ac758d09ecf5fb4d6343536600a06dd468b1cc1ecf4ec747c4,285,H010_L045_C060,H010_L045_C060,b385b04067eeb7883c3178e37c2b4d0c2f03e24216ad425bc239b139efd75eab,25.750587611593403,14.538391992136876,8.7645925975279262,44.99535744203375,59.119821935930069,10.423387286974004,0.0319805059257076,0.75419292291212736,0.18784095437696241,0.36317241808138839,0.75419292291212736,0.18784095437696241,0.36317241808138839,49426,192,192,12310,48,48,23801,93,93,False,,1,,1,,1,EXPERIMENTAL_SHADOW,False,263,9765210feb57ac794e6696ba67fdfd483785e6f3da44a804fd47982650d3fab9
8283ab91b10f89ac758d09ecf5fb4d6343536600a06dd468b1cc1ecf4ec747c4,286,H010_L045_C065,H010_L045_C065,b385b04067eeb7883c3178e37c2b4d0c2f03e24216ad425bc239b139efd75eab,26.948429653110569,14.537649039152004,8.5261383940416753,44.994318412525807,64.042127739464988,11.288699359183973,0.0302099541845267,0.77836295561132074,0.14110341175738861,0.3591468319355523,0.77836295561132074,0.14110341175738861,0.3591468319355523,51010,198,199,9247,36,36,23537,92,92,False,,1,,1,,1,EXPERIMENTAL_SHADOW,False,264,2d36a2cbe090fc1a669d8d7a2a93ebab200b8728fdd9b3e6b5f6ac46348e1e35
8283ab91b10f89ac758d09ecf5fb4d6343536600a06dd468b1cc1ecf4ec747c4,287,H010_L045_C070,H010_L045_C070,b385b04067eeb7883c3178e37c2b4d0c2f03e24216ad425bc239b139efd75eab,28.184390998811462,14.536976678640023,8.2904270064308676,44.993378077003513,68.97004065484002,12.16024592693925,0.034529818985473998,0.80228341801942094,0.065154688356398094,0.35517436517077,0.80228341801942094,0.065154688356398094,0.35517436517077,52578,205,205,4270,17,17,23276,91,91,False,,1,,1,,1,EXPERIMENTAL_SHADOW,False,265,947bde03413c5211b4afb9c4d4ca9d9b9b92c6e9bb5add08832a43576d752d07
8283ab91b10f89ac758d09ecf5fb4d6343536600a06dd468b1cc1ecf4ec747c4,288,H010_L045_C075,H010_L045_C075,b385b04067eeb7883c3178e37c2b4d0c2f03e24216ad425bc239b139efd75eab,29.458506500696707,14.537713686961611,8.0566845132382756,44.994408824742806,73.89300056536085,13.044397675084683,0.038905027507857001,0.82596270193148036,-0.091636146933482099,0.35123413529416858,0.82596270193148036,0,0.35123413529416858,54129,211,211,0,0,0,23018,90,90,True,,1,,1,,1,EXPERIMENTAL_SHADOW,False,266,629d78508358ca805c0c5d33bb79250202b3f93b7e822e7344748908b4ff3699
8283ab91b10f89ac758d09ecf5fb4d6343536600a06dd468b1cc1ecf4ec747c4,258,H010_L050_C005,H010_L050_C005,b385b04067eeb7883c3178e37c2b4d0c2f03e24216ad425bc239b139efd75eab,18.691047120810079,18.417491911570501,14.84008705103712,49.998614490965913,4.9328369427128482,0.87016831440267495,0.0091589002277286998,0.5013767667129303,0.45516683096715288,0.4613424986251225,0.5013767667129303,0.45516683096715288,0.4613424986251225,32858,128,128,29829,116,116,30234,118,117,False,DERIVED-RGB8-0167,2,,1,,1,EXPERIMENTAL_SHADOW,False,267,374f1eab843083539066523d885287f1837fd9b1ed5e55b742459125aed55de2
8283ab91b10f89ac758d09ecf5fb4d6343536600a06dd468b1cc1ecf4ec747c4,259,H010_L050_C010,H010_L050_C010,b385b04067eeb7883c3178e37c2b4d0c2f03e24216ad425bc239b139efd75eab,19.662554290960305,18.419544440502317,14.500669656822652,50.001066128326372,9.8520474985609461,1.7419366870817132,0.0068027157019403999,0.53452331461387048,0.44332815914308482,0.45643382565762092,0.53452331461387048,0.44332815914308482,0.45643382565762092,35030,136,137,29054,113,113,29912,116,116,False,,1,,1,,1,EXPERIMENTAL_SHADOW,False,268,3f6734050d96c06f9c2467f3cb2af98edea52dc25fb8ee126182893fd90a6c6a
8283ab91b10f89ac758d09ecf5fb4d6343536600a06dd468b1cc1ecf4ec747c4,260,H010_L050_C015,H010_L050_C015,b385b04067eeb7883c3178e37c2b4d0c2f03e24216ad425bc239b139efd75eab,20.667030480406162,18.418883688241124,14.168392821066394,50.00027691454126,14.784624041956128,2.603080612651798,0.0126313389617071,0.56620918230181083,0.4305975160290213,0.45161836606715022,0.56620918230181083,0.4305975160290213,0.45161836606715022,37107,144,146,28219,110,110,29597,115,115,False,,1,,1,,1,EXPERIMENTAL_SHADOW,False,269,db6e3b9678a54783c252989f3f65ed698c2152419f982a5a7df4db636a8ea5c4
8283ab91b10f89ac758d09ecf5fb4d6343536600a06dd468b1cc1ecf4ec747c4,261,H010_L050_C020,H010_L050_C020,b385b04067eeb7883c3178e37c2b4d0c2f03e24216ad425bc239b139efd75eab,21.702987640111985,18.416620670445983,13.838526807074746,49.997573784408289,19.715363785470007,3.4681105513342687,0.0199259605513184,0.59664427495352057,0.41692370735797041,0.44681289960808279,0.59664427495352057,0.41692370735797041,0.44681289960808279,39101,152,153,27323,106,106,29282,114,115,False,,1,,1,,1,EXPERIMENTAL_SHADOW,False,270,266f20684a572978b4a80cb0eb700813c697552cdd458cb4b862699d9ffa04a0
8283ab91b10f89ac758d09ecf5fb4d6343536600a06dd468b1cc1ecf4ec747c4,262,H010_L050_C025,H010_L050_C025,b385b04067eeb7883c3178e37c2b4d0c2f03e24216ad425bc239b139efd75eab,22.773283426055087,18.415080368799327,13.512098174177751,49.9957337978081,24.643674872341041,4.3392796690646884,0.0239365365805345,0.62605961494488305,0.40221676786187432,0.44203216710575599,0.62605961494488305,0.40221676786187432,0.44203216710575599,41029,160,160,26359,103,102,28969,113,113,False,,1,,1,,1,EXPERIMENTAL_SHADOW,False,271,a2d25fe51e213e1e38b3862acdd0a051a64b9a9fd988b80a8c3764f8bb24c10a
8283ab91b10f89ac758d09ecf5fb4d6343536600a06dd468b1cc1ecf4ec747c4,263,H010_L050_C030,H010_L050_C030,b385b04067eeb7883c3178e37c2b4d0c2f03e24216ad425bc239b139efd75eab,23.879599408569387,18.415750540663307,13.194625366383942,49.996534372600244,29.566732954148524,5.2046267720788908,0.023292236919630799,0.65460007878393078,0.3863587636992471,0.4373737974590069,0.65460007878393078,0.3863587636992471,0.4373737974590069,42899,167,168,25320,99,98,28663,112,112,False,,1,,1,,1,EXPERIMENTAL_SHADOW,False,272,3408564e15f18412dae216b136da7c6a68343c227d251135fabf13daba3487af
8283ab91b10f89ac758d09ecf5fb4d6343536600a06dd468b1cc1ecf4ec747c4,264,H010_L050_C035,H010_L050_C035,b385b04067eeb7883c3178e37c2b4d0c2f03e24216ad425bc239b139efd75eab,25.020223129695445,18.415956611298,12.879668610390752,49.996780536827416,34.488127546844773,6.0759757220917532,0.020161093504722699,0.68239509191704961,0.36911924415991182,0.43273205700503448,0.68239509191704961,0.36911924415991182,0.43273205700503448,44721,174,173,24190,94,95,28359,110,111,False,,1,,1,,1,EXPERIMENTAL_SHADOW,False,273,aeebb44cc0f861ad7ff142bce260991df83e6a44bb82ba914474545f3d771ed7
8283ab91b10f89ac758d09ecf5fb4d6343536600a06dd468b1cc1ecf4ec747c4,265,H010_L050_C040,H010_L050_C040,b385b04067eeb7883c3178e37c2b4d0c2f03e24216ad425bc239b139efd75eab,26.199106713288344,18.416990716973917,12.571532427343881,49.998015812832818,39.415579596649366,6.944020377024418,0.0234394880789296,0.70959117256905735,0.3502409656049959,0.42818712872130582,0.70959117256905735,0.3502409656049959,0.42818712872130582,46503,181,181,22953,89,90,28061,109,109,False,,1,,1,,1,EXPERIMENTAL_SHADOW,False,274,ab95891db6b0b290811e14898ebdc7b62b72ffc4fecdd19c1d3d856c8cd50d33
8283ab91b10f89ac758d09ecf5fb4d6343536600a06dd468b1cc1ecf4ec747c4,266,H010_L050_C045,H010_L050_C045,b385b04067eeb7883c3178e37c2b4d0c2f03e24216ad425bc239b139efd75eab,27.409846812732663,18.414749290216381,12.26661378525462,49.9953382903484,44.341487463307082,7.8103198380133456,0.025907441050088999,0.73617767026402625,0.3293694096899667,0.42368214582832758,0.73617767026402625,0.3293694096899667,0.42368214582832758,48245,188,188,21585,84,85,27766,108,108,False,,1,,1,,1,EXPERIMENTAL_SHADOW,False,275,fea1065a0413a10aa8e731e06a8140379f9698b532a28a8a2e7f0d13728d1366
8283ab91b10f89ac758d09ecf5fb4d6343536600a06dd468b1cc1ecf4ec747c4,267,H010_L050_C050,H010_L050_C050,b385b04067eeb7883c3178e37c2b4d0c2f03e24216ad425bc239b139efd75eab,28.660643820276125,18.414270180717228,11.966651831627452,49.994765936322139,49.271202925912419,8.680290123456345,0.031315607073459199,0.76232498696913298,0.30607428963757921,0.4192442827152783,0.76232498696913298,0.30607428963757921,0.4192442827152783,49959,194,194,20059,78,79,27475,107,106,False,,1,,1,,1,EXPERIMENTAL_SHADOW,False,276,c137013110189e0dc665a683a1b6860f636f6a8ed7cd10ef206941448124e105
8283ab91b10f89ac758d09ecf5fb4d6343536600a06dd468b1cc1ecf4ec747c4,268,H010_L050_C055,H010_L050_C055,b385b04067eeb7883c3178e37c2b4d0c2f03e24216ad425bc239b139efd75eab,29.94640142566384,18.413443173090982,11.671548328672229,49.993777952704647,54.193196226662856,9.5497579370879002,0.029472794446948499,0.78799946106510022,0.2796980346683422,0.41487614183920007,0.78799946106510022,0.2796980346683422,0.41487614183920007,51642,201,201,18330,71,72,27189,106,105,False,,1,,1,,1,EXPERIMENTAL_SHADOW,False,277,10cd3c019d1562139f1b9a74bef7d7fe83b3fd0d3b29342a1a2a9a95b92f5598
8283ab91b10f89ac758d09ecf5fb4d6343536600a06dd468b1cc1ecf4ec747c4,269,H010_L050_C060,H010_L050_C060,b385b04067eeb7883c3178e37c2b4d0c2f03e24216ad425bc239b139efd75eab,31.273366697626265,18.414508621953445,11.38203605235681,49.995050784350326,59.117594212139196,10.42100680079303,0.029587269646393299,0.81333591072523237,0.24911938881396931,0.41059406099667978,0.81333591072523237,0.24911938881396931,0.41059406099667978,53302,207,208,16326,64,64,26908,105,106,False,,1,,1,,1,EXPERIMENTAL_SHADOW,False,278,19e0eaa9805048c0f284cb3c23f0ca27aa7024a8c2ba841da9e0355840723952
8283ab91b10f89ac758d09ecf5fb4d6343536600a06dd468b1cc1ecf4ec747c4,270,H010_L050_C065,H010_L050_C065,b385b04067eeb7883c3178e37c2b4d0c2f03e24216ad425bc239b139efd75eab,32.635946231426985,18.412946135228903,11.098403072890315,49.993184152817278,64.044783560478649,11.283605055118894,0.0331797933947683,0.83830467714158186,0.2122947330342278,0.40641614113911367,0.83830467714158186,0.2122947330342278,0.40641614113911367,54938,214,214,13913,54,55,26634,104,104,False,,1,,1,,1,EXPERIMENTAL_SHADOW,False,279,b0404406a1e05d2adeab06ffce37f66e6ebd52259f40d3c5fb404a8c2432ded9
8283ab91b10f89ac758d09ecf5fb4d6343536600a06dd468b1cc1ecf4ec747c4,271,H010_L050_C070,H010_L050_C070,b385b04067eeb7883c3178e37c2b4d0c2f03e24216ad425bc239b139efd75eab,34.039845720572245,18.41309408663621,10.817471145716334,49.9933609081329,68.97114451469028,12.156147153600582,0.035282831199438099,0.86300285959626655,0.1650333045919303,0.40227500278727463,0.86300285959626655,0.1650333045919303,0.40227500278727463,56557,220,221,10815,42,43,26363,103,104,False,,1,,1,,1,EXPERIMENTAL_SHADOW,False,280,622fbbb249dcd8875d1565973072393bfe375175e3bfe04197c26ce5148b9674
8283ab91b10f89ac758d09ecf5fb4d6343536600a06dd468b1cc1ecf4ec747c4,272,H010_L050_C075,H010_L050_C075,b385b04067eeb7883c3178e37c2b4d0c2f03e24216ad425bc239b139efd75eab,35.484215865145899,18.414165219949989,10.540511274707381,49.994640546712887,73.895364466202381,13.03316889530166,0.036453471812256499,0.88743967298957038,0.093406767955404896,0.39819961741190291,0.88743967298957038,0.093406767955404896,0.39819961741190291,58158,226,227,6121,24,24,26096,102,102,False,,1,,1,,1,EXPERIMENTAL_SHADOW,False,281,c9580d1c9e4a519511714826d0ffa4e5f92b15d9a155d26811e24d7a3cc752d4
8283ab91b10f89ac758d09ecf5fb4d6343536600a06dd468b1cc1ecf4ec747c4,273,H010_L050_C080,H010_L050_C080,b385b04067eeb7883c3178e37c2b4d0c2f03e24216ad425bc239b139efd75eab,36.966736015520944,18.414899429773712,10.267004114417908,49.99551764809749,78.814306734297659,13.91376170250831,0.037155290037523901,0.91160873993189784,-0.071771772046132401,0.394183845424535,0.91160873993189784,0,0.394183845424535,59742,232,233,0,0,0,25833,101,100,True,,1,,1,,1,EXPERIMENTAL_SHADOW,False,282,ed6a2c2d6f668ca134a3b20d27055b2eb2993224324de4c9500b5fca4ec6955f
8283ab91b10f89ac758d09ecf5fb4d6343536600a06dd468b1cc1ecf4ec747c4,243,H010_L055_C005,H010_L055_C005,b385b04067eeb7883c3178e37c2b4d0c2f03e24216ad425bc239b139efd75eab,23.187048537865451,22.930058820684781,18.508464427188905,55.000222900160885,4.93342579981576,0.86530042249950423,0.0098642250749808001,0.55193164945665052,0.50482967532227208,0.51112496798596918,0.55193164945665052,0.50482967532227208,0.51112496798596918,36171,141,141,33084,129,129,33497,130,130,False,DERIVED-RGB8-0182,2,,1,,1,EXPERIMENTAL_SHADOW,False,283,7103c8e20c2beff6718e68ef2e2494bac288cfb97f10d638eed4dbc21af45187
8283ab91b10f89ac758d09ecf5fb4d6343536600a06dd468b1cc1ecf4ec747c4,244,H010_L055_C010,H010_L055_C010,b385b04067eeb7883c3178e37c2b4d0c2f03e24216ad425bc239b139efd75eab,24.305037197150195,22.929548127060475,18.11335252565155,54.999695795387879,9.855356567292306,1.7355473137936841,0.0073251566755598001,0.58585124784263876,0.49282097801317182,0.50610112030165355,0.58585124784263876,0.49282097801317182,0.50610112030165355,38394,149,150,32297,126,126,33167,129,129,False,,1,,1,,1,EXPERIMENTAL_SHADOW,False,284,eeb1b0314cc692749e15d7a58cf8d4dc0aaca6cae9e017cb694a03636e4070ed
8283ab91b10f89ac758d09ecf5fb4d6343536600a06dd468b1cc1ecf4ec747c4,245,H010_L055_C015,H010_L055_C015,b385b04067eeb7883c3178e37c2b4d0c2f03e24216ad425bc239b139efd75eab,25.45970602355661,22.928811973388079,17.724328029628289,54.998935971631774,14.783788556899546,2.6044379033270948,0.011739813176889,0.61835372385320808,0.48002133764532451,0.50113474687241955,0.61835372385320808,0.48002133764532451,0.50113474687241955,40524,158,158,31458,122,122,32842,128,127,False,,1,,1,,1,EXPERIMENTAL_SHADOW,False,285,9c299f0f1a62d01033d43faa45fcb5642ffaddb4013553b2c667ba4d026d1a88
8283ab91b10f89ac758d09ecf5fb4d6343536600a06dd468b1cc1ecf4ec747c4,246,H010_L055_C020,H010_L055_C020,b385b04067eeb7883c3178e37c2b4d0c2f03e24216ad425bc239b139efd75eab,26.651076370061055,22.928072090424024,17.342321115544955,54.998172282286149,19.715083005955705,3.470104672406582,0.019190919410954601,0.64965973893329587,0.46635734530762701,0.49624199078151021,0.64965973893329587,0.46635734530762701,0.49624199078151021,42575,166,165,30563,119,118,32521,127,126,False,,1,,1,,1,EXPERIMENTAL_SHADOW,False,286,7dd16a6c0ff9fa1791fa16a0adc65aec7299b384f1f9941703bf63a44b5fe3ef
8283ab91b10f89ac758d09ecf5fb4d6343536600a06dd468b1cc1ecf4ec747c4,247,H010_L055_C025,H010_L055_C025,b385b04067eeb7883c3178e37c2b4d0c2f03e24216ad425bc239b139efd75eab,27.877838480020955,22.928003228383336,16.964614339130712,54.998101203713361,24.638621711622623,4.339815641266509,0.0185709810066188,0.67991657339457445,0.45176542705432682,0.49138090052446759,0.67991657339457445,0.45176542705432682,0.49138090052446759,44558,173,174,29606,115,115,32203,125,126,False,,1,,1,,1,EXPERIMENTAL_SHADOW,False,287,d2b7b4b0e3d9fbbb4ab67369f9dd7829bd4a67fe2caa8efafefe2ca15302d002
8283ab91b10f89ac758d09ecf5fb4d6343536600a06dd468b1cc1ecf4ec747c4,248,H010_L055_C030,H010_L055_C030,b385b04067eeb7883c3178e37c2b4d0c2f03e24216ad425bc239b139efd75eab,29.141190942753543,22.927692117642948,16.592569963837345,54.997780077163192,29.561360275229987,5.2087705126309123,0.017314715063152301,0.70929845764325905,0.43609786145457341,0.48657761990149417,0.70929845764325905,0.43609786145457341,0.48657761990149417,46484,181,181,28580,111,111,31888,124,124,False,,1,,1,,1,EXPERIMENTAL_SHADOW,False,288,3d2b2add856a25ea1fc60e64e3b8e9351d76e0393eaafeb29b011eed0086750e
8283ab91b10f89ac758d09ecf5fb4d6343536600a06dd468b1cc1ecf4ec747c4,249,H010_L055_C035,H010_L055_C035,b385b04067eeb7883c3178e37c2b4d0c2f03e24216ad425bc239b139efd75eab,30.442868995005661,22.926666882065341,16.227439897709349,54.996721814885518,34.489971261280559,6.0730258550751435,0.022410660273933299,0.73795175543448654,0.41917724556326791,0.48185711342883419,0.73795175543448654,0.41917724556326791,0.48185711342883419,48362,188,187,27471,107,107,31579,123,123,False,,1,,1,,1,EXPERIMENTAL_SHADOW,False,289,b5bc71f96051a37c0e4c45117fa91fe28e4a6eda7ea5633603956ea262b434d9
8283ab91b10f89ac758d09ecf5fb4d6343536600a06dd468b1cc1ecf4ec747c4,250,H010_L055_C040,H010_L055_C040,b385b04067eeb7883c3178e37c2b4d0c2f03e24216ad425bc239b139efd75eab,31.783071732027768,22.926117152544951,15.866462817186196,54.996154363512858,39.417656442325651,6.9411433456733285,0.026083785150710699,0.76596117722285617,0.40084484211424543,0.47717523168922871,0.76596117722285617,0.40084484211424543,0.47717523168922871,50197,195,195,26269,102,103,31272,122,122,False,,1,,1,,1,EXPERIMENTAL_SHADOW,False,290,a4ff9f3cc6ea0a65d238f2e5fba3ae9502883bb190249317f3b88bc0724ad9fa
8283ab91b10f89ac758d09ecf5fb4d6343536600a06dd468b1cc1ecf4ec747c4,251,H010_L055_C045,H010_L055_C045,b385b04067eeb7883c3178e37c2b4d0c2f03e24216ad425bc239b139efd75eab,33.161504181499325,22.925879253362055,15.51036230017743,54.99590879226588,44.342060302247241,7.8110885091488447,0.026268089536733,0.79339053913957225,0.38086245804682978,0.47254562015659951,0.79339053913957225,0.38086245804682978,0.47254562015659951,51995,202,202,24960,97,97,30968,120,120,False,,1,,1,,1,EXPERIMENTAL_SHADOW,False,291,1df19bb0c7efa93f724fba01ec16dadbd87546c08a5be63b62e8c13583e0ed1f
8283ab91b10f89ac758d09ecf5fb4d6343536600a06dd468b1cc1ecf4ec747c4,252,H010_L055_C050,H010_L055_C050,b385b04067eeb7883c3178e37c2b4d0c2f03e24216ad425bc239b139efd75eab,34.579995050826973,22.925093096508327,15.159285432187168,54.995097270380406,49.271535987424727,8.6809199442998484,0.031554350500541402,0.82033945536946362,0.35885496182930748,0.4679767214027834,0.82033945536946362,0.35885496182930748,0.4679767214027834,53761,209,209,23518,92,92,30669,119,119,False,,1,,1,,1,EXPERIMENTAL_SHADOW,False,292,206c6a342e3a1cc67c420149143e13b9aa033a15308bb6d3cd0014471d3232ef
8283ab91b10f89ac758d09ecf5fb4d6343536600a06dd468b1cc1ecf4ec747c4,253,H010_L055_C055,H010_L055_C055,b385b04067eeb7883c3178e37c2b4d0c2f03e24216ad425bc239b139efd75eab,36.037974295924251,22.925761479633149,14.816063489312478,54.995787219796881,54.193218972283965,9.5469492881708167,0.029353166394845,0.84681816778876051,0.33444253906988441,0.4635123749433786,0.84681816778876051,0.33444253906988441,0.4635123749433786,55496,216,216,21918,85,85,30376,118,117,False,,1,,1,,1,EXPERIMENTAL_SHADOW,False,293,8cd811e10d58073514c7a100f15546a7e26f065aa2a82e3b7485f4d34e827c0d
8283ab91b10f89ac758d09ecf5fb4d6343536600a06dd468b1cc1ecf4ec747c4,254,H010_L055_C060,H010_L055_C060,b385b04067eeb7883c3178e37c2b4d0c2f03e24216ad425bc239b139efd75eab,37.535729118384701,22.925236034855164,14.475258665532859,54.995244821954927,59.118137275122216,10.418081819329084,0.030027474328026799,0.87291095826085818,0.30686656426331937,0.4590721697292301,0.87291095826085818,0.30686656426331937,0.4590721697292301,57206,223,222,20111,78,78,30085,117,117,False,,1,,1,,1,EXPERIMENTAL_SHADOW,False,294,4200b2e64733afb6f0d5b8e5bc3e11cf2a68f4375cab2c84928e04d708fc58b3
8283ab91b10f89ac758d09ecf5fb4d6343536600a06dd468b1cc1ecf4ec747c4,255,H010_L055_C065,H010_L055_C065,b385b04067eeb7883c3178e37c2b4d0c2f03e24216ad425bc239b139efd75eab,39.073863857971702,22.923766072809368,14.138608932944528,54.993727388709999,64.045509912417089,11.290445156538189,0.033766700200702,0.89865345471103464,0.27506148806152558,0.45468677029687898,0.89865345471103464,0.27506148806152558,0.45468677029687898,58893,229,228,18026,70,69,29798,116,116,False,,1,,1,,1,EXPERIMENTAL_SHADOW,False,295,aca9dd311ed559e7be431cc9cc84901594e888d0e6884cc480cb9e043a549e45
8283ab91b10f89ac758d09ecf5fb4d6343536600a06dd468b1cc1ecf4ec747c4,256,H010_L055_C070,H010_L055_C070,b385b04067eeb7883c3178e37c2b4d0c2f03e24216ad425bc239b139efd75eab,40.65539888144653,22.924124787758743,13.81005930091338,54.994097694043077,68.970723594458221,12.158506582570183,0.034867499028688298,0.92408839120789199,0.23723036982813531,0.45042156479043888,0.92408839120789199,0.23723036982813531,0.45042156479043888,60560,236,235,15547,60,60,29518,115,115,False,,1,,1,,1,EXPERIMENTAL_SHADOW,False,296,2955c26c8269b6e316ff0d92daa4a939314129e4d61aaf3e4e0da1dce2d10a06
8283ab91b10f89ac758d09ecf5fb4d6343536600a06dd468b1cc1ecf4ec747c4,257,H010_L055_C075,H010_L055_C075,b385b04067eeb7883c3178e37c2b4d0c2f03e24216ad425bc239b139efd75eab,42.277987884722712,22.923051124914483,13.484738869327895,54.992989328720739,73.899147757051026,13.029156486373459,0.039572131939899301,0.94924007732883864,0.1894260545861744,0.44620288210900838,0.94924007732883864,0.1894260545861744,0.44620288210900838,62208,242,241,12414,48,47,29242,114,113,False,,1,,1,,1,EXPERIMENTAL_SHADOW,False,297,cab7e7c21d53256d28b172ee3a3a831815409694474637222bd70b07d7edbcc8
8283ab91b10f89ac758d09ecf5fb4d6343536600a06dd468b1cc1ecf4ec747c4,229,H010_L060_C005,H010_L060_C005,b385b04067eeb7883c3178e37c2b4d0c2f03e24216ad425bc239b139efd75eab,28.350215405816115,28.123694498234642,22.730168524035541,60.000324472019862,4.9345179783835125,0.86979732572463053,0.010643523891938801,0.60334089656162104,0.55536852539631987,0.56172007770451615,0.60334089656162104,0.55536852539631987,0.56172007770451615,39540,154,154,36396,142,141,36812,143,143,False,,1,,1,,1,EXPERIMENTAL_SHADOW,False,298,20b89857bd54ff38ccfdcdf393b91ee2299c8f782c0efd5ac44a29563b574783
8283ab91b10f89ac758d09ecf5fb4d6343536600a06dd468b1cc1ecf4ec747c4,230,H010_L060_C010,H010_L060_C010,b385b04067eeb7883c3178e37c2b4d0c2f03e24216ad425bc239b139efd75eab,29.629125828938182,28.124422227607095,22.278471129527279,60.000979995086574,9.8584846792071907,1.7389240729518418,0.010708785285074201,0.63802550785303125,0.54323461053232658,0.55662531096664625,0.63802550785303125,0.54323461053232658,0.55662531096664625,41813,163,163,35601,139,138,36478,142,142,False,,1,,1,,1,EXPERIMENTAL_SHADOW,False,299,4df58583097b56d3a5034813ef3ea49e154a851f9d1d77e4d740075d068eebc3
8283ab91b10f89ac758d09ecf5fb4d6343536600a06dd468b1cc1ecf4ec747c4,231,H010_L060_C015,H010_L060_C015,b385b04067eeb7883c3178e37c2b4d0c2f03e24216ad425bc239b139efd75eab,30.945021617111077,28.123327293821195,21.832964928599203,59.999993697839002,14.786173331057809,2.6048925103675069,0.0140746490905264,0.67129499798277648,0.53035027148054681,0.55158288832679647,0.67129499798277648,0.53035027148054681,0.55158288832679647,43993,171,172,34757,135,135,36148,141,140,False,,1,,1,,1,EXPERIMENTAL_SHADOW,False,300,43cf0243cd1a967645b30cd72553fef5cb712011c4f8d98c48df3c1261805a0f
8283ab91b10f89ac758d09ecf5fb4d6343536600a06dd468b1cc1ecf4ec747c4,232,H010_L060_C020,H010_L060_C020,b385b04067eeb7883c3178e37c2b4d0c2f03e24216ad425bc239b139efd75eab,32.298726878420268,28.121947239111648,21.39360423457957,59.998750532171016,19.712868387428696,3.4700874972341422,0.016966996837680399,0.70336668476884934,0.51666925240949424,0.5465914121206058,0.70336668476884934,0.51666925240949424,0.5465914121206058,46095,179,180,33860,132,132,35821,139,140,False,,1,,1,,1,EXPERIMENTAL_SHADOW,False,301,4a5edb8ec5e30229eaedf6f436048abf85a6cb306e2be836662709daea816307
8283ab91b10f89ac758d09ecf5fb4d6343536600a06dd468b1cc1ecf4ec747c4,233,H010_L060_C025,H010_L060_C025,b385b04067eeb7883c3178e37c2b4d0c2f03e24216ad425bc239b139efd75eab,33.692458450728751,28.120725250965183,20.958075602029215,59.997649720330607,24.642824924607289,4.3397637208532291,0.022791970643126099,0.73445775113155332,0.50209766749672025,0.54162167421352991,0.73445775113155332,0.50209766749672025,0.54162167421352991,48133,187,188,32905,128,128,35495,138,139,False,,1,,1,,1,EXPERIMENTAL_SHADOW,False,302,a3dfc0e3f9149d026ad91bd2ddb406163b5a1c65af80f9cd3cb691cd6ceff12f
8283ab91b10f89ac758d09ecf5fb4d6343536600a06dd468b1cc1ecf4ec747c4,234,H010_L060_C030,H010_L060_C030,b385b04067eeb7883c3178e37c2b4d0c2f03e24216ad425bc239b139efd75eab,35.124167293735944,28.12102156189534,20.530431935176612,59.997916651037201,29.561629104502995,5.2078480561959406,0.017621650213531601,0.76462848264275884,0.486592077745159,0.53672641127059706,0.76462848264275884,0.486592077745159,0.53672641127059706,50110,195,196,31889,124,124,35174,137,137,False,,1,,1,,1,EXPERIMENTAL_SHADOW,False,303,ed4655e42cd21bdc9648613a74fe991dffe2f767e55f27c6b907bf6a50fd6c2d
8283ab91b10f89ac758d09ecf5fb4d6343536600a06dd468b1cc1ecf4ec747c4,235,H010_L060_C035,H010_L060_C035,b385b04067eeb7883c3178e37c2b4d0c2f03e24216ad425bc239b139efd75eab,36.596803840558074,28.119174999722691,20.106698132139162,59.996253151134603,34.491830083670685,6.0766378447995484,0.0238501968050473,0.79409321113822617,0.46992477584224468,0.53186307481804274,0.79409321113822617,0.46992477584224468,0.53186307481804274,52041,202,201,30797,120,120,34856,136,135,False,,1,,1,,1,EXPERIMENTAL_SHADOW,False,304,50d2bf56009ebcd47ab5f45b4f9e740919039e0889f25a22deca7240b42d3736
8283ab91b10f89ac758d09ecf5fb4d6343536600a06dd468b1cc1ecf4ec747c4,236,H010_L060_C040,H010_L060_C040,b385b04067eeb7883c3178e37c2b4d0c2f03e24216ad425bc239b139efd75eab,38.110803747557085,28.118844557596365,19.691895981544185,59.995955460302,39.418603874192158,6.9413530771565979,0.026998640821891101,0.82289039190409152,0.4520247563342818,0.52709621351571856,0.82289039190409152,0.4520247563342818,0.52709621351571856,53928,210,209,29623,115,115,34543,134,134,False,,1,,1,,1,EXPERIMENTAL_SHADOW,False,305,ea8408beff6e4aa38ac795e0323b6656612ebb77f983daeaa4dfbf78657b9448
8283ab91b10f89ac758d09ecf5fb4d6343536600a06dd468b1cc1ecf4ec747c4,237,H010_L060_C045,H010_L060_C045,b385b04067eeb7883c3178e37c2b4d0c2f03e24216ad425bc239b139efd75eab,39.664980530352736,28.11865630819657,19.279945525370771,59.995785867926557,44.341657822709379,7.8124513750852387,0.0257650105916017,0.85109872508770001,0.43268920875190769,0.52234430130743315,0.85109872508770001,0.43268920875190769,0.52234430130743315,55777,217,217,28356,110,111,34232,133,133,False,,1,,1,,1,EXPERIMENTAL_SHADOW,False,306,2be6e02734c9c6c4f04b8d43b61108c546cf3260df78012f9f184157e27e686f
8283ab91b10f89ac758d09ecf5fb4d6343536600a06dd468b1cc1ecf4ec747c4,238,H010_L060_C050,H010_L060_C050,b385b04067eeb7883c3178e37c2b4d0c2f03e24216ad425bc239b139efd75eab,41.262626676932477,28.118587996666509,18.875344692136878,59.995724326429496,49.269665283394936,8.6803568897006596,0.029646458411800601,0.8788192224536413,0.41163715916558757,0.51767596521693982,0.8788192224536413,0.41163715916558757,0.51767596521693982,57593,224,224,26977,105,105,33926,132,132,False,,1,,1,,1,EXPERIMENTAL_SHADOW,False,307,7d06b80f5d2ec0f7518f181c2265f7b5c80bb5051a5e6bd168cdb7fb8f18121b
8283ab91b10f89ac758d09ecf5fb4d6343536600a06dd468b1cc1ecf4ec747c4,239,H010_L060_C055,H010_L060_C055,b385b04067eeb7883c3178e37c2b4d0c2f03e24216ad425bc239b139efd75eab,42.900670651863209,28.117328592571447,18.477415661890586,59.994589718065562,54.196553062481442,9.5442836037236809,0.033211254710792601,0.90606074822808802,0.38854916361533071,0.5130851385088413,0.90606074822808802,0.38854916361533071,0.5130851385088413,59379,231,231,25464,99,99,33625,131,130,False,,1,,1,,1,EXPERIMENTAL_SHADOW,False,308,d39f717146fb850336d99acabd100a4b5732bf184a9553443d09f5ecedeef6a3
8283ab91b10f89ac758d09ecf5fb4d6343536600a06dd468b1cc1ecf4ec747c4,240,H010_L060_C060,H010_L060_C060,b385b04067eeb7883c3178e37c2b4d0c2f03e24216ad425bc239b139efd75eab,44.582870922818913,28.117280598723127,18.080261557647329,59.994546479310088,59.122693627917386,10.420891643115617,0.034683017751741999,0.93291795720489523,0.36298660970614571,0.50848398348159063,0.93291795720489523,0.36298660970614571,0.50848398348159063,61139,238,238,23788,93,93,33323,130,130,False,,1,,1,,1,EXPERIMENTAL_SHADOW,False,309,39c52c3a83ba011b709e623417bcab988baf1b8a3c55ef76838b6fd297b4b7d7
8283ab91b10f89ac758d09ecf5fb4d6343536600a06dd468b1cc1ecf4ec747c4,241,H010_L060_C065,H010_L060_C065,b385b04067eeb7883c3178e37c2b4d0c2f03e24216ad425bc239b139efd75eab,46.306899088452518,28.115598638116651,17.693617129642032,59.993031131458125,64.050721201263315,11.284183536803848,0.038960635420114,0.95938737742840319,0.33424823173386298,0.50402395687657264,0.95938737742840319,0.33424823173386298,0.50402395687657264,62873,245,245,21905,85,86,33031,129,129,False,,1,,1,,1,EXPERIMENTAL_SHADOW,False,310,d2d932cd0ceec507fc68b9911b5adfa36f4a9904ff9c5ffe484544493a803d75
8283ab91b10f89ac758d09ecf5fb4d6343536600a06dd468b1cc1ecf4ec747c4,242,H010_L060_C070,H010_L060_C070,b385b04067eeb7883c3178e37c2b4d0c2f03e24216ad425bc239b139efd75eab,48.076716594073851,28.11722827399705,17.309406741644544,59.994499338711726,68.97113141333665,12.159755943890559,0.0353350578247884,0.98553756818536276,0.30141179321094907,0.49957801799936929,0.98553756818536276,0.30141179321094907,0.49957801799936929,64587,251,252,19753,77,77,32740,127,128,False,,1,,1,,1,EXPERIMENTAL_SHADOW,False,311,e238bf1687b479d4629f84364637bb3a8839f50add60017e37709c76890519ea
8283ab91b10f89ac758d09ecf5fb4d6343536600a06dd468b1cc1ecf4ec747c4,217,H010_L065_C005,H010_L065_C005,b385b04067eeb7883c3178e37c2b4d0c2f03e24216ad425bc239b139efd75eab,34.228248553668955,34.047325195734977,27.554972521420918,65.000118736157773,4.9376872067445348,0.86453361331209055,0.014170254693832001,0.65554672025282434,0.60674948125646988,0.61322534898182013,0.65554672025282434,0.60674948125646988,0.61322534898182013,42961,167,168,39763,155,155,40188,156,157,False,DERIVED-RGB8-0207,2,,1,,1,EXPERIMENTAL_SHADOW,False,312,d869460adce4c97f328f3b9274057189ec6ccbe4fdb8927c26870e97be1634ea
8283ab91b10f89ac758d09ecf5fb4d6343536600a06dd468b1cc1ecf4ec747c4,218,H010_L065_C010,H010_L065_C010,b385b04067eeb7883c3178e37c2b4d0c2f03e24216ad425bc239b139efd75eab,35.676822573168337,34.047650579283712,27.037631193415248,65.000376769370575,9.8626756045490644,1.739065685959007,0.014804490790619599,0.69094788996250311,0.59447798782664873,0.60800282154967988,0.69094788996250311,0.59447798782664873,0.60800282154967988,45281,176,176,38959,152,151,39845,155,154,False,,1,,1,,1,EXPERIMENTAL_SHADOW,False,313,75277a8c12567cf4d0fd9bd6ef85072550f04a23640071c6bc730adc5b7b03df
8283ab91b10f89ac758d09ecf5fb4d6343536600a06dd468b1cc1ecf4ec747c4,219,H010_L065_C015,H010_L065_C015,b385b04067eeb7883c3178e37c2b4d0c2f03e24216ad425bc239b139efd75eab,37.162585556165197,34.044781712082425,26.530854330121048,64.998101665241066,14.78841442115414,2.6022592831304703,0.016604852040556901,0.7249230051004244,0.58149715864498075,0.60287762446345095,0.7249230051004244,0.58149715864498075,0.60287762446345095,47508,185,186,38108,148,148,39510,154,153,False,,1,,1,,1,EXPERIMENTAL_SHADOW,False,314,dd80b6d15b44f6383c247697a547b8fc388ef306f798781287f935f373f15ee6
8283ab91b10f89ac758d09ecf5fb4d6343536600a06dd468b1cc1ecf4ec747c4,220,H010_L065_C020,H010_L065_C020,b385b04067eeb7883c3178e37c2b4d0c2f03e24216ad425bc239b139efd75eab,38.692290451025457,34.045311326544173,26.029553764721108,64.998521676193462,19.71287768373864,3.4716623047573054,0.016796428332397102,0.75776395408550645,0.56780100963089752,0.59778274372015483,0.75776395408550645,0.56780100963089752,0.59778274372015483,49660,193,194,37211,145,145,39176,152,154,False,,1,,1,,1,EXPERIMENTAL_SHADOW,False,315,2ba29f37d91a6cc7b2ee122add8a9d33cd48bd8b1e97cc5967bed6a909a30cb0
8283ab91b10f89ac758d09ecf5fb4d6343536600a06dd468b1cc1ecf4ec747c4,221,H010_L065_C025,H010_L065_C025,b385b04067eeb7883c3178e37c2b4d0c2f03e24216ad425bc239b139efd75eab,40.264013921241805,34.045693223109389,25.53379618282192,64.998824536708355,24.639722847158371,4.3422973898567419,0.0195889647408155,0.78962079613628355,0.55327814719031665,0.59272604102120874,0.78962079613628355,0.55327814719031665,0.59272604102120874,51748,201,202,36259,141,141,38844,151,152,False,,1,,1,,1,EXPERIMENTAL_SHADOW,False,316,64748d239d04bfd9e7a2862c02a3f3ef3713e136b11239ab84e74d8a897ccbd1
8283ab91b10f89ac758d09ecf5fb4d6343536600a06dd468b1cc1ecf4ec747c4,222,H010_L065_C030,H010_L065_C030,b385b04067eeb7883c3178e37c2b4d0c2f03e24216ad425bc239b139efd75eab,41.875446624877135,34.045015654779156,25.044904377398417,64.998287194123691,29.563292449055481,5.2105342585653034,0.019202652353227,0.82057957931400782,0.53785252523505633,0.58772570066912988,0.82057957931400782,0.53785252523505633,0.58772570066912988,53777,209,210,35248,137,137,38517,150,150,False,,1,,1,,1,EXPERIMENTAL_SHADOW,False,317,d1a0671a76429b8e5f112473718b093069065dc10d4b36f1eb2f475d1132cc61
8283ab91b10f89ac758d09ecf5fb4d6343536600a06dd468b1cc1ecf4ec747c4,223,H010_L065_C035,H010_L065_C035,b385b04067eeb7883c3178e37c2b4d0c2f03e24216ad425bc239b139efd75eab,43.529155150426178,34.042564642460462,24.56362851104581,64.996343370039597,34.492467924923943,6.073925743035824,0.024732661672944498,0.85079371140172932,0.5213875916615246,0.58279623790164337,0.85079371140172932,0.5213875916615246,0.58279623790164337,55757,217,217,34169,133,134,38194,149,149,False,,1,,1,,1,EXPERIMENTAL_SHADOW,False,318,822635552b750bca15ce14bf7e5ebfa7161d4863bac146286daadd40389dac38
8283ab91b10f89ac758d09ecf5fb4d6343536600a06dd468b1cc1ecf4ec747c4,224,H010_L065_C040,H010_L065_C040,b385b04067eeb7883c3178e37c2b4d0c2f03e24216ad425bc239b139efd75eab,45.227791616282126,34.043758853310536,24.087337555443408,64.997290474368654,39.414776087325961,6.9445430434320166,0.022679448003834,0.88034845741776535,0.50384260560549665,0.57789744460435655,0.88034845741776535,0.50384260560549665,0.57789744460435655,57694,224,224,33019,128,129,37873,147,147,False,,1,,1,,1,EXPERIMENTAL_SHADOW,False,319,524d7dbccfcaa5eab8ed39ae2d4a34f0e1e754886a717cc5860ce23e683295bf
8283ab91b10f89ac758d09ecf5fb4d6343536600a06dd468b1cc1ecf4ec747c4,225,H010_L065_C045,H010_L065_C045,b385b04067eeb7883c3178e37c2b4d0c2f03e24216ad425bc239b139efd75eab,46.969029550624562,34.042680805152912,23.616777353533998,64.996435497280132,44.341992356923711,7.8129209212678852,0.0259699620010958,0.90932063281120556,0.48497598832686961,0.57305082252766937,0.90932063281120556,0.48497598832686961,0.57305082252766937,59592,232,231,31783,124,124,37555,146,145,False,,1,,1,,1,EXPERIMENTAL_SHADOW,False,320,ea527b2c010f3e07d5732292288729aea7edc1e357723a6c405270e7b7abee6f
8283ab91b10f89ac758d09ecf5fb4d6343536600a06dd468b1cc1ecf4ec747c4,226,H010_L065_C050,H010_L065_C050,b385b04067eeb7883c3178e37c2b4d0c2f03e24216ad425bc239b139efd75eab,48.7538448070298,34.041121087842775,23.153585491562481,64.995198486671441,49.269357964825566,8.6783781616564859,0.029627579056418999,0.93776312980250764,0.46462525681744488,0.56827627837974526,0.93776312980250764,0.46462525681744488,0.56827627837974526,61456,239,239,30449,118,119,37242,145,144,False,,1,,1,,1,EXPERIMENTAL_SHADOW,False,321,f7041ace4b9cc79753145fb27d52591fe49794cc733b0858b8c089fedb652919
8283ab91b10f89ac758d09ecf5fb4d6343536600a06dd468b1cc1ecf4ec747c4,227,H010_L065_C055,H010_L065_C055,b385b04067eeb7883c3178e37c2b4d0c2f03e24216ad425bc239b139efd75eab,50.583578331911696,34.039779554962365,22.692848157197847,64.99413448774061,54.196685788970797,9.5510924903879229,0.032817966882700701,0.96574944778834215,0.44254588925678601,0.56351157157081377,0.96574944778834215,0.44254588925678601,0.56351157157081377,63290,246,246,29002,113,113,36930,144,143,False,,1,,1,,1,EXPERIMENTAL_SHADOW,False,322,925d12dbbc25de60ee928164e0b06c8af49e665ae8271379aede5bf776b7b9a7
8283ab91b10f89ac758d09ecf5fb4d6343536600a06dd468b1cc1ecf4ec747c4,228,H010_L065_C060,H010_L065_C060,b385b04067eeb7883c3178e37c2b4d0c2f03e24216ad425bc239b139efd75eab,52.459517080033599,34.039845102005671,22.242327370959497,64.994186475177102,59.121767681783403,10.41786095043371,0.033787798775722903,0.99331093567539341,0.41843289300525649,0.55885793424272612,0.99331093567539341,0.41843289300525649,0.55885793424272612,65097,253,253,27422,107,107,36625,143,143,False,,1,,1,,1,EXPERIMENTAL_SHADOW,False,323,d91a4d2bfd17379c22116068dc541dce6988c762561c9b7f0b9e947e8dafd1b2
8283ab91b10f89ac758d09ecf5fb4d6343536600a06dd468b1cc1ecf4ec747c4,207,H010_L070_C005,H010_L070_C005,b385b04067eeb7883c3178e37c2b4d0c2f03e24216ad425bc239b139efd75eab,40.865631103330415,40.75060874158941,33.012600274452268,70.00083926633279,4.9317315806205455,0.86941821589126,0.0078718331300323009,0.70849229208186382,0.65896908769360785,0.66547400959368608,0.70849229208186382,0.65896908769360785,0.66547400959368608,46431,181,182,43186,168,169,43612,170,170,False,DERIVED-RGB8-0223,2,,1,,1,EXPERIMENTAL_SHADOW,False,324,b1ee263f6fe0f8419a42d04164c4e58ee9184b8587f97de3e361974348b9595b
8283ab91b10f89ac758d09ecf5fb4d6343536600a06dd468b1cc1ecf4ec747c4,208,H010_L070_C010,H010_L070_C010,b385b04067eeb7883c3178e37c2b4d0c2f03e24216ad425bc239b139efd75eab,42.493810376161683,40.748918491441877,32.429278097511755,69.999650204822814,9.8606168665344445,1.7407495070745682,0.013223184748156201,0.74456586162898974,0.6465467227300653,0.66017695073630756,0.74456586162898974,0.6465467227300653,0.66017695073630756,48795,190,191,42371,165,166,43265,168,169,False,,1,,1,,1,EXPERIMENTAL_SHADOW,False,325,acfa4f8954df5fc927c4664cbb05f9494092faa37cf640d699bdd2ad162995c5
8283ab91b10f89ac758d09ecf5fb4d6343536600a06dd468b1cc1ecf4ec747c4,209,H010_L070_C015,H010_L070_C015,b385b04067eeb7883c3178e37c2b4d0c2f03e24216ad425bc239b139efd75eab,44.164900143730826,40.746997120523325,31.857753021936809,69.99829851394648,14.790866401017231,2.6043546764106247,0.018846541070215099,0.77928227529446448,0.63347272050667514,0.6549754373733141,0.77928227529446448,0.63347272050667514,0.6549754373733141,51070,199,200,41515,162,162,42924,167,167,False,,1,,1,,1,EXPERIMENTAL_SHADOW,False,326,d045279f6dbf4c47fbeba8c429b58bf99bd4d536a5bf205e32e58fc3ce2db42e
8283ab91b10f89ac758d09ecf5fb4d6343536600a06dd468b1cc1ecf4ec747c4,210,H010_L070_C020,H010_L070_C020,b385b04067eeb7883c3178e37c2b4d0c2f03e24216ad425bc239b139efd75eab,45.878477317310434,40.74668936377995,31.28965443726786,69.998082002098656,19.71406982239904,3.475050791987222,0.018089085557252499,0.81283060649732775,0.61972627800507507,0.64977807272060217,0.81283060649732775,0.61972627800507507,0.64977807272060217,53269,207,208,40614,158,158,42583,166,167,False,,1,,1,,1,EXPERIMENTAL_SHADOW,False,327,d21566f8a69da8d5605e166e606a837040dc86e4ee2cdbb403a6f3461fd143b8
8283ab91b10f89ac758d09ecf5fb4d6343536600a06dd468b1cc1ecf4ec747c4,211,H010_L070_C025,H010_L070_C025,b385b04067eeb7883c3178e37c2b4d0c2f03e24216ad425bc239b139efd75eab,47.636725969892005,40.74622503969546,30.73027615174033,69.997755340530205,24.64026818658721,4.3425498103103255,0.020238394128691901,0.84540154964403125,0.60520579149046128,0.64464771051062675,0.84540154964403125,0.60520579149046128,0.64464771051062675,55403,216,217,39662,154,155,42247,164,166,False,,1,,1,,1,EXPERIMENTAL_SHADOW,False,328,3ab834a55630b9acef08288dd22f5d653716f2589bab1bfd78fcac902033039f
8283ab91b10f89ac758d09ecf5fb4d6343536600a06dd468b1cc1ecf4ec747c4,212,H010_L070_C030,H010_L070_C030,b385b04067eeb7883c3178e37c2b4d0c2f03e24216ad425bc239b139efd75eab,49.438201358907065,40.745704771606256,30.17654688707734,69.997389318252615,29.563583796242241,5.2116526210692635,0.0196881059939382,0.87709587237689812,0.58985427306530325,0.63955150051894993,0.87709587237689812,0.58985427306530325,0.63955150051894993,57480,224,224,38656,150,150,41913,163,163,False,,1,,1,,1,EXPERIMENTAL_SHADOW,False,329,8d8980aaca098cd4602339e0a8633f70e1d79355fac9b50ecbb45d3b1602cb3c
8283ab91b10f89ac758d09ecf5fb4d6343536600a06dd468b1cc1ecf4ec747c4,213,H010_L070_C035,H010_L070_C035,b385b04067eeb7883c3178e37c2b4d0c2f03e24216ad425bc239b139efd75eab,51.285502171394448,40.744831529583294,29.630163320277752,69.99677496252994,34.49052677457243,6.079281667940073,0.022515151521799798,0.9080514382896796,0.57356251517082191,0.63451172335879513,0.9080514382896796,0.57356251517082191,0.63451172335879513,59509,232,231,37588,146,147,41583,162,163,False,,1,,1,,1,EXPERIMENTAL_SHADOW,False,330,305c6b97b10b6c08d1a10d64ab40426866393c186b26c6489ed44f6fa29b681c
8283ab91b10f89ac758d09ecf5fb4d6343536600a06dd468b1cc1ecf4ec747c4,214,H010_L070_C040,H010_L070_C040,b385b04067eeb7883c3178e37c2b4d0c2f03e24216ad425bc239b139efd75eab,53.179376890353851,40.744212269416117,29.090940576195141,69.996339286436907,39.419579598995945,6.9463679910246814,0.027528101292494299,0.9383527532581778,0.55623390464840672,0.6295275034430492,0.9383527532581778,0.55623390464840672,0.6295275034430492,61495,239,239,36453,142,143,41256,161,161,False,,1,,1,,1,EXPERIMENTAL_SHADOW,False,331,d031dd953c9e551e543863b90b2f2d96116b75d1704b92831ee3242c901587df
8283ab91b10f89ac758d09ecf5fb4d6343536600a06dd468b1cc1ecf4ec747c4,215,H010_L070_C045,H010_L070_C045,b385b04067eeb7883c3178e37c2b4d0c2f03e24216ad425bc239b139efd75eab,55.117325043993354,40.74289279898295,28.560109274417144,69.995410967659609,44.345769654003114,7.8096386230174017,0.030171607263476199,0.96803278993706876,0.53775347965144205,0.62461510545301935,0.96803278993706876,0.53775347965144205,0.62461510545301935,63440,247,247,35242,137,138,40934,159,159,False,,1,,1,,1,EXPERIMENTAL_SHADOW,False,332,63add3951c62e02b79b5a5b44427673ff583e0e983fbeb8f806a16c76d3f2321
8283ab91b10f89ac758d09ecf5fb4d6343536600a06dd468b1cc1ecf4ec747c4,216,H010_L070_C050,H010_L070_C050,b385b04067eeb7883c3178e37c2b4d0c2f03e24216ad425bc239b139efd75eab,57.102042946564197,40.742425740475731,28.02971256635627,69.995082361948732,49.26999031894097,8.6840059353851409,0.0300391272758175,0.99719377170798285,0.51797337019804024,0.61968357413426522,0.99719377170798285,0.51797337019804024,0.61968357413426522,65351,254,255,33945,132,132,40611,158,158,False,,1,,1,,1,EXPERIMENTAL_SHADOW,False,333,6b8d60c5094f6f0bd072a4266aef5b27af8bb33da2dc6efa84bf6ce74733e94b
8283ab91b10f89ac758d09ecf5fb4d6343536600a06dd468b1cc1ecf4ec747c4,199,H010_L075_C005,H010_L075_C005,b385b04067eeb7883c3178e37c2b4d0c2f03e24216ad425bc239b139efd75eab,48.313178120882313,48.280221665317207,39.149371759501669,75.001330285470772,4.9355587603061029,0.87088894324853783,0.0119417341722856,0.76223601127511831,0.71193626099393936,0.71851608057938177,0.76223601127511831,0.71193626099393936,0.71851608057938177,49953,194,194,46657,182,181,47088,183,183,False,,1,,1,,1,EXPERIMENTAL_SHADOW,False,334,03bcb55bae92ec62511bdad229d5f2d4377de7d592a83db1dda7564e15e650ab
8283ab91b10f89ac758d09ecf5fb4d6343536600a06dd468b1cc1ecf4ec747c4,200,H010_L075_C010,H010_L075_C010,b385b04067eeb7883c3178e37c2b4d0c2f03e24216ad425bc239b139efd75eab,50.129829143935233,48.277753378629939,38.496916225960717,74.999779469614083,9.8593483395831285,1.739852199794667,0.0117392938668321,0.7988995429195116,0.69939845784496957,0.71315238776433121,0.7988995429195116,0.69939845784496957,0.71315238776433121,52356,204,204,45835,178,178,46736,182,181,False,,1,,1,,1,EXPERIMENTAL_SHADOW,False,335,19299cab3c4378b5dd4db6042c7987761bee20a321bd04a3bf0ee853018f72f1
8283ab91b10f89ac758d09ecf5fb4d6343536600a06dd468b1cc1ecf4ec747c4,201,H010_L075_C015,H010_L075_C015,b385b04067eeb7883c3178e37c2b4d0c2f03e24216ad425bc239b139efd75eab,51.995212815890177,48.277281782459958,37.856298220452032,74.999483161382372,14.787528488697577,2.6047996274594758,0.0154374645352991,0.83428472406014542,0.68624881990987985,0.70787209385740535,0.83428472406014542,0.68624881990987985,0.70787209385740535,54675,213,213,44973,175,175,46390,181,180,False,,1,,1,,1,EXPERIMENTAL_SHADOW,False,336,7a812769b70f3c21cd6cf269be52d03503dab778de16f6a8576572a44d3a80da
8283ab91b10f89ac758d09ecf5fb4d6343536600a06dd468b1cc1ecf4ec747c4,202,H010_L075_C020,H010_L075_C020,b385b04067eeb7883c3178e37c2b4d0c2f03e24216ad425bc239b139efd75eab,53.905574631208019,48.276051138328818,37.219961919069597,74.998709927214108,19.71589853957062,3.4728610960522928,0.019741226996182502,0.86854326952982752,0.67242901688626722,0.70260605501565465,0.86854326952982752,0.67242901688626722,0.70260605501565465,56920,221,222,44068,171,171,46045,179,180,False,,1,,1,,1,EXPERIMENTAL_SHADOW,False,337,e11103f8d117df95baea77dc450ccd2528dcb3b51e762c2c20d08a0727e114ab
8283ab91b10f89ac758d09ecf5fb4d6343536600a06dd468b1cc1ecf4ec747c4,203,H010_L075_C025,H010_L075_C025,b385b04067eeb7883c3178e37c2b4d0c2f03e24216ad425bc239b139efd75eab,55.860578883511032,48.275026351097274,36.590649476779362,74.998066026331003,24.639765298781093,4.3413502457616326,0.019661224385441399,0.90179557116122644,0.65790396758918135,0.69738032095496483,0.90179557116122644,0.65790396758918135,0.69738032095496483,59099,230,230,43116,168,168,45703,178,179,False,,1,,1,,1,EXPERIMENTAL_SHADOW,False,338,82d8930b9254701a62fe0d24f83108d0541e6d80889af3adbcba7e0a033fec6e
8283ab91b10f89ac758d09ecf5fb4d6343536600a06dd468b1cc1ecf4ec747c4,204,H010_L075_C030,H010_L075_C030,b385b04067eeb7883c3178e37c2b4d0c2f03e24216ad425bc239b139efd75eab,57.864664034565322,48.275651823743402,35.969015929819463,74.99845902839742,29.564933343285137,5.2108610114936837,0.020841801070060399,0.93421325245883435,0.64260249342815645,0.69220270570315034,0.93421325245883435,0.64260249342815645,0.69220270570315034,61224,238,238,42113,164,163,45364,177,176,False,,1,,1,,1,EXPERIMENTAL_SHADOW,False,339,602997b89cac1b0680dbcf0e3b78f7e13d0e3af725b52fa5f55ae0e8665c3bd8
8283ab91b10f89ac758d09ecf5fb4d6343536600a06dd468b1cc1ecf4ec747c4,205,H010_L075_C035,H010_L075_C035,b385b04067eeb7883c3178e37c2b4d0c2f03e24216ad425bc239b139efd75eab,59.912633601128938,48.272151429370368,35.351392745597735,74.996259588438676,34.493003378108178,6.0802680211834215,0.0251165742369895,0.96586293033607995,0.62640515063056834,0.6870444732272718,0.96586293033607995,0.62640515063056834,0.6870444732272718,63298,246,245,41051,160,160,45025,175,175,False,,1,,1,,1,EXPERIMENTAL_SHADOW,False,340,893a2293ce2d3eaf2f8d38ba15a53aff8f87a2572a6f6f257e49b4c5dcd899c9
8283ab91b10f89ac758d09ecf5fb4d6343536600a06dd468b1cc1ecf4ec747c4,206,H010_L075_C040,H010_L075_C040,b385b04067eeb7883c3178e37c2b4d0c2f03e24216ad425bc239b139efd75eab,62.012766947361357,48.273326954653086,34.747297170685087,74.996998230577233,39.418626140642957,6.945510071707738,0.026499591409933802,0.99685453546226044,0.60930037057367226,0.68199325535540278,0.99685453546226044,0.60930037057367226,0.68199325535540278,65329,254,253,39930,155,155,44694,174,173,False,,1,,1,,1,EXPERIMENTAL_SHADOW,False,341,14a9657f89c553c38af64db944f4f3881ebbeea8ad9007a504f13931c20ab51d
8283ab91b10f89ac758d09ecf5fb4d6343536600a06dd468b1cc1ecf4ec747c4,193,H010_L080_C005,H010_L080_C005,b385b04067eeb7883c3178e37c2b4d0c2f03e24216ad425bc239b139efd75eab,56.610668952702639,56.682070672875398,46.001713046031931,80.00044031373875,4.9354254760689003,0.87163211073839608,0.0119379547540669,0.81664501742824547,0.76563892332093753,0.77228586844163294,0.81664501742824547,0.76563892332093753,0.77228586844163294,53519,208,208,50176,195,195,50612,197,196,False,,1,,1,,1,EXPERIMENTAL_SHADOW,False,342,f0d3f7f34f52055a749d09d7a8cedd9ea333cf9b737580ea8754e3c9a403dd99
8283ab91b10f89ac758d09ecf5fb4d6343536600a06dd468b1cc1ecf4ec747c4,194,H010_L080_C010,H010_L080_C010,b385b04067eeb7883c3178e37c2b4d0c2f03e24216ad425bc239b139efd75eab,58.631289971183264,56.682065199115513,45.277666230706245,80.0004372235001,9.8592682999413288,1.7400194606488115,0.011717879126659701,0.85393057913708648,0.75299601068076494,0.76686776831511672,0.85393057913708648,0.75299601068076494,0.76686776831511672,55962,218,218,49348,192,192,50257,196,195,False,,1,,1,,1,EXPERIMENTAL_SHADOW,False,343,c6c5c1ac21869dc90727431d5a60378a968896ada4a49a74bf4d3abe1d0de343
8283ab91b10f89ac758d09ecf5fb4d6343536600a06dd468b1cc1ecf4ec747c4,195,H010_L080_C015,H010_L080_C015,b385b04067eeb7883c3178e37c2b4d0c2f03e24216ad425bc239b139efd75eab,60.700368372988834,56.680559904313945,44.559910099195136,79.999587394206074,14.788970345288533,2.608588303016357,0.017317554505255701,0.88996500631473663,0.73974267078897415,0.76147898948301018,0.88996500631473663,0.73974267078897415,0.76147898948301018,58324,227,227,48479,189,188,49904,194,193,False,,1,,1,,1,EXPERIMENTAL_SHADOW,False,344,5397c8817a478637e264dd90ea8b0c19343e3c502f490d29f4684b7edc86b65a
8283ab91b10f89ac758d09ecf5fb4d6343536600a06dd468b1cc1ecf4ec747c4,196,H010_L080_C020,H010_L080_C020,b385b04067eeb7883c3178e37c2b4d0c2f03e24216ad425bc239b139efd75eab,62.815041421847674,56.67907853644531,43.852036185403755,79.998751058412793,19.712818156098933,3.4744010406503989,0.016723811829866,0.92484467669514125,0.72587617161688101,0.75614904347074263,0.92484467669514125,0.72587617161688101,0.75614904347074263,60610,236,236,47570,185,185,49554,193,194,False,,1,,1,,1,EXPERIMENTAL_SHADOW,False,345,8880b2757c104a7b686caa29af0f7073de36824ffcbcf4a791148ce5a4fee99c
8283ab91b10f89ac758d09ecf5fb4d6343536600a06dd468b1cc1ecf4ec747c4,197,H010_L080_C025,H010_L080_C025,b385b04067eeb7883c3178e37c2b4d0c2f03e24216ad425bc239b139efd75eab,64.981198693145416,56.678967970463134,43.149097740220334,79.998688635596622,24.639924392772294,4.3447868531109934,0.0200907158178582,0.95879609728624715,0.7113288805865472,0.75083584570080908,0.95879609728624715,0.7113288805865472,0.75083584570080908,62835,244,245,46617,181,181,49206,191,192,False,,1,,1,,1,EXPERIMENTAL_SHADOW,False,346,b4a0788ef0f8b4ad9efe298d2f4480827948834355d60b9124d88cb638e2d969
8283ab91b10f89ac758d09ecf5fb4d6343536600a06dd468b1cc1ecf4ec747c4,198,H010_L080_C030,H010_L080_C030,b385b04067eeb7883c3178e37c2b4d0c2f03e24216ad425bc239b139efd75eab,67.194663065183065,56.676879967622455,42.455733573752781,79.99750978564451,29.567601241347049,5.2107030376113084,0.0235694117689806,0.99187837692488545,0.69603241204121491,0.74558521778245757,0.99187837692488545,0.69603241204121491,0.74558521778245757,65003,253,253,45614,177,177,48862,190,190,False,,1,,1,,1,EXPERIMENTAL_SHADOW,False,347,c460314f01a252e959d382b437d28621827096701a7eab280cf42ca202fd59a1
8283ab91b10f89ac758d09ecf5fb4d6343536600a06dd468b1cc1ecf4ec747c4,189,H010_L085_C005,H010_L085_C005,b385b04067eeb7883c3178e37c2b4d0c2f03e24216ad425bc239b139efd75eab,65.812090845189445,66.010038338876811,53.613407188510728,85.001537343197498,4.9366859096487969,0.87247734820474765,0.0134755866435945,0.87176975227873188,0.82007078181909365,0.82678556715392748,0.87176975227873188,0.82007078181909365,0.82678556715392748,57131,222,222,53743,209,209,54183,211,210,False,,1,,1,,1,EXPERIMENTAL_SHADOW,False,348,1d6032a14878f913e1aafb7691a613c8415052e7892a9020f050a1f21e32ce87
8283ab91b10f89ac758d09ecf5fb4d6343536600a06dd468b1cc1ecf4ec747c4,190,H010_L085_C010,H010_L085_C010,b385b04067eeb7883c3178e37c2b4d0c2f03e24216ad425bc239b139efd75eab,68.043413342680296,66.008289844110834,52.809551364168037,85.000645548438442,9.8612391109998399,1.741272728588128,0.0139939954562116,0.90963118736489601,0.80729718516675597,0.82128277652926096,0.90963118736489601,0.80729718516675597,0.82128277652926096,59613,232,233,52906,206,206,53823,209,209,False,,1,,1,,1,EXPERIMENTAL_SHADOW,False,349,c11181ea7af1aa92741b01f68ae3ec9823fef761709659826748da60da1edc1b
8283ab91b10f89ac758d09ecf5fb4d6343536600a06dd468b1cc1ecf4ec747c4,191,H010_L085_C015,H010_L085_C015,b385b04067eeb7883c3178e37c2b4d0c2f03e24216ad425bc239b139efd75eab,70.325002912740658,66.005816817863007,52.015151993917698,84.999384189865282,14.788226121186632,2.6079129765185671,0.016454611048482701,0.94624775396430116,0.79395359914739272,0.81582942157868321,0.94624775396430116,0.79395359914739272,0.81582942157868321,62012,241,242,52032,202,202,53465,208,207,False,,1,,1,,1,EXPERIMENTAL_SHADOW,False,350,9cf0bd6c23a296bb066ee464ef8bdba9171054c3eae67c61f94b6681d8be0da1
8283ab91b10f89ac758d09ecf5fb4d6343536600a06dd468b1cc1ecf4ec747c4,192,H010_L085_C020,H010_L085_C020,b385b04067eeb7883c3178e37c2b4d0c2f03e24216ad425bc239b139efd75eab,72.658934638799053,66.00489238757649,51.231410033459767,84.998912679271982,19.715776486911864,3.472971764406108,0.019606680071462101,0.98178383903457223,0.78001769708526336,0.81043458012252612,0.98178383903457223,0.78001769708526336,0.81043458012252612,64341,250,251,51118,199,199,53112,207,208,False,,1,,1,,1,EXPERIMENTAL_SHADOW,False,351,92d3dc7a8873feccde939630a816d86f0fc185ccf0a8bc010d76441ad78679f4
8283ab91b10f89ac758d09ecf5fb4d6343536600a06dd468b1cc1ecf4ec747c4,187,H010_L090_C005,H010_L090_C005,b385b04067eeb7883c3178e37c2b4d0c2f03e24216ad425bc239b139efd75eab,75.955863505928122,76.305363635418843,62.019070682303457,90.000930594972004,4.9365816318304168,0.87284290253881724,0.0134432142920889,0.92752354036932616,0.87517192342857464,0.88195218876151293,0.92752354036932616,0.87517192342857464,0.88195218876151293,60785,237,237,57354,223,224,57799,225,225,False,,1,,1,,1,EXPERIMENTAL_SHADOW,False,352,087867a99689f817cdd34a9a952a5cae6dec5b7679ee11d5e4a59047d2ed0bc2
8283ab91b10f89ac758d09ecf5fb4d6343536600a06dd468b1cc1ecf4ec747c4,188,H010_L090_C010,H010_L090_C010,b385b04067eeb7883c3178e37c2b4d0c2f03e24216ad425bc239b139efd75eab,78.410505435840889,76.304852945980443,61.134802166497245,90.0006941167224,9.8599664609311812,1.7410271775251784,0.0127196709627251,0.96593886755412117,0.8622924500704674,0.87639150683213951,0.96593886755412117,0.8622924500704674,0.87639150683213951,63303,246,248,56510,220,220,57434,223,224,False,,1,,1,,1,EXPERIMENTAL_SHADOW,False,353,73df1b0c89f8b34803e42f3ba60448712e1f3d95ce3042f7fb5c331dba725640
8283ab91b10f89ac758d09ecf5fb4d6343536600a06dd468b1cc1ecf4ec747c4,524,H015_L005_C005,H015_L005_C005,b385b04067eeb7883c3178e37c2b4d0c2f03e24216ad425bc239b139efd75eab,0.65305519873450035,0.55303573242688975,0.38734591995918721,4.9955512882071922,4.848216955775503,1.2966825165822429,0.019314540399917798,0.097430771622893694,0.0542895970700931,0.057565276604283497,0.097430771622893694,0.0542895970700931,0.057565276604283497,6385,25,25,3558,14,14,3773,15,15,False,,1,,1,,1,EXPERIMENTAL_SHADOW,False,354,7d4373e1b958baa1a1836ee7e0b1241294d2c8e8d09b44125708b0e423a53db7
8283ab91b10f89ac758d09ecf5fb4d6343536600a06dd468b1cc1ecf4ec747c4,520,H015_L010_C005,H015_L010_C005,b385b04067eeb7883c3178e37c2b4d0c2f03e24216ad425bc239b139efd75eab,1.2322210764514343,1.1269313362931961,0.84954394087428542,10.00701297555212,4.8142989062874415,1.3196224240199506,0.0305728543441602,0.13451006662333209,0.098643361623798095,0.1014810265516614,0.13451006662333209,0.098643361623798095,0.1014810265516614,8815,34,34,6465,25,25,6651,26,26,False,DERIVED-RGB8-0045,2,,1,,1,EXPERIMENTAL_SHADOW,False,355,93041a2196c6f007ad160285722491894f6baa303430e6d9bf60ddeffa367e4e
8283ab91b10f89ac758d09ecf5fb4d6343536600a06dd468b1cc1ecf4ec747c4,521,H015_L010_C010,H015_L010_C010,b385b04067eeb7883c3178e37c2b4d0c2f03e24216ad425bc239b139efd75eab,1.3909779214578282,1.1250584948069673,0.77772366361445877,9.992598012787651,9.6959895313385864,2.5574416873675121,0.048445690422727297,0.15842113827874529,0.087564411793225605,0.095661224137020204,0.15842113827874529,0.087564411793225605,0.095661224137020204,10382,40,41,5739,22,23,6269,24,24,False,,1,,1,,1,EXPERIMENTAL_SHADOW,False,356,20c68ab9004c026e7d1de3553f7f6f42f24cadc4660c89ee56dba10a1d5cdfd5
8283ab91b10f89ac758d09ecf5fb4d6343536600a06dd468b1cc1ecf4ec747c4,522,H015_L010_C015,H015_L010_C015,b385b04067eeb7883c3178e37c2b4d0c2f03e24216ad425bc239b139efd75eab,1.5622515810868574,1.125566705870122,0.70555426874773663,9.9965112129750686,14.483426278826052,3.9085869884114608,0.027076539995717901,0.1803507964483666,0.074489962277704103,0.089498680131964506,0.1803507964483666,0.074489962277704103,0.089498680131964506,11819,46,46,4882,19,19,5865,23,23,False,,1,,1,,1,EXPERIMENTAL_SHADOW,False,357,899846f650633d4089d15f846f3ad57c7847f44460d22c7af65c65f8e2426faf
8283ab91b10f89ac758d09ecf5fb4d6343536600a06dd468b1cc1ecf4ec747c4,523,H015_L010_C020,H015_L010_C020,b385b04067eeb7883c3178e37c2b4d0c2f03e24216ad425bc239b139efd75eab,1.749072710180928,1.1252577165485376,0.63907968376631064,9.9941321508039813,19.348968963025388,5.1600823816777659,0.035057866873781797,0.20125054908723569,0.057587145754259599,0.083648440730719906,0.20125054908723569,0.057587145754259599,0.083648440730719906,13189,51,52,3774,15,16,5482,21,22,False,,1,,1,,1,EXPERIMENTAL_SHADOW,False,358,440c62082b57a0bf6b233a65b6aea0ca8b7634aa98f0d932770c4c69b1c60713
8283ab91b10f89ac758d09ecf5fb4d6343536600a06dd468b1cc1ecf4ec747c4,514,H015_L015_C005,H015_L015_C005,b385b04067eeb7883c3178e37c2b4d0c2f03e24216ad425bc239b139efd75eab,2.0463352940506403,1.9077436712617493,1.462682516541937,14.995453601382556,4.8492455709636122,1.2796451355032381,0.024810507985423301,0.17604082929303161,0.1382137843900253,0.1413309282021275,0.17604082929303161,0.1382137843900253,0.1413309282021275,11537,45,45,9058,35,35,9262,36,36,False,,1,,1,,1,EXPERIMENTAL_SHADOW,False,359,1bcdea297324e3fc9685da36a9f6539b83a8aab48c0d52686dff6839ab327584
8283ab91b10f89ac758d09ecf5fb4d6343536600a06dd468b1cc1ecf4ec747c4,515,H015_L015_C010,H015_L015_C010,b385b04067eeb7883c3178e37c2b4d0c2f03e24216ad425bc239b139efd75eab,2.2676971545120432,1.9080374936618811,1.3569434597660797,14.99704478144152,9.6647474480253681,2.5708768934454618,0.018398315885356301,0.201507155066422,0.12739993281887549,0.13504176016986741,0.201507155066422,0.12739993281887549,0.13504176016986741,13206,51,52,8349,32,32,8850,34,34,False,,1,,1,,1,EXPERIMENTAL_SHADOW,False,360,a47fed65b4343b8599098e95940c0750d50193a93f0ba5828624dbb65d478f75
8283ab91b10f89ac758d09ecf5fb4d6343536600a06dd468b1cc1ecf4ec747c4,516,H015_L015_C015,H015_L015_C015,b385b04067eeb7883c3178e37c2b4d0c2f03e24216ad425bc239b139efd75eab,2.504267627497375,1.90822438313424,1.2547433540600574,14.998056786749608,14.478687946157892,3.883271756298456,0.010440614527611801,0.2251508549299174,0.1147581849014578,0.12875671827294,0.2251508549299174,0.1147581849014578,0.12875671827294,14755,57,56,7521,29,29,8438,33,32,False,,1,,1,,1,EXPERIMENTAL_SHADOW,False,361,7cfb45c8629d20f09b08693d41e1b18f7076d35c3cd252abb034f1380a5e2b41
8283ab91b10f89ac758d09ecf5fb4d6343536600a06dd468b1cc1ecf4ec747c4,517,H015_L015_C020,H015_L015_C020,b385b04067eeb7883c3178e37c2b4d0c2f03e24216ad425bc239b139efd75eab,2.7587648982397117,1.9093058985574407,1.1593425646509663,15.003911888699299,19.309105444454548,5.1827105341869792,0.011974280304774799,0.24758862393306799,0.0996339837967989,0.1227231199247335,0.24758862393306799,0.0996339837967989,0.1227231199247335,16226,63,62,6530,25,25,8043,31,31,False,,1,,1,,1,EXPERIMENTAL_SHADOW,False,362,c90daff3f7b02e4377e51f0791b5219da9250902ec2c9ed99c3feb1c2df60857
8283ab91b10f89ac758d09ecf5fb4d6343536600a06dd468b1cc1ecf4ec747c4,518,H015_L015_C025,H015_L015_C025,b385b04067eeb7883c3178e37c2b4d0c2f03e24216ad425bc239b139efd75eab,3.0278111519400288,1.9086992083768224,1.0678095319190046,15.000627665260703,24.141855725538317,6.4824375380513164,0.013486650509262,0.26897782122304148,0.080752806533601604,0.1167723508340846,0.26897782122304148,0.080752806533601604,0.1167723508340846,17627,69,68,5292,21,20,7653,30,30,False,,1,,1,,1,EXPERIMENTAL_SHADOW,False,363,a5b2b2f4e0207058f95e47906a7a2e8e8e16e8acfe7a69f27b0b166b25e42280
8283ab91b10f89ac758d09ecf5fb4d6343536600a06dd468b1cc1ecf4ec747c4,519,H015_L015_C030,H015_L015_C030,b385b04067eeb7883c3178e37c2b4d0c2f03e24216ad425bc239b139efd75eab,3.3151182504017465,1.9083467490996773,0.98145546657488558,14.998719361882014,28.9901560380669,7.7809740790182769,0.020552911579548399,0.2896978395939348,0.055447361722901503,0.1110188803229535,0.2896978395939348,0.055447361722901503,0.1110188803229535,18985,74,74,3634,14,14,7276,28,28,False,,1,,1,,1,EXPERIMENTAL_SHADOW,False,364,c2ca8c8908616b83821078337cdf287231286dc3f84a130d08a76a01d75d06cf
8283ab91b10f89ac758d09ecf5fb4d6343536600a06dd468b1cc1ecf4ec747c4,506,H015_L020_C005,H015_L020_C005,b385b04067eeb7883c3178e37c2b4d0c2f03e24216ad425bc239b139efd75eab,3.1588744753579885,2.989005692706832,2.3125996913739297,19.999812318268773,4.8379365500443594,1.3025962708702266,0.0119046171620337,0.21903042092334191,0.1796668549323869,0.1826470874712029,0.21903042092334191,0.1796668549323869,0.1826470874712029,14354,56,56,11774,46,46,11970,47,47,False,DERIVED-RGB8-0084,2,,1,,1,EXPERIMENTAL_SHADOW,False,365,5f024d7516cf8c94d5047b85597a5cee96d3904b586fd38042a7f7501265d854
8283ab91b10f89ac758d09ecf5fb4d6343536600a06dd468b1cc1ecf4ec747c4,507,H015_L020_C010,H015_L020_C010,b385b04067eeb7883c3178e37c2b4d0c2f03e24216ad425bc239b139efd75eab,3.4540542873541931,2.98941072973297,2.1686788902822265,20.001438343759208,9.6672841465640076,2.5930507248038359,0.0094522463069787004,0.2460216327281608,0.16875369897715151,0.1761001629336619,0.2460216327281608,0.16875369897715151,0.1761001629336619,16123,63,63,11059,43,42,11541,45,44,False,,1,,1,,1,EXPERIMENTAL_SHADOW,False,366,3b79d267d7c6f5ca0fb1849a57e08d8759c430c96dde20a9ca40f0ccace724f8
8283ab91b10f89ac758d09ecf5fb4d6343536600a06dd468b1cc1ecf4ec747c4,508,H015_L020_C015,H015_L020_C015,b385b04067eeb7883c3178e37c2b4d0c2f03e24216ad425bc239b139efd75eab,3.765518004828126,2.9883124896716371,2.0299498323113712,19.997029106373631,14.499299657997176,3.881761543796558,0.010829082624142001,0.27115019352463438,0.1562626510356368,0.1696210765599995,0.27115019352463438,0.1562626510356368,0.1696210765599995,17770,69,68,10241,40,40,11116,43,43,False,,1,,1,,1,EXPERIMENTAL_SHADOW,False,367,9f692561933c3c4c746a6a857d9f730eb5158238c6316f828a03bc29e429a5e9
8283ab91b10f89ac758d09ecf5fb4d6343536600a06dd468b1cc1ecf4ec747c4,509,H015_L020_C020,H015_L020_C020,b385b04067eeb7883c3178e37c2b4d0c2f03e24216ad425bc239b139efd75eab,4.0973674371781446,2.9889821152596587,1.8994893063627405,19.999717661829791,19.332002939238897,5.1605072104682019,0.020856410094590602,0.29500063931626003,0.14189238233099491,0.16337608206822199,0.29500063931626003,0.14189238233099491,0.16337608206822199,19333,75,75,9299,36,36,10707,42,42,False,,1,,1,,1,EXPERIMENTAL_SHADOW,False,368,14a38a254e40f9103701ef1c92d79472dd87415a52fcb3aa6ccf8fc9177ec42d
8283ab91b10f89ac758d09ecf5fb4d6343536600a06dd468b1cc1ecf4ec747c4,510,H015_L020_C025,H015_L020_C025,b385b04067eeb7883c3178e37c2b4d0c2f03e24216ad425bc239b139efd75eab,4.4457194559937259,2.9876380183858067,1.7721984859979321,19.994320689339769,24.166717015980776,6.4518992478710739,0.026922775365212599,0.3177778512257779,0.12484203878185759,0.15712431491804199,0.3177778512257779,0.12484203878185759,0.15712431491804199,20826,81,81,8182,32,32,10297,40,41,False,,1,,1,,1,EXPERIMENTAL_SHADOW,False,369,bf802aa065dcf11745bc4fceee55128ebf17874c5ef2712976d1a43d4bf65327
8283ab91b10f89ac758d09ecf5fb4d6343536600a06dd468b1cc1ecf4ec747c4,511,H015_L020_C030,H015_L020_C030,b385b04067eeb7883c3178e37c2b4d0c2f03e24216ad425bc239b139efd75eab,4.8148905128363735,2.9879185041125469,1.6499233753764833,19.995447061545288,28.993892167516744,7.7633348595645186,0.016771633321798301,0.3398053452573962,0.10410376721115849,0.1509578188973511,0.3398053452573962,0.10410376721115849,0.1509578188973511,22269,87,87,6822,27,27,9893,38,38,False,,1,,1,,1,EXPERIMENTAL_SHADOW,False,370,9e175dcce82bd1cce2bd60869831e02be624831e3a994551554249f5f7865c1a
8283ab91b10f89ac758d09ecf5fb4d6343536600a06dd468b1cc1ecf4ec747c4,512,H015_L020_C035,H015_L020_C035,b385b04067eeb7883c3178e37c2b4d0c2f03e24216ad425bc239b139efd75eab,5.20492743725677,2.9890643005257944,1.533329190407501,20.000047609076724,33.817885332865977,9.0816460915887127,0.0252283093197322,0.36122500910860872,0.077169627616118799,0.14494125991371951,0.36122500910860872,0.077169627616118799,0.14494125991371951,23673,92,92,5057,20,19,9499,37,37,False,,1,,1,,1,EXPERIMENTAL_SHADOW,False,371,631cdf7665edeb7ce8a451c36a3a24e3ec42bd648be5d314f8738d816151e018
8283ab91b10f89ac758d09ecf5fb4d6343536600a06dd468b1cc1ecf4ec747c4,513,H015_L020_C040,H015_L020_C040,b385b04067eeb7883c3178e37c2b4d0c2f03e24216ad425bc239b139efd75eab,5.6147464979933508,2.9896586758338919,1.4238049768898422,20.002433653570336,38.642996004354671,10.378663341981577,0.026660592573638099,0.38210105077388912,0.036202804068178197,0.13920109717320581,0.38210105077388912,0.036202804068178197,0.13920109717320581,25041,97,98,2373,9,8,9123,35,36,False,,1,,1,,1,EXPERIMENTAL_SHADOW,False,372,62b656f437397428f839eeb4036ca40ce1d3e5b0ecd6daf6fc1446738b979db9
8283ab91b10f89ac758d09ecf5fb4d6343536600a06dd468b1cc1ecf4ec747c4,497,H015_L025_C005,H015_L025_C005,b385b04067eeb7883c3178e37c2b4d0c2f03e24216ad425bc239b139efd75eab,4.614900068378291,4.414646830368989,3.4465836303834707,24.997431088173396,4.8479176240056319,1.2749515846220083,0.026623231747342099,0.2633258289691443,0.22251939916619271,0.22570075430189401,0.2633258289691443,0.22251939916619271,0.22570075430189401,17257,67,67,14583,57,56,14791,58,58,False,DERIVED-RGB8-0100,2,,1,,1,EXPERIMENTAL_SHADOW,False,373,0cb76c5d58d283629e3df0b5a8c7847a7ee5ef1d7fd6882d126533f21ed9d800
8283ab91b10f89ac758d09ecf5fb4d6343536600a06dd468b1cc1ecf4ec747c4,498,H015_L025_C010,H015_L025_C010,b385b04067eeb7883c3178e37c2b4d0c2f03e24216ad425bc239b139efd75eab,4.9931109110370624,4.4155697924791797,3.256004785406506,25.000287974978281,9.6658597941604008,2.5835570275438591,0.0080418295333493008,0.29160075865502688,0.2115339328446123,0.21882017955559499,0.29160075865502688,0.2115339328446123,0.21882017955559499,19110,74,76,13863,54,54,14340,56,56,False,,1,,1,,1,EXPERIMENTAL_SHADOW,False,374,af8f04b7ce9a4de4110a23d78f0020ad4ec77b1bb6824b452d22439906a09aba
8283ab91b10f89ac758d09ecf5fb4d6343536600a06dd468b1cc1ecf4ec747c4,499,H015_L025_C015,H015_L025_C015,b385b04067eeb7883c3178e37c2b4d0c2f03e24216ad425bc239b139efd75eab,5.3901466407565843,4.4145087492439163,3.0737131372703148,24.997003645114745,14.494968826273604,3.8733926194073898,0.0111870560899271,0.31806444151255781,0.19916869464109441,0.21209405199242551,0.31806444151255781,0.19916869464109441,0.21209405199242551,20844,81,81,13053,51,52,13900,54,54,False,,1,,1,,1,EXPERIMENTAL_SHADOW,False,375,480a88ed039d91eae4572e2ab8697b35f09842f2d46af5ae29faa8a0d38922e4
8283ab91b10f89ac758d09ecf5fb4d6343536600a06dd468b1cc1ecf4ec747c4,500,H015_L025_C020,H015_L025_C020,b385b04067eeb7883c3178e37c2b4d0c2f03e24216ad425bc239b139efd75eab,5.8110927760150632,4.4160420883695428,2.8984076391863134,25.00174974005467,19.3277312297982,5.1766816990720494,0.0093998163925268999,0.34329025835358767,0.18526448624553801,0.20546356166626659,0.34329025835358767,0.18526448624553801,0.20546356166626659,22498,88,87,12141,47,47,13465,52,53,False,,1,,1,,1,EXPERIMENTAL_SHADOW,False,376,68a9210e4a98101805bd5cc3098fe0e0307b4c1c9c4cbdb82f5251cf60487449
8283ab91b10f89ac758d09ecf5fb4d6343536600a06dd468b1cc1ecf4ec747c4,501,H015_L025_C025,H015_L025_C025,b385b04067eeb7883c3178e37c2b4d0c2f03e24216ad425bc239b139efd75eab,6.2502026752585644,4.4143364214047134,2.7311687888169698,24.996470175640511,24.169423078357816,6.452719447384303,0.027987164593470702,0.36737978886932371,0.16922260760140109,0.19902065538617719,0.36737978886932371,0.16922260760140109,0.19902065538617719,24076,94,93,11090,43,43,13043,51,52,False,,1,,1,,1,EXPERIMENTAL_SHADOW,False,377,89c71939c0783b0e03dddf804df0defa0ac43a4336d8020b0658e4147e766b01
8283ab91b10f89ac758d09ecf5fb4d6343536600a06dd468b1cc1ecf4ec747c4,502,H015_L025_C030,H015_L025_C030,b385b04067eeb7883c3178e37c2b4d0c2f03e24216ad425bc239b139efd75eab,6.7118225724587059,4.4146729421485276,2.567188326663195,24.997511918631083,28.993354202483669,7.7666185204078975,0.015880748988585901,0.39065050705058768,0.15060819075648599,0.1925324252222308,0.39065050705058768,0.15060819075648599,0.1925324252222308,25601,100,100,9870,38,38,12618,49,49,False,,1,,1,,1,EXPERIMENTAL_SHADOW,False,378,74bcc1464ba9c699792c56dd21e6b1dc703d65cca40224229c48d9acc6747faf
8283ab91b10f89ac758d09ecf5fb4d6343536600a06dd468b1cc1ecf4ec747c4,503,H015_L025_C035,H015_L025_C035,b385b04067eeb7883c3178e37c2b4d0c2f03e24216ad425bc239b139efd75eab,7.1965571256402043,4.4160613689269184,2.4117565510645744,25.001809411544968,33.81229574526273,9.0703699202365637,0.0127839481438404,0.41324676607680971,0.12824029703324399,0.18626387631410521,0.41324676607680971,0.12824029703324399,0.18626387631410521,27082,105,105,8404,33,32,12207,47,47,False,,1,,1,,1,EXPERIMENTAL_SHADOW,False,379,528b53e862fd79757af309bd0bd36d5a3efef54e096ff85c4ed5d0ff64998dca
8283ab91b10f89ac758d09ecf5fb4d6343536600a06dd468b1cc1ecf4ec747c4,504,H015_L025_C040,H015_L025_C040,b385b04067eeb7883c3178e37c2b4d0c2f03e24216ad425bc239b139efd75eab,7.7012384114306274,4.4133583034645323,2.2627140569293971,24.993441985881269,38.65928847751848,10.352415432977599,0.023236429826200899,0.43526025016295211,0.099448003388637796,0.1801674073937001,0.43526025016295211,0.099448003388637796,0.1801674073937001,28525,111,111,6517,25,25,11807,46,46,False,,1,,1,,1,EXPERIMENTAL_SHADOW,False,380,31348a80ae0102219594662bf7b65012396e0506a23dd15dbdbfeb38d831b6aa
8283ab91b10f89ac758d09ecf5fb4d6343536600a06dd468b1cc1ecf4ec747c4,505,H015_L025_C045,H015_L025_C045,b385b04067eeb7883c3178e37c2b4d0c2f03e24216ad425bc239b139efd75eab,8.2324616942842965,4.4140957987079981,2.1201370236617247,24.995725264853451,43.491422500763441,11.651014333500298,0.025424459575822501,0.45687212426663931,0.058110051499208497,0.17422230069652411,0.45687212426663931,0.058110051499208497,0.17422230069652411,29941,117,117,3808,15,17,11418,44,44,False,,1,,1,,1,EXPERIMENTAL_SHADOW,False,381,230728b46ade1c5248604891b2b26aa1cc0a276dcd164fdcdb0bf213e960db72
8283ab91b10f89ac758d09ecf5fb4d6343536600a06dd468b1cc1ecf4ec747c4,486,H015_L030_C005,H015_L030_C005,b385b04067eeb7883c3178e37c2b4d0c2f03e24216ad425bc239b139efd75eab,6.4610025516628165,6.2356123692827197,4.8956575453328499,29.99927913924531,4.8390014900368818,1.2845713248636479,0.0134053461348586,0.30884132813309761,0.26679737150055688,0.26993127812396228,0.30884132813309761,0.26679737150055688,0.26993127812396228,20240,79,80,17485,68,69,17690,69,70,False,DERIVED-RGB8-0116,2,,1,,1,EXPERIMENTAL_SHADOW,False,382,3cc2850c5d8efd7a0d1111ef801ca41d1a158313707cd39b71b0f70167aeed75
8283ab91b10f89ac758d09ecf5fb4d6343536600a06dd468b1cc1ecf4ec747c4,487,H015_L030_C010,H015_L030_C010,b385b04067eeb7883c3178e37c2b4d0c2f03e24216ad425bc239b139efd75eab,6.9318786522271214,6.2344209160696167,4.6548904936714219,29.996349222251744,9.6706342387615223,2.5801550773329907,0.0143705924438943,0.33829402707576822,0.25560918085377737,0.26286364711741361,0.33829402707576822,0.25560918085377737,0.26286364711741361,22170,86,87,16751,65,65,17227,67,67,False,,1,,1,,1,EXPERIMENTAL_SHADOW,False,383,77c1394b666be8223de57ba3546ff8c2f4571694c567aa33c8ffdd0b38e53b3a
8283ab91b10f89ac758d09ecf5fb4d6343536600a06dd468b1cc1ecf4ec747c4,488,H015_L030_C015,H015_L030_C015,b385b04067eeb7883c3178e37c2b4d0c2f03e24216ad425bc239b139efd75eab,7.4282702430900978,6.2360616058354985,4.4232452370708799,30.000383765390357,14.502574260276486,3.8815183449681938,0.013701958056156699,0.36607299540241078,0.24333114967450209,0.25590997375689739,0.36607299540241078,0.24333114967450209,0.25590997375689739,23991,93,93,15947,62,63,16771,65,66,False,,1,,1,,1,EXPERIMENTAL_SHADOW,False,384,12eb3c0945c9d380b6f5e47bd5ad3d2cbe9ad8c5e936212302ee2455fbbd1700
8283ab91b10f89ac758d09ecf5fb4d6343536600a06dd468b1cc1ecf4ec747c4,489,H015_L030_C020,H015_L030_C020,b385b04067eeb7883c3178e37c2b4d0c2f03e24216ad425bc239b139efd75eab,7.9426224461617565,6.2333786631440464,4.198247111674787,29.993785899374984,19.33297262257777,5.1714253112487354,0.016517244898238199,0.39237540707874502,0.2295971266623727,0.24902350528329589,0.39237540707874502,0.2295971266623727,0.24902350528329589,25714,100,100,15047,59,59,16320,64,64,False,,1,,1,,1,EXPERIMENTAL_SHADOW,False,385,921483949b34c60f2b09dd4b2a963761f8c28163ed659677b9377eea5649dd4d
8283ab91b10f89ac758d09ecf5fb4d6343536600a06dd468b1cc1ecf4ec747c4,490,H015_L030_C025,H015_L030_C025,b385b04067eeb7883c3178e37c2b4d0c2f03e24216ad425bc239b139efd75eab,8.4856427758492892,6.2361644278168393,3.981785823876435,30.000636586529964,24.15308966453772,6.4797972794980794,0.010570780513968901,0.4177141450064451,0.21435280482440969,0.2422436035129264,0.4177141450064451,0.21435280482440969,0.2422436035129264,27375,107,107,14048,55,56,15875,62,63,False,,1,,1,,1,EXPERIMENTAL_SHADOW,False,386,76940a8202fd3763491ba8caa67e3cd33a3688a07e1ea3dfc61918bf7f68539b
8283ab91b10f89ac758d09ecf5fb4d6343536600a06dd468b1cc1ecf4ec747c4,491,H015_L030_C030,H015_L030_C030,b385b04067eeb7883c3178e37c2b4d0c2f03e24216ad425bc239b139efd75eab,9.0491262406868191,6.2325394600971595,3.7730557868012289,29.991721750880128,29.009862571254622,7.7599768627361732,0.033435180306211003,0.44217327969624692,0.1967491160348063,0.235609539374558,0.44217327969624692,0.1967491160348063,0.235609539374558,28978,113,113,12894,50,50,15441,60,60,False,,1,,1,,1,EXPERIMENTAL_SHADOW,False,387,049a9c0c50329e53dd512548ec96e17962b2703581c2973609705f02de5def13
8283ab91b10f89ac758d09ecf5fb4d6343536600a06dd468b1cc1ecf4ec747c4,492,H015_L030_C035,H015_L030_C035,b385b04067eeb7883c3178e37c2b4d0c2f03e24216ad425bc239b139efd75eab,9.6397832644832384,6.2347275776615518,3.573793646613737,29.997103373150388,33.827203508811216,9.05141714296931,0.021298108246302801,0.46589478394470191,0.17667240595119371,0.22914126219769529,0.46589478394470191,0.17667240595119371,0.22914126219769529,30532,119,120,11578,45,46,15017,58,59,False,,1,,1,,1,EXPERIMENTAL_SHADOW,False,388,fe3db200696566531c05beef1c901969bdecc3457c3e6665f6320419fc69bffe
8283ab91b10f89ac758d09ecf5fb4d6343536600a06dd468b1cc1ecf4ec747c4,493,H015_L030_C040,H015_L030_C040,b385b04067eeb7883c3178e37c2b4d0c2f03e24216ad425bc239b139efd75eab,10.254056158505298,6.2341313937475311,3.3802943491549486,29.995637198036363,38.662177976191728,10.340429040924814,0.0283902299132122,0.48903456389057842,0.1526006841422865,0.2227575494907475,0.48903456389057842,0.1526006841422865,0.2227575494907475,32049,125,125,10001,39,39,14598,57,58,False,,1,,1,,1,EXPERIMENTAL_SHADOW,False,389,35085c62f916a1f21c6ca12859b992d081f5a2cef75860e485aff1bd1cd182ba
8283ab91b10f89ac758d09ecf5fb4d6343536600a06dd468b1cc1ecf4ec747c4,494,H015_L030_C045,H015_L030_C045,b385b04067eeb7883c3178e37c2b4d0c2f03e24216ad425bc239b139efd75eab,10.893457180640354,6.2341528487583355,3.1916199376619176,29.995689963246605,43.487437761925904,11.648228525159489,0.0212225390943293,0.5116643402860992,0.1225694709432346,0.216410298567033,0.5116643402860992,0.1225694709432346,0.216410298567033,33532,130,131,8033,31,33,14182,55,55,False,,1,,1,,1,EXPERIMENTAL_SHADOW,False,390,2386f33c67d923c41194cef6190966d3774522603f74a0037138b9dab19c2eac
8283ab91b10f89ac758d09ecf5fb4d6343536600a06dd468b1cc1ecf4ec747c4,495,H015_L030_C050,H015_L030_C050,b385b04067eeb7883c3178e37c2b4d0c2f03e24216ad425bc239b139efd75eab,11.559870163388991,6.2340179205064956,3.0124258097819481,29.995358126509856,48.321247385916365,12.938282541801785,0.025520651100971101,0.53389354679271905,0.080863655195221207,0.2103136372154602,0.53389354679271905,0.080863655195221207,0.2103136372154602,34989,136,136,5299,21,22,13783,54,54,False,,1,,1,,1,EXPERIMENTAL_SHADOW,False,391,04e17a8aedd08422571977949cdff908ce607278c0dbd416dbeca5e3158a923c
8283ab91b10f89ac758d09ecf5fb4d6343536600a06dd468b1cc1ecf4ec747c4,496,H015_L030_C055,H015_L030_C055,b385b04067eeb7883c3178e37c2b4d0c2f03e24216ad425bc239b139efd75eab,12.25327583509462,6.2349273453087655,2.8375985673130319,29.99759463412197,53.146404384019995,14.251628250741666,0.026508758397442302,0.55576980857516256,0.0061864590610904999,0.20426043059498761,0.55576980857516256,0.0061864590610904999,0.20426043059498761,36422,142,142,405,2,3,13386,52,53,False,,1,,1,,1,EXPERIMENTAL_SHADOW,False,392,cd604edecd4a9c02808bc743fd373966e0045e285fda1fb36ab3df69e461cad2
8283ab91b10f89ac758d09ecf5fb4d6343536600a06dd468b1cc1ecf4ec747c4,474,H015_L035_C005,H015_L035_C005,b385b04067eeb7883c3178e37c2b4d0c2f03e24216ad425bc239b139efd75eab,8.7441617817945865,8.4984370105515712,6.704091592479104,35.000097828880527,4.8399574801486764,1.2867428608761999,0.0127048991183338,0.35552791918129922,0.31228780415641461,0.31544159634293661,0.35552791918129922,0.31228780415641461,0.31544159634293661,23300,91,91,20466,80,80,20672,80,81,False,DERIVED-RGB8-0132,2,,1,,1,EXPERIMENTAL_SHADOW,False,393,d4b26dcb1a09843de92742fc83988fc30b7453ca20958c7c98d5cb92d2b7e0c1
8283ab91b10f89ac758d09ecf5fb4d6343536600a06dd468b1cc1ecf4ec747c4,475,H015_L035_C010,H015_L035_C010,b385b04067eeb7883c3178e37c2b4d0c2f03e24216ad425bc239b139efd75eab,9.319914607316182,8.4985776320911377,6.4067100653902962,35.000379122672555,9.6653431161104475,2.5877829950338493,0.0060693392941067997,0.38605871658858459,0.30101050551064251,0.30817132271018138,0.38605871658858459,0.30101050551064251,0.30817132271018138,25300,98,99,19727,77,77,20196,79,78,False,,1,,1,,1,EXPERIMENTAL_SHADOW,False,394,05b5ded7bdd84677685dc945bd8023768d19c6315b336b98eeb2486fefa66422
8283ab91b10f89ac758d09ecf5fb4d6343536600a06dd468b1cc1ecf4ec747c4,476,H015_L035_C015,H015_L035_C015,b385b04067eeb7883c3178e37c2b4d0c2f03e24216ad425bc239b139efd75eab,9.9202904205811553,8.4976895570848328,6.1188372429100557,34.998602600306363,14.498721779757751,3.8826110983735007,0.0099255662665453,0.41489793661575558,0.28866589392026221,0.30100096931952902,0.41489793661575558,0.28866589392026221,0.30100096931952902,27190,106,105,18918,74,73,19726,77,76,False,,1,,1,,1,EXPERIMENTAL_SHADOW,False,395,77ac933574ff66646d84ec86e24631d3b39fc911ba8e20240506da2d21a4f921
8283ab91b10f89ac758d09ecf5fb4d6343536600a06dd468b1cc1ecf4ec747c4,477,H015_L035_C020,H015_L035_C020,b385b04067eeb7883c3178e37c2b4d0c2f03e24216ad425bc239b139efd75eab,10.547390275245702,8.4979974035255257,5.8426455659000611,34.999218436277779,19.332965760352423,5.1677458170617294,0.0168749502741414,0.44240995037701297,0.2751428409018572,0.29399672506548408,0.44240995037701297,0.2751428409018572,0.29399672506548408,28993,113,112,18031,70,70,19267,75,75,False,,1,,1,,1,EXPERIMENTAL_SHADOW,False,396,4f97a52fb70f36b086aa6a0c18277fb91a07d7404f9e213c2593fd5599fc9f21
8283ab91b10f89ac758d09ecf5fb4d6343536600a06dd468b1cc1ecf4ec747c4,478,H015_L035_C025,H015_L035_C025,b385b04067eeb7883c3178e37c2b4d0c2f03e24216ad425bc239b139efd75eab,11.198604156844857,8.4960447939320698,5.5720191381258308,34.995312057458129,24.173834905030141,6.459084964874517,0.028540588100147798,0.46883833192663182,0.26013507328326457,0.28700452823553563,0.46883833192663182,0.26013507328326457,0.28700452823553563,30725,120,118,17048,66,66,18809,73,73,False,,1,,1,,1,EXPERIMENTAL_SHADOW,False,397,cdebe850b3cb9625f69bd1e0aa43117387582bc32f380c64f9e4973fad31c508
8283ab91b10f89ac758d09ecf5fb4d6343536600a06dd468b1cc1ecf4ec747c4,479,H015_L035_C030,H015_L035_C030,b385b04067eeb7883c3178e37c2b4d0c2f03e24216ad425bc239b139efd75eab,11.878056873596368,8.4974986548311442,5.3105464636454958,34.998220699594327,28.99909312691376,7.7588265987636786,0.022133579139730498,0.49438182483407989,0.243518498636276,0.28011572119442429,0.49438182483407989,0.243518498636276,0.28011572119442429,32399,126,126,15959,62,62,18357,71,71,False,,1,,1,,1,EXPERIMENTAL_SHADOW,False,398,3f166b8a2c26d0e147ccd60ae8b539c82dd7f82a35b4dcef2824a8c2d14fcec2
8283ab91b10f89ac758d09ecf5fb4d6343536600a06dd468b1cc1ecf4ec747c4,480,H015_L035_C035,H015_L035_C035,b385b04067eeb7883c3178e37c2b4d0c2f03e24216ad425bc239b139efd75eab,12.583213694902057,8.4967540458731552,5.0576972756018792,34.996731051768002,33.834994269151011,9.0493584132007356,0.029315438875275799,0.51918595791614552,0.2246757348440355,0.2733492045958304,0.51918595791614552,0.2246757348440355,0.2733492045958304,34025,132,132,14724,57,56,17914,70,69,False,,1,,1,,1,EXPERIMENTAL_SHADOW,False,399,4d1883274aeda73d9ff3df1235c9059e7b0fc5a15a8aae53368dedc2399353b4
8283ab91b10f89ac758d09ecf5fb4d6343536600a06dd468b1cc1ecf4ec747c4,481,H015_L035_C040,H015_L035_C040,b385b04067eeb7883c3178e37c2b4d0c2f03e24216ad425bc239b139efd75eab,13.315005952301991,8.4957036348488355,4.8118023314918696,34.99462947526041,38.668778228480001,10.345293029722312,0.033091584187761702,0.54335801842530418,0.2030310202862429,0.2666546345425832,0.54335801842530418,0.2030310202862429,0.2666546345425832,35609,139,139,13306,52,52,17475,68,69,False,,1,,1,,1,EXPERIMENTAL_SHADOW,False,400,ab8e353e954bff576fe0f23e5b8ef31f41e975b5f2dd149ac67887e0d7cdbb10
8283ab91b10f89ac758d09ecf5fb4d6343536600a06dd468b1cc1ecf4ec747c4,482,H015_L035_C045,H015_L035_C045,b385b04067eeb7883c3178e37c2b4d0c2f03e24216ad425bc239b139efd75eab,14.074857003883814,8.4957420676950299,4.5753685154556187,34.994706371610228,43.494561539774544,11.637429158963741,0.0298995774229577,0.56698654543765692,0.1775759990264443,0.26011914838472933,0.56698654543765692,0.1775759990264443,0.26011914838472933,37157,145,144,11637,45,45,17047,66,65,False,,1,,1,,1,EXPERIMENTAL_SHADOW,False,401,a257e980e0af14ba5d11069d439ff7726df7b4c4c7d492d69d6da5c60fb4859c
8283ab91b10f89ac758d09ecf5fb4d6343536600a06dd468b1cc1ecf4ec747c4,483,H015_L035_C050,H015_L035_C050,b385b04067eeb7883c3178e37c2b4d0c2f03e24216ad425bc239b139efd75eab,14.863168831717903,8.4953010674485316,4.3447438868055217,34.993824005399446,48.325013013911601,12.939791382047828,0.0293945715149522,0.59018381718036605,0.1461889070505655,0.25364205546660562,0.59018381718036605,0.1461889070505655,0.25364205546660562,38678,150,150,9580,37,38,16622,65,65,False,,1,,1,,1,EXPERIMENTAL_SHADOW,False,402,ff810a8eec3c5dc291743c538db46385766509ad6389cf3f315c75bee3aa49d6
8283ab91b10f89ac758d09ecf5fb4d6343536600a06dd468b1cc1ecf4ec747c4,484,H015_L035_C055,H015_L035_C055,b385b04067eeb7883c3178e37c2b4d0c2f03e24216ad425bc239b139efd75eab,15.681021080676224,8.4957609816177015,4.1226979570484845,34.994744214457839,53.151419083772936,14.241117155884153,0.0267631559123035,0.61299351045782891,0.1041218974202045,0.24732280982006369,0.61299351045782891,0.1041218974202045,0.24732280982006369,40173,156,155,6824,27,26,16208,63,63,False,,1,,1,,1,EXPERIMENTAL_SHADOW,False,403,f1b93cdbe95efd5a88efed7704883bf40df69436ce4643c97c0856ba8abfdbc1
8283ab91b10f89ac758d09ecf5fb4d6343536600a06dd468b1cc1ecf4ec747c4,485,H015_L035_C060,H015_L035_C060,b385b04067eeb7883c3178e37c2b4d0c2f03e24216ad425bc239b139efd75eab,16.527149719216755,8.4944053070679235,3.90770340088859,34.992031647781289,57.9868269275266,15.540166902157072,0.034166465264824503,0.6354633266341253,0.029671956355099199,0.2411352281642396,0.6354633266341253,0.029671956355099199,0.2411352281642396,41645,162,162,1945,8,6,15803,61,60,False,,1,,1,,1,EXPERIMENTAL_SHADOW,False,404,8bfa2be77c0e96f56b320f9ce4cf4ba4c818179d0adb65817f9cae72e262e0bb
8283ab91b10f89ac758d09ecf5fb4d6343536600a06dd468b1cc1ecf4ec747c4,460,H015_L040_C005,H015_L040_C005,b385b04067eeb7883c3178e37c2b4d0c2f03e24216ad425bc239b139efd75eab,11.508504174037608,11.250493906332483,8.9096031728947427,39.999203790145017,4.835460991262142,1.2896865083962703,0.0073799781059474996,0.40322740017098291,0.3589222926561218,0.3620789873067195,0.40322740017098291,0.3589222926561218,0.3620789873067195,26426,103,103,23522,92,92,23729,92,93,False,DERIVED-RGB8-0143,2,,1,,1,EXPERIMENTAL_SHADOW,False,405,b0f4fc24e8276f377625a96836e771f92e6f1ee10127f377d477a11456a0cfb1
8283ab91b10f89ac758d09ecf5fb4d6343536600a06dd468b1cc1ecf4ec747c4,461,H015_L040_C010,H015_L040_C010,b385b04067eeb7883c3178e37c2b4d0c2f03e24216ad425bc239b139efd75eab,12.19903619834311,11.250246114271222,8.5514327847969955,39.998792659750002,9.6662817423683869,2.5829840367433632,0.0087982196876629001,0.43475945318506348,0.3474919333867994,0.35466986055967481,0.43475945318506348,0.3474919333867994,0.35466986055967481,28492,111,112,22773,89,89,23243,90,90,False,,1,,1,,1,EXPERIMENTAL_SHADOW,False,406,c74adf850a56c3d29ca1d3cc299e8e401fbd977515c2c635d48de308c8f80abd
8283ab91b10f89ac758d09ecf5fb4d6343536600a06dd468b1cc1ecf4ec747c4,462,H015_L040_C015,H015_L040_C015,b385b04067eeb7883c3178e37c2b4d0c2f03e24216ad425bc239b139efd75eab,12.918559368529516,11.250851731450808,8.2035732503693612,39.999797473985495,14.503591748405654,3.876535733977382,0.015783385276331399,0.46467952402760537,0.33512135859326081,0.34734620145508899,0.46467952402760537,0.33512135859326081,0.34734620145508899,30453,118,118,21962,85,86,22763,89,89,False,,1,,1,,1,EXPERIMENTAL_SHADOW,False,407,3713e4db536e96e287304fed29140ce4947e89ac3738779052e061aea0b9cefa
8283ab91b10f89ac758d09ecf5fb4d6343536600a06dd468b1cc1ecf4ec747c4,463,H015_L040_C020,H015_L040_C020,b385b04067eeb7883c3178e37c2b4d0c2f03e24216ad425bc239b139efd75eab,13.662529252566666,11.249499949675698,7.8632828728232589,39.997554605641199,19.333888202940269,5.1722138882097646,0.016133823949123199,0.4932005247001065,0.32166644657415222,0.34005458346926831,0.4932005247001065,0.32166644657415222,0.34005458346926831,32322,126,125,21080,82,82,22285,87,87,False,,1,,1,,1,EXPERIMENTAL_SHADOW,False,408,5ff76acfc3d2abda8e5007606ed327acb9284de79da63b97dd12f5cbd0e01a80
8283ab91b10f89ac758d09ecf5fb4d6343536600a06dd468b1cc1ecf4ec747c4,464,H015_L040_C025,H015_L040_C025,b385b04067eeb7883c3178e37c2b4d0c2f03e24216ad425bc239b139efd75eab,14.436435690603307,11.249095304112814,7.533744414602114,39.996883185169352,24.169110619585823,6.4657824481179285,0.0217581241339595,0.52067624125800405,0.30697005657677801,0.33287404089166012,0.52067624125800405,0.30697005657677801,0.33287404089166012,34123,133,133,20117,78,79,21815,85,86,False,,1,,1,,1,EXPERIMENTAL_SHADOW,False,409,a059f8d3910178c9b339f5adacec8c6b57bd12b53911766bba9946d7f6a91000
8283ab91b10f89ac758d09ecf5fb4d6343536600a06dd468b1cc1ecf4ec747c4,465,H015_L040_C030,H015_L040_C030,b385b04067eeb7883c3178e37c2b4d0c2f03e24216ad425bc239b139efd75eab,15.23860820324097,11.248827027594755,7.2123513568771038,39.996438030311353,29.000870179700627,7.7646344810584624,0.023343564604095101,0.54724250630689575,0.29081914673416598,0.3257489554377721,0.54724250630689575,0.29081914673416598,0.3257489554377721,35864,140,139,19059,74,74,21348,83,82,False,,1,,1,,1,EXPERIMENTAL_SHADOW,False,410,192b04554c06cf7b70dc19828dbbe3b32c90ed32be9a998a161142bd386a4324
8283ab91b10f89ac758d09ecf5fb4d6343536600a06dd468b1cc1ecf4ec747c4,466,H015_L040_C035,H015_L040_C035,b385b04067eeb7883c3178e37c2b4d0c2f03e24216ad425bc239b139efd75eab,16.069689804243794,11.249686484875172,6.9027524139002709,39.997864114429184,33.823026619320295,9.0560599002769582,0.015991352822716499,0.57301654890244924,0.2729563897160725,0.31877829216920839,0.57301654890244924,0.2729563897160725,0.31877829216920839,37553,146,146,17888,70,69,20891,81,81,False,,1,,1,,1,EXPERIMENTAL_SHADOW,False,411,c883731dd8f4d476b60273bf496ca24551f8641bfbca461082211d6252f4a49c
8283ab91b10f89ac758d09ecf5fb4d6343536600a06dd468b1cc1ecf4ec747c4,467,H015_L040_C040,H015_L040_C040,b385b04067eeb7883c3178e37c2b4d0c2f03e24216ad425bc239b139efd75eab,16.931215402268222,11.248428619112062,6.6008077128613936,39.995776932662494,38.664535126396885,10.347238402780423,0.028406845074078601,0.59820718459977751,0.25278867601659027,0.31188007778463178,0.59820718459977751,0.25278867601659027,0.31188007778463178,39204,153,153,16567,64,64,20439,80,80,False,,1,,1,,1,EXPERIMENTAL_SHADOW,False,412,48eb3315b83d65c29e0767ee962cc146f15ddaa6bc2d98af33eb7cce9177d655
8283ab91b10f89ac758d09ecf5fb4d6343536600a06dd468b1cc1ecf4ec747c4,468,H015_L040_C045,H015_L040_C045,b385b04067eeb7883c3178e37c2b4d0c2f03e24216ad425bc239b139efd75eab,17.821226377357984,11.247856948517548,6.3072964344166884,39.994828305896291,43.491710799611809,11.642635688228507,0.025893452299929599,0.62279300145766425,0.2298557404048337,0.30506779571194842,0.62279300145766425,0.2298557404048337,0.30506779571194842,40815,159,158,15064,59,59,19993,78,77,False,,1,,1,,1,EXPERIMENTAL_SHADOW,False,413,f5228845d0eee8bf65829bf2d3aa87f05691bb050b00cbd234324e7356a8406a
8283ab91b10f89ac758d09ecf5fb4d6343536600a06dd468b1cc1ecf4ec747c4,469,H015_L040_C050,H015_L040_C050,b385b04067eeb7883c3178e37c2b4d0c2f03e24216ad425bc239b139efd75eab,18.743558505586662,11.248311374677728,6.0221934823464309,39.995582380569211,48.32012761705537,12.942931029582228,0.024310482743457901,0.64693296286140178,0.20306817205375219,0.29835318925749199,0.64693296286140178,0.20306817205375219,0.29835318925749199,42397,165,164,13308,52,52,19553,76,76,False,,1,,1,,1,EXPERIMENTAL_SHADOW,False,414,56ba174b4cf2585862f33f9ef233d12e3087132d162e95ea7880ac9e7a1c7b6b
8283ab91b10f89ac758d09ecf5fb4d6343536600a06dd468b1cc1ecf4ec747c4,470,H015_L040_C055,H015_L040_C055,b385b04067eeb7883c3178e37c2b4d0c2f03e24216ad425bc239b139efd75eab,19.697793847479343,11.248303254621794,5.7477780544436241,39.995568906328351,53.15492574224659,14.232527144813368,0.029465968792258702,0.67067251092508151,0.1704733280399042,0.29181906781598188,0.67067251092508151,0.1704733280399042,0.29181906781598188,43953,171,171,11172,43,44,19124,74,75,False,,1,,1,,1,EXPERIMENTAL_SHADOW,False,415,69faff2fad623933cab42bdbfa66a748b642b24740cf10f2790009ab916e6de2
8283ab91b10f89ac758d09ecf5fb4d6343536600a06dd468b1cc1ecf4ec747c4,471,H015_L040_C060,H015_L040_C060,b385b04067eeb7883c3178e37c2b4d0c2f03e24216ad425bc239b139efd75eab,20.682020721673041,11.247745380871914,5.478561792734558,39.994643167463664,57.984693533338351,15.536645834759511,0.030625114951908099,0.69402775348247192,0.12787878627681121,0.28531360647580672,0.69402775348247192,0.12787878627681121,0.28531360647580672,45483,177,177,8381,33,32,18698,73,72,False,,1,,1,,1,EXPERIMENTAL_SHADOW,False,416,758ac0984a06286d1e54687efae4c3512c6dd576a1a04a9cfa15adc63d704f13
8283ab91b10f89ac758d09ecf5fb4d6343536600a06dd468b1cc1ecf4ec747c4,472,H015_L040_C065,H015_L040_C065,b385b04067eeb7883c3178e37c2b4d0c2f03e24216ad425bc239b139efd75eab,21.701070304013825,11.249255162721196,5.2188977370057366,39.997148437357041,62.811687437269121,16.841529167311663,0.032336884774677097,0.71709403738677835,0.059808644275898097,0.2789697206380003,0.71709403738677835,0.059808644275898097,0.2789697206380003,46995,183,183,3920,15,14,18282,71,71,False,,1,,1,,1,EXPERIMENTAL_SHADOW,False,417,219522fda588343a010786b9ac3229dccdd2488398dbe560ae0faacdbbf6825d
8283ab91b10f89ac758d09ecf5fb4d6343536600a06dd468b1cc1ecf4ec747c4,473,H015_L040_C070,H015_L040_C070,b385b04067eeb7883c3178e37c2b4d0c2f03e24216ad425bc239b139efd75eab,22.750724698662044,11.248139610472586,4.9663484642045619,39.995297357471514,67.646905364568639,18.145333245619756,0.042880440072522702,0.73986578646162815,-0.071069108083592805,0.2727420009705146,0.73986578646162815,0,0.2727420009705146,48487,189,189,0,0,0,17874,70,70,True,,1,,1,,1,EXPERIMENTAL_SHADOW,False,418,8a80555cc40bd21c28ed2a51faacb1f4b692681e7dd236824413f4a50cd9590d
8283ab91b10f89ac758d09ecf5fb4d6343536600a06dd468b1cc1ecf4ec747c4,445,H015_L045_C005,H015_L045_C005,b385b04067eeb7883c3178e37c2b4d0c2f03e24216ad425bc239b139efd75eab,14.804093282276328,14.541743028739219,11.553757445536842,45.000043470888073,4.8390514465291856,1.2917004794596121,0.0097513809296891994,0.45198779602977152,0.4066246074787192,0.409809374686675,0.45198779602977152,0.4066246074787192,0.409809374686675,29621,115,115,26648,104,104,26857,105,105,False,DERIVED-RGB8-0154,2,,1,,1,EXPERIMENTAL_SHADOW,False,419,42211158f8d2a73fe1141cde6c985269b5132047569af86aa9e2872f7c8f5388
8283ab91b10f89ac758d09ecf5fb4d6343536600a06dd468b1cc1ecf4ec747c4,446,H015_L045_C010,H015_L045_C010,b385b04067eeb7883c3178e37c2b4d0c2f03e24216ad425bc239b139efd75eab,15.620119581856439,14.5419731078753,11.125994462400506,45.000365182970235,9.6699173645434797,2.5904279729676905,0.010854752507341799,0.48445278692049493,0.39506303000981002,0.40220315681257618,0.48445278692049493,0.39506303000981002,0.40220315681257618,31749,124,124,25890,101,101,26358,103,102,False,,1,,1,,1,EXPERIMENTAL_SHADOW,False,420,be4fb8966160a9833dbce6292d63bbc85616285eb9c850ddeb42b9400de68a7a
8283ab91b10f89ac758d09ecf5fb4d6343536600a06dd468b1cc1ecf4ec747c4,447,H015_L045_C015,H015_L045_C015,b385b04067eeb7883c3178e37c2b4d0c2f03e24216ad425bc239b139efd75eab,16.465688720826886,14.541665825348661,10.710437392678278,44.999935519168083,14.504547278813115,3.8830833902090185,0.015667009678069301,0.515300448967275,0.38262526829330801,0.39469727428022511,0.515300448967275,0.38262526829330801,0.39469727428022511,33770,131,131,25075,98,98,25866,101,101,False,,1,,1,,1,EXPERIMENTAL_SHADOW,False,421,00272be1ad9301ebb163965c6beb00a8ddffd542d024af7a4b7bdae1518a0278
8283ab91b10f89ac758d09ecf5fb4d6343536600a06dd468b1cc1ecf4ec747c4,448,H015_L045_C020,H015_L045_C020,b385b04067eeb7883c3178e37c2b4d0c2f03e24216ad425bc239b139efd75eab,17.338788968009339,14.539552803578276,10.304414382569307,44.996980781223577,19.336784742736533,5.1744397420350863,0.018635721350409602,0.54479279009286741,0.36919868840037878,0.38724651474394939,0.54479279009286741,0.36919868840037878,0.38724651474394939,35703,139,138,24195,94,94,25378,99,99,False,,1,,1,,1,EXPERIMENTAL_SHADOW,False,422,ffeef1f5bafeabee66d06b357ea02b02a755ed5c69c781d96bcccabe27f72efb
8283ab91b10f89ac758d09ecf5fb4d6343536600a06dd468b1cc1ecf4ec747c4,449,H015_L045_C025,H015_L045_C025,b385b04067eeb7883c3178e37c2b4d0c2f03e24216ad425bc239b139efd75eab,18.244836323259552,14.540233012841462,9.9111162454069568,44.99793198114255,24.165906902415824,6.4647895541836924,0.018814134767839798,0.57322389977867727,0.35471209940359771,0.37991422310005879,0.57322389977867727,0.35471209940359771,0.37991422310005879,37566,146,146,23246,90,91,24898,97,98,False,,1,,1,,1,EXPERIMENTAL_SHADOW,False,423,eb1096475df7b8c0d0c45a180a5a91a61482ea4a9823cd66e8daf6622175c7ec
8283ab91b10f89ac758d09ecf5fb4d6343536600a06dd468b1cc1ecf4ec747c4,450,H015_L045_C030,H015_L045_C030,b385b04067eeb7883c3178e37c2b4d0c2f03e24216ad425bc239b139efd75eab,19.18129501674764,14.540521059705616,9.5251960057234601,44.998334774939792,28.994271572670648,7.7635982836258384,0.016585810695890001,0.6007492911558967,0.33894249326710391,0.37260168749200812,0.6007492911558967,0.33894249326710391,0.37260168749200812,39370,153,153,22213,86,86,24418,95,94,False,,1,,1,,1,EXPERIMENTAL_SHADOW,False,424,98da85a45b7b4e67256aaa7b63179a15ae11e6f0fe6dab4452ab440d620f7267
8283ab91b10f89ac758d09ecf5fb4d6343536600a06dd468b1cc1ecf4ec747c4,451,H015_L045_C035,H015_L045_C035,b385b04067eeb7883c3178e37c2b4d0c2f03e24216ad425bc239b139efd75eab,20.149170980863385,14.540117366736334,9.151232939006098,44.997770264523787,33.826360748478777,9.0544131493843079,0.019566777746234099,0.62750384631838407,0.32164739842025808,0.36541650523086372,0.62750384631838407,0.32164739842025808,0.36541650523086372,41123,160,161,21079,82,82,23948,93,94,False,,1,,1,,1,EXPERIMENTAL_SHADOW,False,425,e8ea7e6ea3c36216537638147ba9934908dda941c81e8980c9b3a7982dc55a46
8283ab91b10f89ac758d09ecf5fb4d6343536600a06dd468b1cc1ecf4ec747c4,452,H015_L045_C040,H015_L045_C040,b385b04067eeb7883c3178e37c2b4d0c2f03e24216ad425bc239b139efd75eab,21.149364205322357,14.537976531675692,8.7856455685537576,44.994776419484637,38.670318523039981,10.346588690536496,0.034292712581795101,0.65363298918448542,0.30246956983837592,0.3582920134559312,0.65363298918448542,0.30246956983837592,0.3582920134559312,42836,167,167,19822,77,77,23481,91,92,False,,1,,1,,1,EXPERIMENTAL_SHADOW,False,426,a9a8a0c8e890d9d6ff0942b43d1a55e3772c4e06c66fb64f5e8482880be9ee1e
8283ab91b10f89ac758d09ecf5fb4d6343536600a06dd468b1cc1ecf4ec747c4,453,H015_L045_C045,H015_L045_C045,b385b04067eeb7883c3178e37c2b4d0c2f03e24216ad425bc239b139efd75eab,22.181857287771045,14.539053533573584,8.4307818135371502,44.996282586630237,43.493665961912619,11.643361579842503,0.027450003301370901,0.67914174015976425,0.28118462317235438,0.35127015849279741,0.67914174015976425,0.28118462317235438,0.35127015849279741,44508,173,173,18427,72,73,23020,90,89,False,,1,,1,,1,EXPERIMENTAL_SHADOW,False,427,f63126b92b50d6f8806c34172fed99270423efd893b977f302dc6beaaf4ae4a2
8283ab91b10f89ac758d09ecf5fb4d6343536600a06dd468b1cc1ecf4ec747c4,454,H015_L045_C050,H015_L045_C050,b385b04067eeb7883c3178e37c2b4d0c2f03e24216ad425bc239b139efd75eab,23.246301572080064,14.538783069796958,8.0838499205335843,44.995904355057633,48.320150264430481,12.943557873103972,0.024334176290019001,0.7041525875289687,0.25701155747412918,0.34431002082615708,0.7041525875289687,0.25701155747412918,0.34431002082615708,46147,180,180,16843,66,66,22564,88,88,False,,1,,1,,1,EXPERIMENTAL_SHADOW,False,428,abb2ba4f9c97cf724cc4bd6f67fa57a83f68ab656c2d5c701ff079f6ec33191b
8283ab91b10f89ac758d09ecf5fb4d6343536600a06dd468b1cc1ecf4ec747c4,455,H015_L045_C055,H015_L045_C055,b385b04067eeb7883c3178e37c2b4d0c2f03e24216ad425bc239b139efd75eab,24.345698520289275,14.538471179158046,7.7509153616033277,44.995468184035445,53.153085315589536,14.226651800983335,0.0287970687130009,0.7287450739507545,0.228950848567677,0.33756569622856958,0.7287450739507545,0.228950848567677,0.33756569622856958,47758,186,185,15004,58,58,22122,86,86,False,,1,,1,,1,EXPERIMENTAL_SHADOW,False,429,6e7ea2196f477444e157659f31ad86e5ea5e154519f08e35c9dc15ed64998a1d
8283ab91b10f89ac758d09ecf5fb4d6343536600a06dd468b1cc1ecf4ec747c4,456,H015_L045_C060,H015_L045_C060,b385b04067eeb7883c3178e37c2b4d0c2f03e24216ad425bc239b139efd75eab,25.479385060993256,14.53839173240052,7.4220804223691212,44.995357078795237,57.985299275598642,15.531111415664457,0.030225805803859598,0.75297349449339002,0.19526041127000271,0.33080221260366971,0.75297349449339002,0.19526041127000271,0.33080221260366971,49346,192,192,12796,50,50,21679,84,84,False,,1,,1,,1,EXPERIMENTAL_SHADOW,False,430,880eada46bd8daa5bdd67f441646f954db61f91a00373d6eeea61a8b6bf61314
8283ab91b10f89ac758d09ecf5fb4d6343536600a06dd468b1cc1ecf4ec747c4,457,H015_L045_C065,H015_L045_C065,b385b04067eeb7883c3178e37c2b4d0c2f03e24216ad425bc239b139efd75eab,26.646848709920736,14.538511208470274,7.1045690600629374,44.995524164346101,62.812720538234778,16.828221263915065,0.028330658672842301,0.77683852526043884,0.15221444108303719,0.32420593248872343,0.77683852526043884,0.15221444108303719,0.32420593248872343,50910,198,198,9975,39,38,21247,83,82,False,,1,,1,,1,EXPERIMENTAL_SHADOW,False,431,466790d9f271fd3bb34c62caf5c27b2152dbbdace53bd40b207785ff57a47b78
8283ab91b10f89ac758d09ecf5fb4d6343536600a06dd468b1cc1ecf4ec747c4,458,H015_L045_C070,H015_L045_C070,b385b04067eeb7883c3178e37c2b4d0c2f03e24216ad425bc239b139efd75eab,27.848847911547431,14.536994498132657,6.7951622041909152,44.993402998980784,67.647660033252237,18.126006884027969,0.034628197141374703,0.80041217130025766,0.087735836644810994,0.31771410671529687,0.80041217130025766,0.087735836644810994,0.31771410671529687,52455,204,205,5750,22,21,20821,81,82,False,,1,,1,,1,EXPERIMENTAL_SHADOW,False,432,826f420f80c9135a9304ee3ff73606339d953981cc620544c34a95c5eb096eb6
8283ab91b10f89ac758d09ecf5fb4d6343536600a06dd468b1cc1ecf4ec747c4,459,H015_L045_C075,H015_L045_C075,b385b04067eeb7883c3178e37c2b4d0c2f03e24216ad425bc239b139efd75eab,29.08790761284488,14.536488719523444,6.4952521651227579,44.992695619466531,72.482064830266978,19.424555286731191,0.040559277397381202,0.8237337542580343,-0.051825984168768303,0.31136535427213491,0.8237337542580343,0,0.31136535427213491,53983,210,210,0,0,0,20405,79,80,True,,1,,1,,1,EXPERIMENTAL_SHADOW,False,433,22e0131ed34d50b3d760ae6555345c5577e8bb7fb5ef0bc8cbeecddf6ea62979
8283ab91b10f89ac758d09ecf5fb4d6343536600a06dd468b1cc1ecf4ec747c4,429,H015_L050_C005,H015_L050_C005,b385b04067eeb7883c3178e37c2b4d0c2f03e24216ad425bc239b139efd75eab,18.674790609547831,18.420026360874328,14.67411102644434,50.001641730346151,4.8358596259122084,1.2979461582765417,0.0075280228864205,0.50166096270976046,0.45535175466048827,0.45852045138467301,0.50166096270976046,0.45535175466048827,0.45852045138467301,32876,128,129,29841,116,117,30049,117,118,False,,1,,1,,1,EXPERIMENTAL_SHADOW,False,434,c5d4b35c2a0ea5960b49a1fcc6933e99cd8444b1c3f80e5851025c71db8637cb
8283ab91b10f89ac758d09ecf5fb4d6343536600a06dd468b1cc1ecf4ec747c4,430,H015_L050_C010,H015_L050_C010,b385b04067eeb7883c3178e37c2b4d0c2f03e24216ad425bc239b139efd75eab,19.625213411899917,18.418804892362758,14.172375481423227,50.000182798138837,9.6694116161235559,2.5925009649876429,0.0109898360140033,0.53497257089257733,0.44363143922632908,0.4507659399246407,0.53497257089257733,0.44363143922632908,0.4507659399246407,35059,136,137,29073,113,113,29541,115,115,False,,1,,1,,1,EXPERIMENTAL_SHADOW,False,435,65caad1d1b8b1b432310eeb0d6caa4978872c6174e8714b29cf084aec95acc20
8283ab91b10f89ac758d09ecf5fb4d6343536600a06dd468b1cc1ecf4ec747c4,431,H015_L050_C015,H015_L050_C015,b385b04067eeb7883c3178e37c2b4d0c2f03e24216ad425bc239b139efd75eab,20.608152091984696,18.417713359206594,13.684685473840778,49.998879007232247,14.506183367015534,3.8806932293910856,0.0173940539256584,0.56671393883327414,0.43110787185135452,0.44311875781863769,0.56671393883327414,0.43110787185135452,0.44311875781863769,37140,145,144,28253,110,111,29040,113,113,False,,1,,1,,1,EXPERIMENTAL_SHADOW,False,436,e49c383285c8f58d02a37d777c58d0d49ee7607c00a8eeae9b1278558fb6514a
8283ab91b10f89ac758d09ecf5fb4d6343536600a06dd468b1cc1ecf4ec747c4,432,H015_L050_C020,H015_L050_C020,b385b04067eeb7883c3178e37c2b4d0c2f03e24216ad425bc239b139efd75eab,21.622710077524854,18.4176378641368,13.206170407711156,49.998788829610163,19.33460810279891,5.1768538046940815,0.0161599457979856,0.59713658708946371,0.41772767557900609,0.43549561271366438,0.59713658708946371,0.41772767557900609,0.43549561271366438,39133,152,152,27376,107,107,28540,111,111,False,,1,,1,,1,EXPERIMENTAL_SHADOW,False,437,d9a91436437a30c9a3ab986b03aa65272119d56e931d2f0b6b0c7b5a4568859b
8283ab91b10f89ac758d09ecf5fb4d6343536600a06dd468b1cc1ecf4ec747c4,433,H015_L050_C025,H015_L050_C025,b385b04067eeb7883c3178e37c2b4d0c2f03e24216ad425bc239b139efd75eab,22.667691607480094,18.414825798160692,12.738472553634605,49.995429687387343,24.16650313696184,6.4686973678844906,0.019047642635176599,0.62645796281110366,0.40330598364598991,0.42793963658893153,0.62645796281110366,0.40330598364598991,0.42793963658893153,41055,160,160,26431,103,103,28045,109,110,False,,1,,1,,1,EXPERIMENTAL_SHADOW,False,438,1b5292e2bfada8e4c8aba087497df41f87b9958ed84f3cfe9de217d186f86342
8283ab91b10f89ac758d09ecf5fb4d6343536600a06dd468b1cc1ecf4ec747c4,434,H015_L050_C030,H015_L050_C030,b385b04067eeb7883c3178e37c2b4d0c2f03e24216ad425bc239b139efd75eab,23.750267700059577,18.41552762609188,12.284098606536416,49.996268085172318,28.999917984543767,7.7615947319785263,0.0226310420537888,0.65492053820739848,0.3877805454894917,0.4204914247091826,0.65492053820739848,0.3877805454894917,0.4204914247091826,42920,167,167,25413,99,99,27557,107,107,False,,1,,1,,1,EXPERIMENTAL_SHADOW,False,439,6cd1e02168dc359eef50c84a7f1112b4c77201ec771acf1f081f790458b1f736
8283ab91b10f89ac758d09ecf5fb4d6343536600a06dd468b1cc1ecf4ec747c4,435,H015_L050_C035,H015_L050_C035,b385b04067eeb7883c3178e37c2b4d0c2f03e24216ad425bc239b139efd75eab,24.866176806769857,18.41575222955144,11.84053171073645,49.996536390089936,33.833239332402783,9.0538875401849026,0.026510893272434902,0.68259450223808282,0.37093419413111212,0.41311908015311039,0.68259450223808282,0.37093419413111212,0.41311908015311039,44734,174,174,24309,95,94,27074,105,105,False,,1,,1,,1,EXPERIMENTAL_SHADOW,False,440,f6a51ca71d7bd92a56ae0b07235b5d3d886dbbe1df0b719f164173af283fc075
8283ab91b10f89ac758d09ecf5fb4d6343536600a06dd468b1cc1ecf4ec747c4,436,H015_L050_C040,H015_L050_C040,b385b04067eeb7883c3178e37c2b4d0c2f03e24216ad425bc239b139efd75eab,26.014562684742295,18.415451058598091,11.406923453402907,49.996176619318931,38.661231543747952,10.347666174148683,0.0250627636168263,0.70956101734473864,0.35255938922409008,0.40581135704750892,0.70956101734473864,0.35255938922409008,0.40581135704750892,46501,181,182,23105,90,90,26595,103,104,False,,1,,1,,1,EXPERIMENTAL_SHADOW,False,441,c92f8938c1f4d2c4a42b5449c234e1a0a18d407f5599f9b333113bf325cfbfd4
8283ab91b10f89ac758d09ecf5fb4d6343536600a06dd468b1cc1ecf4ec747c4,437,H015_L050_C045,H015_L050_C045,b385b04067eeb7883c3178e37c2b4d0c2f03e24216ad425bc239b139efd75eab,27.198340913158709,18.415372748576441,10.983059165212085,49.996083071617605,43.490362138012941,11.6449212761911,0.024065628003607901,0.73595404001155307,0.3323396925232584,0.39856994001927182,0.73595404001155307,0.3323396925232584,0.39856994001927182,48231,188,187,21780,85,86,26120,102,101,False,,1,,1,,1,EXPERIMENTAL_SHADOW,False,442,dd70a607bd80f8ece1027b0a1d7a20bd53a52bfe3d59c64f4c82e086c1b711ec
8283ab91b10f89ac758d09ecf5fb4d6343536600a06dd468b1cc1ecf4ec747c4,438,H015_L050_C050,H015_L050_C050,b385b04067eeb7883c3178e37c2b4d0c2f03e24216ad425bc239b139efd75eab,28.418064226739009,18.414693078407289,10.571221673162688,49.995271139083343,48.324804751544711,12.936503310801474,0.029242147662968,0.7618462038547742,0.30982491943940688,0.39145084004026132,0.7618462038547742,0.30982491943940688,0.39145084004026132,49928,194,194,20304,79,80,25654,100,100,False,,1,,1,,1,EXPERIMENTAL_SHADOW,False,443,02ba1183318e20d2bba88a980b2e33a05144a50ba4784b7b9c86f16d09a10aff
8283ab91b10f89ac758d09ecf5fb4d6343536600a06dd468b1cc1ecf4ec747c4,439,H015_L050_C055,H015_L050_C055,b385b04067eeb7883c3178e37c2b4d0c2f03e24216ad425bc239b139efd75eab,29.674345610482849,18.41494723246656,10.169830472955921,49.995574753318927,53.156814939932126,14.229942893634796,0.031636855785367103,0.78728817453097777,0.28445204227958643,0.38442558311532621,0.78728817453097777,0.28445204227958643,0.38442558311532621,51595,201,201,18642,73,74,25193,98,99,False,,1,,1,,1,EXPERIMENTAL_SHADOW,False,444,571adfe7a8becba03566a29f7a0f1d4c89b72858cbf52d14d9763e841b55b8d8
8283ab91b10f89ac758d09ecf5fb4d6343536600a06dd468b1cc1ecf4ec747c4,440,H015_L050_C060,H015_L050_C060,b385b04067eeb7883c3178e37c2b4d0c2f03e24216ad425bc239b139efd75eab,30.965242490317891,18.414158306857335,9.7759748566802234,49.994632288086713,57.98728874150072,15.530465667332528,0.032267653534875998,0.81231336511408536,0.2552323886158343,0.37744373490702809,0.81231336511408536,0.2552323886158343,0.37744373490702809,53235,207,208,16727,65,66,24736,96,96,False,,1,,1,,1,EXPERIMENTAL_SHADOW,False,445,b346e30e834eec43e141d01d3cbd05e827d2c7e443e4ba91965912bd083b950f
8283ab91b10f89ac758d09ecf5fb4d6343536600a06dd468b1cc1ecf4ec747c4,441,H015_L050_C065,H015_L050_C065,b385b04067eeb7883c3178e37c2b4d0c2f03e24216ad425bc239b139efd75eab,32.293873179256799,18.413479682698203,9.3947146546288955,49.993821569485007,62.820164772267994,16.823326387562343,0.035506679332154401,0.83698890424422112,0.2204959413254656,0.37062023915177977,0.83698890424422112,0.2204959413254656,0.37062023915177977,54852,213,214,14450,56,57,24289,95,95,False,,1,,1,,1,EXPERIMENTAL_SHADOW,False,446,dde53838b2e857eef588f5cf098e87fb6fb05696e8cd2a9cf490ac223fbe0ad6
8283ab91b10f89ac758d09ecf5fb4d6343536600a06dd468b1cc1ecf4ec747c4,442,H015_L050_C070,H015_L050_C070,b385b04067eeb7883c3178e37c2b4d0c2f03e24216ad425bc239b139efd75eab,33.660373191140167,18.413410139078128,9.0234187523777649,49.99373848804845,67.651290669833557,18.117722723116835,0.037026398848043401,0.8613482923857243,0.17689247649172021,0.36390608453506812,0.8613482923857243,0.17689247649172021,0.36390608453506812,56448,220,221,11593,45,45,23849,93,93,False,,1,,1,,1,EXPERIMENTAL_SHADOW,False,447,ec6af853e859df87598d6310cda79f244b7b6d1c5f5d56c15ad95f2c1a717ba4
8283ab91b10f89ac758d09ecf5fb4d6343536600a06dd468b1cc1ecf4ec747c4,443,H015_L050_C075,H015_L050_C075,b385b04067eeb7883c3178e37c2b4d0c2f03e24216ad425bc239b139efd75eab,35.063715965413607,18.411999781671483,8.660483672068489,49.992053536092399,72.4853441800486,19.414998148438208,0.041863096405667398,0.8854197336650409,0.1147993962034719,0.35727896946007781,0.8854197336650409,0.1147993962034719,0.35727896946007781,58026,226,225,7523,29,32,23414,91,92,False,,1,,1,,1,EXPERIMENTAL_SHADOW,False,448,0f16b41135fd81aaa3120a587461566749ef15ba49fdaa825c4d3e3c754e6f64
8283ab91b10f89ac758d09ecf5fb4d6343536600a06dd468b1cc1ecf4ec747c4,444,H015_L050_C080,H015_L050_C080,b385b04067eeb7883c3178e37c2b4d0c2f03e24216ad425bc239b139efd75eab,36.508696686646161,18.414629036549535,8.308420837223899,49.995194633786767,77.309051636027419,20.716832176349044,0.037055723258924499,0.90924979818264362,-0.022384971017713601,0.35079020106423248,0.90924979818264362,0,0.35079020106423248,59588,232,232,0,0,0,22989,89,89,True,,1,,1,,1,EXPERIMENTAL_SHADOW,False,449,60a6f6d45381cd9b2ea21f77a16d5d7a2f3a771bfaf6427332f06bf1a2e40c24
8283ab91b10f89ac758d09ecf5fb4d6343536600a06dd468b1cc1ecf4ec747c4,413,H015_L055_C005,H015_L055_C005,b385b04067eeb7883c3178e37c2b4d0c2f03e24216ad425bc239b139efd75eab,23.167348215041471,22.930934328644884,18.313084339297081,55.001126524375735,4.8414368195319755,1.296072607711185,0.0120528226977701,0.55224346489813048,0.50498362010871378,0.50820992911834928,0.55224346489813048,0.50498362010871378,0.50820992911834928,36191,141,141,33094,129,128,33306,130,130,False,DERIVED-RGB8-0182,2,,1,,1,EXPERIMENTAL_SHADOW,False,450,3966a5743cb9fbea7de4394527ded24f353d6878509477cc6f627860ccd0dc3b
8283ab91b10f89ac758d09ecf5fb4d6343536600a06dd468b1cc1ecf4ec747c4,414,H015_L055_C010,H015_L055_C010,b385b04067eeb7883c3178e37c2b4d0c2f03e24216ad425bc239b139efd75eab,24.262473536903325,22.930123602755792,17.732239511531837,55.000289763445537,9.6682910090039602,2.588948802553825,0.0090267885224079997,0.58631652663654232,0.4931511063012578,0.50032229995972055,0.58631652663654232,0.4931511063012578,0.50032229995972055,38424,150,150,32319,126,125,32789,128,127,False,,1,,1,,1,EXPERIMENTAL_SHADOW,False,451,00097e7078b68087beadb9ce9b52720876c1508bf4de65867e948cbf9eba0327
8283ab91b10f89ac758d09ecf5fb4d6343536600a06dd468b1cc1ecf4ec747c4,415,H015_L055_C015,H015_L055_C015,b385b04067eeb7883c3178e37c2b4d0c2f03e24216ad425bc239b139efd75eab,25.391991563198118,22.928173698645441,17.163932711980216,54.998277160814162,14.50195603495602,3.879511407821723,0.013461220968763199,0.61887943507345522,0.48054768043207052,0.49249899836032518,0.61887943507345522,0.48054768043207052,0.49249899836032518,40558,158,157,31493,123,123,32276,126,125,False,,1,,1,,1,EXPERIMENTAL_SHADOW,False,452,5ade9f71b79c4e47a49592ab4912cb0d5334649ca0e2dea19e598343e4ce17fa
8283ab91b10f89ac758d09ecf5fb4d6343536600a06dd468b1cc1ecf4ec747c4,416,H015_L055_C020,H015_L055_C020,b385b04067eeb7883c3178e37c2b4d0c2f03e24216ad425bc239b139efd75eab,26.557238105443311,22.927344771737328,16.607654259213589,54.997421545471092,19.335557908718211,5.172647266246222,0.0176551320647391,0.65018236687223052,0.46713343750419689,0.48473209402617612,0.65018236687223052,0.46713343750419689,0.48473209402617612,42610,166,165,30614,119,119,31767,124,123,False,,1,,1,,1,EXPERIMENTAL_SHADOW,False,453,1d74ab36f98db16e41bc8fc5cc18d8b65711072700a09f018d9d2a2aaee3f2ca
8283ab91b10f89ac758d09ecf5fb4d6343536600a06dd468b1cc1ecf4ec747c4,417,H015_L055_C025,H015_L055_C025,b385b04067eeb7883c3178e37c2b4d0c2f03e24216ad425bc239b139efd75eab,27.759583186753055,22.927982587097667,16.061464771409657,54.998079897998039,24.170500559852812,6.4733546234892803,0.022663202524865401,0.68044587825305536,0.45281301837681798,0.47699494450144542,0.68044587825305536,0.45281301837681798,0.47699494450144542,44593,174,173,29675,115,115,31260,122,122,False,,1,,1,,1,EXPERIMENTAL_SHADOW,False,454,a34f2a23ff3a155ea0e8818ad405939885a44eb5154a5f07f12e90a8fa5b3a8b
8283ab91b10f89ac758d09ecf5fb4d6343536600a06dd468b1cc1ecf4ec747c4,418,H015_L055_C030,H015_L055_C030,b385b04067eeb7883c3178e37c2b4d0c2f03e24216ad425bc239b139efd75eab,28.994262571576595,22.926999796598238,15.531037451441486,54.997065457308551,28.999487122909784,7.7621870976768195,0.022017378103063999,0.7097232802630481,0.43746685463105112,0.46938794875146411,0.7097232802630481,0.43746685463105112,0.46938794875146411,46512,181,181,28669,112,111,30761,120,119,False,,1,,1,,1,EXPERIMENTAL_SHADOW,False,455,46cfeef0a2d7a8a91d9b04defb2e1bbe1ee420b33b7b6af4803fa8175eff8da1
8283ab91b10f89ac758d09ecf5fb4d6343536600a06dd468b1cc1ecf4ec747c4,419,H015_L055_C035,H015_L055_C035,b385b04067eeb7883c3178e37c2b4d0c2f03e24216ad425bc239b139efd75eab,30.267202278340264,22.927829479541352,15.010949559421622,54.997921861609214,33.828577588785272,9.0579432542979159,0.021292759097564399,0.73824372193846233,0.42097001778319132,0.46182480251432112,0.73824372193846233,0.42097001778319132,0.46182480251432112,48381,188,188,27588,107,106,30266,118,117,False,,1,,1,,1,EXPERIMENTAL_SHADOW,False,456,12b754fa9d9a40a72758e414b8545a213d0e922493858c140b233626b9ed5f84
8283ab91b10f89ac758d09ecf5fb4d6343536600a06dd468b1cc1ecf4ec747c4,420,H015_L055_C040,H015_L055_C040,b385b04067eeb7883c3178e37c2b4d0c2f03e24216ad425bc239b139efd75eab,31.574547894286045,22.926344501264925,14.499453469244528,54.996389042465204,38.659536877156235,10.357695159485235,0.023343359498129702,0.76606698790990646,0.40309707961007107,0.45428737397181201,0.76606698790990646,0.40309707961007107,0.45428737397181201,50204,195,195,26417,103,102,29772,116,116,False,,1,,1,,1,EXPERIMENTAL_SHADOW,False,457,01cf544591a16237b44fc38737bc6e0f2cc8ad32c216f6af995bfbe6825759e9
8283ab91b10f89ac758d09ecf5fb4d6343536600a06dd468b1cc1ecf4ec747c4,421,H015_L055_C045,H015_L055_C045,b385b04067eeb7883c3178e37c2b4d0c2f03e24216ad425bc239b139efd75eab,32.920874091044915,22.926207683962261,14.004426610518497,54.996247814051898,43.491103550523661,11.647412716724226,0.024695648523356602,0.79329709228125156,0.38366490957517141,0.44690971953612069,0.79329709228125156,0.38366490957517141,0.44690971953612069,51989,202,202,25143,98,98,29288,114,113,False,,1,,1,,1,EXPERIMENTAL_SHADOW,False,458,1489976364b73ffe37fbb022040a43c2798056cd4009b743ee2f14cb5e8c113e
8283ab91b10f89ac758d09ecf5fb4d6343536600a06dd468b1cc1ecf4ec747c4,422,H015_L055_C050,H015_L055_C050,b385b04067eeb7883c3178e37c2b4d0c2f03e24216ad425bc239b139efd75eab,34.304549731106363,22.92527544432545,13.519747828311656,54.995285503228395,48.32487379704925,12.93854652091404,0.0290638592971817,0.82000265209630285,0.36233905337620143,0.43959830428550228,0.82000265209630285,0.36233905337620143,0.43959830428550228,53739,209,209,23746,92,92,28809,112,112,False,,1,,1,,1,EXPERIMENTAL_SHADOW,False,459,22f310409ef0064ff1b6e10d19aac24067ecaf4a6e2998a3d287bc0df0ca9892
8283ab91b10f89ac758d09ecf5fb4d6343536600a06dd468b1cc1ecf4ec747c4,423,H015_L055_C055,H015_L055_C055,b385b04067eeb7883c3178e37c2b4d0c2f03e24216ad425bc239b139efd75eab,35.726222917328762,22.924647354186909,13.046007078952984,54.994637138122215,53.156486177892091,14.231260320000841,0.031277144563768802,0.84623409026526408,0.33873425976654697,0.43236634248870198,0.84623409026526408,0.33873425976654697,0.43236634248870198,55458,216,215,22199,86,86,28335,110,110,False,,1,,1,,1,EXPERIMENTAL_SHADOW,False,460,228737b1705d701aa759cf096e374c02924eaa4d77f3e18ce05d4bc6d3ffe89f
8283ab91b10f89ac758d09ecf5fb4d6343536600a06dd468b1cc1ecf4ec747c4,424,H015_L055_C060,H015_L055_C060,b385b04067eeb7883c3178e37c2b4d0c2f03e24216ad425bc239b139efd75eab,37.187038313625109,22.924005983800143,12.582441195326068,54.993975051855841,57.989450976443806,15.526847537783327,0.034554918429445101,0.87205829130673207,0.31222973200716497,0.42520766125940301,0.87205829130673207,0.31222973200716497,0.42520766125940301,57150,222,222,20462,80,79,27866,108,107,False,,1,,1,,1,EXPERIMENTAL_SHADOW,False,461,b31bcfb425382c4950507c41faa7319a27b805018a1dbaaa76f27ba07f737138
8283ab91b10f89ac758d09ecf5fb4d6343536600a06dd468b1cc1ecf4ec747c4,425,H015_L055_C065,H015_L055_C065,b385b04067eeb7883c3178e37c2b4d0c2f03e24216ad425bc239b139efd75eab,38.68717610168099,22.923266321915488,12.130100003559392,54.993211484001691,62.82296270948212,16.821937083468509,0.038388815233809201,0.89751091583270992,0.28190215675223712,0.4181482491522181,0.89751091583270992,0.28190215675223712,0.4181482491522181,58818,229,229,18474,72,71,27403,107,106,False,,1,,1,,1,EXPERIMENTAL_SHADOW,False,462,67f1e116b832e9e4f18e3da2081ee2186804f27abc19f5b0c28ad143bfca4392
8283ab91b10f89ac758d09ecf5fb4d6343536600a06dd468b1cc1ecf4ec747c4,426,H015_L055_C070,H015_L055_C070,b385b04067eeb7883c3178e37c2b4d0c2f03e24216ad425bc239b139efd75eab,40.227381449594766,22.924504012197055,11.689587338633196,54.994489167343431,67.648470058319361,18.118002413892121,0.034125291047456,0.92261562631738636,0.24628114058734091,0.4112012662123582,0.92261562631738636,0.24628114058734091,0.4112012662123582,60464,235,235,16140,63,62,26948,105,105,False,,1,,1,,1,EXPERIMENTAL_SHADOW,False,463,0e710b1acdbea59bbd2cab96698b4a92b39cf90d4ffa3407b82d6142d97e8227
8283ab91b10f89ac758d09ecf5fb4d6343536600a06dd468b1cc1ecf4ec747c4,427,H015_L055_C075,H015_L055_C075,b385b04067eeb7883c3178e37c2b4d0c2f03e24216ad425bc239b139efd75eab,41.80662463599576,22.922808535517746,11.258961881498792,54.992738893658469,72.483081874470784,19.411618774492645,0.039358086083484997,0.9474261751587344,0.20212084830403201,0.40435114533181349,0.9474261751587344,0.20212084830403201,0.40435114533181349,62090,242,240,13246,52,52,26499,103,103,False,,1,,1,,1,EXPERIMENTAL_SHADOW,False,464,0ee67011aa4749b1ccf5bf20fd890c439411cb73aabde64379f46625a08b9297
8283ab91b10f89ac758d09ecf5fb4d6343536600a06dd468b1cc1ecf4ec747c4,428,H015_L055_C080,H015_L055_C080,b385b04067eeb7883c3178e37c2b4d0c2f03e24216ad425bc239b139efd75eab,43.430664974092366,22.924831667881666,10.837913874877424,54.99482740275468,77.312906636013423,20.715388635852115,0.040379399202514002,0.97199769905659761,0.14179118856196329,0.39758276097621031,0.97199769905659761,0.14179118856196329,0.39758276097621031,63700,248,248,9292,36,37,26056,101,101,False,,1,,1,,1,EXPERIMENTAL_SHADOW,False,465,f38562a1ce6acfc904b3a5b2ff09602b3051bb9d00c584ece427bedcf857e022
8283ab91b10f89ac758d09ecf5fb4d6343536600a06dd468b1cc1ecf4ec747c4,399,H015_L060_C005,H015_L060_C005,b385b04067eeb7883c3178e37c2b4d0c2f03e24216ad425bc239b139efd75eab,28.326982245564388,28.125262667808641,22.508763785468304,60.001737031588959,4.837569954467269,1.2962402392488803,0.0084331534430382993,0.60362410946928902,0.55554193535673291,0.55878879486901412,0.60362410946928902,0.55554193535673291,0.55878879486901412,39559,154,154,36407,142,141,36620,142,143,False,DERIVED-RGB8-0197,2,,1,,1,EXPERIMENTAL_SHADOW,False,466,e85dbb7c14d91cb37b25f8bd09127b32fbdf4a5c7d88f2a7e834bc71e9a2f1ec
8283ab91b10f89ac758d09ecf5fb4d6343536600a06dd468b1cc1ecf4ec747c4,400,H015_L060_C010,H015_L060_C010,b385b04067eeb7883c3178e37c2b4d0c2f03e24216ad425bc239b139efd75eab,29.5792416016732,28.123902909412241,21.839116842186495,60.00051220551029,9.6710159063144179,2.5937250111201622,0.0129634317651966,0.63850112160445416,0.54355680815171115,0.55072560220318045,0.63850112160445416,0.54355680815171115,0.55072560220318045,41844,163,163,35622,139,138,36092,140,139,False,,1,,1,,1,EXPERIMENTAL_SHADOW,False,467,96e9ca12dd601c3845197ade270b83e52734b3059e1fdad45a5381aab10e8167
8283ab91b10f89ac758d09ecf5fb4d6343536600a06dd468b1cc1ecf4ec747c4,401,H015_L060_C015,H015_L060_C015,b385b04067eeb7883c3178e37c2b4d0c2f03e24216ad425bc239b139efd75eab,30.865714659655158,28.121106511377917,21.186423945193283,59.997993177147535,14.502064864955919,3.881898274947448,0.013323002300032701,0.67183085777082763,0.53086885084571034,0.54276872278392907,0.67183085777082763,0.53086885084571034,0.54276872278392907,44028,171,171,34790,135,136,35570,138,138,False,,1,,1,,1,EXPERIMENTAL_SHADOW,False,468,40d7a66362da920b8ed44ecbe16bd9b5c6e1ace3d4c3825ccd4ae2df5d2d4584
8283ab91b10f89ac758d09ecf5fb4d6343536600a06dd468b1cc1ecf4ec747c4,402,H015_L060_C020,H015_L060_C020,b385b04067eeb7883c3178e37c2b4d0c2f03e24216ad425bc239b139efd75eab,32.192255118927832,28.120096109538117,20.546032171267665,59.997082954170885,19.338021806205973,5.1745494539757519,0.0198251001132532,0.70396118142072406,0.51741817705497806,0.53485696672773264,0.70396118142072406,0.51741817705497806,0.53485696672773264,46134,180,179,33909,132,132,35052,136,136,False,,1,,1,,1,EXPERIMENTAL_SHADOW,False,469,202349985dbcb3d1c3e7501c7816ad92f3b9c83808212b55a179193ff58b8eeb
8283ab91b10f89ac758d09ecf5fb4d6343536600a06dd468b1cc1ecf4ec747c4,403,H015_L060_C025,H015_L060_C025,b385b04067eeb7883c3178e37c2b4d0c2f03e24216ad425bc239b139efd75eab,33.557593732313045,28.122189981179638,19.919598582354507,59.998969199352118,24.166553226871116,6.4701005739826734,0.018486310423547501,0.73501540512203778,0.50317172210036565,0.52701332405702461,0.73501540512203778,0.50317172210036565,0.52701332405702461,48169,187,187,32975,128,128,34538,134,135,False,,1,,1,,1,EXPERIMENTAL_SHADOW,False,470,e675b3f76ed9cf4f0f919a7fb05e4b0858349502918e831c0d4e9bc717759406
8283ab91b10f89ac758d09ecf5fb4d6343536600a06dd468b1cc1ecf4ec747c4,404,H015_L060_C030,H015_L060_C030,b385b04067eeb7883c3178e37c2b4d0c2f03e24216ad425bc239b139efd75eab,34.957436071745278,28.120096949092471,19.30447183649299,59.99708371049455,28.999220967269039,7.762463383386442,0.0217238972970803,0.76513258210768176,0.4879360163873051,0.51921815023097262,0.76513258210768176,0.4879360163873051,0.51921815023097262,50143,195,195,31977,124,124,34027,132,132,False,,1,,1,,1,EXPERIMENTAL_SHADOW,False,471,a4dc642cc8553ba6c5673bb84e28ef248220c9c105e8bb63effb3e81d6e6a781
8283ab91b10f89ac758d09ecf5fb4d6343536600a06dd468b1cc1ecf4ec747c4,405,H015_L060_C035,H015_L060_C035,b385b04067eeb7883c3178e37c2b4d0c2f03e24216ad425bc239b139efd75eab,36.397395345279165,28.119709934540712,18.701649120801065,59.996735061717686,33.830954500275901,9.058544945997582,0.023780209144966299,0.79447247955885325,0.47166349342058311,0.51147988140500145,0.79447247955885325,0.47166349342058311,0.51147988140500145,52066,203,202,30910,120,120,33520,130,130,False,,1,,1,,1,EXPERIMENTAL_SHADOW,False,472,abd25aa659f5a64a32ec345238af8ca37e5f4375db35ca3ea2376e2d7c09c3d5
8283ab91b10f89ac758d09ecf5fb4d6343536600a06dd468b1cc1ecf4ec747c4,406,H015_L060_C040,H015_L060_C040,b385b04067eeb7883c3178e37c2b4d0c2f03e24216ad425bc239b139efd75eab,37.875845606713661,28.118281179963077,18.113542546641096,59.995447915650686,38.665061148602298,10.348491043619701,0.0287526805340097,0.82311260126321606,0.45417759012938858,0.50384446021654072,0.82311260126321606,0.45417759012938858,0.50384446021654072,53943,210,210,29765,116,116,33019,128,129,False,,1,,1,,1,EXPERIMENTAL_SHADOW,False,473,dca6dd36b1c1af6537553565fef1785039aafb0be93612ec4e999eb5114ddb52
8283ab91b10f89ac758d09ecf5fb4d6343536600a06dd468b1cc1ecf4ec747c4,407,H015_L060_C045,H015_L060_C045,b385b04067eeb7883c3178e37c2b4d0c2f03e24216ad425bc239b139efd75eab,39.393442269995226,28.117433338587947,17.537035461791195,59.994684085976289,43.49579055279068,11.641293042412949,0.030099122528035399,0.85113279842944678,0.4353350983411855,0.49626738414364557,0.85113279842944678,0.4353350983411855,0.49626738414364557,55779,217,216,28530,111,111,32523,127,126,False,,1,,1,,1,EXPERIMENTAL_SHADOW,False,474,502082545adff31e1ed2b1465a07ae707068be87477846c88a7eaabfb2997653
8283ab91b10f89ac758d09ecf5fb4d6343536600a06dd468b1cc1ecf4ec747c4,408,H015_L060_C050,H015_L060_C050,b385b04067eeb7883c3178e37c2b4d0c2f03e24216ad425bc239b139efd75eab,40.953914876883779,28.118649476036165,16.972896858128479,59.995779712873777,48.32728665368613,12.93729089836193,0.031491919043673197,0.87864176723320286,0.41490776311885452,0.48876414234758297,0.87864176723320286,0.41490776311885452,0.48876414234758297,57582,224,223,27191,106,106,32031,125,124,False,,1,,1,,1,EXPERIMENTAL_SHADOW,False,475,ace1bd4d6d77c45d0b8e16c80780c168c9e522c00a2b4e007942f2189f3f0ad2
8283ab91b10f89ac758d09ecf5fb4d6343536600a06dd468b1cc1ecf4ec747c4,409,H015_L060_C055,H015_L060_C055,b385b04067eeb7883c3178e37c2b4d0c2f03e24216ad425bc239b139efd75eab,42.552078156609312,28.117435020938014,16.42170698003228,59.99468560163929,53.159321807610681,14.227809150936,0.034597230585161003,0.90564048719722556,0.39255506351665542,0.4813566086090707,0.90564048719722556,0.39255506351665542,0.4813566086090707,59351,231,231,25726,100,100,31546,123,123,False,,1,,1,,1,EXPERIMENTAL_SHADOW,False,476,5ec52d3dfea568a3b142a9aefc3813cd3a96d954723e06d7aed824053e818078
8283ab91b10f89ac758d09ecf5fb4d6343536600a06dd468b1cc1ecf4ec747c4,410,H015_L060_C060,H015_L060_C060,b385b04067eeb7883c3178e37c2b4d0c2f03e24216ad425bc239b139efd75eab,44.189934338390223,28.115769771174666,15.879632458837955,59.993185315067322,57.989173753479619,15.52477602961808,0.034627421561552803,0.93219891617150397,0.36789641560671532,0.47398539287388841,0.93219891617150397,0.36789641560671532,0.47398539287388841,61092,238,238,24110,94,94,31063,121,120,False,,1,,1,,1,EXPERIMENTAL_SHADOW,False,477,962ce7beb9be257a1c369e5ec9949d39ae6a9ffd11f8674a4a2c95f76d943a2b
8283ab91b10f89ac758d09ecf5fb4d6343536600a06dd468b1cc1ecf4ec747c4,411,H015_L060_C065,H015_L060_C065,b385b04067eeb7883c3178e37c2b4d0c2f03e24216ad425bc239b139efd75eab,45.87301463737181,28.116463710036477,15.350502130360148,59.99381051806553,62.820434456197283,16.82322063909929,0.035773971209632098,0.95840504875150245,0.34035796166338472,0.46671403810041401,0.95840504875150245,0.34035796166338472,0.46671403810041401,62809,244,244,22305,87,86,30586,119,118,False,,1,,1,,1,EXPERIMENTAL_SHADOW,False,478,e3b1b7ef3047514eb028790be4e2d49a14966c7ed5e2fbd90708aa303fa483bf
8283ab91b10f89ac758d09ecf5fb4d6343536600a06dd468b1cc1ecf4ec747c4,412,H015_L060_C070,H015_L060_C070,b385b04067eeb7883c3178e37c2b4d0c2f03e24216ad425bc239b139efd75eab,47.59687186474676,28.115446759963078,14.835028524233101,59.992894295175134,67.65439347006685,18.114517050519048,0.040322186458648303,0.98425146474267522,0.30899991219980488,0.45956871380291647,0.98425146474267522,0.30899991219980488,0.45956871380291647,64503,251,251,20250,79,78,30118,117,117,False,,1,,1,,1,EXPERIMENTAL_SHADOW,False,479,2f484366ac7e4cc71658ff1723e7a1d08fc7bfd0781b02fb2aed2edfe81fce9f
8283ab91b10f89ac758d09ecf5fb4d6343536600a06dd468b1cc1ecf4ec747c4,386,H015_L065_C005,H015_L065_C005,b385b04067eeb7883c3178e37c2b4d0c2f03e24216ad425bc239b139efd75eab,34.201443611901624,34.048925304389499,27.299251602813488,65.00138762644427,4.8397652817903092,1.297400837977758,0.0107774761600587,0.65584399336938537,0.60692468675054634,0.61020025480955098,0.65584399336938537,0.60692468675054634,0.61020025480955098,42981,167,167,39775,155,154,39989,156,156,False,DERIVED-RGB8-0207,2,,1,,1,EXPERIMENTAL_SHADOW,False,480,72d6e920170cdde1939e41deba54dbd858e9fa0b60ca1b1d211dda540042d5d2
8283ab91b10f89ac758d09ecf5fb4d6343536600a06dd468b1cc1ecf4ec747c4,387,H015_L065_C010,H015_L065_C010,b385b04067eeb7883c3178e37c2b4d0c2f03e24216ad425bc239b139efd75eab,35.619942176252898,34.047967599340403,26.540085775630839,65.000628168648745,9.6707019389349309,2.5907216328324933,0.011694333647930001,0.69141464190030932,0.5948215317536244,0.60203584199874205,0.69141464190030932,0.5948215317536244,0.60203584199874205,45312,176,177,38982,152,152,39454,154,153,False,,1,,1,,1,EXPERIMENTAL_SHADOW,False,481,f9271baecfd2264ec9155b7282a0e2e76dcaa3a25d52d02ef9e4b78ec18f27c1
8283ab91b10f89ac758d09ecf5fb4d6343536600a06dd468b1cc1ecf4ec747c4,388,H015_L065_C015,H015_L065_C015,b385b04067eeb7883c3178e37c2b4d0c2f03e24216ad425bc239b139efd75eab,37.07666315356316,34.045905696623919,25.794477067801413,64.998993036426342,14.503888098683079,3.8836720591649998,0.015084416598753,0.72552834701546631,0.58204640539413011,0.59391848894461463,0.72552834701546631,0.58204640539413011,0.59391848894461463,47548,185,184,38144,148,149,38922,151,151,False,,1,,1,,1,EXPERIMENTAL_SHADOW,False,482,91245174a09514f2e91323bd5086da3c4fdda648e2cf722ab69e63dcdb1abc39
8283ab91b10f89ac758d09ecf5fb4d6343536600a06dd468b1cc1ecf4ec747c4,389,H015_L065_C020,H015_L065_C020,b385b04067eeb7883c3178e37c2b4d0c2f03e24216ad425bc239b139efd75eab,38.573889093237845,34.045066793263118,25.066263327282361,64.998327749522247,19.337098459848544,5.1723965786322212,0.019097814352596401,0.7584098584505542,0.56856531292622425,0.58589586132487437,0.7584098584505542,0.56856531292622425,0.58589586132487437,49702,193,193,37261,145,145,38397,149,150,False,,1,,1,,1,EXPERIMENTAL_SHADOW,False,483,f60aebaa51c68c4bd8b729c2604dfb9826f226ef31df2518426122ff31bd9c6d
8283ab91b10f89ac758d09ecf5fb4d6343536600a06dd468b1cc1ecf4ec747c4,390,H015_L065_C025,H015_L065_C025,b385b04067eeb7883c3178e37c2b4d0c2f03e24216ad425bc239b139efd75eab,40.110295792636798,34.044886081469549,24.346091434201043,64.998184435768252,24.166217950226216,6.4725858831261807,0.018327774068212899,0.7902349941014768,0.55431446534486906,0.57785581054962265,0.7902349941014768,0.55431446534486906,0.57785581054962265,51788,202,201,36327,141,142,37870,147,148,False,,1,,1,,1,EXPERIMENTAL_SHADOW,False,484,a18b0d1c16cec5cd0e3d780bc517b9e6495db2e6526cc0fa08c2e0910832f240
8283ab91b10f89ac758d09ecf5fb4d6343536600a06dd468b1cc1ecf4ec747c4,391,H015_L065_C030,H015_L065_C030,b385b04067eeb7883c3178e37c2b4d0c2f03e24216ad425bc239b139efd75eab,41.687512286067921,34.043978313067242,23.646678857556552,64.997464521027666,28.999470885288314,7.7590787721880652,0.022506440841451501,0.82114335204707301,0.53918216413272135,0.56996578567174183,0.82114335204707301,0.53918216413272135,0.56996578567174183,53814,209,210,35335,137,137,37353,145,145,False,,1,,1,,1,EXPERIMENTAL_SHADOW,False,485,14ce187782e755c42147847c02e98dd8183d5c06a2e4d69f512c8e846755d129
8283ab91b10f89ac758d09ecf5fb4d6343536600a06dd468b1cc1ecf4ec747c4,392,H015_L065_C035,H015_L065_C035,b385b04067eeb7883c3178e37c2b4d0c2f03e24216ad425bc239b139efd75eab,43.305072793900891,34.042859681689926,22.954189971778469,64.996577361710052,33.832060669861221,9.0578009646725679,0.024913276689104001,0.85126721951600992,0.52308566838491377,0.56205199292524755,0.85126721951600992,0.52308566838491377,0.56205199292524755,55788,217,218,34280,133,134,36834,143,144,False,,1,,1,,1,EXPERIMENTAL_SHADOW,False,486,a72717e97e95a85ccbf83617f8215cf66816c0f49c59938dc3a0543b1b650a97
8283ab91b10f89ac758d09ecf5fb4d6343536600a06dd468b1cc1ecf4ec747c4,393,H015_L065_C040,H015_L065_C040,b385b04067eeb7883c3178e37c2b4d0c2f03e24216ad425bc239b139efd75eab,44.964458045220645,34.042546813390267,22.280146340509983,64.996329229998949,38.663372760882666,10.348354449412334,0.026995554986004099,0.88067878263635113,0.5059234020591904,0.55426633452279273,0.88067878263635113,0.5059234020591904,0.55426633452279273,57715,225,226,33156,129,129,36324,141,143,False,,1,,1,,1,EXPERIMENTAL_SHADOW,False,487,21e86a9df5d52915282bb0a48931b8748d1a1701c3475898a181923465013d1e
8283ab91b10f89ac758d09ecf5fb4d6343536600a06dd468b1cc1ecf4ec747c4,394,H015_L065_C045,H015_L065_C045,b385b04067eeb7883c3178e37c2b4d0c2f03e24216ad425bc239b139efd75eab,46.665403309298014,34.040962468561624,21.616305047295491,64.995072683723876,43.49819660245047,11.643335242559338,0.032078371330515998,0.90948459793250225,0.48751586854369422,0.54650906323017068,0.90948459793250225,0.48751586854369422,0.54650906323017068,59603,232,231,31949,124,125,35815,139,139,False,,1,,1,,1,EXPERIMENTAL_SHADOW,False,488,97e8b9d557c002fcac642be5998630b3f924504880989265f6cd87c1c7140f93
8283ab91b10f89ac758d09ecf5fb4d6343536600a06dd468b1cc1ecf4ec747c4,395,H015_L065_C050,H015_L065_C050,b385b04067eeb7883c3178e37c2b4d0c2f03e24216ad425bc239b139efd75eab,48.409220829600123,34.041321517538442,20.967512176065515,64.995357449425953,48.327766871053171,12.937489476348627,0.032000641025082502,0.93772667554559685,0.46774655058405701,0.5388431620016817,0.93772667554559685,0.46774655058405701,0.5388431620016817,61454,239,239,30654,119,120,35313,137,137,False,,1,,1,,1,EXPERIMENTAL_SHADOW,False,489,974366da65718d0c0b10c5d53eaafa37a6e91ddb2681367b97d2c99de9383225
8283ab91b10f89ac758d09ecf5fb4d6343536600a06dd468b1cc1ecf4ec747c4,396,H015_L065_C055,H015_L065_C055,b385b04067eeb7883c3178e37c2b4d0c2f03e24216ad425bc239b139efd75eab,50.194795990643705,34.04013251717997,20.331272843478214,64.994414432468858,53.159550120100704,14.230678371394625,0.034383217144988799,0.96547255876150195,0.44633047163404782,0.53124650097015402,0.96547255876150195,0.44633047163404782,0.53124650097015402,63272,246,246,29250,114,114,34815,135,137,False,,1,,1,,1,EXPERIMENTAL_SHADOW,False,490,16b9ff42e43608241034744577b80c96ecb35b40711c552abaccedb8896bcfa9
8283ab91b10f89ac758d09ecf5fb4d6343536600a06dd468b1cc1ecf4ec747c4,397,H015_L065_C060,H015_L065_C060,b385b04067eeb7883c3178e37c2b4d0c2f03e24216ad425bc239b139efd75eab,52.02507454736277,34.040061411207482,19.708091004783217,64.994358036383915,57.990973680611511,15.525280865721156,0.036122009304750298,0.99278614250917441,0.42300241870256611,0.52372681224410356,0.99278614250917441,0.42300241870256611,0.52372681224410356,65062,253,253,27721,108,108,34322,134,132,False,,1,,1,,1,EXPERIMENTAL_SHADOW,False,491,7e293b0ba2c3f52f3ab556e632135f30bbafe6357a0f3d8df1a3b5894d8d0399
8283ab91b10f89ac758d09ecf5fb4d6343536600a06dd468b1cc1ecf4ec747c4,398,H015_L065_C065,H015_L065_C065,b385b04067eeb7883c3178e37c2b4d0c2f03e24216ad425bc239b139efd75eab,53.897367741217302,34.038465420789137,19.095176358148937,64.993092192215769,62.822654175180404,16.823370045092535,0.038086243739196501,1.0196908140528811,0.39733242584677331,0.51625265930486375,1,0.39733242584677331,0.51625265930486375,65535,255,255,26039,101,101,33833,132,132,True,,1,,1,,1,EXPERIMENTAL_SHADOW,False,492,a2f272ef7cbb7b1fbb321a33eb2d0fad8078ecd0350583c25970ade0c972d945
8283ab91b10f89ac758d09ecf5fb4d6343536600a06dd468b1cc1ecf4ec747c4,375,H015_L070_C005,H015_L070_C005,b385b04067eeb7883c3178e37c2b4d0c2f03e24216ad425bc239b139efd75eab,40.834449874386593,40.749187484713083,32.726100973084904,69.999839439099333,4.8404806070770352,1.2953595754408465,0.0109544475195617,0.70880445418030735,0.65910738801254065,0.66242940668905226,0.70880445418030735,0.65910738801254065,0.66242940668905226,46451,181,181,43195,168,168,43412,169,170,False,,1,,1,,1,EXPERIMENTAL_SHADOW,False,493,13d0a6f5ff60dd1b76ec1907688456ec706f3da757080141022b219247b157ce
8283ab91b10f89ac758d09ecf5fb4d6343536600a06dd468b1cc1ecf4ec747c4,376,H015_L070_C010,H015_L070_C010,b385b04067eeb7883c3178e37c2b4d0c2f03e24216ad425bc239b139efd75eab,42.431218008191365,40.74846347592873,31.868480199931941,69.9993301037251,9.6750583831782233,2.5897852195779114,0.015852076284231201,0.74508257003549061,0.64687065616406803,0.6541327107250724,0.74508257003549061,0.64687065616406803,0.6541327107250724,48829,190,191,42393,165,165,42869,167,166,False,,1,,1,,1,EXPERIMENTAL_SHADOW,False,494,c0b95640124712cec92b319cd87bbf367577b756aeef17d3a163bdaa13300acc
8283ab91b10f89ac758d09ecf5fb4d6343536600a06dd468b1cc1ecf4ec747c4,377,H015_L070_C015,H015_L070_C015,b385b04067eeb7883c3178e37c2b4d0c2f03e24216ad425bc239b139efd75eab,44.068260699949086,40.74933357830021,31.026750859020169,69.999942214236668,14.502418395011039,3.884940940102144,0.0137740664835088,0.77989959157689526,0.63404186004950713,0.64589179147944453,0.77989959157689526,0.63404186004950713,0.64589179147944453,51111,199,199,41552,162,163,42329,165,165,False,,1,,1,,1,EXPERIMENTAL_SHADOW,False,495,688f7d445fd2f4cf00e906b5ee9523881ecb325cc02f79ad783e487eaa99daf9
8283ab91b10f89ac758d09ecf5fb4d6343536600a06dd468b1cc1ecf4ec747c4,378,H015_L070_C020,H015_L070_C020,b385b04067eeb7883c3178e37c2b4d0c2f03e24216ad425bc239b139efd75eab,45.747123760229542,40.747738787298864,30.201856038383305,69.998820284042353,19.33795417418893,5.1741361250637219,0.019620951884173399,0.81352621910667433,0.62049983310808576,0.63772885523221734,0.81352621910667433,0.62049983310808576,0.63772885523221734,53314,207,207,40664,158,158,41794,163,163,False,,1,,1,,1,EXPERIMENTAL_SHADOW,False,496,7dabafbdc6c0ced3cd7d889c4eee7638dcacb516ea984b51615ee613599ee82f
8283ab91b10f89ac758d09ecf5fb4d6343536600a06dd468b1cc1ecf4ec747c4,379,H015_L070_C025,H015_L070_C025,b385b04067eeb7883c3178e37c2b4d0c2f03e24216ad425bc239b139efd75eab,47.466352129403219,40.746791425764641,29.38943972893545,69.998153804476857,24.166697052150965,6.4677728190652317,0.018886405228798399,0.8460768211318217,0.60624680489833704,0.62959255550759086,0.8460768211318217,0.60624680489833704,0.62959255550759086,55448,216,216,39730,155,155,41260,161,162,False,,1,,1,,1,EXPERIMENTAL_SHADOW,False,497,bd439f82a5754772868f781998d6ab6bbcd357f56ba67f1a86b8a1ad0b374369
8283ab91b10f89ac758d09ecf5fb4d6343536600a06dd468b1cc1ecf4ec747c4,380,H015_L070_C030,H015_L070_C030,b385b04067eeb7883c3178e37c2b4d0c2f03e24216ad425bc239b139efd75eab,49.228992838652282,40.745184251232914,28.589627467528903,69.997023115368464,28.999793623411151,7.7640447971304658,0.022201116257688398,0.8777434631700769,0.59117198052804842,0.62149059314046518,0.8777434631700769,0.59117198052804842,0.62149059314046518,57523,224,224,38742,151,151,40729,158,158,False,,1,,1,,1,EXPERIMENTAL_SHADOW,False,498,d6c64591363a943c2ce96c8cddeadc41d92dc902a97b987d1dfe9146049942e9
8283ab91b10f89ac758d09ecf5fb4d6343536600a06dd468b1cc1ecf4ec747c4,381,H015_L070_C035,H015_L070_C035,b385b04067eeb7883c3178e37c2b4d0c2f03e24216ad425bc239b139efd75eab,51.036209785848605,40.744004289019685,27.807368624229085,69.996192962315646,33.83548134322217,9.0559797896595278,0.028468489903536402,0.90862330284476245,0.57520636240966738,0.61348197859981468,0.90862330284476245,0.57520636240966738,0.61348197859981468,59547,232,233,37696,147,147,40205,156,157,False,,1,,1,,1,EXPERIMENTAL_SHADOW,False,499,0a29a4dd2f0d6aefa526254f029fddaa608d8087e9f5114c38c910969398932e
8283ab91b10f89ac758d09ecf5fb4d6343536600a06dd468b1cc1ecf4ec747c4,382,H015_L070_C040,H015_L070_C040,b385b04067eeb7883c3178e37c2b4d0c2f03e24216ad425bc239b139efd75eab,52.885941350015003,40.744906765367787,27.038427656286089,69.99682789383111,38.661804608468351,10.352282372736513,0.025011973068888398,0.93876617904519755,0.55830435439363157,0.605517245832072,0.93876617904519755,0.55830435439363157,0.605517245832072,61522,239,240,36588,142,143,39683,154,156,False,,1,,1,,1,EXPERIMENTAL_SHADOW,False,500,a1e61aeb3ea3a23e21414d2ae03211e402a27af5c3238378aeb14196b3e95c10
8283ab91b10f89ac758d09ecf5fb4d6343536600a06dd468b1cc1ecf4ec747c4,383,H015_L070_C045,H015_L070_C045,b385b04067eeb7883c3178e37c2b4d0c2f03e24216ad425bc239b139efd75eab,54.779775961740896,40.74375248844899,26.283495697054345,69.996015807946961,43.494215346462859,11.646607586656742,0.0278038411527942,0.96829857269123021,0.54026718481946256,0.59761683730539672,0.96829857269123021,0.54026718481946256,0.59761683730539672,63457,247,247,35406,138,138,39165,152,152,False,,1,,1,,1,EXPERIMENTAL_SHADOW,False,501,f26710b6384f3c5c2ff35e99d3fce0d8b1934b5268606b2505c28dcc16c19baf
8283ab91b10f89ac758d09ecf5fb4d6343536600a06dd468b1cc1ecf4ec747c4,384,H015_L070_C050,H015_L070_C050,b385b04067eeb7883c3178e37c2b4d0c2f03e24216ad425bc239b139efd75eab,56.718896997249637,40.742482863253855,25.542755428986386,69.995122551633287,48.328467641762799,12.940780298216636,0.032536056122757097,0.99727998079287916,0.52097870013963732,0.58978384614336776,0.99727998079287916,0.52097870013963732,0.58978384614336776,65357,254,254,34142,133,133,38651,150,150,False,,1,,1,,1,EXPERIMENTAL_SHADOW,False,502,c8b74976f797f160c33a411c186d53c3c2c30c05ce14923fff7abb46cfa5b803
8283ab91b10f89ac758d09ecf5fb4d6343536600a06dd468b1cc1ecf4ec747c4,385,H015_L070_C055,H015_L070_C055,b385b04067eeb7883c3178e37c2b4d0c2f03e24216ad425bc239b139efd75eab,58.702793631240382,40.741357500957619,24.816643240056575,69.994330777275437,53.161189704915181,14.234086870146111,0.035753841268193698,1.0257499942804065,0.50027609412234975,0.5820270457449096,1,0.50027609412234975,0.5820270457449096,65535,255,255,32786,128,128,38143,148,148,True,,1,,1,,1,EXPERIMENTAL_SHADOW,False,503,0354e356db7d1dfa9d7ddc0b938de12b4ac1a74723805dd829cea56f55d766e4
8283ab91b10f89ac758d09ecf5fb4d6343536600a06dd468b1cc1ecf4ec747c4,366,H015_L075_C005,H015_L075_C005,b385b04067eeb7883c3178e37c2b4d0c2f03e24216ad425bc239b139efd75eab,48.279326864532237,48.280935168765602,38.829721680151358,75.001778567333602,4.840841102825733,1.2974729088938153,0.011870223624887301,0.76254778414026525,0.71209979976098392,0.71543816633532986,0.76254778414026525,0.71209979976098392,0.71543816633532986,49974,194,194,46667,182,181,46886,182,183,False,DERIVED-RGB8-0235,2,,1,,1,EXPERIMENTAL_SHADOW,False,504,cc2e083ba06bf8a3d09399d7e83aa7a39444d3c5b30a8227543f962066f65785
8283ab91b10f89ac758d09ecf5fb4d6343536600a06dd468b1cc1ecf4ec747c4,367,H015_L075_C010,H015_L075_C010,b385b04067eeb7883c3178e37c2b4d0c2f03e24216ad425bc239b139efd75eab,50.058936486179967,48.277030561027658,37.867231724811738,74.999325315847074,9.6716691733321767,2.5896750203622254,0.012475068444565701,0.79941941668049465,0.69972837389026266,0.70701380169401673,0.79941941668049465,0.69972837389026266,0.70701380169401673,52390,204,204,45857,178,178,46334,180,179,False,,1,,1,,1,EXPERIMENTAL_SHADOW,False,505,9ce95288dc7e676f8b406a50d8d76fe9399d664d084587cffa3ac4072be2d863
8283ab91b10f89ac758d09ecf5fb4d6343536600a06dd468b1cc1ecf4ec747c4,368,H015_L075_C015,H015_L075_C015,b385b04067eeb7883c3178e37c2b4d0c2f03e24216ad425bc239b139efd75eab,51.887009208327122,48.276882757506861,36.921332097572929,74.999232448809764,14.506068127149607,3.885183765643085,0.017425551036881998,0.83495638752492662,0.68678082294891163,0.69863978149673245,0.83495638752492662,0.68678082294891163,0.69863978149673245,54719,213,212,45008,175,176,45785,178,178,False,,1,,1,,1,EXPERIMENTAL_SHADOW,False,506,45429c37b4e6c3a096c70d885004413237750eff0dc0521c494eb5a1cc08a6f2
8283ab91b10f89ac758d09ecf5fb4d6343536600a06dd468b1cc1ecf4ec747c4,369,H015_L075_C020,H015_L075_C020,b385b04067eeb7883c3178e37c2b4d0c2f03e24216ad425bc239b139efd75eab,53.757423220553761,48.276651968917378,35.991176132722494,74.99908744070396,19.33652916197137,5.1808006695544417,0.0185808863724546,0.86927225421185805,0.67320562839388298,0.69031370713063567,0.86927225421185805,0.67320562839388298,0.69031370713063567,56968,222,220,44119,172,171,45240,176,176,False,,1,,1,,1,EXPERIMENTAL_SHADOW,False,507,4a1f7f159866b6f7071caa96939462f73d62d6ea86d24629764f5a533cf383ca
8283ab91b10f89ac758d09ecf5fb4d6343536600a06dd468b1cc1ecf4ec747c4,370,H015_L075_C025,H015_L075_C025,b385b04067eeb7883c3178e37c2b4d0c2f03e24216ad425bc239b139efd75eab,55.671779713938605,48.276663072965803,35.077887971513896,74.999094417563072,24.165149617815963,6.475088832494369,0.017679562519527299,0.902541175391948,0.65894790765233091,0.68205023726805181,0.902541175391948,0.65894790765233091,0.68205023726805181,59148,230,230,43184,168,168,44698,174,175,False,,1,,1,,1,EXPERIMENTAL_SHADOW,False,508,b2641dad0c5e2c80dc2d433d3727b916cf5cda2c2a19ee4417f810e73791d761
8283ab91b10f89ac758d09ecf5fb4d6343536600a06dd468b1cc1ecf4ec747c4,371,H015_L075_C030,H015_L075_C030,b385b04067eeb7883c3178e37c2b4d0c2f03e24216ad425bc239b139efd75eab,57.630521278652779,48.274118248685895,34.180981727010085,74.997495433986842,28.999396277659628,7.765445030291283,0.021757438632779898,0.93491577176643181,0.64390628438736885,0.67385288299647605,0.93491577176643181,0.64390628438736885,0.67385288299647605,61270,238,238,42198,164,164,44161,172,171,False,,1,,1,,1,EXPERIMENTAL_SHADOW,False,509,e3443c1f4ca1ee0eb920c4cc05f0a0fa14a12ffdb3b1c8042dc3247498084ec6
8283ab91b10f89ac758d09ecf5fb4d6343536600a06dd468b1cc1ecf4ec747c4,372,H015_L075_C035,H015_L075_C035,b385b04067eeb7883c3178e37c2b4d0c2f03e24216ad425bc239b139efd75eab,59.636264154147113,48.274124724258087,33.299111900171063,74.997499502839531,33.83051487694344,9.0591334410452955,0.023253771593003101,0.96649684585527862,0.62806929167238312,0.66570387437099177,0.96649684585527862,0.62806929167238312,0.66570387437099177,63339,246,246,41161,160,160,43627,170,170,False,,1,,1,,1,EXPERIMENTAL_SHADOW,False,510,19ffb83ff07ee8f29a6c943c15b6c51e9aae7ae5f0f8803d4b58d076c84c4682
8283ab91b10f89ac758d09ecf5fb4d6343536600a06dd468b1cc1ecf4ec747c4,373,H015_L075_C040,H015_L075_C040,b385b04067eeb7883c3178e37c2b4d0c2f03e24216ad425bc239b139efd75eab,61.688034935652986,48.273751065108378,32.432199856340922,74.997264717736641,38.662713541630872,10.352925645296152,0.025858920685188601,0.99737383868086515,0.61132228220134055,0.65760987659459191,0.99737383868086515,0.61132228220134055,0.65760987659459191,65363,254,254,40063,156,155,43096,168,168,False,,1,,1,,1,EXPERIMENTAL_SHADOW,False,511,6fb66905d24d2c36a2119e640d53c7f60abd32f4aa5545cfbe00451f535a03b9
8283ab91b10f89ac758d09ecf5fb4d6343536600a06dd468b1cc1ecf4ec747c4,374,H015_L075_C045,H015_L075_C045,b385b04067eeb7883c3178e37c2b4d0c2f03e24216ad425bc239b139efd75eab,63.784716400730161,48.271800865228656,31.579483321415523,74.99603930889225,43.495497540910527,11.646516543235409,0.0290711622683879,1.0276101365865842,0.59356050946604721,0.64956735836877355,1,0.59356050946604721,0.64956735836877355,65535,255,255,38899,151,151,42569,166,166,True,,1,,1,,1,EXPERIMENTAL_SHADOW,False,512,0a5f2ebea935a4fcbbd2915d1979cb7fb850e710941087fa1938326da44f2a97
8283ab91b10f89ac758d09ecf5fb4d6343536600a06dd468b1cc1ecf4ec747c4,360,H015_L080_C005,H015_L080_C005,b385b04067eeb7883c3178e37c2b4d0c2f03e24216ad425bc239b139efd75eab,56.572097399063153,56.68228249757847,45.646461416457313,80.000559900286362,4.839788060856054,1.2967652726757262,0.010545793036719001,0.81694992126159005,0.76580310054851963,0.76917318387630884,0.81694992126159005,0.76580310054851963,0.76917318387630884,53539,208,208,50187,195,195,50408,196,196,False,,1,,1,,1,EXPERIMENTAL_SHADOW,False,513,2495f843a8845984d23a6813e8b6a94bf8b0c61bb2f670d2ef7262add327c9d0
8283ab91b10f89ac758d09ecf5fb4d6343536600a06dd468b1cc1ecf4ec747c4,361,H015_L080_C010,H015_L080_C010,b385b04067eeb7883c3178e37c2b4d0c2f03e24216ad425bc239b139efd75eab,58.55351244956627,56.681515788061112,44.577123565307232,80.000127049716625,9.6731890647490104,2.5885443645894401,0.0138939140706698,0.8544768428343722,0.75332572026058264,0.76065704606198925,0.8544768428343722,0.75332572026058264,0.76065704606198925,55998,218,218,49369,192,191,49850,194,193,False,,1,,1,,1,EXPERIMENTAL_SHADOW,False,514,857fe7f766f830c3ea8b78f27308096e94f1da897fac4db9545185de31b3e854
8283ab91b10f89ac758d09ecf5fb4d6343536600a06dd468b1cc1ecf4ec747c4,362,H015_L080_C015,H015_L080_C015,b385b04067eeb7883c3178e37c2b4d0c2f03e24216ad425bc239b139efd75eab,60.577799217892071,56.679092933123883,43.519430311204196,79.998759186415143,14.50387572027001,3.885133518591033,0.015291848925611799,0.89062543222542323,0.74028067040065626,0.75214148420880367,0.89062543222542323,0.74028067040065626,0.75214148420880367,58367,227,226,48514,189,189,49292,192,192,False,,1,,1,,1,EXPERIMENTAL_SHADOW,False,515,35b623e9d2571b878d6f24ef4755340e007056d610b730739dde7b2d9320ba70
8283ab91b10f89ac758d09ecf5fb4d6343536600a06dd468b1cc1ecf4ec747c4,363,H015_L080_C020,H015_L080_C020,b385b04067eeb7883c3178e37c2b4d0c2f03e24216ad425bc239b139efd75eab,62.652000233589696,56.679376064520085,42.483143388332088,79.998919034994543,19.336708011960912,5.1786426614859327,0.0183774240700979,0.9256257149680952,0.72664174348438615,0.74371297830568228,0.9256257149680952,0.72664174348438615,0.74371297830568228,60661,236,236,47620,185,186,48739,190,190,False,,1,,1,,1,EXPERIMENTAL_SHADOW,False,516,fbf3214f1910422a2f9f18f3e3ea735820ddaf188d667a2ce42934aa56ab21eb
8283ab91b10f89ac758d09ecf5fb4d6343536600a06dd468b1cc1ecf4ec747c4,364,H015_L080_C025,H015_L080_C025,b385b04067eeb7883c3178e37c2b4d0c2f03e24216ad425bc239b139efd75eab,64.770366472566309,56.678056787415819,41.459317854571481,79.998174201115745,24.167467220770568,6.4758616492034635,0.020178455444426001,0.95958557244084575,0.71234641918650721,0.7352968945618864,0.95958557244084575,0.71234641918650721,0.7352968945618864,62886,245,244,46684,182,182,48188,188,188,False,,1,,1,,1,EXPERIMENTAL_SHADOW,False,517,bcba69757fd257f3be96ab57a6a30ab544b579464708d8e0ce1e2e44282dd102
8283ab91b10f89ac758d09ecf5fb4d6343536600a06dd468b1cc1ecf4ec747c4,365,H015_L080_C030,H015_L080_C030,b385b04067eeb7883c3178e37c2b4d0c2f03e24216ad425bc239b139efd75eab,66.936241203705734,56.676972152015033,40.456834666188008,79.99756183195413,28.998291455596011,7.767122699901674,0.020789623148515599,0.99263728288669295,0.69734839697838003,0.72697664566347153,0.99263728288669295,0.69734839697838003,0.72697664566347153,65052,253,253,45701,178,178,47642,185,185,False,,1,,1,,1,EXPERIMENTAL_SHADOW,False,518,c94274f92c9ff8f1d16b23d8f13f5329c718afc6d958df9d2c1d48727ab992cd
8283ab91b10f89ac758d09ecf5fb4d6343536600a06dd468b1cc1ecf4ec747c4,356,H015_L085_C005,H015_L085_C005,b385b04067eeb7883c3178e37c2b4d0c2f03e24216ad425bc239b139efd75eab,65.769008731192301,66.010308187553107,53.218426248263725,85.001674974254357,4.83999744027569,1.2992643826123418,0.011729584425969801,0.87207732440115637,0.82023910088308005,0.82362074604643576,0.87207732440115637,0.82023910088308005,0.82362074604643576,57152,222,222,53754,209,209,53976,210,211,False,,1,,1,,1,EXPERIMENTAL_SHADOW,False,519,1e5a40d67b23e2a04019638fe0e7061c43cfb5cb2b401854bdf3dc307afe3d0b
8283ab91b10f89ac758d09ecf5fb4d6343536600a06dd468b1cc1ecf4ec747c4,357,H015_L085_C010,H015_L085_C010,b385b04067eeb7883c3178e37c2b4d0c2f03e24216ad425bc239b139efd75eab,67.955134059327136,66.007619076581236,52.027935667520126,85.0003034288696,9.6700929773192996,2.5954468977839928,0.013003766992124299,0.91016903003322658,0.8076409499602738,0.81494906247413135,0.91016903003322658,0.8076409499602738,0.81494906247413135,59648,232,233,52929,206,206,53408,208,208,False,,1,,1,,1,EXPERIMENTAL_SHADOW,False,520,4e77025b6500e26dcb27df2803dd4e382a52716fd867314532d5c49bc3b34c20
8283ab91b10f89ac758d09ecf5fb4d6343536600a06dd468b1cc1ecf4ec747c4,358,H015_L085_C015,H015_L085_C015,b385b04067eeb7883c3178e37c2b4d0c2f03e24216ad425bc239b139efd75eab,70.193628148416281,66.007787568077021,50.860847689400948,85.000389366816151,14.503421202324452,3.8879887296313642,0.015600595125954899,0.94696412356233761,0.79451201927128667,0.80636505086376764,0.94696412356233761,0.79451201927128667,0.80636505086376764,62059,241,241,52068,203,204,52845,206,206,False,,1,,1,,1,EXPERIMENTAL_SHADOW,False,521,036e877dbdd66ef5a20c6f627cdc7c691b1a244a742a92179abb509225e078e2
8283ab91b10f89ac758d09ecf5fb4d6343536600a06dd468b1cc1ecf4ec747c4,359,H015_L085_C020,H015_L085_C020,b385b04067eeb7883c3178e37c2b4d0c2f03e24216ad425bc239b139efd75eab,72.479516199458914,66.006163846050129,49.712489446398337,84.999561192304654,19.338112303617876,5.1776578296982345,0.019657495795316102,0.98259878928403155,0.78079319782447421,0.79783819603563966,0.98259878928403155,0.78079319782447421,0.79783819603563966,64395,251,250,51169,199,199,52286,203,203,False,,1,,1,,1,EXPERIMENTAL_SHADOW,False,522,2a11b5663b1946cee8c947100cddb282ea8e28f4db6910bf7ec402ac4dc517cd
8283ab91b10f89ac758d09ecf5fb4d6343536600a06dd468b1cc1ecf4ec747c4,354,H015_L090_C005,H015_L090_C005,b385b04067eeb7883c3178e37c2b4d0c2f03e24216ad425bc239b139efd75eab,75.908930227213233,76.305241463841242,61.583909736510797,90.000874022680478,4.8416825163338784,1.2991525456224284,0.013125522232320601,0.92784716818007817,0.87533523306951055,0.87875049659478921,0.92784716818007817,0.87533523306951055,0.87875049659478921,60806,237,238,57365,223,224,57589,224,226,False,,1,,1,,1,EXPERIMENTAL_SHADOW,False,523,7d4af6814f3f2c7ba01add6a799784bea3c3fefd4ef4c7c532059d61c80fba2e
8283ab91b10f89ac758d09ecf5fb4d6343536600a06dd468b1cc1ecf4ec747c4,355,H015_L090_C010,H015_L090_C010,b385b04067eeb7883c3178e37c2b4d0c2f03e24216ad425bc239b139efd75eab,78.318210699279049,76.305857809543582,60.276935284783782,90.001159424687771,9.6747525512279609,2.5925292994847471,0.016089389021588001,0.96653743086005295,0.8626322569007091,0.8700101741103804,0.96653743086005295,0.8626322569007091,0.8700101741103804,63342,246,248,56533,220,220,57016,222,221,False,,1,,1,,1,EXPERIMENTAL_SHADOW,False,524,85421551b1744b56592d862cb074b05312f091cbad53a0f20c29fad5ce57056b
8283ab91b10f89ac758d09ecf5fb4d6343536600a06dd468b1cc1ecf4ec747c4,699,H020_L005_C005,H020_L005_C005,b385b04067eeb7883c3178e37c2b4d0c2f03e24216ad425bc239b139efd75eab,0.64905219694999794,0.55281375116111864,0.3657284080803988,4.993546139655006,4.6951548973240138,1.7015451439431559,0.0112262009343719,0.097326602670708195,0.054580121110819599,0.054413886655789202,0.097326602670708195,0.054580121110819599,0.054413886655789202,6378,25,25,3577,14,14,3566,14,13,False,,1,,1,,1,EXPERIMENTAL_SHADOW,False,525,05b847a38429af5fbb1ef92557e75de0bda566bd8a03cda4eb9fbcbf5e1cec5f
8283ab91b10f89ac758d09ecf5fb4d6343536600a06dd468b1cc1ecf4ec747c4,695,H020_L010_C005,H020_L010_C005,b385b04067eeb7883c3178e37c2b4d0c2f03e24216ad425bc239b139efd75eab,1.228363737057687,1.1266018909050883,0.82693993186718051,10.004478445052955,4.7031009273873767,1.7047100424339101,0.0083831166925264003,0.1344874922091352,0.098799040306606301,0.099427898643807994,0.1344874922091352,0.098799040306606301,0.099427898643807994,8814,34,36,6475,25,26,6516,25,26,False,DERIVED-RGB8-0044,2,,1,,1,EXPERIMENTAL_SHADOW,False,526,c87a63ee736ee96728f7a11690f61fb90f30e4a842bc7d1a10f81251be655d0e
8283ab91b10f89ac758d09ecf5fb4d6343536600a06dd468b1cc1ecf4ec747c4,696,H020_L010_C010,H020_L010_C010,b385b04067eeb7883c3178e37c2b4d0c2f03e24216ad425bc239b139efd75eab,1.3817996074104699,1.1259361870729536,0.73168214035868484,9.99935546063654,9.398521244468812,3.4199955375877886,0.0017566073826311001,0.15810828658982251,0.0882232418772987,0.091168219583168106,0.15810828658982251,0.0882232418772987,0.091168219583168106,10362,40,40,5782,22,23,5975,23,24,False,,1,,1,,1,EXPERIMENTAL_SHADOW,False,527,82461cd7e4be102f7a443a1cc37d9df5dcd3afbc941e4fced85ab461e255776c
8283ab91b10f89ac758d09ecf5fb4d6343536600a06dd468b1cc1ecf4ec747c4,697,H020_L010_C015,H020_L010_C015,b385b04067eeb7883c3178e37c2b4d0c2f03e24216ad425bc239b139efd75eab,1.5486152602497101,1.1262467331052064,0.63978552257239485,10.001745547092517,14.091622028867254,5.1598767753815844,0.029868137580115001,0.17993514000504671,0.075516055874555094,0.082614125324748197,0.17993514000504671,0.075516055874555094,0.082614125324748197,11792,46,46,4949,19,20,5414,21,22,False,,1,,1,,1,EXPERIMENTAL_SHADOW,False,528,8fd820723cd6bd28eab9e8c141e34d9c5d63d9a0f749e308db509406e37c613f
8283ab91b10f89ac758d09ecf5fb4d6343536600a06dd468b1cc1ecf4ec747c4,698,H020_L010_C020,H020_L010_C020,b385b04067eeb7883c3178e37c2b4d0c2f03e24216ad425bc239b139efd75eab,1.7279352473577851,1.1251146597898258,0.5485809465975916,9.9930305383070088,18.822279373259644,6.8675575912027664,0.039893570695498801,0.2005605884088778,0.059321125768746499,0.0734270310052835,0.2005605884088778,0.059321125768746499,0.0734270310052835,13144,51,52,3888,15,16,4812,19,19,False,,1,,1,,1,EXPERIMENTAL_SHADOW,False,529,7564229fea9583952d7dbff1af3ff9fa443de87f063811c416b0836d6fddfb5f
8283ab91b10f89ac758d09ecf5fb4d6343536600a06dd468b1cc1ecf4ec747c4,689,H020_L015_C005,H020_L015_C005,b385b04067eeb7883c3178e37c2b4d0c2f03e24216ad425bc239b139efd75eab,2.040543655212121,1.9085329919739649,1.42610286910211,14.999727757027106,4.7000827462753971,1.7255132169908372,0.0154966596405549,0.175986425993478,0.1384954484479374,0.138901145852457,0.175986425993478,0.1384954484479374,0.138901145852457,11533,45,45,9076,35,34,9103,35,34,False,DERIVED-RGB8-0066,2,,1,,1,EXPERIMENTAL_SHADOW,False,530,93fb0133f57e22bd7ede164f7472076325f41b6ac41fffd987fe16af8566b858
8283ab91b10f89ac758d09ecf5fb4d6343536600a06dd468b1cc1ecf4ec747c4,690,H020_L015_C010,H020_L015_C010,b385b04067eeb7883c3178e37c2b4d0c2f03e24216ad425bc239b139efd75eab,2.2558239079888112,1.908869704455,1.2908044898504467,15.001550689703365,9.3948378894954114,3.418974842888034,0.0028562122187011998,0.20131288509709319,0.1279632063137735,0.1304062268388593,0.20131288509709319,0.1279632063137735,0.1304062268388593,13193,51,50,8386,33,32,8546,33,33,False,,1,,1,,1,EXPERIMENTAL_SHADOW,False,531,33d8bd061293dcb676f7503fab4d576e33dfe555ce2c2f24ceec84766890d50b
8283ab91b10f89ac758d09ecf5fb4d6343536600a06dd468b1cc1ecf4ec747c4,691,H020_L015_C015,H020_L015_C015,b385b04067eeb7883c3178e37c2b4d0c2f03e24216ad425bc239b139efd75eab,2.484824377299355,1.907510154022251,1.1619562834982091,14.994188884287292,14.111101945813942,5.1296975831616125,0.016753598843759699,0.22474957324676181,0.1155812702262891,0.1218888994930442,0.22474957324676181,0.1155812702262891,0.1218888994930442,14729,57,57,7575,29,30,7988,31,31,False,,1,,1,,1,EXPERIMENTAL_SHADOW,False,532,f7de124cdc393dcedffd4535fa2de3f58dbb0d4df62567da168879c76760b847
8283ab91b10f89ac758d09ecf5fb4d6343536600a06dd468b1cc1ecf4ec747c4,692,H020_L015_C020,H020_L015_C020,b385b04067eeb7883c3178e37c2b4d0c2f03e24216ad425bc239b139efd75eab,2.729506242837509,1.9083136526959688,1.0444036625331925,14.99854015754158,18.789634068835547,6.8245407773209088,0.016487700042403099,0.24673597616501661,0.10110400476520939,0.1137039537594115,0.24673597616501661,0.10110400476520939,0.1137039537594115,16170,63,63,6626,26,25,7452,29,29,False,,1,,1,,1,EXPERIMENTAL_SHADOW,False,533,e19296350244d1d1bcee86fa5583656861ecb351d4413ac53a22e4e2d2e2c1d2
8283ab91b10f89ac758d09ecf5fb4d6343536600a06dd468b1cc1ecf4ec747c4,693,H020_L015_C025,H020_L015_C025,b385b04067eeb7883c3178e37c2b4d0c2f03e24216ad425bc239b139efd75eab,2.9906209615861687,1.9085507953882177,0.93417456267255861,14.999824148562949,23.496719980296927,8.5282740668613251,0.022661845764146399,0.26781019983816651,0.083177265595604302,0.10563544822225331,0.26781019983816651,0.083177265595604302,0.10563544822225331,17551,68,67,5451,21,21,6923,27,25,False,,1,,1,,1,EXPERIMENTAL_SHADOW,False,534,1adf907304251b10160a254e274ea7360c45387fd741ab329a266fc09ea4b4b0
8283ab91b10f89ac758d09ecf5fb4d6343536600a06dd468b1cc1ecf4ec747c4,694,H020_L015_C030,H020_L015_C030,b385b04067eeb7883c3178e37c2b4d0c2f03e24216ad425bc239b139efd75eab,3.2652649948010888,1.9067922672382489,0.82997598710377041,14.990300200671456,28.207230614578968,10.248235202879863,0.022736301596321801,0.28802112801497148,0.059559076934070802,0.097610169850555401,0.28802112801497148,0.059559076934070802,0.097610169850555401,18875,73,73,3903,15,15,6397,25,25,False,,1,,1,,1,EXPERIMENTAL_SHADOW,False,535,92adccb3a01311ae387abc8be2f977ad167d45f36414f2d1953b6bbd7cdebe9e
8283ab91b10f89ac758d09ecf5fb4d6343536600a06dd468b1cc1ecf4ec747c4,681,H020_L020_C005,H020_L020_C005,b385b04067eeb7883c3178e37c2b4d0c2f03e24216ad425bc239b139efd75eab,3.1503276199302124,2.9882794722764601,2.2683017699463668,19.996896530712437,4.7060635246048976,1.6880649401615933,0.023502814472950301,0.21891796308919309,0.17986475394221579,0.18040946316843021,0.21891796308919309,0.17986475394221579,0.18040946316843021,14347,56,57,11787,46,46,11823,46,46,False,,1,,1,,1,EXPERIMENTAL_SHADOW,False,536,fb7575d2ce384bbfa6866519dbe1c62b86af5e06816cc50d02fa386684ff88c1
8283ab91b10f89ac758d09ecf5fb4d6343536600a06dd468b1cc1ecf4ec747c4,682,H020_L020_C010,H020_L020_C010,b385b04067eeb7883c3178e37c2b4d0c2f03e24216ad425bc239b139efd75eab,3.4363102047960967,2.9880726670763891,2.0797948035973031,19.996066117850631,9.4076747721965344,3.4077306255383188,0.016942740159665501,0.24577138221370529,0.16920898710832019,0.1713924862146671,0.24577138221370529,0.16920898710832019,0.1713924862146671,16107,63,62,11089,43,43,11232,44,44,False,,1,,1,,1,EXPERIMENTAL_SHADOW,False,537,14107fe77fba772fd9253bf43ca709fcf5c410571b7b24f693d030ac901c4e15
8283ab91b10f89ac758d09ecf5fb4d6343536600a06dd468b1cc1ecf4ec747c4,683,H020_L020_C015,H020_L020_C015,b385b04067eeb7883c3178e37c2b4d0c2f03e24216ad425bc239b139efd75eab,3.7389545252121055,2.9880331759045813,1.9024586999188229,19.99590753925585,14.104244785424186,5.1242995082422027,0.011444840124603201,0.27068954691100727,0.1571454820506808,0.16252035909685891,0.27068954691100727,0.1571454820506808,0.16252035909685891,17740,69,68,10299,40,40,10651,41,41,False,,1,,1,,1,EXPERIMENTAL_SHADOW,False,538,681b8272912ceadfb8f5f161ce139932441f6673ff581c0f1dd13b6a0e108567
8283ab91b10f89ac758d09ecf5fb4d6343536600a06dd468b1cc1ecf4ec747c4,684,H020_L020_C020,H020_L020_C020,b385b04067eeb7883c3178e37c2b4d0c2f03e24216ad425bc239b139efd75eab,4.0607741909205748,2.9887504476138891,1.7369881522600514,19.998787558649063,18.81496660883078,6.8303385089296338,0.023377459746892301,0.2942874986151236,0.14326556985175759,0.15387163727446701,0.2942874986151236,0.14326556985175759,0.15387163727446701,19286,75,76,9389,37,37,10084,39,39,False,,1,,1,,1,EXPERIMENTAL_SHADOW,False,539,0b7871c6f6c84f2c4749407d95d48ed3172b01132990b95f3d8bbe20d6b50031
8283ab91b10f89ac758d09ecf5fb4d6343536600a06dd468b1cc1ecf4ec747c4,685,H020_L020_C025,H020_L020_C025,b385b04067eeb7883c3178e37c2b4d0c2f03e24216ad425bc239b139efd75eab,4.3973668480643067,2.9878488803646031,1.5804862874461507,19.995167473665425,23.51060757433271,8.5355034374215535,0.024154036472011999,0.31668541150130108,0.12698603336060471,0.1453235049389188,0.31668541150130108,0.12698603336060471,0.1453235049389188,20754,81,80,8322,32,33,9524,37,37,False,,1,,1,,1,EXPERIMENTAL_SHADOW,False,540,55e4f1938031b9295a8c68b732a9638569a50572595a19a0f4748146176ac764
8283ab91b10f89ac758d09ecf5fb4d6343536600a06dd468b1cc1ecf4ec747c4,686,H020_L020_C030,H020_L020_C030,b385b04067eeb7883c3178e37c2b4d0c2f03e24216ad425bc239b139efd75eab,4.7533169608545016,2.9878366292066256,1.4324507600152203,19.99511827627699,28.206974030445505,10.261626721990636,0.016925857301949999,0.3383024288915043,0.1073394276768805,0.13685896006912521,0.3383024288915043,0.1073394276768805,0.13685896006912521,22171,86,86,7034,27,28,8969,35,36,False,,1,,1,,1,EXPERIMENTAL_SHADOW,False,541,b90b1944d079a721d6852a5cf2856d1cb462b5245f0964657db028dc3a12e499
8283ab91b10f89ac758d09ecf5fb4d6343536600a06dd468b1cc1ecf4ec747c4,687,H020_L020_C035,H020_L020_C035,b385b04067eeb7883c3178e37c2b4d0c2f03e24216ad425bc239b139efd75eab,5.1283644649153528,2.9881664554282685,1.2952097149426045,19.996442723639767,32.902177314013684,11.974006329847631,0.0138562877847608,0.35925217575284751,0.082285113725629702,0.12867622152565761,0.35925217575284751,0.082285113725629702,0.12867622152565761,23544,92,91,5393,21,20,8433,33,32,False,,1,,1,,1,EXPERIMENTAL_SHADOW,False,542,c46b97c8452a53e33380105dee891d7d105fafbcb77410fe889e1d6608241c0b
8283ab91b10f89ac758d09ecf5fb4d6343536600a06dd468b1cc1ecf4ec747c4,688,H020_L020_C040,H020_L020_C040,b385b04067eeb7883c3178e37c2b4d0c2f03e24216ad425bc239b139efd75eab,5.5225912607932068,2.9874496860996094,1.1679539001448094,19.993564346580079,37.614944538258811,13.66633568757829,0.031510297264705403,0.37968134488221561,0.045887613077376002,0.1207974198166184,0.37968134488221561,0.045887613077376002,0.1207974198166184,24882,97,97,3007,12,10,7916,31,30,False,,1,,1,,1,EXPERIMENTAL_SHADOW,False,543,03bc7f27a304f8c47060a1f73088da6b83404f3271ca7f0c2b04b7d1e6f31d1d
8283ab91b10f89ac758d09ecf5fb4d6343536600a06dd468b1cc1ecf4ec747c4,671,H020_L025_C005,H020_L025_C005,b385b04067eeb7883c3178e37c2b4d0c2f03e24216ad425bc239b139efd75eab,4.6045708843120368,4.4151419758880408,3.3831441493408176,24.998963784233208,4.7057518859670564,1.7061004481335853,0.0083462571447736004,0.26327781342400558,0.22277399867072861,0.22315712816286909,0.26327781342400558,0.22277399867072861,0.22315712816286909,17254,67,68,14599,57,57,14625,57,57,False,,1,,1,,1,EXPERIMENTAL_SHADOW,False,544,184116e33ddf217c36478ee360be4f36dd3fa720551dc6c26990188dfb1048f0
8283ab91b10f89ac758d09ecf5fb4d6343536600a06dd468b1cc1ecf4ec747c4,672,H020_L025_C010,H020_L025_C010,b385b04067eeb7883c3178e37c2b4d0c2f03e24216ad425bc239b139efd75eab,4.9715214841674715,4.4147350586881604,3.1375000610043959,24.997704202533988,9.4079664812961337,3.4155975946470241,0.012203271254695201,0.29143029236123741,0.21200298322094649,0.21387645439449701,0.29143029236123741,0.21200298322094649,0.21387645439449701,19099,74,74,13894,54,54,14016,55,55,False,,1,,1,,1,EXPERIMENTAL_SHADOW,False,545,1923fe85fbde4e3de0f1f6f6ea5f2d234c7e71d2aa48c32e9ac44abb214f2f7c
8283ab91b10f89ac758d09ecf5fb4d6343536600a06dd468b1cc1ecf4ec747c4,673,H020_L025_C015,H020_L025_C015,b385b04067eeb7883c3178e37c2b4d0c2f03e24216ad425bc239b139efd75eab,5.3578611175010122,4.4149640058101971,2.9036644253148807,24.998412900716311,14.10637187048755,5.1313440859804942,0.011135121987051799,0.3177161867605553,0.2000301824540742,0.20468369199510469,0.3177161867605553,0.2000301824540742,0.20468369199510469,20822,81,81,13109,51,51,13414,52,52,False,,1,,1,,1,EXPERIMENTAL_SHADOW,False,546,d56d6e92edebe6ee8ef7a78e5e22088dbb9a00fa0f791136dc64f8f74e815a44
8283ab91b10f89ac758d09ecf5fb4d6343536600a06dd468b1cc1ecf4ec747c4,674,H020_L025_C020,H020_L025_C020,b385b04067eeb7883c3178e37c2b4d0c2f03e24216ad425bc239b139efd75eab,5.7622442394770985,4.4145703403909407,2.6821860355824207,24.99719430738164,18.7964561646532,6.840274150125258,0.0037975948959753998,0.34252232371877522,0.18657656850316229,0.19563106394834259,0.34252232371877522,0.18657656850316229,0.19563106394834259,22447,87,88,12227,48,47,12821,50,50,False,,1,,1,,1,EXPERIMENTAL_SHADOW,False,547,d607186d7676102ed1db66cdf882b53aac7bfe74dcdfe7857a9da03e2ab8ba13
8283ab91b10f89ac758d09ecf5fb4d6343536600a06dd468b1cc1ecf4ec747c4,675,H020_L025_C025,H020_L025_C025,b385b04067eeb7883c3178e37c2b4d0c2f03e24216ad425bc239b139efd75eab,6.1884229278367595,4.4148756418911868,2.471982044340669,24.998139376054723,23.498178910536989,8.5553163277844035,0.007824354535325,0.36631219222984468,0.17123989962989741,0.18669416606886391,0.36631219222984468,0.17123989962989741,0.18669416606886391,24006,93,94,11222,44,45,12235,48,47,False,,1,,1,,1,EXPERIMENTAL_SHADOW,False,548,a5ac3ecd80024b1da3a38dccd28b4561af106ae2a8854ec6a5d7b8748abb93d9
8283ab91b10f89ac758d09ecf5fb4d6343536600a06dd468b1cc1ecf4ec747c4,676,H020_L025_C030,H020_L025_C030,b385b04067eeb7883c3178e37c2b4d0c2f03e24216ad425bc239b139efd75eab,6.6348882798254447,4.4142608007479369,2.273772816583818,24.996236074943209,28.209859645956207,10.259113773274876,0.0194845093776463,0.38923036323680538,0.15338840972815701,0.1779456664673513,0.38923036323680538,0.15338840972815701,0.1779456664673513,25508,99,99,10052,39,39,11662,45,45,False,,1,,1,,1,EXPERIMENTAL_SHADOW,False,549,1c615e15e3f7d4314bedc1fbcba2c3e703c2dbdfed34ef33b15fd7ada462558e
8283ab91b10f89ac758d09ecf5fb4d6343536600a06dd468b1cc1ecf4ec747c4,677,H020_L025_C035,H020_L025_C035,b385b04067eeb7883c3178e37c2b4d0c2f03e24216ad425bc239b139efd75eab,7.1027775554446047,4.4145449675767692,2.0862176097382155,24.997115763219512,32.913979438126844,11.969913320197978,0.024959131411152399,0.41143658922031912,0.1321569317307662,0.1693390690778811,0.41143658922031912,0.1321569317307662,0.1693390690778811,26963,105,105,8661,34,34,11098,43,43,False,,1,,1,,1,EXPERIMENTAL_SHADOW,False,550,33d46277532e98f780f3bf4d8931000e35119115359dfdfec97b86bc312fef45
8283ab91b10f89ac758d09ecf5fb4d6343536600a06dd468b1cc1ecf4ec747c4,678,H020_L025_C040,H020_L025_C040,b385b04067eeb7883c3178e37c2b4d0c2f03e24216ad425bc239b139efd75eab,7.5903879055680656,4.4143910924607743,1.9096081481416969,24.996639420486744,37.607245239942657,13.675016256489748,0.020658208733422799,0.43299336603026112,0.10566079667131981,0.1609301508724427,0.43299336603026112,0.10566079667131981,0.1609301508724427,28376,110,111,6924,27,27,10547,41,41,False,,1,,1,,1,EXPERIMENTAL_SHADOW,False,551,d3f104ff39e26d483511878279311d3f38d8dcd91adb8e5306d893b96964a303
8283ab91b10f89ac758d09ecf5fb4d6343536600a06dd468b1cc1ecf4ec747c4,679,H020_L025_C045,H020_L025_C045,b385b04067eeb7883c3178e37c2b4d0c2f03e24216ad425bc239b139efd75eab,8.1003042400176817,4.4128125086192656,1.7434860813862418,24.991752045917718,42.323896046409878,15.370105241718246,0.0438342632363736,0.45411169363569942,0.068835506646783506,0.15275081502094801,0.45411169363569942,0.068835506646783506,0.15275081502094801,29760,116,116,4511,18,18,10011,39,40,False,,1,,1,,1,EXPERIMENTAL_SHADOW,False,552,8d2df6cc0bc445fce574668bc30e30927fdeaa72e515d59d310ade93744192a4
8283ab91b10f89ac758d09ecf5fb4d6343536600a06dd468b1cc1ecf4ec747c4,680,H020_L025_C050,H020_L025_C050,b385b04067eeb7883c3178e37c2b4d0c2f03e24216ad425bc239b139efd75eab,8.6332729261973267,4.4134846871800768,1.5858441013302529,24.993833286843877,47.016658059264529,17.093477981294303,0.033501168343310198,0.47481353387620462,0.0076598695450361002,0.14468575003842321,0.47481353387620462,0.0076598695450361002,0.14468575003842321,31117,121,121,502,2,2,9482,37,37,False,,1,,1,,1,EXPERIMENTAL_SHADOW,False,553,a5463feba38d49beb6f717ecfd5e78c99b69e998d53539c773966b2a70a1fc7c
8283ab91b10f89ac758d09ecf5fb4d6343536600a06dd468b1cc1ecf4ec747c4,660,H020_L030_C005,H020_L030_C005,b385b04067eeb7883c3178e37c2b4d0c2f03e24216ad425bc239b139efd75eab,6.4496658915646519,6.2366464009458378,4.8161685859694998,30.001821636510375,4.7091776670503407,1.7135463117640914,0.0113669696044806,0.3088765863749065,0.26703865930504178,0.26733695268853719,0.3088765863749065,0.26703865930504178,0.26733695268853719,20242,79,79,17500,68,68,17520,68,68,False,DERIVED-RGB8-0115,2,,1,,1,EXPERIMENTAL_SHADOW,False,554,7b5450c24b121c4831e0d099acbff982d8cb14320ced48e00bc034d88b4b64f9
8283ab91b10f89ac758d09ecf5fb4d6343536600a06dd468b1cc1ecf4ec747c4,661,H020_L030_C010,H020_L030_C010,b385b04067eeb7883c3178e37c2b4d0c2f03e24216ad425bc239b139efd75eab,6.9062256043618246,6.2354797368858783,4.5034078420294952,29.998952999777323,9.4025950963005354,3.4261065461092421,0.0082714943196060993,0.33815800258360162,0.25614590760920369,0.25773373213712147,0.33815800258360162,0.25614590760920369,0.25773373213712147,22161,86,86,16787,65,66,16891,66,67,False,,1,,1,,1,EXPERIMENTAL_SHADOW,False,555,851911e79d72190e024c664aaa28eeb9a9bca059d7c8903e64e0f71eebcb392a
8283ab91b10f89ac758d09ecf5fb4d6343536600a06dd468b1cc1ecf4ec747c4,662,H020_L030_C015,H020_L030_C015,b385b04067eeb7883c3178e37c2b4d0c2f03e24216ad425bc239b139efd75eab,7.386189414882006,6.2353878051836604,4.2069551202343165,29.998726939500209,14.107157977930218,5.1287274737884747,0.011930782318421301,0.36568064802971811,0.24417095023007179,0.24831329539201,0.36568064802971811,0.24417095023007179,0.24831329539201,23965,93,94,16002,62,63,16273,63,64,False,,1,,1,,1,EXPERIMENTAL_SHADOW,False,556,8a5d8001dbe0a4f33faeab3e254e9c74598b82a46c46ecf431686992936132b8
8283ab91b10f89ac758d09ecf5fb4d6343536600a06dd468b1cc1ecf4ec747c4,663,H020_L030_C020,H020_L030_C020,b385b04067eeb7883c3178e37c2b4d0c2f03e24216ad425bc239b139efd75eab,7.8873123952360622,6.2340308900911179,3.9233821354031009,29.995390023556205,18.819822570846164,6.828598025963184,0.028853390671675801,0.39179757996761472,0.2308643442729921,0.2389890308161513,0.39179757996761472,0.2308643442729921,0.2389890308161513,25676,100,100,15130,59,59,15662,61,61,False,,1,,1,,1,EXPERIMENTAL_SHADOW,False,557,ef3f175cb599bc355d88e0513aba9a09a14503f036f7e8f9c7aa58d24bd50ad3
8283ab91b10f89ac758d09ecf5fb4d6343536600a06dd468b1cc1ecf4ec747c4,664,H020_L030_C025,H020_L030_C025,b385b04067eeb7883c3178e37c2b4d0c2f03e24216ad425bc239b139efd75eab,8.4110644637233918,6.2344631987560772,3.6526566484865257,29.996453206505294,23.517569852370467,8.5372862418750728,0.028735841499829499,0.41677321658241151,0.21609054760171281,0.229762285198433,0.41677321658241151,0.21609054760171281,0.229762285198433,27313,106,106,14161,55,56,15057,59,58,False,,1,,1,,1,EXPERIMENTAL_SHADOW,False,558,3c7d6a64e12822efd6d3a33e48f650b5495f3cabe947dad7de369ce5a89fde05
8283ab91b10f89ac758d09ecf5fb4d6343536600a06dd468b1cc1ecf4ec747c4,665,H020_L030_C030,H020_L030_C030,b385b04067eeb7883c3178e37c2b4d0c2f03e24216ad425bc239b139efd75eab,8.9564717585209497,6.2340221478392861,3.3933015826263726,29.995368523102879,28.215872997313763,10.251624206031227,0.027030920256521498,0.44082944587044037,0.19937085263696061,0.22060840159110981,0.44082944587044037,0.19937085263696061,0.22060840159110981,28890,112,112,13066,51,51,14458,56,57,False,,1,,1,,1,EXPERIMENTAL_SHADOW,False,559,818172919a837a75f8bd4eceff144a124b30a5af0faf670dff5765beec10646c
8283ab91b10f89ac758d09ecf5fb4d6343536600a06dd468b1cc1ecf4ec747c4,666,H020_L030_C035,H020_L030_C035,b385b04067eeb7883c3178e37c2b4d0c2f03e24216ad425bc239b139efd75eab,9.526161364193328,6.2353368946170598,3.1463925670803814,29.998601749338398,32.905272661106707,11.974340933822456,0.016539103333106001,0.4641509852189174,0.180234064906588,0.21157714129113911,0.4641509852189174,0.180234064906588,0.21157714129113911,30418,118,119,11812,46,46,13866,54,54,False,,1,,1,,1,EXPERIMENTAL_SHADOW,False,560,9df4f1d1141d495199f61f69516cbcfda9ffd90d040893b0e9d9c60b3f0fac96
8283ab91b10f89ac758d09ecf5fb4d6343536600a06dd468b1cc1ecf4ec747c4,667,H020_L030_C040,H020_L030_C040,b385b04067eeb7883c3178e37c2b4d0c2f03e24216ad425bc239b139efd75eab,10.116773357612075,6.2333902479284076,2.913759043503608,29.993814392630959,37.607977940009029,13.66822494203428,0.024649313831728099,0.4868049015218392,0.15754023107758491,0.20280299143851299,0.4868049015218392,0.15754023107758491,0.20280299143851299,31903,124,125,10324,40,40,13291,52,51,False,,1,,1,,1,EXPERIMENTAL_SHADOW,False,561,627986ed57b5f5f68136137cff7049162ccd1a4c0dd4c6c9e0d036577395af73
8283ab91b10f89ac758d09ecf5fb4d6343536600a06dd468b1cc1ecf4ec747c4,668,H020_L030_C045,H020_L030_C045,b385b04067eeb7883c3178e37c2b4d0c2f03e24216ad425bc239b139efd75eab,10.734388782605926,6.23484819958591,2.690049817459307,29.99740000323699,42.297624722239526,15.398985005821221,0.0142355744719742,0.50899512769308253,0.12983048641311001,0.19404505561042129,0.50899512769308253,0.12983048641311001,0.19404505561042129,33357,130,130,8508,33,34,12717,49,51,False,,1,,1,,1,EXPERIMENTAL_SHADOW,False,562,ddf534d361a9a49483e4d79c27c2ada7193eb4d26523e3715c85e5f3db100177
8283ab91b10f89ac758d09ecf5fb4d6343536600a06dd468b1cc1ecf4ec747c4,669,H020_L030_C050,H020_L030_C050,b385b04067eeb7883c3178e37c2b4d0c2f03e24216ad425bc239b139efd75eab,11.375448862983438,6.2327303475927724,2.4814900307639758,29.99219128420668,47.016599578693807,17.086194225790162,0.036113155897465998,0.53074594463096625,0.0925684307783676,0.18566398694593431,0.53074594463096625,0.0925684307783676,0.18566398694593431,34782,135,136,6066,24,24,12167,47,48,False,,1,,1,,1,EXPERIMENTAL_SHADOW,False,563,b67b2ad1dc9e75f1b0be63b994211c248fb7b3e13ea8fc95ae2dde3ce4563580
8283ab91b10f89ac758d09ecf5fb4d6343536600a06dd468b1cc1ecf4ec747c4,670,H020_L030_C055,H020_L030_C055,b385b04067eeb7883c3178e37c2b4d0c2f03e24216ad425bc239b139efd75eab,12.043288765195518,6.2332276210133433,2.2821557467624136,29.993414401780679,51.719972736291197,18.800772550292542,0.038853893022017201,0.55213783317956278,0.029916519174365198,0.177376638460533,0.55213783317956278,0.029916519174365198,0.177376638460533,36184,141,141,1961,8,7,11624,45,45,False,,1,,1,,1,EXPERIMENTAL_SHADOW,False,564,4884afca2c3037a4014444e0825176dfaf1526e78a5be84bf91ae438babe35ff
8283ab91b10f89ac758d09ecf5fb4d6343536600a06dd468b1cc1ecf4ec747c4,647,H020_L035_C005,H020_L035_C005,b385b04067eeb7883c3178e37c2b4d0c2f03e24216ad425bc239b139efd75eab,8.7277062706398052,8.4979562207504458,6.6059800813401983,34.999136052447206,4.7030814411917472,1.7098316082397758,0.0046699082329712,0.35548426570140601,0.31251691763838613,0.31278215864658671,0.35548426570140601,0.31251691763838613,0.31278215864658671,23297,91,91,20481,80,79,20498,80,79,False,DERIVED-RGB8-0132,2,,1,,1,EXPERIMENTAL_SHADOW,False,565,111ca47d4bd7b6bee1648d6696f0d03b99acf182a95bc4a70dedc21fae3ce2ac
8283ab91b10f89ac758d09ecf5fb4d6343536600a06dd468b1cc1ecf4ec747c4,648,H020_L035_C010,H020_L035_C010,b385b04067eeb7883c3178e37c2b4d0c2f03e24216ad425bc239b139efd75eab,9.288273354802028,8.4980056317539017,6.2194912030551377,34.999234896355013,9.4102681445025755,3.4253572492372264,0.0143488637433133,0.38596381509369548,0.30148501833955521,0.30292508239022897,0.38596381509369548,0.30148501833955521,0.30292508239022897,25294,98,98,19758,77,77,19852,77,78,False,,1,,1,,1,EXPERIMENTAL_SHADOW,False,566,dbdaa3ec46a745f93e2eb32d8e4423807f37b89e11ec29134ea45db71251af0d
8283ab91b10f89ac758d09ecf5fb4d6343536600a06dd468b1cc1ecf4ec747c4,649,H020_L035_C015,H020_L035_C015,b385b04067eeb7883c3178e37c2b4d0c2f03e24216ad425bc239b139efd75eab,9.8708368808444575,8.4980057080372724,5.8506209056325318,34.999235048955263,14.105977667122016,5.1301342908448451,0.010606585283168201,0.41457209070377432,0.28951059531956791,0.29322034844881062,0.41457209070377432,0.28951059531956791,0.29322034844881062,27169,106,105,18973,74,74,19216,75,75,False,,1,,1,,1,EXPERIMENTAL_SHADOW,False,567,653d94ab14d3e50b18e8a033fb3ccd0376ecfd2ca29349a959468377e60c5b94
8283ab91b10f89ac758d09ecf5fb4d6343536600a06dd468b1cc1ecf4ec747c4,650,H020_L035_C020,H020_L035_C020,b385b04067eeb7883c3178e37c2b4d0c2f03e24216ad425bc239b139efd75eab,10.477173975347675,8.4973558515540812,5.4933644142203262,34.997935017335244,18.806608339140688,6.8487403603856194,0.015340392709528699,0.44180965215649831,0.27638728842720822,0.28351443588705932,0.44180965215649831,0.27638728842720822,0.28351443588705932,28954,113,113,18113,70,70,18580,72,72,False,,1,,1,,1,EXPERIMENTAL_SHADOW,False,568,062c195b6a314406de87af31aba68b1dfabf629e5e3602210edcc99a490f83cb
8283ab91b10f89ac758d09ecf5fb4d6343536600a06dd468b1cc1ecf4ec747c4,651,H020_L035_C025,H020_L035_C025,b385b04067eeb7883c3178e37c2b4d0c2f03e24216ad425bc239b139efd75eab,11.108242614309868,8.4967064608933498,5.1565846048737045,34.99663585137602,23.510127726059537,8.5384511563097902,0.021778887636635599,0.4678952971650755,0.26193677852643482,0.27409011398623279,0.4678952971650755,0.26193677852643482,0.27409011398623279,30664,119,119,17166,67,67,17962,70,69,False,,1,,1,,1,EXPERIMENTAL_SHADOW,False,569,fbdda9c61482d57b4b39e59306441e5a8b036c2913459e05474cf777e68c6d71
8283ab91b10f89ac758d09ecf5fb4d6343536600a06dd468b1cc1ecf4ec747c4,652,H020_L035_C030,H020_L035_C030,b385b04067eeb7883c3178e37c2b4d0c2f03e24216ad425bc239b139efd75eab,11.765979446295775,8.4976205552567965,4.8303421372360891,34.998464562537073,28.212976211641649,10.252399245602394,0.023693760859510301,0.49311067875531389,0.24592107608893241,0.26465542331662018,0.49311067875531389,0.24592107608893241,0.26465542331662018,32316,126,125,16116,63,63,17344,67,68,False,,1,,1,,1,EXPERIMENTAL_SHADOW,False,570,a06fa687ae4dec0ab4401067e0cfa4eae65bcc7421b89e8856ca80e6170c7063
8283ab91b10f89ac758d09ecf5fb4d6343536600a06dd468b1cc1ecf4ec747c4,653,H020_L035_C035,H020_L035_C035,b385b04067eeb7883c3178e37c2b4d0c2f03e24216ad425bc239b139efd75eab,12.44598907451268,8.4965733808678756,4.5178588808111737,34.996369604328336,32.911136359293877,11.96126205610134,0.024154883912721799,0.51748400783655035,0.22791789204295931,0.25533625372002872,0.51748400783655035,0.22791789204295931,0.25533625372002872,33913,132,132,14937,58,58,16733,65,65,False,,1,,1,,1,EXPERIMENTAL_SHADOW,False,571,7bc819916df25d8b4c0fb5bfcfe881d805a1dd81609ec508a1f5a4fc2cf498ec
8283ab91b10f89ac758d09ecf5fb4d6343536600a06dd468b1cc1ecf4ec747c4,654,H020_L035_C040,H020_L035_C040,b385b04067eeb7883c3178e37c2b4d0c2f03e24216ad425bc239b139efd75eab,13.152606220868542,8.495528991904445,4.2198943783978518,34.994280047139725,37.615138944498277,13.665777126224022,0.031800947665004499,0.5412307182008923,0.20736185683103431,0.24617641300331719,0.5412307182008923,0.20736185683103431,0.24617641300331719,35470,138,138,13589,53,52,16133,63,62,False,,1,,1,,1,EXPERIMENTAL_SHADOW,False,572,97e2d474230f8001cb4b90f8e70fef3fb8c79bfea226a63849e6faec73ca6765
8283ab91b10f89ac758d09ecf5fb4d6343536600a06dd468b1cc1ecf4ec747c4,655,H020_L035_C045,H020_L035_C045,b385b04067eeb7883c3178e37c2b4d0c2f03e24216ad425bc239b139efd75eab,13.885286534641043,8.4947480030476328,3.9344917689055641,34.992717374783069,42.315684931705263,15.376337392912198,0.033681854950521298,0.56441829529084764,0.18339505940134171,0.2371265335562594,0.56441829529084764,0.18339505940134171,0.2371265335562594,36989,144,144,12019,47,47,15540,60,61,False,,1,,1,,1,EXPERIMENTAL_SHADOW,False,573,858e2c6e24f0642ecbcf332a72e52e523a3812be6d5af1c6fcd39358bf82b960
8283ab91b10f89ac758d09ecf5fb4d6343536600a06dd468b1cc1ecf4ec747c4,656,H020_L035_C050,H020_L035_C050,b385b04067eeb7883c3178e37c2b4d0c2f03e24216ad425bc239b139efd75eab,14.646646969763584,8.4969044116783987,3.6605285539742423,34.997031877206922,47.002820982516873,17.108173047460586,0.019805720554092202,0.58715120925328035,0.15453623784781831,0.22815117509965621,0.58715120925328035,0.15453623784781831,0.22815117509965621,38479,150,149,10128,39,39,14952,58,58,False,,1,,1,,1,EXPERIMENTAL_SHADOW,False,574,f701fca8b9cce7b62c1746c179136c347de81083048109e015f9bda2ee966db6
8283ab91b10f89ac758d09ecf5fb4d6343536600a06dd468b1cc1ecf4ec747c4,657,H020_L035_C055,H020_L035_C055,b385b04067eeb7883c3178e37c2b4d0c2f03e24216ad425bc239b139efd75eab,15.433079869290266,8.4951771636532705,3.4023964364353589,34.99357608956155,51.710183736790427,18.807587704194471,0.028055866510940199,0.60945758137153938,0.1169012902005204,0.21948267164865889,0.60945758137153938,0.1169012902005204,0.21948267164865889,39941,155,156,7661,30,29,14384,56,56,False,,1,,1,,1,EXPERIMENTAL_SHADOW,False,575,cb5925958e21bb93a08bec4a87b925ca0574d64b4031d0a7c3616f5a34ec8fa7
8283ab91b10f89ac758d09ecf5fb4d6343536600a06dd468b1cc1ecf4ec747c4,658,H020_L035_C060,H020_L035_C060,b385b04067eeb7883c3178e37c2b4d0c2f03e24216ad425bc239b139efd75eab,16.249226951574119,8.495368903318564,3.156031053488352,34.993959735382525,56.412643524045983,20.518341859250821,0.0317545925872907,0.63143837426861416,0.058888739298414303,0.2109658386622755,0.63143837426861416,0.058888739298414303,0.2109658386622755,41381,161,160,3859,15,16,13826,54,53,False,,1,,1,,1,EXPERIMENTAL_SHADOW,False,576,64709021d662018654213dc71e28b5f7cd2e9f68a7ed4ce34e794ab49847dc55
8283ab91b10f89ac758d09ecf5fb4d6343536600a06dd468b1cc1ecf4ec747c4,659,H020_L035_C065,H020_L035_C065,b385b04067eeb7883c3178e37c2b4d0c2f03e24216ad425bc239b139efd75eab,17.093677504365957,8.4960743274843544,2.9198359957534601,34.995371146560032,61.110813225968762,22.246003228458257,0.034453825707256802,0.65311253110867584,-0.045808210927371099,0.20256313325459249,0.65311253110867584,0,0.20256313325459249,42802,167,167,0,0,0,13275,52,52,True,,1,,1,,1,EXPERIMENTAL_SHADOW,False,577,1f38b8f7f0b5eb0c40cd39f0ccfbc936f7da305f39104c886a26597a2b5f7a59
8283ab91b10f89ac758d09ecf5fb4d6343536600a06dd468b1cc1ecf4ec747c4,633,H020_L040_C005,H020_L040_C005,b385b04067eeb7883c3178e37c2b4d0c2f03e24216ad425bc239b139efd75eab,11.491862405808837,11.25168386626404,8.7951844397905656,40.001178057823694,4.7082167409403244,1.7026334834009615,0.0123106354369323,0.4032566404685145,0.35916231502978868,0.3594500264591784,0.4032566404685145,0.35916231502978868,0.3594500264591784,26427,103,103,23538,92,91,23557,92,91,False,DERIVED-RGB8-0143,2,,1,,1,EXPERIMENTAL_SHADOW,False,578,c2fe61e55f5226310a2a9c0e2646ff6d1a7ed1fb4f0ee784d337005fbf955400
8283ab91b10f89ac758d09ecf5fb4d6343536600a06dd468b1cc1ecf4ec747c4,634,H020_L040_C010,H020_L040_C010,b385b04067eeb7883c3178e37c2b4d0c2f03e24216ad425bc239b139efd75eab,12.16277408308232,11.251389245856618,8.3260797893576139,40.000689264795,9.409117369019782,3.4190365855811038,0.012291978068368001,0.43469629122812192,0.34800213648056483,0.34933569785289342,0.43469629122812192,0.34800213648056483,0.34933569785289342,28488,111,110,22806,89,89,22894,89,90,False,,1,,1,,1,EXPERIMENTAL_SHADOW,False,579,4fb382750a2c744982d08b3429e8168d032e41c281470776b7d85f54fd83b8d8
8283ab91b10f89ac758d09ecf5fb4d6343536600a06dd468b1cc1ecf4ec747c4,635,H020_L040_C015,H020_L040_C015,b385b04067eeb7883c3178e37c2b4d0c2f03e24216ad425bc239b139efd75eab,12.858868309387663,11.25155965904279,7.8756396111183955,40.000971991591271,14.103813990180624,5.1302671490559231,0.0084700104839176994,0.46435609133651712,0.33598381777071518,0.33934193091701642,0.46435609133651712,0.33598381777071518,0.33934193091701642,30432,118,118,22019,86,86,22239,87,87,False,,1,,1,,1,EXPERIMENTAL_SHADOW,False,580,92417a0fb844c50e745f63f096b899bd29f360e5282766052a2d1899e2d4ed6a
8283ab91b10f89ac758d09ecf5fb4d6343536600a06dd468b1cc1ecf4ec747c4,636,H020_L040_C020,H020_L040_C020,b385b04067eeb7883c3178e37c2b4d0c2f03e24216ad425bc239b139efd75eab,13.580360053140195,11.248730933201967,7.4402355343788029,39.996278577862952,18.815697644516376,6.838986214908882,0.022158183081386802,0.49266509403910708,0.32286826922335071,0.32940821186947461,0.49266509403910708,0.32286826922335071,0.32940821186947461,32287,126,125,21159,82,82,21588,84,83,False,,1,,1,,1,EXPERIMENTAL_SHADOW,False,581,a7ce1eaba0fb767fef7982b7c68be9d83eebf91115b1572d9bc61816c3deeb71
8283ab91b10f89ac758d09ecf5fb4d6343536600a06dd468b1cc1ecf4ec747c4,637,H020_L040_C025,H020_L040_C025,b385b04067eeb7883c3178e37c2b4d0c2f03e24216ad425bc239b139efd75eab,14.330361603448434,11.249499808060886,7.0224896556278047,39.997554370665327,23.514264178857573,8.552535581795361,0.022193464104904099,0.51983154298972745,0.30868390539176921,0.31959013904990702,0.51983154298972745,0.30868390539176921,0.31959013904990702,34067,133,132,20230,79,79,20944,81,80,False,,1,,1,,1,EXPERIMENTAL_SHADOW,False,582,f84eaef4732ee461f79c9ccc34cb477d0b99bb510fd0a994e6a26474cbc84b4d
8283ab91b10f89ac758d09ecf5fb4d6343536600a06dd468b1cc1ecf4ec747c4,638,H020_L040_C030,H020_L040_C030,b385b04067eeb7883c3178e37c2b4d0c2f03e24216ad425bc239b139efd75eab,15.10622448123744,11.249917599202879,6.6211582471346357,39.998247586451846,28.207870678290391,10.263005973613692,0.017328234750474399,0.54602134384362555,0.29315209249511692,0.3098847533313594,0.54602134384362555,0.29315209249511692,0.3098847533313594,35784,139,139,19212,75,75,20308,79,80,False,,1,,1,,1,EXPERIMENTAL_SHADOW,False,583,92ad870181bbed7e0112b871f2a8bed766f11f6d27054efa506dc6bb5113e081
8283ab91b10f89ac758d09ecf5fb4d6343536600a06dd468b1cc1ecf4ec747c4,639,H020_L040_C035,H020_L040_C035,b385b04067eeb7883c3178e37c2b4d0c2f03e24216ad425bc239b139efd75eab,15.909997818419845,11.249209818815364,6.2348333333409318,39.997073198810114,32.911825310313255,11.972892280104332,0.022918920655910301,0.57145129687840257,0.2759394289874616,0.30027575578285742,0.57145129687840257,0.2759394289874616,0.30027575578285742,37450,146,145,18084,70,70,19679,77,76,False,,1,,1,,1,EXPERIMENTAL_SHADOW,False,584,8608fa6b3f912a7ea2c7d588479879b218f9855cf1e9f219359d99ea428e6667
8283ab91b10f89ac758d09ecf5fb4d6343536600a06dd468b1cc1ecf4ec747c4,640,H020_L040_C040,H020_L040_C040,b385b04067eeb7883c3178e37c2b4d0c2f03e24216ad425bc239b139efd75eab,16.742165718106012,11.249265641246929,5.8646450347095138,39.997165824208295,37.612413264223264,13.68115134224286,0.024877729445406501,0.59620250167308031,0.2567483125225089,0.29080360510134762,0.59620250167308031,0.2567483125225089,0.29080360510134762,39072,152,152,16826,65,65,19058,74,73,False,,1,,1,,1,EXPERIMENTAL_SHADOW,False,585,d2cef780f3005ed2ff217f037e85345ba1d0f19f475889f4303f8339bd388543
8283ab91b10f89ac758d09ecf5fb4d6343536600a06dd468b1cc1ecf4ec747c4,641,H020_L040_C045,H020_L040_C045,b385b04067eeb7883c3178e37c2b4d0c2f03e24216ad425bc239b139efd75eab,17.601697867025248,11.24852758424961,5.5105506195368914,39.995941151556281,42.312454008830926,15.381527675690066,0.028170688549524901,0.62035218423389327,0.23499879047252101,0.28149369352134801,0.62035218423389327,0.23499879047252101,0.28149369352134801,40655,158,158,15401,60,60,18448,72,72,False,,1,,1,,1,EXPERIMENTAL_SHADOW,False,586,3dd08089ca3e41ee887b41f62e46164ce96586d3a066fef77ae5ca2dee99b6c2
8283ab91b10f89ac758d09ecf5fb4d6343536600a06dd468b1cc1ecf4ec747c4,642,H020_L040_C050,H020_L040_C050,b385b04067eeb7883c3178e37c2b4d0c2f03e24216ad425bc239b139efd75eab,18.490318796282796,11.247817957767555,5.1688270395950084,39.994763603708009,47.013136230350277,17.093137436557491,0.030059211443720299,0.64401531276578605,0.20983509624880681,0.27224989398299082,0.64401531276578605,0.20983509624880681,0.27224989398299082,42206,164,164,13752,54,54,17842,69,70,False,,1,,1,,1,EXPERIMENTAL_SHADOW,False,587,fdf4960f0944222fa59f7dfeec940b55cd28afe8e81c3f2ee68ab15c7b04c656
8283ab91b10f89ac758d09ecf5fb4d6343536600a06dd468b1cc1ecf4ec747c4,643,H020_L040_C055,H020_L040_C055,b385b04067eeb7883c3178e37c2b4d0c2f03e24216ad425bc239b139efd75eab,19.408239135148829,11.24738682979307,4.8399142278189764,39.994048169610735,51.711241224662587,18.814199180545799,0.028930221750757899,0.66724314880172086,0.17978299627293029,0.2630982569619108,0.66724314880172086,0.17978299627293029,0.2630982569619108,43728,170,171,11782,46,46,17242,67,67,False,,1,,1,,1,EXPERIMENTAL_SHADOW,False,588,60cdc06370aca6e2584a9b200755bc4c114da97133c85c22383eb1b6a538458d
8283ab91b10f89ac758d09ecf5fb4d6343536600a06dd468b1cc1ecf4ec747c4,644,H020_L040_C060,H020_L040_C060,b385b04067eeb7883c3178e37c2b4d0c2f03e24216ad425bc239b139efd75eab,20.357530597111506,11.248672746745005,4.5280515405906376,39.996182026803368,56.4043001322799,20.52454457236216,0.023260676884839598,0.6900935336055718,0.1418254133280776,0.25419656401459467,0.6900935336055718,0.1418254133280776,0.25419656401459467,45225,176,175,9295,36,37,16659,65,64,False,,1,,1,,1,EXPERIMENTAL_SHADOW,False,589,3f8903416ffe0164faa150bcaf8747ab939b3ad987672926f55edb0bc1e4ae61
8283ab91b10f89ac758d09ecf5fb4d6343536600a06dd468b1cc1ecf4ec747c4,645,H020_L040_C065,H020_L040_C065,b385b04067eeb7883c3178e37c2b4d0c2f03e24216ad425bc239b139efd75eab,21.337355463145816,11.247994214195405,4.2311123017006071,39.995056086673621,61.111754912979713,22.222064249489616,0.033438239559192999,0.71263112175227528,0.086703066934303796,0.24552440176088791,0.71263112175227528,0.086703066934303796,0.24552440176088791,46702,182,181,5682,22,22,16090,63,63,False,,1,,1,,1,EXPERIMENTAL_SHADOW,False,590,f83099091a7c0612992b1d5ce1a639cbeaad8a43ee0592f85e8308d41abd7896
8283ab91b10f89ac758d09ecf5fb4d6343536600a06dd468b1cc1ecf4ec747c4,646,H020_L040_C070,H020_L040_C070,b385b04067eeb7883c3178e37c2b4d0c2f03e24216ad425bc239b139efd75eab,22.346784352876849,11.247291820150986,3.9423141478133816,39.99389050367062,65.81323208020109,23.951006505997508,0.036550352911759502,0.73486426671325944,-0.024629612649198301,0.2368481986252062,0.73486426671325944,0,0.2368481986252062,48159,187,187,0,0,0,15522,60,60,True,,1,,1,,1,EXPERIMENTAL_SHADOW,False,591,399e010201c5d3912d7a0c4a4c4e84cf4900b0ce13a989a00e6fde9635137a13
8283ab91b10f89ac758d09ecf5fb4d6343536600a06dd468b1cc1ecf4ec747c4,617,H020_L045_C005,H020_L045_C005,b385b04067eeb7883c3178e37c2b4d0c2f03e24216ad425bc239b139efd75eab,14.782178562484455,14.542057085967096,11.413310264984252,45.000482605926237,4.7049652643510473,1.7150988721554403,0.0081866522117037994,0.45198451671585349,0.40686715855647437,0.40703939306339199,0.45198451671585349,0.40686715855647437,0.40703939306339199,29621,115,117,26664,104,104,26675,104,104,False,,1,,1,,1,EXPERIMENTAL_SHADOW,False,592,cb89e20ee5f0b53deda034e22fffa85f7795d760b4143b649f8b0e924c91586c
8283ab91b10f89ac758d09ecf5fb4d6343536600a06dd468b1cc1ecf4ec747c4,618,H020_L045_C010,H020_L045_C010,b385b04067eeb7883c3178e37c2b4d0c2f03e24216ad425bc239b139efd75eab,15.575040720966117,14.541853460576895,10.858142044583838,45.000197884514954,9.4081468524686009,3.4200427786657883,0.011249691874876001,0.48434436823914268,0.39556873060470948,0.39677341630602919,0.48434436823914268,0.39556873060470948,0.39677341630602919,31742,124,122,25924,101,101,26003,101,101,False,,1,,1,,1,EXPERIMENTAL_SHADOW,False,593,6e067681a5ab386fe6bf7963eaaa1ceeba47d1d44ed64d3beaf821b89a2aae45
8283ab91b10f89ac758d09ecf5fb4d6343536600a06dd468b1cc1ecf4ec747c4,619,H020_L045_C015,H020_L045_C015,b385b04067eeb7883c3178e37c2b4d0c2f03e24216ad425bc239b139efd75eab,16.394251844664588,14.54044316084852,10.320209667404256,44.998225844660752,14.11011451119515,5.1255206534529085,0.015572624065878201,0.51498400969533065,0.38344572677923761,0.38656327970936399,0.51498400969533065,0.38344572677923761,0.38656327970936399,33749,131,131,25129,98,98,25333,99,98,False,,1,,1,,1,EXPERIMENTAL_SHADOW,False,594,9fabe46e28679e47e630505a20f3027cc49fef42a1ffb5ba05825756d00c17c5
8283ab91b10f89ac758d09ecf5fb4d6343536600a06dd468b1cc1ecf4ec747c4,620,H020_L045_C020,H020_L045_C020,b385b04067eeb7883c3178e37c2b4d0c2f03e24216ad425bc239b139efd75eab,17.242244342195523,14.539914349937836,9.7989919280022235,44.99748636884037,18.809753006589489,6.8376462959215845,0.0162855471410881,0.54425812558964826,0.3704282541118199,0.37640181767049191,0.54425812558964826,0.3704282541118199,0.37640181767049191,35668,139,140,24276,94,95,24667,96,96,False,,1,,1,,1,EXPERIMENTAL_SHADOW,False,595,5be8d8267fd6190a3ffddf5b794988cfc9cd622cb0cb2666cb5658e1e31cb5a1
8283ab91b10f89ac758d09ecf5fb4d6343536600a06dd468b1cc1ecf4ec747c4,621,H020_L045_C025,H020_L045_C025,b385b04067eeb7883c3178e37c2b4d0c2f03e24216ad425bc239b139efd75eab,18.120007296165696,14.539482675180947,9.2966437228532168,44.996882712471887,23.514189836044757,8.5464791309490256,0.0224733128738107,0.57241961784605822,0.35636286759605162,0.36634941841476099,0.57241961784605822,0.35636286759605162,0.36634941841476099,37514,146,146,23354,91,91,24009,93,93,False,,1,,1,,1,EXPERIMENTAL_SHADOW,False,596,c294b395e65473bc3dccc78be88dc7fc67b0e084e60429a26955fa27e295e514
8283ab91b10f89ac758d09ecf5fb4d6343536600a06dd468b1cc1ecf4ec747c4,622,H020_L045_C030,H020_L045_C030,b385b04067eeb7883c3178e37c2b4d0c2f03e24216ad425bc239b139efd75eab,19.024555642379081,14.538556976078132,8.8110824749887868,44.995588169439472,28.20880130345671,10.256569341587864,0.018967271344890801,0.59957064068041843,0.3411293486610168,0.3563712960580821,0.59957064068041843,0.3411293486610168,0.3563712960580821,39293,153,153,22356,87,88,23355,91,92,False,,1,,1,,1,EXPERIMENTAL_SHADOW,False,597,7d665e47a0c3492afa4ff0463fcfb365fb8e104910e1a68c193eb7596226a1e7
8283ab91b10f89ac758d09ecf5fb4d6343536600a06dd468b1cc1ecf4ec747c4,623,H020_L045_C035,H020_L045_C035,b385b04067eeb7883c3178e37c2b4d0c2f03e24216ad425bc239b139efd75eab,19.96353784816856,14.539849099868755,8.3438715052589636,44.997395123549246,32.913858062845577,11.967755681905034,0.024969470432195901,0.62600398757125564,0.32449814634785301,0.3465148715592945,0.62600398757125564,0.32449814634785301,0.3465148715592945,41025,160,160,21266,83,83,22709,88,88,False,,1,,1,,1,EXPERIMENTAL_SHADOW,False,598,d90b843a56bc67736adbd3b8fabc4d4d2d84ae37d6cedb816a8cac99d46e4895
8283ab91b10f89ac758d09ecf5fb4d6343536600a06dd468b1cc1ecf4ec747c4,624,H020_L045_C040,H020_L045_C040,b385b04067eeb7883c3178e37c2b4d0c2f03e24216ad425bc239b139efd75eab,20.92828083326274,14.538666148472476,7.8911629808089891,44.995740844328921,37.611634165093335,13.681910135663912,0.0243355104104655,0.65167198899133372,0.30619804121065441,0.33670932222340538,0.65167198899133372,0.30619804121065441,0.33670932222340538,42707,166,167,20067,78,77,22066,86,85,False,,1,,1,,1,EXPERIMENTAL_SHADOW,False,599,603423769b2994df14dfa6a951dd307241a491e517eaffe7e8a28182abba1a34
8283ab91b10f89ac758d09ecf5fb4d6343536600a06dd468b1cc1ecf4ec747c4,625,H020_L045_C045,H020_L045_C045,b385b04067eeb7883c3178e37c2b4d0c2f03e24216ad425bc239b139efd75eab,21.925402514153333,14.539084393769937,7.4581568778524208,44.996325742945331,42.308055291688241,15.387789542119224,0.022379206596972599,0.67675186873150206,0.2859010424580401,0.3270887087325659,0.67675186873150206,0.2859010424580401,0.3270887087325659,44351,173,172,18737,73,73,21436,83,84,False,,1,,1,,1,EXPERIMENTAL_SHADOW,False,600,5988739bb90439b6cd14cf04f73357b8085bd61dd52d3e4dcc8a3ec58707a7dc
8283ab91b10f89ac758d09ecf5fb4d6343536600a06dd468b1cc1ecf4ec747c4,626,H020_L045_C050,H020_L045_C050,b385b04067eeb7883c3178e37c2b4d0c2f03e24216ad425bc239b139efd75eab,22.955179499262801,14.539041946920133,7.0407754071781055,44.996266383306462,47.013897106872925,17.094694518901331,0.0301996598759567,0.70135140137064755,0.26299285820312113,0.31757795157546859,0.70135140137064755,0.26299285820312113,0.31757795157546859,45963,179,179,17235,67,67,20812,81,81,False,,1,,1,,1,EXPERIMENTAL_SHADOW,False,601,1966f5a23fa14fc07843fc4f19110e5c7f13afe44ec00fd0c9de65964767d946
8283ab91b10f89ac758d09ecf5fb4d6343536600a06dd468b1cc1ecf4ec747c4,627,H020_L045_C055,H020_L045_C055,b385b04067eeb7883c3178e37c2b4d0c2f03e24216ad425bc239b139efd75eab,24.012138476149705,14.53709448399276,6.6371303471008636,44.993542836778254,51.711275927886881,18.80625789908801,0.029309107976883301,0.72542573889759676,0.2367132800683156,0.30813969976733607,0.72542573889759676,0.2367132800683156,0.30813969976733607,47541,185,186,15513,60,60,20194,79,79,False,,1,,1,,1,EXPERIMENTAL_SHADOW,False,602,136b36f78db687bb83af6c14eec3675eac566d27237a218c9d5e89902e67b7f2
8283ab91b10f89ac758d09ecf5fb4d6343536600a06dd468b1cc1ecf4ec747c4,628,H020_L045_C060,H020_L045_C060,b385b04067eeb7883c3178e37c2b4d0c2f03e24216ad425bc239b139efd75eab,25.106912687069823,14.538335227185312,6.249824817543769,44.995278056752383,56.414275173855842,20.522756010432573,0.033051246618078997,0.74918043113311583,0.20567092131287409,0.29885202637063102,0.74918043113311583,0.20567092131287409,0.29885202637063102,49098,191,191,13479,52,54,19585,76,76,False,,1,,1,,1,EXPERIMENTAL_SHADOW,False,603,8b7e4c0ac15ff01e5bbae1c6e38922dd3297beb6e01a918b7dbcd9f29d9bb415
8283ab91b10f89ac758d09ecf5fb4d6343536600a06dd468b1cc1ecf4ec747c4,629,H020_L045_C065,H020_L045_C065,b385b04067eeb7883c3178e37c2b4d0c2f03e24216ad425bc239b139efd75eab,26.230368668969785,14.537659855181728,5.8786274015372593,44.994333539139376,61.111951030425992,22.231154456709238,0.0324499353900305,0.77251696083196442,0.16711884850398809,0.28973984830024663,0.77251696083196442,0.16711884850398809,0.28973984830024663,50627,197,197,10952,43,43,18988,74,74,False,,1,,1,,1,EXPERIMENTAL_SHADOW,False,604,c97e0f834dd1373b94df7804b0782fd303310ba3b6f1ff51bbe1a5ce79444fa7
8283ab91b10f89ac758d09ecf5fb4d6343536600a06dd468b1cc1ecf4ec747c4,630,H020_L045_C070,H020_L045_C070,b385b04067eeb7883c3178e37c2b4d0c2f03e24216ad425bc239b139efd75eab,27.38813236288707,14.537039619765505,5.5219660922780962,44.993466105080863,65.814430733707127,23.941943674196253,0.036524033035508101,0.79556307530012338,0.1138463719854166,0.28077786807495347,0.79556307530012338,0.1138463719854166,0.28077786807495347,52137,203,204,7461,29,29,18401,72,72,False,,1,,1,,1,EXPERIMENTAL_SHADOW,False,605,5586ead43864f7515ffef2d948062b231d7d838a6e57bfd54d60e8a43e6024bc
8283ab91b10f89ac758d09ecf5fb4d6343536600a06dd468b1cc1ecf4ec747c4,631,H020_L045_C075,H020_L045_C075,b385b04067eeb7883c3178e37c2b4d0c2f03e24216ad425bc239b139efd75eab,28.581017349819728,14.538607803419382,5.1797937787568653,44.995659250312379,70.509726680576648,25.659221427516432,0.034000786879473201,0.81833622987264953,0.0071056354163528002,0.27197608877195573,0.81833622987264953,0.0071056354163528002,0.27197608877195573,53630,209,208,466,2,6,17824,69,69,False,,1,,1,,1,EXPERIMENTAL_SHADOW,False,606,34dafa64ad169cd283f0039e0e2597b33f06ae50517adc00a822ddcda6ab2b6c
8283ab91b10f89ac758d09ecf5fb4d6343536600a06dd468b1cc1ecf4ec747c4,632,H020_L045_C080,H020_L045_C080,b385b04067eeb7883c3178e37c2b4d0c2f03e24216ad425bc239b139efd75eab,29.773109891022639,14.528990142040101,4.8303612419216782,44.98220621982675,75.140311518370694,27.46564452421746,0.11123436148754361,0.84041290980009231,-0.14750290378525821,0.262647652457353,0.84041290980009231,0,0.262647652457353,55076,214,214,0,0,0,17213,67,67,True,,1,,1,,1,EXPERIMENTAL_SHADOW,False,607,c1b61366904eac8b576955a0d79cd3bf023695457ec2bc9254863b45ce5203a3
8283ab91b10f89ac758d09ecf5fb4d6343536600a06dd468b1cc1ecf4ec747c4,601,H020_L050_C005,H020_L050_C005,b385b04067eeb7883c3178e37c2b4d0c2f03e24216ad425bc239b139efd75eab,18.650114610645343,18.419982778927785,14.511557188284211,50.00158967681422,4.7085939905274206,1.7148021365388288,0.0112483690004867,0.5016879136920076,0.4555780528943737,0.45573475936566038,0.5016879136920076,0.4555780528943737,0.45573475936566038,32878,128,129,29856,116,117,29867,116,117,False,DERIVED-RGB8-0166,2,,1,,1,EXPERIMENTAL_SHADOW,False,608,d0b3eed665dc161e0948a396661f6ac4c7419064b1e2614a1cfa64d9d1eba6af
8283ab91b10f89ac758d09ecf5fb4d6343536600a06dd468b1cc1ecf4ec747c4,602,H020_L050_C010,H020_L050_C010,b385b04067eeb7883c3178e37c2b4d0c2f03e24216ad425bc239b139efd75eab,19.57246983247741,18.418702797211456,13.858847287570816,50.000060851915251,9.4061847093346316,3.4184266811630115,0.0094527345293197,0.53486070147186004,0.44414493078934852,0.4452516037522829,0.53486070147186004,0.44414493078934852,0.4452516037522829,35052,136,136,29107,113,114,29180,114,115,False,,1,,1,,1,EXPERIMENTAL_SHADOW,False,609,2e278beebdfcbd5b5497f925b25056aaf214031279467fe80a99d06ee3efd7c9
8283ab91b10f89ac758d09ecf5fb4d6343536600a06dd468b1cc1ecf4ec747c4,603,H020_L050_C015,H020_L050_C015,b385b04067eeb7883c3178e37c2b4d0c2f03e24216ad425bc239b139efd75eab,20.527204673587764,18.41916337023099,13.223076443770641,50.000610973790117,14.106741249251264,5.1336672927812188,0.011846344762245,0.56644186957121168,0.43197256892477848,0.4347831398774048,0.56644186957121168,0.43197256892477848,0.4347831398774048,37122,144,145,28309,110,111,28494,111,112,False,,1,,1,,1,EXPERIMENTAL_SHADOW,False,610,18c17d8392641d69ea2450973ae998b708d04513b717555524d6d10042ae8c29
8283ab91b10f89ac758d09ecf5fb4d6343536600a06dd468b1cc1ecf4ec747c4,604,H020_L050_C020,H020_L050_C020,b385b04067eeb7883c3178e37c2b4d0c2f03e24216ad425bc239b139efd75eab,21.51133607451602,18.418462659938911,12.61012880193014,49.999774021301576,18.807839403342129,6.8378197386688599,0.0141780034011723,0.59663730353156597,0.4189514713993821,0.42444920246869411,0.59663730353156597,0.4189514713993821,0.42444920246869411,39101,152,153,27456,107,107,27816,108,109,False,,1,,1,,1,EXPERIMENTAL_SHADOW,False,611,e2e97b76b1697ede0720f33c8986076650cfb86f8a114610b615a30b7bc19db6
8283ab91b10f89ac758d09ecf5fb4d6343536600a06dd468b1cc1ecf4ec747c4,605,H020_L050_C025,H020_L050_C025,b385b04067eeb7883c3178e37c2b4d0c2f03e24216ad425bc239b139efd75eab,22.52559428918115,18.416440619851588,12.01230424340433,49.997358708013877,23.51193242858696,8.5512741079589283,0.019824427323631599,0.6257149557719508,0.40496673959967,0.41411834436254091,0.6257149557719508,0.40496673959967,0.41411834436254091,41006,160,159,26539,103,104,27139,106,105,False,,1,,1,,1,EXPERIMENTAL_SHADOW,False,612,03879c2a27b2de70a8ffe32fdfebeed75da6f194f1db8f95d39a73ab4c7e2618
8283ab91b10f89ac758d09ecf5fb4d6343536600a06dd468b1cc1ecf4ec747c4,606,H020_L050_C030,H020_L050_C030,b385b04067eeb7883c3178e37c2b4d0c2f03e24216ad425bc239b139efd75eab,23.573278064628465,18.417450238441571,11.437237791403897,49.998564712728665,28.209413824763217,10.260233724029424,0.018672672008945599,0.65383077012320712,0.3899752688779119,0.40393444301597931,0.65383077012320712,0.3899752688779119,0.40393444301597931,42849,167,166,25557,99,100,26472,103,103,False,,1,,1,,1,EXPERIMENTAL_SHADOW,False,613,8082cdcc17b45f346e6e312d63d8bce5ffb405c4e4f22c2b639dc6f1dbc05df4
8283ab91b10f89ac758d09ecf5fb4d6343536600a06dd468b1cc1ecf4ec747c4,607,H020_L050_C035,H020_L050_C035,b385b04067eeb7883c3178e37c2b4d0c2f03e24216ad425bc239b139efd75eab,24.650541720576573,18.416020581003185,10.879833293011217,49.996856952256977,32.909101592017095,11.967260337431252,0.0204397503046529,0.68110651785128418,0.37372930250442021,0.39382453147241542,0.68110651785128418,0.37372930250442021,0.39382453147241542,44636,174,174,24492,95,96,25809,100,101,False,,1,,1,,1,EXPERIMENTAL_SHADOW,False,614,815a1d8aafe1b84616a22f50989ecbc3201a7343d3de052d4ffc12344ca4abad
8283ab91b10f89ac758d09ecf5fb4d6343536600a06dd468b1cc1ecf4ec747c4,608,H020_L050_C040,H020_L050_C040,b385b04067eeb7883c3178e37c2b4d0c2f03e24216ad425bc239b139efd75eab,25.762223868293415,18.415073406931441,10.340287218393961,49.995725481188821,37.615010888870202,13.677064284307594,0.0278946542133468,0.7077170943673563,0.35604366027911771,0.38379814205299201,0.7077170943673563,0.35604366027911771,0.38379814205299201,46380,180,181,23333,91,90,25152,98,97,False,,1,,1,,1,EXPERIMENTAL_SHADOW,False,615,8a891b70266ddf6e0a8594eb129ed7c068453123e4bc9d4406629f7862efb7c3
8283ab91b10f89ac758d09ecf5fb4d6343536600a06dd468b1cc1ecf4ec747c4,609,H020_L050_C045,H020_L050_C045,b385b04067eeb7883c3178e37c2b4d0c2f03e24216ad425bc239b139efd75eab,26.906455458516877,18.414633123538973,9.8201239399674076,49.99519951616665,42.316768529308376,15.383759034047406,0.031756464284415697,0.73369343493566863,0.33669123433748332,0.37389765510089862,0.73369343493566863,0.33669123433748332,0.37389765510089862,48083,187,187,22065,86,87,24503,95,96,False,,1,,1,,1,EXPERIMENTAL_SHADOW,False,616,9ba19fd89342a04c5b0ac28cbcf217c1d4512a431817e6f2b155c6b05fea5e54
8283ab91b10f89ac758d09ecf5fb4d6343536600a06dd468b1cc1ecf4ec747c4,610,H020_L050_C050,H020_L050_C050,b385b04067eeb7883c3178e37c2b4d0c2f03e24216ad425bc239b139efd75eab,28.083416099965,18.414853592631157,9.3163274466066568,49.995462890834723,47.012527939775225,17.09657752557645,0.0286376231502063,0.75911498078820072,0.31532339772064871,0.36407050273011088,0.75911498078820072,0.31532339772064871,0.36407050273011088,49749,194,194,20665,80,81,23859,93,93,False,,1,,1,,1,EXPERIMENTAL_SHADOW,False,617,207ecd8501f66e6421cb199f1275d3f7f55e12da2af94dd097da2708690f8781
8283ab91b10f89ac758d09ecf5fb4d6343536600a06dd468b1cc1ecf4ec747c4,611,H020_L050_C055,H020_L050_C055,b385b04067eeb7883c3178e37c2b4d0c2f03e24216ad425bc239b139efd75eab,29.2952328422062,18.415439399543505,8.8300872456281869,49.996162691645061,51.710326073985286,18.810062166986143,0.0275147440007706,0.78407733602689111,0.29138756105677932,0.35435862279704838,0.78407733602689111,0.29138756105677932,0.35435862279704838,51385,200,201,19096,74,74,23223,90,90,False,,1,,1,,1,EXPERIMENTAL_SHADOW,False,618,c1d9b11dfdf9ee334367ed493559a9fd93d5d6cc4df9e43fce14590554ed0a66
8283ab91b10f89ac758d09ecf5fb4d6343536600a06dd468b1cc1ecf4ec747c4,612,H020_L050_C060,H020_L050_C060,b385b04067eeb7883c3178e37c2b4d0c2f03e24216ad425bc239b139efd75eab,30.538901461506768,18.412621264805644,8.3603722419661999,49.992796031698575,56.416289279590529,20.519119158672705,0.035490466021557303,0.80860688318707885,0.26400835484976432,0.34476335283061932,0.80860688318707885,0.26400835484976432,0.34476335283061932,52992,206,206,17302,67,68,22594,88,87,False,,1,,1,,1,EXPERIMENTAL_SHADOW,False,619,acd54435b389ab3ff1945823b710fe6ef3c76689e4a99be4aa60101bb947f263
8283ab91b10f89ac758d09ecf5fb4d6343536600a06dd468b1cc1ecf4ec747c4,613,H020_L050_C065,H020_L050_C065,b385b04067eeb7883c3178e37c2b4d0c2f03e24216ad425bc239b139efd75eab,31.820728326376752,18.414385312147918,7.9104200940841984,49.994903475594846,61.111142553664962,22.226799860431857,0.031876079839273298,0.83277174701406476,0.2321084650088972,0.3353562941309976,0.83277174701406476,0.2321084650088972,0.3353562941309976,54576,212,212,15211,59,60,21978,86,86,False,,1,,1,,1,EXPERIMENTAL_SHADOW,False,620,ffb1f6eb501626c32f5a7d7e7061cee738b8bc49e4935b107063fb6cfe0caef6
8283ab91b10f89ac758d09ecf5fb4d6343536600a06dd468b1cc1ecf4ec747c4,614,H020_L050_C070,H020_L050_C070,b385b04067eeb7883c3178e37c2b4d0c2f03e24216ad425bc239b139efd75eab,33.136264716371322,18.41307216677929,7.4747766678950738,49.993334720870074,65.815970099692478,23.936684290227927,0.038349344655405501,0.85660813427820448,0.19298470389736841,0.32604632790784838,0.85660813427820448,0.19298470389736841,0.32604632790784838,56138,218,219,12647,49,50,21367,83,84,False,,1,,1,,1,EXPERIMENTAL_SHADOW,False,621,23b33fe38be832f6ca853d477931ab8e7dd007f02fe02b28564717c3ec39d57f
8283ab91b10f89ac758d09ecf5fb4d6343536600a06dd468b1cc1ecf4ec747c4,615,H020_L050_C075,H020_L050_C075,b385b04067eeb7883c3178e37c2b4d0c2f03e24216ad425bc239b139efd75eab,34.488721308800564,18.413871788299701,7.0535571246245645,49.994290001015855,70.513873347945619,25.65871441035457,0.038100922081634798,0.88015021242476921,0.1409846764361177,0.3168319517929778,0.88015021242476921,0.1409846764361177,0.3168319517929778,57681,224,224,9239,36,38,20764,81,80,False,,1,,1,,1,EXPERIMENTAL_SHADOW,False,622,ff9e738fa0b159c233390711d57ffbf014c1bf7d396de0a3ee2e07533073b694
8283ab91b10f89ac758d09ecf5fb4d6343536600a06dd468b1cc1ecf4ec747c4,616,H020_L050_C080,H020_L050_C080,b385b04067eeb7883c3178e37c2b4d0c2f03e24216ad425bc239b139efd75eab,35.876813662826144,18.414941045761484,6.6501795560891521,49.995567362670499,75.208139969480996,27.37388119166355,0.035247433154607703,0.90340605897504245,0.049629175293272203,0.30782742583533312,0.90340605897504245,0.049629175293272203,0.30782742583533312,59205,230,231,3252,13,16,20173,78,80,False,,1,,1,,1,EXPERIMENTAL_SHADOW,False,623,70ad4667a5cfa73b46b67bf1a01b567d723caf5a43282edf8ed5880f0c3ec6e6
8283ab91b10f89ac758d09ecf5fb4d6343536600a06dd468b1cc1ecf4ec747c4,585,H020_L055_C005,H020_L055_C005,b385b04067eeb7883c3178e37c2b4d0c2f03e24216ad425bc239b139efd75eab,23.136488282148463,22.930821946435486,18.124454289366319,55.001010534386126,4.7038397917828494,1.7131644822178549,0.0062390389719311004,0.55220566471595411,0.50523618937542591,0.50536867207850977,0.55220566471595411,0.50523618937542591,0.50536867207850977,36189,141,141,33111,129,129,33119,129,128,False,,1,,1,,1,EXPERIMENTAL_SHADOW,False,624,8e969ac873e2080691767767ba26d5594bada584930027e3c15752a8ab551d96
8283ab91b10f89ac758d09ecf5fb4d6343536600a06dd468b1cc1ecf4ec747c4,586,H020_L055_C010,H020_L055_C010,b385b04067eeb7883c3178e37c2b4d0c2f03e24216ad425bc239b139efd75eab,24.201827019176289,22.928802114100705,17.366595278156449,54.998925795221226,9.4109059481244355,3.4159357496964748,0.014680065715870201,0.58624150960365862,0.49364105828211541,0.49468685392290268,0.58624150960365862,0.49364105828211541,0.49468685392290268,38419,149,149,32351,126,126,32419,126,127,False,,1,,1,,1,EXPERIMENTAL_SHADOW,False,625,8dc74fc0adcf4bd38d89227d748203d66ea51e4fdc5da82bdfbc650902000163
8283ab91b10f89ac758d09ecf5fb4d6343536600a06dd468b1cc1ecf4ec747c4,587,H020_L055_C015,H020_L055_C015,b385b04067eeb7883c3178e37c2b4d0c2f03e24216ad425bc239b139efd75eab,25.300303571607291,22.929185668554396,16.626857536197566,54.999321684522599,14.111188870971404,5.1307542025094799,0.015809960732340301,0.61867001013526601,0.48138394626730158,0.48401385404037112,0.61867001013526601,0.48138394626730158,0.48401385404037112,40545,158,157,31547,123,122,31720,123,123,False,,1,,1,,1,EXPERIMENTAL_SHADOW,False,626,952a29416ac4754933964d80aa9ba899279fa4c2fa0bb4d3a62662fad9acf164
8283ab91b10f89ac758d09ecf5fb4d6343536600a06dd468b1cc1ecf4ec747c4,588,H020_L055_C020,H020_L055_C020,b385b04067eeb7883c3178e37c2b4d0c2f03e24216ad425bc239b139efd75eab,26.430159805195927,22.928740014924315,15.90838255359319,54.998861698562713,18.809565086495507,6.8442121999511496,0.016162411130192799,0.64973891038374421,0.46835129162064398,0.4734110667212551,0.64973891038374421,0.46835129162064398,0.4734110667212551,42581,166,166,30693,119,119,31025,121,120,False,,1,,1,,1,EXPERIMENTAL_SHADOW,False,627,85464c7ccd5d5d0d2d207c84af1d47bcc25c994f3d121b92b83962ba06612233
8283ab91b10f89ac758d09ecf5fb4d6343536600a06dd468b1cc1ecf4ec747c4,589,H020_L055_C025,H020_L055_C025,b385b04067eeb7883c3178e37c2b4d0c2f03e24216ad425bc239b139efd75eab,27.594399210554041,22.929136876619506,15.215263003572208,54.999271323717686,23.509114245692963,8.5483079508003268,0.016972180385604701,0.67968548797925121,0.45446802584677831,0.46295357369839818,0.67968548797925121,0.45446802584677831,0.46295357369839818,44543,173,172,29784,116,116,30340,118,117,False,,1,,1,,1,EXPERIMENTAL_SHADOW,False,628,487d4e97d00ef84f4ac30e3a48fcfec0196d382b0d9ee76d18d1bb16ba1f8c82
8283ab91b10f89ac758d09ecf5fb4d6343536600a06dd468b1cc1ecf4ec747c4,590,H020_L055_C030,H020_L055_C030,b385b04067eeb7883c3178e37c2b4d0c2f03e24216ad425bc239b139efd75eab,28.790683811515631,22.927690091851105,14.53917671801946,54.997777986144058,28.210473294758231,10.257857842939888,0.0199873784564801,0.70867105460083091,0.43959834607179882,0.45251871184864179,0.70867105460083091,0.43959834607179882,0.45251871184864179,46443,181,180,28809,112,112,29656,115,116,False,,1,,1,,1,EXPERIMENTAL_SHADOW,False,629,50c17229b735b3e56bdaa4c94b9498a1ba6d355345399f1c8095ac6b52b09c63
8283ab91b10f89ac758d09ecf5fb4d6343536600a06dd468b1cc1ecf4ec747c4,591,H020_L055_C035,H020_L055_C035,b385b04067eeb7883c3178e37c2b4d0c2f03e24216ad425bc239b139efd75eab,30.021339865525537,22.925991967450702,13.882582927865489,54.996025141508198,32.914031290710355,11.969182272442502,0.025193173585530498,0.73684065484480854,0.42363033145069551,0.44215213966452671,0.73684065484480854,0.42363033145069551,0.44215213966452671,48289,188,187,27763,108,107,28976,113,112,False,,1,,1,,1,EXPERIMENTAL_SHADOW,False,630,1cc288dc68f435e572bb79ec537d2219cdd1c6f96aac0e185568c108b36d8028
8283ab91b10f89ac758d09ecf5fb4d6343536600a06dd468b1cc1ecf4ec747c4,592,H020_L055_C040,H020_L055_C040,b385b04067eeb7883c3178e37c2b4d0c2f03e24216ad425bc239b139efd75eab,31.285952791839879,22.926555876594762,13.245264713752968,54.996607231617723,37.605246661412018,13.686710616642683,0.018823697646866599,0.7642575089854694,0.40648433996205879,0.4318508058949439,0.7642575089854694,0.40648433996205879,0.4318508058949439,50086,195,195,26639,104,103,28301,110,109,False,,1,,1,,1,EXPERIMENTAL_SHADOW,False,631,02d1f26616839c5e3766aa9f3d2adf44562de640524bbde06869a37391f8f6a2
8283ab91b10f89ac758d09ecf5fb4d6343536600a06dd468b1cc1ecf4ec747c4,593,H020_L055_C045,H020_L055_C045,b385b04067eeb7883c3178e37c2b4d0c2f03e24216ad425bc239b139efd75eab,32.589198796593251,22.925991961049888,12.632529653652066,54.996025134900975,42.31433909112026,15.388751084207254,0.028499576149725699,0.7911104092402752,0.38781693570738213,0.42173802419602269,0.7911104092402752,0.38781693570738213,0.42173802419602269,51845,202,201,25416,99,99,27639,108,108,False,,1,,1,,1,EXPERIMENTAL_SHADOW,False,632,0a4def1492c6e47565457db82c19598cd2cf76cf312ae2644d408716c82ffd3c
8283ab91b10f89ac758d09ecf5fb4d6343536600a06dd468b1cc1ecf4ec747c4,594,H020_L055_C050,H020_L055_C050,b385b04067eeb7883c3178e37c2b4d0c2f03e24216ad425bc239b139efd75eab,33.924701155403405,22.924611580425552,12.037016472674877,54.99460020921498,47.015124806218331,17.095090944688842,0.031556908433161897,0.81735944837138952,0.3674622068805195,0.4116839326374388,0.81735944837138952,0.3674622068805195,0.4116839326374388,53566,208,208,24082,94,94,26980,105,105,False,,1,,1,,1,EXPERIMENTAL_SHADOW,False,633,4dd06ceab90a55e38227d7e2f5ffd5919b0a977c0ae3a963303a2ee1b0dfc4dc
8283ab91b10f89ac758d09ecf5fb4d6343536600a06dd468b1cc1ecf4ec747c4,595,H020_L055_C055,H020_L055_C055,b385b04067eeb7883c3178e37c2b4d0c2f03e24216ad425bc239b139efd75eab,35.298320617706096,22.925088433012235,11.460090743996108,54.995092456363153,51.714811220424593,18.80602728530976,0.0324871962424138,0.84313821774925213,0.34506716728339037,0.40172126073217601,0.84313821774925213,0.34506716728339037,0.40172126073217601,55255,215,215,22614,88,87,26327,102,102,False,,1,,1,,1,EXPERIMENTAL_SHADOW,False,634,932ee36f4179118ab8d81164a4870abff30ee3838312d2fac13b589ea5a0d7da
8283ab91b10f89ac758d09ecf5fb4d6343536600a06dd468b1cc1ecf4ec747c4,596,H020_L055_C060,H020_L055_C060,b385b04067eeb7883c3178e37c2b4d0c2f03e24216ad425bc239b139efd75eab,36.706507291467936,22.923472488856547,10.901773798462193,54.99342431593648,56.417161700975768,20.513633193589232,0.036947675927604798,0.86846420817954806,0.32006800284994352,0.39187134076915159,0.86846420817954806,0.32006800284994352,0.39187134076915159,56915,221,220,20976,82,81,25681,100,98,False,,1,,1,,1,EXPERIMENTAL_SHADOW,False,635,e3e4607c930521f3f050ae2cceb786bbed290a87d77a4267cda7838c0e23394d
8283ab91b10f89ac758d09ecf5fb4d6343536600a06dd468b1cc1ecf4ec747c4,597,H020_L055_C065,H020_L055_C065,b385b04067eeb7883c3178e37c2b4d0c2f03e24216ad425bc239b139efd75eab,38.154671625960354,22.924784150132329,10.361299908735353,54.994778350896979,61.116156113083406,22.22835594024253,0.036649660578384501,0.89342406015221842,0.2918005242019715,0.38212000047999878,0.89342406015221842,0.2918005242019715,0.38212000047999878,58551,228,227,19123,74,74,25042,97,98,False,,1,,1,,1,EXPERIMENTAL_SHADOW,False,636,c89bdca514451fa12baa48925bd6c68d9c6e0219f752a0d3b5a81bcd791970fe
8283ab91b10f89ac758d09ecf5fb4d6343536600a06dd468b1cc1ecf4ec747c4,598,H020_L055_C070,H020_L055_C070,b385b04067eeb7883c3178e37c2b4d0c2f03e24216ad425bc239b139efd75eab,39.636502756668762,22.923810371788395,9.8400474938393341,54.993773119235605,65.81303116214454,23.935487351346215,0.035582785405444503,0.91798796650068804,0.2589926431124292,0.37252130122155058,0.91798796650068804,0.2589926431124292,0.37252130122155058,60160,234,234,16973,66,65,24413,95,95,False,,1,,1,,1,EXPERIMENTAL_SHADOW,False,637,44f0d26d883c0becaa8985f6e594cc0a61616c89d684f5da4a0e088d264755a4
8283ab91b10f89ac758d09ecf5fb4d6343536600a06dd468b1cc1ecf4ec747c4,599,H020_L055_C075,H020_L055_C075,b385b04067eeb7883c3178e37c2b4d0c2f03e24216ad425bc239b139efd75eab,41.158280986433162,22.92326636823686,9.3350922374764256,54.993211531820691,70.514301139395272,25.648512806812896,0.038129409271887203,0.94226731941523645,0.2194154134906835,0.363024136303643,0.94226731941523645,0.2194154134906835,0.363024136303643,61751,240,240,14379,56,57,23791,93,92,False,,1,,1,,1,EXPERIMENTAL_SHADOW,False,638,2117eef501624c94e9390dadb4e0635a71639dbf22d4e67d7ddb5a1d1011a1a4
8283ab91b10f89ac758d09ecf5fb4d6343536600a06dd468b1cc1ecf4ec747c4,600,H020_L055_C080,H020_L055_C080,b385b04067eeb7883c3178e37c2b4d0c2f03e24216ad425bc239b139efd75eab,42.720393761846843,22.923637378622935,8.8488410884168651,54.993594535363883,75.217073739004363,27.35913272976228,0.042235268700882199,0.96627881324140685,0.16816469192371011,0.3536961266033013,0.96627881324140685,0.16816469192371011,0.3536961266033013,63325,246,245,11021,43,42,23179,90,90,False,,1,,1,,1,EXPERIMENTAL_SHADOW,False,639,30618018d5f96ae59d28fcb2201bd8c8ac18a4c153d14433a05787231b8e21fc
8283ab91b10f89ac758d09ecf5fb4d6343536600a06dd468b1cc1ecf4ec747c4,571,H020_L060_C005,H020_L060_C005,b385b04067eeb7883c3178e37c2b4d0c2f03e24216ad425bc239b139efd75eab,28.293971968468721,28.125158553539318,22.293712645545863,60.001643250241621,4.7087933036986112,1.7105886807353254,0.0104350937345827,0.60364319507626163,0.55577741873597675,0.55591916508346606,0.60364319507626163,0.55577741873597675,0.55591916508346606,39560,154,155,36423,142,142,36432,142,142,False,DERIVED-RGB8-0197,2,,1,,1,EXPERIMENTAL_SHADOW,False,640,a3a179816a3b45b006453b06215170c501bc294620125b7803ced1417909d657
8283ab91b10f89ac758d09ecf5fb4d6343536600a06dd468b1cc1ecf4ec747c4,572,H020_L060_C010,H020_L060_C010,b385b04067eeb7883c3178e37c2b4d0c2f03e24216ad425bc239b139efd75eab,29.510400462526398,28.124439308025263,21.417651023989109,60.000995380626442,9.4070901848342636,3.4261817501398446,0.011857992422138801,0.63842367165081093,0.54408433281583346,0.54497256219158308,0.63842367165081093,0.54408433281583346,0.54497256219158308,41839,163,162,35657,139,139,35715,139,139,False,,1,,1,,1,EXPERIMENTAL_SHADOW,False,641,77efb7d91da85566f9168682a928c7adb359e6ec79f03225ff6aabb0d52beac3
8283ab91b10f89ac758d09ecf5fb4d6343536600a06dd468b1cc1ecf4ec747c4,573,H020_L060_C015,H020_L060_C015,b385b04067eeb7883c3178e37c2b4d0c2f03e24216ad425bc239b139efd75eab,30.760952984471487,28.122364755523719,20.56938155660756,59.999126638993019,14.109721778824024,5.1304154743602615,0.014348848123130699,0.67162670931009538,0.53171236366811647,0.53415508602608841,0.67162670931009538,0.53171236366811647,0.53415508602608841,44015,171,170,34846,136,135,35006,136,136,False,,1,,1,,1,EXPERIMENTAL_SHADOW,False,642,de8fa47bf0b08c10842120dfcf2dc68e3fb37a4ef2a28ae166b9e1bd6a10934c
8283ab91b10f89ac758d09ecf5fb4d6343536600a06dd468b1cc1ecf4ec747c4,574,H020_L060_C020,H020_L060_C020,b385b04067eeb7883c3178e37c2b4d0c2f03e24216ad425bc239b139efd75eab,32.046786672952805,28.121423205106815,19.741112368919133,59.998278466982406,18.809545107380533,6.8420671821919576,0.015827588487833701,0.70352148275344562,0.5186371795051733,0.52336236787712231,0.70352148275344562,0.5186371795051733,0.52336236787712231,46105,179,180,33989,132,132,34299,133,133,False,,1,,1,,1,EXPERIMENTAL_SHADOW,False,643,da9b78589f55939e7f4ba8f1ba509297718d4186b0e3aff971ab52c43c0cfe95
8283ab91b10f89ac758d09ecf5fb4d6343536600a06dd468b1cc1ecf4ec747c4,575,H020_L060_C025,H020_L060_C025,b385b04067eeb7883c3178e37c2b4d0c2f03e24216ad425bc239b139efd75eab,33.3695593654124,28.121311429912321,18.939144911610477,59.998177775852739,23.511745962267348,8.5468946277300404,0.019861134372209498,0.73431144764444367,0.50477146561600361,0.51269331253383765,0.73431144764444367,0.50477146561600361,0.51269331253383765,48123,187,186,33080,129,129,33599,131,130,False,,1,,1,,1,EXPERIMENTAL_SHADOW,False,644,8e905e052b4362a9e398eddc856c1a838eb036583bba3030688d0228818c990f
8283ab91b10f89ac758d09ecf5fb4d6343536600a06dd468b1cc1ecf4ec747c4,576,H020_L060_C030,H020_L060_C030,b385b04067eeb7883c3178e37c2b4d0c2f03e24216ad425bc239b139efd75eab,34.726045709293089,28.119818768799568,18.153941761573872,59.996833107272245,28.211816173451311,10.261228477833059,0.021262731256151399,0.76413021335327902,0.49001888933245152,0.50201891458483716,0.76413021335327902,0.49001888933245152,0.50201891458483716,50077,195,194,32113,125,125,32900,128,128,False,,1,,1,,1,EXPERIMENTAL_SHADOW,False,645,9e6d1d345156fe6232cf04cf7901fc4d679f24f7966664edcd81ba796b93a99c
8283ab91b10f89ac758d09ecf5fb4d6343536600a06dd468b1cc1ecf4ec747c4,577,H020_L060_C035,H020_L060_C035,b385b04067eeb7883c3178e37c2b4d0c2f03e24216ad425bc239b139efd75eab,36.120604129231324,28.119625559431789,17.394927546179844,59.996659050511454,32.912829497863726,11.968041431275122,0.0240121448530035,0.79312489019713761,0.474293824465987,0.49148403033010812,0.79312489019713761,0.474293824465987,0.49148403033010812,51977,202,203,31083,121,121,32209,125,126,False,,1,,1,,1,EXPERIMENTAL_SHADOW,False,646,51579743419ea88e88e696ceac9d9bc03bb19a4ff80c848bdf7f39426517c8c6
8283ab91b10f89ac758d09ecf5fb4d6343536600a06dd468b1cc1ecf4ec747c4,578,H020_L060_C040,H020_L060_C040,b385b04067eeb7883c3178e37c2b4d0c2f03e24216ad425bc239b139efd75eab,37.552139521935871,28.120402360045297,16.655404821714342,59.997358842994529,37.610504442010914,13.680976122161702,0.0229575544161961,0.82139158128111434,0.4574793164271605,0.48099566612088951,0.82139158128111434,0.4574793164271605,0.48099566612088951,53830,209,210,29981,117,116,31522,123,122,False,,1,,1,,1,EXPERIMENTAL_SHADOW,False,647,bd54ce23fb9887a3b1a1b74cc2a54b6888e07141d13e7036b52c8a5564266183
8283ab91b10f89ac758d09ecf5fb4d6343536600a06dd468b1cc1ecf4ec747c4,579,H020_L060_C045,H020_L060_C045,b385b04067eeb7883c3178e37c2b4d0c2f03e24216ad425bc239b139efd75eab,39.019847628443195,28.118942788055687,15.93746390025334,59.996043955034921,42.313199893187438,15.389665348436663,0.027316092114018999,0.84901708015943722,0.43936000758188543,0.47060223376259758,0.84901708015943722,0.43936000758188543,0.47060223376259758,55640,216,216,28793,112,112,30841,120,120,False,,1,,1,,1,EXPERIMENTAL_SHADOW,False,648,ac73286d968875465ab51c7d15b07217e88a6de9372a79f30f9aff90d60e0e55
8283ab91b10f89ac758d09ecf5fb4d6343536600a06dd468b1cc1ecf4ec747c4,580,H020_L060_C050,H020_L060_C050,b385b04067eeb7883c3178e37c2b4d0c2f03e24216ad425bc239b139efd75eab,40.527046148992191,28.120395920648026,15.242652997736544,59.997353042019895,47.00993688425126,17.097406356086498,0.025726996845477801,0.87607275537683638,0.41982588795779258,0.46032902314834079,0.87607275537683638,0.41982588795779258,0.46032902314834079,57413,223,223,27513,107,107,30168,117,118,False,,1,,1,,1,EXPERIMENTAL_SHADOW,False,649,df091ce462c4f0655172732fd4e8024f5f7a5e60323e78fbc2a5f960bb88c3db
8283ab91b10f89ac758d09ecf5fb4d6343536600a06dd468b1cc1ecf4ec747c4,581,H020_L060_C055,H020_L060_C055,b385b04067eeb7883c3178e37c2b4d0c2f03e24216ad425bc239b139efd75eab,42.068996941949848,28.11649977522212,14.564176727071294,59.993843010649954,51.716722959182782,18.807518289418248,0.034369180274699901,0.90262190700412481,0.39847037595096862,0.45009007983370619,0.90262190700412481,0.39847037595096862,0.45009007983370619,59153,230,231,26114,102,101,29497,115,114,False,,1,,1,,1,EXPERIMENTAL_SHADOW,False,650,97c79568422cebc1a23976a4bfdc8cecef2574a42cf48df5c316ba4d8e2f5ef8
8283ab91b10f89ac758d09ecf5fb4d6343536600a06dd468b1cc1ecf4ec747c4,582,H020_L060_C060,H020_L060_C060,b385b04067eeb7883c3178e37c2b4d0c2f03e24216ad425bc239b139efd75eab,43.653455111528807,28.117244932526521,13.907646086445499,59.994514346786083,56.416873192161546,20.520846832432891,0.035698952418514,0.92873611980616755,0.3751116974278958,0.43996897675127772,0.92873611980616755,0.3751116974278958,0.43996897675127772,60865,237,237,24583,96,96,28833,112,112,False,,1,,1,,1,EXPERIMENTAL_SHADOW,False,651,60290d7b2ade90e1ae5e55cb6c3f49693e3e6bd6f3aa0af69d752a8a8c46b1b1
8283ab91b10f89ac758d09ecf5fb4d6343536600a06dd468b1cc1ecf4ec747c4,583,H020_L060_C065,H020_L060_C065,b385b04067eeb7883c3178e37c2b4d0c2f03e24216ad425bc239b139efd75eab,45.274930922652601,28.115669542031959,13.273195392783933,59.993095012947109,61.119524703450445,22.224977156924751,0.040618460994978102,0.95442373965803284,0.34915452980089062,0.4299967105890084,0.95442373965803284,0.34915452980089062,0.4299967105890084,62548,243,243,22882,89,89,28180,110,110,False,,1,,1,,1,EXPERIMENTAL_SHADOW,False,652,991323292b814d733d40b27b6fb1ce3cf33e989b9788d0ac87ebc45a70be784c
8283ab91b10f89ac758d09ecf5fb4d6343536600a06dd468b1cc1ecf4ec747c4,584,H020_L060_C070,H020_L060_C070,b385b04067eeb7883c3178e37c2b4d0c2f03e24216ad425bc239b139efd75eab,46.937123748133729,28.116551815837667,12.655065408255121,59.993889896096334,65.815575965060773,23.942158863927681,0.037583725591836398,0.97974976407887882,0.31997776050674409,0.42006907431917462,0.97974976407887882,0.31997776050674409,0.42006907431917462,64208,250,250,20970,82,81,27529,107,107,False,,1,,1,,1,EXPERIMENTAL_SHADOW,False,653,19b461e9b33ae9f5555482cedd78ef40bb13f1f4ed34a2ea363bc932fce15e81
8283ab91b10f89ac758d09ecf5fb4d6343536600a06dd468b1cc1ecf4ec747c4,558,H020_L065_C005,H020_L065_C005,b385b04067eeb7883c3178e37c2b4d0c2f03e24216ad425bc239b139efd75eab,34.16307646022711,34.048026252685354,27.054161979261288,65.000674681019305,4.7104225947900416,1.7114776553059927,0.0120208733105163,0.65585531479789716,0.60715790563519334,0.60727974223066605,0.65585531479789716,0.60715790563519334,0.60727974223066605,42981,167,168,39790,155,154,39798,155,154,False,,1,,1,,1,EXPERIMENTAL_SHADOW,False,654,27886818020756c2b9c4e70a7739e17d67a1ce9411d63ae994debab41dba07e5
8283ab91b10f89ac758d09ecf5fb4d6343536600a06dd468b1cc1ecf4ec747c4,559,H020_L065_C010,H020_L065_C010,b385b04067eeb7883c3178e37c2b4d0c2f03e24216ad425bc239b139efd75eab,35.541330858143034,34.046852314943855,26.05931984122109,64.999743732861234,9.410360560076656,3.421879195231603,0.0135673153958161,0.69135297267484386,0.59532998703522055,0.59618523202910967,0.69135297267484386,0.59532998703522055,0.59618523202910967,45308,176,175,39015,152,152,39071,152,153,False,,1,,1,,1,EXPERIMENTAL_SHADOW,False,655,3d30522df8a708e72bcedfb5dd3cbba4c97817446cfb325b301ec05e43b53bd2
8283ab91b10f89ac758d09ecf5fb4d6343536600a06dd468b1cc1ecf4ec747c4,560,H020_L065_C015,H020_L065_C015,b385b04067eeb7883c3178e37c2b4d0c2f03e24216ad425bc239b139efd75eab,36.957077029952899,34.046520840512862,25.090384057624821,64.999480865378402,14.110408623849436,5.1312628278194605,0.015048432742951199,0.72532547051188934,0.58288890531069193,0.58516420867660257,0.72532547051188934,0.58288890531069193,0.58516420867660257,47534,185,185,38200,149,149,38349,149,150,False,,1,,1,,1,EXPERIMENTAL_SHADOW,False,656,070b4106b03b17ee30c11b31c167222239b003e40b5151378770d86b87b11dd5
8283ab91b10f89ac758d09ecf5fb4d6343536600a06dd468b1cc1ecf4ec747c4,561,H020_L065_C020,H020_L065_C020,b385b04067eeb7883c3178e37c2b4d0c2f03e24216ad425bc239b139efd75eab,38.409333695534954,34.045881705021237,24.144744472149977,64.998974010192256,18.809607364156712,6.842104095642676,0.0158328104200267,0.75799960789780152,0.56977330255217007,0.5741924741684683,0.75799960789780152,0.56977330255217007,0.5741924741684683,49676,193,194,37340,145,146,37630,146,147,False,,1,,1,,1,EXPERIMENTAL_SHADOW,False,657,55fcea11a5bc4b2b2cfe85c34aff0f5e2220c527a7cd7e383856b41210e34d6f
8283ab91b10f89ac758d09ecf5fb4d6343536600a06dd468b1cc1ecf4ec747c4,562,H020_L065_C025,H020_L065_C025,b385b04067eeb7883c3178e37c2b4d0c2f03e24216ad425bc239b139efd75eab,39.900929525835998,34.046798284586785,23.22413833559127,64.999700885558227,23.509041948764853,8.553248158299521,0.016968638482019401,0.78958306337360851,0.55593301141269058,0.5632962668068634,0.78958306337360851,0.55593301141269058,0.5632962668068634,51745,201,201,36433,142,143,36916,144,143,False,,1,,1,,1,EXPERIMENTAL_SHADOW,False,658,a505059fbe4d442c02053887bb1a5c5dae578ce4f710a4334c483d836e22de48
8283ab91b10f89ac758d09ecf5fb4d6343536600a06dd468b1cc1ecf4ec747c4,563,H020_L065_C030,H020_L065_C030,b385b04067eeb7883c3178e37c2b4d0c2f03e24216ad425bc239b139efd75eab,41.428611381586997,34.044835630443345,22.327754054795225,64.998144425417067,28.212127482729557,10.259454158328584,0.021438694683869702,0.82019871239202136,0.54124831434522302,0.55247984367531144,0.82019871239202136,0.54124831434522302,0.55247984367531144,53752,209,209,35471,138,139,36207,141,142,False,,1,,1,,1,EXPERIMENTAL_SHADOW,False,659,3a71d325acc4a3aaa81971dcd7ce7813d805d4515444eb629adf83e630b7d91c
8283ab91b10f89ac758d09ecf5fb4d6343536600a06dd468b1cc1ecf4ec747c4,564,H020_L065_C035,H020_L065_C035,b385b04067eeb7883c3178e37c2b4d0c2f03e24216ad425bc239b139efd75eab,42.995123053245578,34.042875985556513,21.453995911902663,64.996590292049362,32.916167706527169,11.967134203731767,0.027415291475207201,0.84998675859242201,0.52566151837755237,0.5417248788751553,0.84998675859242201,0.52566151837755237,0.5417248788751553,55704,217,217,34449,134,134,35502,138,138,False,,1,,1,,1,EXPERIMENTAL_SHADOW,False,660,f1d3b31d9c90a9bbf5387e818c03685d87906a830e60cec7ccd0f75df561c0d1
8283ab91b10f89ac758d09ecf5fb4d6343536600a06dd468b1cc1ecf4ec747c4,565,H020_L065_C040,H020_L065_C040,b385b04067eeb7883c3178e37c2b4d0c2f03e24216ad425bc239b139efd75eab,44.600258045946731,34.041994088780839,20.602125128666199,64.995890867705057,37.615436712017058,13.678755221317871,0.028113898370619301,0.87902790921265173,0.50909630832668973,0.5310251408947575,0.87902790921265173,0.50909630832668973,0.5310251408947575,57607,224,225,33364,130,130,34801,135,136,False,,1,,1,,1,EXPERIMENTAL_SHADOW,False,661,5209105ff654b0edafbaa620262604fe841acfd00479a84317d56dca8d178c99
8283ab91b10f89ac758d09ecf5fb4d6343536600a06dd468b1cc1ecf4ec747c4,566,H020_L065_C045,H020_L065_C045,b385b04067eeb7883c3178e37c2b4d0c2f03e24216ad425bc239b139efd75eab,46.245135046016742,34.04083305938304,19.775770667723787,64.994970047386673,42.316454058761607,15.384417809730566,0.031346886376994398,0.90741946042426502,0.49139468754740517,0.52044347224533594,0.90741946042426502,0.49139468754740517,0.52044347224533594,59468,231,231,32204,125,126,34107,133,133,False,,1,,1,,1,EXPERIMENTAL_SHADOW,False,662,66ebed9238b94cd15d4c210343336ea1ad83e3e02c5e66016e67711c719f37c4
8283ab91b10f89ac758d09ecf5fb4d6343536600a06dd468b1cc1ecf4ec747c4,567,H020_L065_C050,H020_L065_C050,b385b04067eeb7883c3178e37c2b4d0c2f03e24216ad425bc239b139efd75eab,47.931410933528937,34.041164748854165,18.96861101387984,64.995233114700326,47.016350758399163,17.099018509915688,0.032167688094366799,0.93525095377613443,0.4724221896931361,0.50989458794449305,0.93525095377613443,0.4724221896931361,0.50989458794449305,61292,238,239,30960,120,121,33416,130,131,False,,1,,1,,1,EXPERIMENTAL_SHADOW,False,663,a28db18cd9f25f352ee16a39e62591d3e2aa8484aa6976bf140d7f55b2ae2f5a
8283ab91b10f89ac758d09ecf5fb4d6343536600a06dd468b1cc1ecf4ec747c4,568,H020_L065_C055,H020_L065_C055,b385b04067eeb7883c3178e37c2b4d0c2f03e24216ad425bc239b139efd75eab,49.656070364138927,34.039163890111446,18.185667404436209,64.99364618118652,51.718522172840231,18.806113520843315,0.036331340693918301,0.96254719987230197,0.45193735981221173,0.49946678336450412,0.96254719987230197,0.45193735981221173,0.49946678336450412,63081,245,246,29618,115,115,32733,127,127,False,,1,,1,,1,EXPERIMENTAL_SHADOW,False,664,76b7a3fdff489f13121797a8c8304af0cb1d8fedf634f817da4d9e4dafcd1353
8283ab91b10f89ac758d09ecf5fb4d6343536600a06dd468b1cc1ecf4ec747c4,569,H020_L065_C060,H020_L065_C060,b385b04067eeb7883c3178e37c2b4d0c2f03e24216ad425bc239b139efd75eab,51.423175869662359,34.040314296221453,17.425043675705147,64.994558606024441,56.414030654463211,20.516438661573133,0.033226893639410199,0.98937673466652798,0.42976913035206687,0.48913169894748437,0.98937673466652798,0.42976913035206687,0.48913169894748437,64839,252,252,28165,110,111,32055,125,124,False,,1,,1,,1,EXPERIMENTAL_SHADOW,False,665,536dd646aed65c3b88896de2d902578c1e2228f3251f143601d6910d68aa82b2
8283ab91b10f89ac758d09ecf5fb4d6343536600a06dd468b1cc1ecf4ec747c4,570,H020_L065_C065,H020_L065_C065,b385b04067eeb7883c3178e37c2b4d0c2f03e24216ad425bc239b139efd75eab,53.233082875326566,34.040661447870953,16.684419029417938,64.994833939352191,61.11579732213135,22.229210243269669,0.036228490688746,1.0158154920908653,0.40548275856395238,0.47887248176453212,1,0.40548275856395238,0.47887248176453212,65535,255,255,26573,103,104,31383,122,123,True,,1,,1,,1,EXPERIMENTAL_SHADOW,False,666,c93254edc887f7bf763b552c7152af8cdf31b4fa244d4ff4c6eac7bab1bf13fe
8283ab91b10f89ac758d09ecf5fb4d6343536600a06dd468b1cc1ecf4ec747c4,547,H020_L070_C005,H020_L070_C005,b385b04067eeb7883c3178e37c2b4d0c2f03e24216ad425bc239b139efd75eab,40.793662404744161,40.751322252329459,32.449682936724834,70.001341198829266,4.7089333870493633,1.7129377783528854,0.0108952909828764,0.70883462759795268,0.65937123602337766,0.65946275630248785,0.70883462759795268,0.65937123602337766,0.65946275630248785,46453,181,182,43212,168,168,43218,168,168,False,,1,,1,,1,EXPERIMENTAL_SHADOW,False,667,8c44f72b99e299763536a77450485e0d40ab64ab791fb7ea3f9df629b6c0a4f4
8283ab91b10f89ac758d09ecf5fb4d6343536600a06dd468b1cc1ecf4ec747c4,548,H020_L070_C010,H020_L070_C010,b385b04067eeb7883c3178e37c2b4d0c2f03e24216ad425bc239b139efd75eab,42.344643413584421,40.750168601960233,31.325797939708035,70.000529638943547,9.4110212397419684,3.4235391743790755,0.0145203310841912,0.74503224037206472,0.64741360731329145,0.64819591575091995,0.74503224037206472,0.64741360731329145,0.64819591575091995,48826,190,190,42428,165,166,42480,165,167,False,,1,,1,,1,EXPERIMENTAL_SHADOW,False,668,0db915eb89f92cd0a4439a9a9b9a5cd2853f77d16d3b3bb23d3282544a71952e
8283ab91b10f89ac758d09ecf5fb4d6343536600a06dd468b1cc1ecf4ec747c4,549,H020_L070_C015,H020_L070_C015,b385b04067eeb7883c3178e37c2b4d0c2f03e24216ad425bc239b139efd75eab,43.933637996835216,40.747900495517761,30.231880908479077,69.998934046573083,14.114127177031476,5.1269276017698928,0.019058239323166401,0.77971943877976624,0.63485864653786162,0.63702871103452463,0.77971943877976624,0.63485864653786162,0.63702871103452463,51099,199,199,41605,162,163,41748,162,163,False,,1,,1,,1,EXPERIMENTAL_SHADOW,False,669,65a20fad41e3ccb8eba532677178b0dc10355bac12b4d3bb6c0cb6806a88e835
8283ab91b10f89ac758d09ecf5fb4d6343536600a06dd468b1cc1ecf4ec747c4,550,H020_L070_C020,H020_L070_C020,b385b04067eeb7883c3178e37c2b4d0c2f03e24216ad425bc239b139efd75eab,45.562611052001287,40.748319630288691,29.159658615493509,69.99922890855369,18.811124652723109,6.8401606682028548,0.0172435646882938,0.81313494141638931,0.62170327553553972,0.62586939058154367,0.81313494141638931,0.62170327553553972,0.62586939058154367,53289,207,208,40743,159,159,41016,160,160,False,,1,,1,,1,EXPERIMENTAL_SHADOW,False,670,c8848e7d609b50f342cd79d3d187d55fee22881afdabfdf5674c428e229a0fab
8283ab91b10f89ac758d09ecf5fb4d6343536600a06dd468b1cc1ecf4ec747c4,551,H020_L070_C025,H020_L070_C025,b385b04067eeb7883c3178e37c2b4d0c2f03e24216ad425bc239b139efd75eab,47.230502142314016,40.746564946253557,28.113338132354297,69.997994472046571,23.512325730701388,8.5503507613840171,0.020126457826974701,0.8454593926610946,0.60783117162653055,0.61477797277408897,0.8454593926610946,0.60783117162653055,0.61477797277408897,55407,216,215,39834,155,156,40289,157,156,False,,1,,1,,1,EXPERIMENTAL_SHADOW,False,671,0f0ad57e3d8af470a72cda7547f594840ebeaba42c54d276dc86ed7dd78c6e7c
8283ab91b10f89ac758d09ecf5fb4d6343536600a06dd468b1cc1ecf4ec747c4,552,H020_L070_C030,H020_L070_C030,b385b04067eeb7883c3178e37c2b4d0c2f03e24216ad425bc239b139efd75eab,48.938312004832447,40.745075709662736,27.092788022355929,69.996946752477328,28.211916857131762,10.260121721030036,0.0213418070071612,0.87682205700954263,0.59321264147358344,0.60375533449515684,0.87682205700954263,0.59321264147358344,0.60375533449515684,57463,224,224,38876,151,152,39567,154,155,False,,1,,1,,1,EXPERIMENTAL_SHADOW,False,672,260d8fd9471236c1bd75f272a45a2f3b33b8792a1e57b82bc8634c15bcf0e4fc
8283ab91b10f89ac758d09ecf5fb4d6343536600a06dd468b1cc1ecf4ec747c4,553,H020_L070_C035,H020_L070_C035,b385b04067eeb7883c3178e37c2b4d0c2f03e24216ad425bc239b139efd75eab,50.68799841501567,40.744087114516994,26.097748040990041,69.996251234060139,32.913165224534524,11.969615239289055,0.024280896582743499,0.90736218493311882,0.57776527912554976,0.59280577354421204,0.90736218493311882,0.57776527912554976,0.59280577354421204,59464,231,232,37864,147,148,38850,151,152,False,,1,,1,,1,EXPERIMENTAL_SHADOW,False,673,638ff4fb5d0eb008a7f7edf507274e019d5ab6935446ae7a1e737c17dc167311
8283ab91b10f89ac758d09ecf5fb4d6343536600a06dd468b1cc1ecf4ec747c4,554,H020_L070_C040,H020_L070_C040,b385b04067eeb7883c3178e37c2b4d0c2f03e24216ad425bc239b139efd75eab,52.480363963603295,40.744491319384174,25.129021429907024,69.996535610606728,37.613986909661058,13.677857975921317,0.026676939837179801,0.93717072259584677,0.56141471036877455,0.58194516432105736,0.93717072259584677,0.56141471036877455,0.58194516432105736,61417,239,240,36792,143,143,38138,148,148,False,,1,,1,,1,EXPERIMENTAL_SHADOW,False,674,485b89235949e332528808f1cfeb18cc1d4539e481c965ad03f31e86a3eaaa50
8283ab91b10f89ac758d09ecf5fb4d6343536600a06dd468b1cc1ecf4ec747c4,555,H020_L070_C045,H020_L070_C045,b385b04067eeb7883c3178e37c2b4d0c2f03e24216ad425bc239b139efd75eab,54.314120455258497,40.744871670845455,24.182837339248689,69.996803203477526,42.313938988129962,15.389242760471356,0.027971725247748502,0.96632163524719916,0.54404702472651223,0.57113557435208795,0.96632163524719916,0.54404702472651223,0.57113557435208795,63328,246,247,35654,139,140,37429,146,147,False,,1,,1,,1,EXPERIMENTAL_SHADOW,False,675,bb95242d48b208adcc3a61caafb4ed79b30bbd19d930065f5486359b7aab3783
8283ab91b10f89ac758d09ecf5fb4d6343536600a06dd468b1cc1ecf4ec747c4,556,H020_L070_C050,H020_L070_C050,b385b04067eeb7883c3178e37c2b4d0c2f03e24216ad425bc239b139efd75eab,56.18845557983267,40.743041220459951,23.260293848399289,69.995515391192441,47.016512146996646,17.098723499430825,0.032306025706264598,0.99487940697092081,0.52550653743377262,0.56040122170568341,0.99487940697092081,0.52550653743377262,0.56040122170568341,65199,254,254,34439,134,134,36726,143,143,False,,1,,1,,1,EXPERIMENTAL_SHADOW,False,676,8fff3d3be2e0d971afecde209ea083e12c275ee244602bc9a31638f3dbdbd61a
8283ab91b10f89ac758d09ecf5fb4d6343536600a06dd468b1cc1ecf4ec747c4,557,H020_L070_C055,H020_L070_C055,b385b04067eeb7883c3178e37c2b4d0c2f03e24216ad425bc239b139efd75eab,58.105051962586366,40.741924834083605,22.362108420158705,69.994729939282081,51.716020120036063,18.80792795996684,0.033489844447699701,1.0228983108135394,0.50568054133649043,0.54975404842435793,1,0.50568054133649043,0.54975404842435793,65535,255,255,33140,129,129,36028,140,140,True,,1,,1,,1,EXPERIMENTAL_SHADOW,False,677,ce971f28362fa521ec04d3cb9d95ef689378197539c39f07058df7f65dbf9490
8283ab91b10f89ac758d09ecf5fb4d6343536600a06dd468b1cc1ecf4ec747c4,538,H020_L075_C005,H020_L075_C005,b385b04067eeb7883c3178e37c2b4d0c2f03e24216ad425bc239b139efd75eab,48.230237458387087,48.279586287737033,38.518034376118855,75.00093108502054,4.7098641833750445,1.7134717011140219,0.0118903301678066,0.76255586449520196,0.71234036401610268,0.71241552809002195,0.76255586449520196,0.71234036401610268,0.71241552809002195,49974,194,195,46683,182,181,46688,182,181,False,DERIVED-RGB8-0235,2,,1,,1,EXPERIMENTAL_SHADOW,False,678,a63ef26d3006e6f56625358d75f280ad733694962123ca6dcae245feb2eb0039
8283ab91b10f89ac758d09ecf5fb4d6343536600a06dd468b1cc1ecf4ec747c4,539,H020_L075_C010,H020_L075_C010,b385b04067eeb7883c3178e37c2b4d0c2f03e24216ad425bc239b139efd75eab,49.962534743823362,48.27819860942251,37.258044354655375,75.000059210464698,9.4103452320769563,3.4228797487031226,0.0137098076060249,0.79938948858110492,0.70026356425090575,0.7009913861053404,0.79938948858110492,0.70026356425090575,0.7009913861053404,52388,204,203,45892,179,178,45939,179,179,False,,1,,1,,1,EXPERIMENTAL_SHADOW,False,679,ae36be4f0d0c7f4f119cc99f87c6a5eb31ebee1de27f94c401011bf48e2ed3fe
8283ab91b10f89ac758d09ecf5fb4d6343536600a06dd468b1cc1ecf4ec747c4,540,H020_L075_C015,H020_L075_C015,b385b04067eeb7883c3178e37c2b4d0c2f03e24216ad425bc239b139efd75eab,51.736926487983645,48.277274201180447,36.0260344319125,74.999478397978621,14.112461323565364,5.1325109567877059,0.0172118900876056,0.8347798284094794,0.68762731194743032,0.68962305564943771,0.8347798284094794,0.68762731194743032,0.68962305564943771,54707,213,212,45064,175,175,45194,176,176,False,,1,,1,,1,EXPERIMENTAL_SHADOW,False,680,7f86ae3edffdbff561f023bbae805785fcb1385d97c808d5b43aaabfc3f59f5e
8283ab91b10f89ac758d09ecf5fb4d6343536600a06dd468b1cc1ecf4ec747c4,541,H020_L075_C020,H020_L075_C020,b385b04067eeb7883c3178e37c2b4d0c2f03e24216ad425bc239b139efd75eab,53.551354560527358,48.275925846196046,34.822611597581229,74.998631203346974,18.811925946394688,6.8400683202060044,0.018080883805481601,0.86889545704486981,0.6743950331307027,0.67832236071270757,0.86889545704486981,0.6743950331307027,0.67832236071270757,56943,222,222,44196,172,172,44454,173,173,False,,1,,1,,1,EXPERIMENTAL_SHADOW,False,681,8d3314c0779f0edb9e33714498771ee9abad9214547ea84002360115c2204420
8283ab91b10f89ac758d09ecf5fb4d6343536600a06dd468b1cc1ecf4ec747c4,542,H020_L075_C025,H020_L075_C025,b385b04067eeb7883c3178e37c2b4d0c2f03e24216ad425bc239b139efd75eab,55.408465071887406,48.274789052025113,33.645639683647026,74.99791692375733,23.512691231862281,8.5488125104003831,0.020566700382970302,0.901939948341275,0.66051148300392692,0.66707319611974181,0.901939948341275,0.66051148300392692,0.66707319611974181,59109,230,229,43287,168,168,43717,170,169,False,,1,,1,,1,EXPERIMENTAL_SHADOW,False,682,964a67213e232bec66650b5a761851b98ab22e8b059988992a571f80a6770c0a
8283ab91b10f89ac758d09ecf5fb4d6343536600a06dd468b1cc1ecf4ec747c4,543,H020_L075_C030,H020_L075_C030,b385b04067eeb7883c3178e37c2b4d0c2f03e24216ad425bc239b139efd75eab,57.310093153926807,48.275842882557683,32.495463866764446,74.998579075350662,28.212588567723522,10.259971414146364,0.0218438968702219,0.9340507456137872,0.64594046935890115,0.65588182928813221,0.9340507456137872,0.64594046935890115,0.65588182928813221,61213,238,237,42332,165,164,42983,167,167,False,,1,,1,,1,EXPERIMENTAL_SHADOW,False,683,4aa6e1ce19d961e96b3f0271606c153587cd2f44b0fc6458d248098a1736ceb9
8283ab91b10f89ac758d09ecf5fb4d6343536600a06dd468b1cc1ecf4ec747c4,544,H020_L075_C035,H020_L075_C035,b385b04067eeb7883c3178e37c2b4d0c2f03e24216ad425bc239b139efd75eab,59.252096289838455,48.273517745934384,31.37084373515448,74.997118113282013,32.915313318669483,11.968948240235978,0.0263301983520823,0.96531504697634762,0.63056995814829786,0.64474776899391795,0.96531504697634762,0.63056995814829786,0.64474776899391795,63262,246,245,41324,161,160,42254,164,164,False,,1,,1,,1,EXPERIMENTAL_SHADOW,False,684,1994616c2ad1107936b1e0890c4371ad40733ec0c405e3b8532019a326cd065f
8283ab91b10f89ac758d09ecf5fb4d6343536600a06dd468b1cc1ecf4ec747c4,545,H020_L075_C040,H020_L075_C040,b385b04067eeb7883c3178e37c2b4d0c2f03e24216ad425bc239b139efd75eab,61.237698729705379,48.272924863057931,30.272928627381319,74.996745577389802,37.613853147295323,13.679086739712451,0.026410483539480199,0.99582646374767958,0.61438169360076844,0.63368196438730928,0.99582646374767958,0.61438169360076844,0.63368196438730928,65261,254,254,40264,157,156,41528,162,160,False,,1,,1,,1,EXPERIMENTAL_SHADOW,False,685,de163d04e11a51e8ad5223c7921c8cfa74c7656777fbc6d72149bef7c055e0fc
8283ab91b10f89ac758d09ecf5fb4d6343536600a06dd468b1cc1ecf4ec747c4,546,H020_L075_C045,H020_L075_C045,b385b04067eeb7883c3178e37c2b4d0c2f03e24216ad425bc239b139efd75eab,63.267689314088855,48.272164466890715,29.197587181330142,74.996267780639499,42.314029398968721,15.394449303077874,0.0283019868675961,1.0256909503009879,0.59725542381910102,0.62264732167638615,1,0.59725542381910102,0.62264732167638615,65535,255,255,39141,152,152,40805,159,159,True,,1,,1,,1,EXPERIMENTAL_SHADOW,False,686,48fb5f7e4969f7730e7bc4b594644cf8b7b6aad8a572df09ab2cbccb3c1d0484
8283ab91b10f89ac758d09ecf5fb4d6343536600a06dd468b1cc1ecf4ec747c4,531,H020_L080_C005,H020_L080_C005,b385b04067eeb7883c3178e37c2b4d0c2f03e24216ad425bc239b139efd75eab,56.519714472408729,56.6827576975844,45.300733034039006,80.000828175410675,4.709380031076682,1.7128858913571854,0.0112615337052486,0.81697702161803665,0.76605676921759447,0.76612100160682872,0.81697702161803665,0.76605676921759447,0.76612100160682872,53541,208,209,50204,195,195,50208,195,195,False,DERIVED-RGB8-0247,2,,1,,1,EXPERIMENTAL_SHADOW,False,687,b55c760313c437ce2ba81a5125d90a689f52a5171c7db034a841758ebc7efb6b
8283ab91b10f89ac758d09ecf5fb4d6343536600a06dd468b1cc1ecf4ec747c4,532,H020_L080_C010,H020_L080_C010,b385b04067eeb7883c3178e37c2b4d0c2f03e24216ad425bc239b139efd75eab,58.445282991979568,56.681553476571203,43.896189105455719,80.000148327087842,9.4120264575643926,3.4224441988942806,0.015292748217682501,0.85444924030707037,0.75385664085715043,0.75454025046001416,0.85444924030707037,0.75385664085715043,0.75454025046001416,55996,218,217,49404,192,192,49449,192,193,False,,1,,1,,1,EXPERIMENTAL_SHADOW,False,688,d49f733569a4230938ef13ca750be055d93d363ed897524db5984afe9dc3df37
8283ab91b10f89ac758d09ecf5fb4d6343536600a06dd468b1cc1ecf4ec747c4,533,H020_L080_C015,H020_L080_C015,b385b04067eeb7883c3178e37c2b4d0c2f03e24216ad425bc239b139efd75eab,60.412805464498462,56.679723642944843,42.520467203025419,79.999115267952433,14.113146064051008,5.1320398121258659,0.017853080583804901,0.89048249045604777,0.74112415519686581,0.74300682815759123,0.89048249045604777,0.74112415519686581,0.74300682815759123,58358,227,227,48570,189,189,48693,189,190,False,,1,,1,,1,EXPERIMENTAL_SHADOW,False,689,9e69e357b0e9ff51cf8decdabce664c0baa91f3286871006cedbd632278bb24d
8283ab91b10f89ac758d09ecf5fb4d6343536600a06dd468b1cc1ecf4ec747c4,534,H020_L080_C020,H020_L080_C020,b385b04067eeb7883c3178e37c2b4d0c2f03e24216ad425bc239b139efd75eab,62.424659090267937,56.679194610188993,41.174491187261722,79.998816590687412,18.812630503235841,6.8420054603761438,0.018836393287680501,0.92528472135777595,0.72783375945558382,0.73153187092637362,0.92528472135777595,0.72783375945558382,0.73153187092637362,60639,236,236,47699,186,185,47941,187,186,False,,1,,1,,1,EXPERIMENTAL_SHADOW,False,690,f1bd27d8c5a9dc82f9029084ba1f86fa594c3cce72d12462bf3cf447e200613d
8283ab91b10f89ac758d09ecf5fb4d6343536600a06dd468b1cc1ecf4ec747c4,535,H020_L080_C025,H020_L080_C025,b385b04067eeb7883c3178e37c2b4d0c2f03e24216ad425bc239b139efd75eab,64.481547436778754,56.678975723672167,39.858038681490221,79.99869301286914,23.513299321511472,8.5512029818755266,0.0210516959606512,0.95902420848969205,0.71392896867521805,0.72012019748894185,0.95902420848969205,0.71392896867521805,0.72012019748894185,62850,245,244,46787,182,182,47193,184,183,False,,1,,1,,1,EXPERIMENTAL_SHADOW,False,691,e86668f93fbb867b60c82f664645b7497a1f2c42877628c270fddc984b42ddc6
8283ab91b10f89ac758d09ecf5fb4d6343536600a06dd468b1cc1ecf4ec747c4,536,H020_L080_C030,H020_L080_C030,b385b04067eeb7883c3178e37c2b4d0c2f03e24216ad425bc239b139efd75eab,66.581784676082307,56.677017742456592,38.566810917470974,79.997587571802811,28.21522435081858,10.262919303179777,0.024652543275601901,0.99182240995351578,0.69934728211238995,0.70873785065996808,0.99182240995351578,0.69934728211238995,0.70873785065996808,64999,253,252,45832,178,178,46447,181,181,False,,1,,1,,1,EXPERIMENTAL_SHADOW,False,692,1e8d542422688464261e1f1b63711c75062ee5c8ed3c0128c36d027898b3985f
8283ab91b10f89ac758d09ecf5fb4d6343536600a06dd468b1cc1ecf4ec747c4,537,H020_L080_C035,H020_L080_C035,b385b04067eeb7883c3178e37c2b4d0c2f03e24216ad425bc239b139efd75eab,68.727871836157647,56.676759197045499,37.307970579584001,79.997441599799373,32.914602348771638,11.970534648758392,0.025531393924644898,1.0237746008847195,0.68406674516007837,0.69745494408928976,1,0.68406674516007837,0.69745494408928976,65535,255,255,44830,174,174,45708,178,178óÞ»ÛÝ›Ê×¬¢h­µçMKŒÎXŒÙYXÎØÌÌMÎLÍØÌ˜Ì™ŒÙLŒM˜YX˜ÌŒÎXŒLÎYY™ÍYXX‹KŽMLÌÎMŒMŒKŒLŒÍŽLLMÌLÌŒËKŒÎLLÌÎMÌÌŽLŒŽÌÍŽMŒKŒMŒNMLLÌLLÌKM‹MLŒŒM‹ŒMMLÍÌÎŒŒLŒÌÌÎŒÌLÌKŒÎÌLÌŽMLMÍLËŒMMMÌLLŒŽNLNKŒŒLŒÌÌÎŒÌLÌKŒÎÌLÌŽMLMÍLËŒMMMÌLLŒŽNLNKLÍÌMLËMLL‹LLMÍÍËÍË˜[ÙKKKKVT’SQS•SÔÒQÕË˜[ÙKLNMK˜ÌMNMÎNŒŒLÎYÙŒÌØXŒÎY™ÍÍ™LÍYYXÍLÎLX™LNŒMÍŽŽØXŽLXŒLŽXXÍÍNYXÙY˜ŒÍÍLÍŒL™ŽŒXØÌYXÙXÍÍØÍLÍMKÍWÓMWÐÌKÍWÓMWÐÌKŒÎXŒÙYXÎØÌÌMÎLÍØÌ˜Ì™ŒÙLŒM˜YX˜ÌŒÎXŒLÎYY™ÍYXX‹‹ŒÍŽMÍMMLMNKKŽLLNNÌŒÌMMÍ‹KŽLÎŒNMÎŒËMKŒÌÌÌMMÎLÍŒLËŽÎNMMLMMÌÌKLKŒÌÌLŽMÍLÎLKŒŒÍLLÍMÌŒŽMŒLKŒMÌNLŽNÌÌMNKŒLÎLŽNMLŒÎMŒMMLÍÌÌÌÍLNMËŒMÌNLŽNÌÌMNKŒLÎLŽNMLŒÎMŒMMLÍÌÌÌÍLNMËLLËËLËÍKÍKLN‹ÎK˜[ÙKKKKVT’SQS•SÔÒQÕË˜[ÙKLNM‹YÌÌMÍØÍÌÌ™MÍ˜XMÎMLMNL™XÌŒLLÙŒŽNŽX˜XÙY˜YNMÙL™YX‚ŽŽØXŽLXŒLŽXXÍÍNYXÙY˜ŒÍÍLÍŒL™ŽŒXØÌYXÙXÍÍØÍLÍM‹ÍWÓMWÐÌLÍWÓMWÐÌLŒÎXŒÙYXÎØÌÌMÎLÍØÌ˜Ì™ŒÙLŒM˜YX˜ÌŒÎXŒLÎYY™ÍYXX‹‹ŒŽMLÍÍNÍÎKŽLLÍÎLŽLMÌLLMÍ‹KŽMLMLMÎNÎNÎMKŒÌLMÌLŽËKMŽNÍMMŒLŒËL‹NMÌŒÎMLŒLÍMŽKŒLŽÌŽLŽÍNMNNKŒNMLÌLLL‹ŒLŽNLŽLLÍŒŽMLKŒMŒÌNÍLNÌÍNNKŒNMLÌLLL‹ŒLŽNLŽLLÍŒŽMLKŒMŒÌNÍLNÌÍNNKLÌÌLLKÌËÌ‹LŽNK‹‹˜[ÙKKKKVT’SQS•SÔÒQÕË˜[ÙKLNMËÎXYŒXŽYLÍÍNYMMXŒXŽNNYMXŽXLØÎNÌ˜ÍØ˜ÍXŒŒ™MY™LÍÙŽŽØXŽLXŒLŽXXÍÍNYXÙY˜ŒÍÍLÍŒL™ŽŒXØÌYXÙXÍÍØÍLÍMËÍWÓMWÐÌMKÍWÓMWÐÌMKŒÎXŒÙYXÎØÌÌMÎLÍØÌ˜Ì™ŒÙLŒM˜YX˜ÌŒÎXŒLÎYY™ÍYXX‹‹LÍLŒMÎNL‹KŽLMÍŒÌÍNNÎMÌ‹KŽMŽMMÍLÌNÌËMKŒŒÎÌMMKMLMÍNLÍŒŒ‹LËŽÎNLŒÍŒKŒÎMMÍÍÌŽÍŒMNMÎNLËŒŒMMMÌLÎNÍÌNŽKŒLMŒLMÎÍŒLKŒMÌLMÌŽMML‹ŒŒMMMÌLÎNÍÌNŽKŒLMŒLMÎÍŒLKŒMÌLMÌŽMML‹MLËMKMÍŒÌŽKLLŒKË˜[ÙKKKKVT’SQS•SÔÒQÕË˜[ÙKLNNŒŒØÙYY™ŽXÍY™MMNMMÍÙŒLMYLNXŒØXLÍMLŒŒXÙŽ˜ÙŒÌŽLL‚ŽŽØXŽLXŒLŽXXÍÍNYXÙY˜ŒÍÍLÍŒL™ŽŒXØÌYXÙXÍÍØÍLÍNÍWÓMWÐÌŒÍWÓMWÐÌŒŒÎXŒÙYXÎØÌÌMÎLÍØÌ˜Ì™ŒÙLŒM˜YX˜ÌŒÎXŒLÎYY™ÍYXX‹‹ÍNNLÍLÌŽMLKKŽLLNMÍMNÍË‹ŒÎÌMLMMMKŒŒÍŒMLLMLÍNKŒÌÍNLÌÍKMKŒNÌMMŒMÎÌL‹ŒŒLÍMÎLŒÌMKŒŒÍNNMÌŒÎËŒLMNMŽLÌMMMÍŽKŒMÎÌÍLMÌLŒŒÍNNMÌŒÎËŒLMNMŽLÌMMMÍŽKŒMÎÌÍLMÌLMMKŒNKL‹‹‹LMÌK‹K˜[ÙKKKKVT’SQS•SÔÒQÕË˜[ÙKLNNKÙŽMŽÙLŽXÌ˜ŒLÙXÍMNL™L˜ÍNLLXŒŒY™M™™ŽMNMLŒ™MLMŒBŽŽØXŽLXŒLŽXXÍÍNYXÙY˜ŒÍÍLÍŒL™ŽŒXØÌYXÙXÍÍØÍLÍNKÍWÓMWÐÌKÍWÓMWÐÌKŒÎXŒÙYXÎØÌÌMÎLÍØÌ˜Ì™ŒÙLŒM˜YX˜ÌŒÎXŒLÎYY™ÍYXX‹ËŒÎMLÌÍÍLÌKKŽLÌÌŽNMŒÍÌK‹ŒŒMÎMLLÌÎŒMËMŽNLÌŒÍNNLÎŒMÍŒÌMÌÌLŽLÍÎM‹LMÍÍÌNÎLÌNKŒÍÎMÌŒÍŒMMÌMŒLÍŒŒKŒÍNMMLLLLL‹ŒNŒÌÌÎMMLÌKŒMMÌMŒLÍŒŒKŒÍNMMLLLLL‹ŒNŒÌÌÎMMLÌKMÍNKKMÌKŒKŒKLŒŒLKË˜[ÙKKKKVT’SQS•SÔÒQÕË˜[ÙKLŒ˜M˜ŒÎÙ˜ŒÌØY™™˜MŒÙNLÙNNYXXLÌNŒXXŒNŒŽLXMM˜ØÌY˜™ŒMMMÍ‚ŽŽØXŽLXŒLŽXXÍÍNYXÙY˜ŒÍÍLÍŒL™ŽŒXØÌYXÙXÍÍØÍLÍŒÍWÓMWÐÌÌÍWÓMWÐÌÌŒÎXŒÙYXÎØÌÌMÎLÍØÌ˜Ì™ŒÙLŒM˜YX˜ÌŒÎXŒLÎYY™ÍYXX‹ËŒÌMLŽLÎŽÍÎMKKŽLÌLŽÍÍÌML‹‹ŒÍÎNMÎLLNLÌÎKMŽNNLŒNLÍŒMMM‹ŽŽNMMMŽMMMËMËÍÌÌÌÌÍÌMÎLMÌKŒLÌÌLÌŽMLNNKŒÍMÌMÎMMÌMMNŒŒMÍÌÍŒLLÍÌMËŒNMLLÌÌŒLŽNMÎKŒÍMÌMÎMMÌMMNŒŒMÍÌÍŒLLÍÌMËŒNMLLÌÌŒLŽNMÎKNŒÌÌÎLÎKMKMKLÌMKKK˜[ÙKKKKVT’SQS•SÔÒQÕË˜[ÙKLŒKMÍÌMŒ™X˜ÎMXMÌ™YLN˜ÍYŒÙXŒNŽMMØLŒÙŒNMXYØ™MMÌL‚ŽŽØXŽLXŒLŽXXÍÍNYXÙY˜ŒÍÍLÍŒL™ŽŒXØÌYXÙXÍÍØÍLÍŒKÍWÓMWÐÌÍKÍWÓMWÐÌÍKŒÎXŒÙYXÎØÌÌMÎLÍØÌ˜Ì™ŒÙLŒM˜YX˜ÌŒÎXŒLÎYY™ÍYXX‹ËŒNŒLMÍŽŒÎKŽLÍMMNNLLÌ‹‹LMŒLŒMÌŽNÍN‹MŽNMÎMŽŽÍLŒNKÌËŽŒÍNÎŽLŒ‹NKŒŒŒÌŒLÍŒMÌMŽÍMÍMNKŒŽLÎMMŽMMMÌKŒMNMLŒÎMŒ‹ŒŒMMÌLÌNKŒŽLÎMMŽMMMÌKŒMNMLŒÎMŒ‹ŒŒMMÌLÌNKNLMËÍKÍKMÌKË‹LÌŒM‹LKLK˜[ÙKKKKVT’SQS•SÔÒQÕË˜[ÙKLŒ‹YŒMŽYMMLXÍLØ˜ÌMÍYŒL™ŒŒØÙXL˜™YYŽYXY™˜XŒXYMMXMMŒŒYÌYBŽŽØXŽLXŒLŽXXÍÍNYXÙY˜ŒÍÍLÍŒL™ŽŒXØÌYXÙXÍÍØÍLÍ‹ÍWÓŒÐÌKÍWÓŒÐÌKŒÎXŒÙYXÎØÌÌMÎLÍØÌ˜Ì™ŒÙLŒM˜YX˜ÌŒÎXŒLÎYY™ÍYXX‹ËŒMNNŒNLÌLŒ‹‹ŽNLÎŽLLLN‹ŒŒŒŽÍŽMMM‹NKŽNNNŒLLLLŽM‹ŽÍLMLŽLŽ‹LKŒŽNMÎMŒÍLŽKŒŒÍÍÍÌÍNNMËŒŒMLÌLÌÎMÎKŒNŒNÌÌŒÍNLKŒNMÍMLLNLŽŽKŒŒMLÌLÌÎMÎKŒNŒNÌÌŒÍNLKŒNMÍMLLNLŽŽKMNMKMKLN‹‹LŽLÎKLL˜[ÙKT’U‘QT‘ÐŽL‹‹KKVT’SQS•SÔÒQÕË˜[ÙKLŒËNŽNLNÙXYXX˜XNÌX˜ÎYÙÎÍL˜ÍLLY˜Í™˜˜LØXŽX™ŒÌÌØYLŽŽØXŽLXŒLŽXXÍÍNYXÙY˜ŒÍÍLÍŒL™ŽŒXØÌYXÙXÍÍØÍLÍËÍWÓŒÐÌLÍWÓŒÐÌLŒÎXŒÙYXÎØÌÌMÎLÍØÌ˜Ì™ŒÙLŒM˜YX˜ÌŒÎXŒLÎYY™ÍYXX‹ËMMMMŒÍLŽË‹ŽNMÍŽMÍMŽË‹ÎMŒŒŒLLÍŒKŒŒMLÍLNLMËKÎMNŒLÌÌŒÍLKL‹NÌŽÍÌNMLÎM‹ŒŒLÌLÎLŒŒÍÍËŒŒÎLMLŒKŒMŽMLNMŒŽNMÌKŒŒMNMÍMÍKŒŒÎLMLŒKŒMŽMLNMŒŽNMÌKŒŒMNMÍMÍKMMŒLËŒKŒKLLLKËËLÍŒ‹L‹LË˜[ÙKKKKVT’SQS•SÔÒQÕË˜[ÙKLŒ™ÎLŒÎYÍXMÌMYLNYØÍYXÍLŒŽÙÍÌÙM™MØÍMMXØØŒLMÎMLBŽŽØXŽLXŒLŽXXÍÍNYXÙY˜ŒÍÍLÍŒL™ŽŒXØÌYXÙXÍÍØÍLÍÍWÓŒÐÌMKÍWÓŒÐÌMKŒÎXŒÙYXÎØÌÌMÎLÍØÌ˜Ì™ŒÙLŒM˜YX˜ÌŒÎXŒLÎYY™ÍYXX‹ËÍŒLÎÌÎLÎŽK‹ŽNÎÌNMŒLÌŽK‹ŽMMŒÌÌÌMNMKNKŽNNLMŒLÌŽNLËMNNLNÍŒLLËŽŒŽLŒÎML‹ŒLLÌLLŒŒNLKŒŒNNÌŒÌLMŽŒMMÍMŒÎMÍÍÌLÌÌŒKŒŒLÍŽLÍLŒÍÍ‹ŒŒNNÌŒÌLMŽŒMMÍMŒÎMÍÍÌLÌÌŒKŒŒLÍŽLÍLŒÍÍ‹MÌÎ‹KLÌ‹LÎNËMM˜[ÙKKKKVT’SQS•SÔÒQÕË˜[ÙKLŒKYYNMÙÌŒŒÌŒÙXÍÙLŽXÍXŒMŽNXLØÎLÙŒ™˜™XÎLÌÍXYL‚ŽŽØXŽLXŒLŽXXÍÍNYXÙY˜ŒÍÍLÍŒL™ŽŒXØÌYXÙXÍÍØÍLÍKÍWÓŒÐÌŒÍWÓŒÐÌŒŒÎXŒÙYXÎØÌÌMÎLÍØÌ˜Ì™ŒÙLŒM˜YX˜ÌŒÎXŒLÎYY™ÍYXX‹ŒMÍLNNÍŒLK‹ŽNNLŒÌNÌLÍKËŒLÍMÍŽLMMNKŽNMŽMNŽNKNKŒÍMÌMLNLŒÌŒÌKMKŒNÍLMŒLLMKŒŽNLÍÎNŽMMŒÎLKŒŽŒŒMÎLŒŒÍŽNLKŒMÍÌMŒŽÎMÎNËŒŒŒMLMŽLÌÎÌKŒŽŒŒMÎLŒŒÍŽNLKŒMÍÌMŒŽÎMÎNËŒŒŒMLMŽLÌÎÌKNMKÌ‹Ì‹MNÍËÍËMLMKM‹M‹˜[ÙKKKKVT’SQS•SÔÒQÕË˜[ÙKLŒ‹YLÍŒØÙ˜™™YXÍY˜™ÙMNMNYYL˜NLŽNŽMXY˜ÎLNNL‚ŽŽØXŽLXŒLŽXXÍÍNYXÙY˜ŒÍÍLÍŒL™ŽŒXØÌYXÙXÍÍØÍLÍLÍWÓŒÐÌKÍWÓŒÐÌKŒÎXŒÙYXÎØÌÌMÎLÍØÌ˜Ì™ŒÙLŒM˜YX˜ÌŒÎXŒLÎYY™ÍYXX‹LÎLLMMÌMÌ‹‹ŽNLÌÎÍKËŒÌMÍNNMÌLÍŽKNKŽNNNLLMÍÍŽŒMLÍÍMKM‹NLŒLÍLŒÍÍÍ‹ŒLÌŒMÎNKŒÌÌMŒÌÌŒMMÍMËŒLÍŒLLÌÍÌLŒŒKŒŒŽLÍNŒLÎKŒÌÌMŒÌÌŒMMÍMËŒLÍŒLLÌÍÌLŒŒKŒŒŽLÍNŒLÎKNNŒËÍËÍËÍŒËÌËÌËMLÌKNN˜[ÙKKKKVT’SQS•SÔÒQÕË˜[ÙKLŒË™YŽŒØ˜XŽLŒÌÌÙLÍŒYŽLŽL™˜LŒÌYXÎÍÎNMÙŽÙ™XÎNMLXÙ™XNL‚ŽŽØXŽLXŒLŽXXÍÍNYXÙY˜ŒÍÍLÍŒL™ŽŒXØÌYXÙXÍÍØÍLÍLKÍWÓŒÐÌÌÍWÓŒÐÌÌŒÎXŒÙYXÎØÌÌMÎLÍØÌ˜Ì™ŒÙLŒM˜YX˜ÌŒÎXŒLÎYY™ÍYXX‹ŽMLÍMŒLŒLNLË‹ŽNÎLLÍNKËLÍÌÍLLMKNKŽNMÍMÌÎŽKŽŽNMÍNLÌÎL‹MËÍŒMNÍÌLNMËŒÎMMŒŒŒÍËŒÌŒÍŒNNNMÍNMNKŒLÎMNMŒLŒÎN‹ŒŒÍÌÎŽÍÍÌMMÌÎKŒÌŒÍŒNNNMÍNMNKŒLÎMNMŒLŒÎN‹ŒŒÍÌÎŽÍÍÌMMÌÎKŒLNMË‹‹ÌÍKŽËMMMMËŒKŒK˜[ÙKKKKVT’SQS•SÔÒQÕË˜[ÙKLŒÍLÌMYÎŒÍLMŒŒŒÙŽMØØ™L™LMXÍ™XNLÍ™MMX˜ÙXXØŒŽMBŽŽØXŽLXŒLŽXXÍÍNYXÙY˜ŒÍÍLÍŒL™ŽŒXØÌYXÙXÍÍØÍLÍL‹ÍWÓŒÐÌÍKÍWÓŒÐÌÍKŒÎXŒÙYXÎØÌÌMÎLÍØÌ˜Ì™ŒÙLŒM˜YX˜ÌŒÎXŒLÎYY™ÍYXX‹KŒŒŽLNŒNLÌMŒK‹ŽNÌMMŒLMŒËËÌLMLMÍŒMNNKŽNMNLÎMNLMÌL‹ÌËŽÌŽŒŽLÍŒŒŽMNKNKŒŽÌLÌËŒÍNÌMŽMÌMNŽNKŒÍÍLŽMŒÌŽÌÍŽKŒÌŒNÍÍŽLL‹ŒMŒLMŒNLM‹ŒÍÍLŽMŒÌŽÌÍŽKŒÌŒNÍÍŽLL‹ŒMŒLMŒNLM‹ŒLËMŒKŒKŒMŒKŒËŒ‹˜[ÙKKKKVT’SQS•SÔÒQÕË˜[ÙKLŒKÌŒ˜ŒYM˜L™ÙŒMÌÌÙŽXÌÙYŒLL™YŽYXMØ˜˜Ø™ŒÎŽÙØŒMLMNŽŽØXŽLXŒLŽXXÍÍNYXÙY˜ŒÍÍLÍŒL™ŽŒXØÌYXÙXÍÍØÍLÍLËÍWÓŒÐÌÍWÓŒÐÌŒÎXŒÙYXÎØÌÌMÎLÍØÌ˜Ì™ŒÙLŒM˜YX˜ÌŒÎXŒLÎYY™ÍYXX‹KŒLÍÌÍLŒÌŒÍLLŒK‹ŽNŒLLMMÎML‹ËŽLLÍÎŽŒŽËNKŽNNŒÌÌÍŒNŒLËÎMLÎMŒNMLÎLLŒÍÍNÌŽM‹ŒLÌŒNLLÌNNNKŒÍŒÌNŒLÌMŒŒÎNKŒLLŒÍÎLÌŽMËŒLÌÎÌŒÌÌÌÍMÌ‹ŒÍŒÌNŒLÌMŒŒÎNKŒLLŒÍÎLÌŽMËŒLÌÎÌŒÌÌÌÍMÌ‹ŒÍÎLËLËLËÌL‹LKMŒKK˜[ÙKKKKVT’SQS•SÔÒQÕË˜[ÙKLŒLÙLMŒNYÌLNLXÙ™LŒY˜MMM™ŽÙŒ™MÌÎNXÍÍÍXŽÍ™ŽŽØXŽLXŒLŽXXÍÍNYXÙY˜ŒÍÍLÍŒL™ŽŒXØÌYXÙXÍÍØÍLÍMÍWÓŒÐÌKÍWÓŒÐÌKŒÎXŒÙYXÎØÌÌMÎLÍØÌ˜Ì™ŒÙLŒM˜YX˜ÌŒÎXŒLÎYY™ÍYXX‹‹ŒÌŒŒŒMŒÍ‹‹ŽNÍNŒMMKŒLMMMÍŒMŽNKNKŽNMLLÍNM‹ËÍŒÎMŒÍLNLLKŒÎLMMMŒLM‹ŒNMMLŒLÎLŽLÌ‹ŒÎŒÎLMÍMÌÌMLŒËLŒÍMMÍNLÍÌN‹ŒŒLÌÌÍÍLLMŽMŽŒÎŒÎLMÍMÌÌMLŒËŒŒLÌÌÍÍLLMŽMŽLŒNM‹MÌL‹ËËYKKKKVT’SQS•SÔÒQÕË˜[ÙKLŒLKÎMØÌÍYÙ˜XYNYX˜ŽXXØŒMÌÎM™ÎŽMM˜ŽŒ™MNXÙ™ŒLØMØYØÍ‚ŽŽØXŽLXŒLŽXXÍÍNYXÙY˜ŒÍÍLÍŒL™ŽŒXØÌYXÙXÍÍØÍLÌÍ‹ÍWÓWÐÌKÍWÓWÐÌKŒÎXŒÙYXÎØÌÌMÎLÍØÌ˜Ì™ŒÙLŒM˜YX˜ÌŒÎXŒLÎYY™ÍYXX‹ŒMÍÌLÌLŒKMLŒÌŒÎNŒŽMLMËŽNLŒŒNLÌLKŽNNLŽÎŽMMËŽÎLMŒÎÌM‹LKŒÌLÌŒNNMŽKŒMNNLŒŒNŒÌÌŽŽLÍKŒŒŒŽLÍMŽÍÌŒMMÍÌKŒÍÌÍÍNMMÌKŒNŒÌÌŽŽLÍKŒŒŒŽLÍMŽÍÌŒMMÍÌKŒÍÌÍÍNMMÌKMŽML‹‹MŒLMËMËMMÎ‹ŒKŒK˜[ÙKT’U‘QT‘ÐŽLM‹‹KKVT’SQS•SÔÒQÕË˜[ÙKLŒL‹LMXMŒÌYLXÍLMYMÎNÍ˜ÌØXÎY™MŒŽMÎL˜ŒÌYŒLMMXM™Ù™BŽŽØXŽLXŒLŽXXÍÍNYXÙY˜ŒÍÍLÍŒL™ŽŒXØÌYXÙXÍÍØÍLÌÍËÍWÓWÐÌLÍWÓWÐÌLŒÎXŒÙYXÎØÌÌMÎLÍØÌ˜Ì™ŒÙLŒM˜YX˜ÌŒÎXŒLÎYY™ÍYXX‹ŽNLÎŽÍNKMLMŽLMMMKŒMLNNMMMMNŽNNLÎÌŒÌÍÌ‹KŒŽŒLŒÌ‹L‹NÍŒLŒMÍLÍLËŒÍÌLÌLŒNLÎŒÌ‹ŒŽÌMLÌŒÌLMŒŒLŒÌÍNLMÌÍ‹ŒLLNNNMLŽNNKŒŽÌMLÌŒÌLMŒŒLŒÌÍNLMÌÍ‹ŒLLNNNMLŽNNKNMŒ‹Ì‹Ì‹LÎLMKMMMŒÌ˜[ÙKKKKVT’SQS•SÔÒQÕË˜[ÙKLŒLËYLÍÌMXÙLÌÙŒXLMNL™˜ÌÙXXYŒÍXLL˜ŽMŒÍ™XÍÎXÙÌLMÍXMXÌÌŒÍÙL‚ŽŽØXŽLXŒLŽXXÍÍNYXÙY˜ŒÍÍLÍŒL™ŽŒXØÌYXÙXÍÍØÍLÌÎÍWÓWÐÌMKÍWÓWÐÌMKŒÎXŒÙYXÎØÌÌMÎLÍØÌ˜Ì™ŒÙLŒM˜YX˜ÌŒÎXŒLÎYY™ÍYXX‹KŒÎLLÎNLLÌL‹MMLÍMÍLLŒŒËŒÌÌÍÍŒÍMLNKŽNMNLÎLLÌLÍKMLÌÎÎMÍŒ‹LËŽLMÍLLMÎŒMŒŒŽMMÍÌÌLŽMÍÌKŒÌÍÎMÌÎMÎKŒŒŒŽÎÌKŒMÌÍŒŽŒÍÌŒ‹ŒÌÍÎMÌÎMÎKŒŒŒŽÎÌKŒMÌÍŒŽŒÍÌŒ‹ŒLÎÍËLÌLÍKLKLKMŽ‹‹K˜[ÙKKKKVT’SQS•SÔÒQÕË˜[ÙKLŒMŒLMMMŒÍMÍŒØLXÍXŒŽX™MXMÌŒLNX™˜ÌXXY™YNXØÍ˜ŒNXÙY˜ÌBŽŽØXŽLXŒLŽXXÍÍNYXÙY˜ŒÍÍLÍŒL™ŽŒXØÌYXÙXÍÍØÍLÌÎKÍWÓWÐÌŒÍWÓWÐÌŒŒÎXŒÙYXÎØÌÌMÎLÍØÌ˜Ì™ŒÙLŒM˜YX˜ÌŒÎXŒLÎYY™ÍYXX‹KŽLMNMLL‹MŒŒŽNÍLÎÌ‹LLÌŽÌŽNKKŒNMŽLÍMÌKNKŒÌŒŒÌŽMNMŒMMKMKŒMÍŒLLŒÌÍMŒLMÌMÍNNLŒÌŽMÍÌŒÍNNMËŒNÌLÎMÌMLÌLNNNKŒMŒŒMLLÌŒŒKŒÌŽMÍÌŒÍNNMËŒNÌLÎMÌMLÌLNNNKŒMŒŒMLLÌŒŒKŒMNËLŒMÍLŽË˜[ÙKKKKVT’SQS•SÔÒQÕË˜[ÙKLŒMK™MÍ™NŽÌLXLMMXMXÍ˜Ù™LMŒÌ™Y™NXÎX˜Ì˜LÙYÌ™ŽÙMØMŽŽØXŽLXŒLŽXXÍÍNYXÙY˜ŒÍÍLÍŒL™ŽŒXØÌYXÙXÍÍØÍLÍÍWÓWÐÌKÍWÓWÐÌKŒÎXŒÙYXÎØÌÌMÎLÍØÌ˜Ì™ŒÙLŒM˜YX˜ÌŒÎXŒLÎYY™ÍYXX‹‹ŒLLMNKMÍÌLNNMMŽMŽËÌÌÍÌŽMNMÌKŽNMMÍÎÍÎÍÌŒŒMÌÌLÎMÌÍÍŒKM‹ŽMMMNÍÍÌMKŒNMLŽNMŒÍLŒNKŒÍLLÎLNMMMÌÌÍËŒMÌMÎŒLLLLÌŒNKŒÌÎÌŒŽÎL‹ŒÍLLÎLNMMMÌÌÍËŒMÌMÎŒLLLLÌŒNKŒÌÎÌŒŽÎL‹ŒÌŽLKLLNMÎMÌŽK˜[ÙKKKKVT’SQS•SÔÒQÕË˜[ÙKLŒM‹˜ÍÎÙMXÌYLÎYL˜ŒŽXÌÙŒ˜™MY™ÙMÌÙN˜™YMÙŽMÌMÍÙØØŒBŽŽØXŽLXŒLŽXXÍÍNYXÙY˜ŒÍÍLÍŒL™ŽŒXØÌYXÙXÍÍØÍLÍKÍWÓWÐÌÌÍWÓWÐÌÌŒÎXŒÙYXÎØÌÌMÎLÍØÌ˜Ì™ŒÙLŒM˜YX˜ÌŒÎXŒLÎYY™ÍYXX‹‹ÌLLÌLÍNNKLÎŽNLŒMŒŒŽKŽMÍÎÍŒÎLŽLMNNŽNMLŒMÍŽLNÎŽŽNMMLÍLÍLÍŒNLKMËÍÍÎNMÌÍNMŽKŒŒÌŽLÍŽLŽMÌÌ‹ŒÍÌÍLMŽLÍŒŽLKŒMMÌMÍÍNLÍŽKŒŽŒNMÎLŽÌLLKŒÍÌÍLMŽLÍŒŽLKŒMMÌMÍÍNLÍŽKŒŽŒNMÎLŽÌLLKŽMKMKLMÎKÎKNMÌ‹Ì‹˜[ÙKKKKVT’SQS•SÔÒQÕË˜[ÙKLŒMËÍ˜M˜ÌNMMNYMÌÌXØLÙØMLL˜Ž˜Y™˜YØMÍN˜NMLŒŒŒÙXÌM‚ŽŽØXŽLXŒLŽXXÍÍNYXÙY˜ŒÍÍLÍŒL™ŽŒXØÌYXÙXÍÍØÍLÍ‹ÍWÓWÐÌÍKÍWÓWÐÌÍKŒÎXŒÙYXÎØÌÌMÎLÍØÌ˜Ì™ŒÙLŒM˜YX˜ÌŒÎXŒLÎYY™ÍYXX‹ËŒNMLÍŒMNMMMÌMLËLÎMŽNÍÌÎL‹KŒŒŽMÍLMMÍLÍËŽNMLÌÌLMŒÌLNËÌËŽŽMŒÍMLNMNKŒÍÌŒLNNLLÍNKŒŒLÎNŒÎKŒÎLÍÌÎNŒŒMŒŽŒLÌŽLMÍMMMNÎKŒŽLNMÌŽMŒÎKŒÎLÍÌÎNŒŒMŒŽŒLÌŽLMÍMMMNÎKŒŽLNMÌŽMŒÎKNLLKÌÍÌËNLÌËÍÍ˜[ÙKKKKVT’SQS•SÔÒQÕË˜[ÙKLŒNÌÙYÍYXŒÌ™˜™˜ÙYÍYŒŒY™™ÎLØÌNLÌŒNX˜LLYNX˜MÙØÙMŽŽØXŽLXŒLŽXXÍÍNYXÙY˜ŒÍÍLÍŒL™ŽŒXØÌYXÙXÍÍØÍLÍËÍWÓWÐÌÍWÓWÐÌŒÎXŒÙYXÎØÌÌMÎLÍØÌ˜Ì™ŒÙLŒM˜YX˜ÌŒÎXŒLÎYY™ÍYXX‹ËÌMÍŒMŒNLMÍ‹MMLÎMMÍMLNKKÌÌŽLMÍŒŽNMMÌŒLÎNMËÎMMLÌLÍMLŒLÍËLLŒÍMLÌÌŒLÎLM‹ŒNLNLNÎNLMËMÌŒNMLLÌÌNKŒLŒNMÍLLLMÌ‹ŒŽNMÌÎLMŒÌMËMÌŒNMLLÌÌNKŒLŒNMÍLLLMÌ‹ŒŽNMÌÎLMŒÌMËÌMLËL‹L‹ŽMËËNMMÌ‹Í‹Í‹˜[ÙKKKKVT’SQS•SÔÒQÕË˜[ÙKLŒNKŒŽŽMYMLYMYNYXLŒØMÙMØÍÍÍLLXXMÍXÌMYÌÍÙ˜MYMBŽŽØXŽLXŒLŽXXÍÍNYXÙY˜ŒÍÍLÍŒL™ŽŒXØÌYXÙXÍÍØÍLÍÍWÓWÐÌKÍWÓWÐÌKŒÎXŒÙYXÎØÌÌMÎLÍØÌ˜Ì™ŒÙLŒM˜YX˜ÌŒÎXŒLÎYY™ÍYXX‹ŒŒÌÌÌŒMLÍŒŒMLLŽLÍMÌNKÍLMMÍMÍÌKŽNMÍMNNÌ‹ËŒMŒÍŒÍÎMŒMLLKÍÌMŽMŽLŽLÎŒNNNMŒLNNÍŒÍŽMLŒËŒŽMLÌÍMÌŽNÎM‹ŒÌŽLŽŒLLËÍŒÍŽMLŒËŒŽMLÌÍMÌŽNÎM‹ŒÌŽLŽŒLLËŽLLKLLMMËNNKŒLLËÎÎK˜[ÙKKKKVT’SQS•SÔÒQÕË˜[ÙKLŒŒLÙ˜™Œ™YÌÙŒÙM˜ÌÌLÍLÌØÎMM˜ŽLYŒ˜YMNLYØŒÙÙXMYN‚ŽŽØXŽLXŒLŽXXÍÍNYXÙY˜ŒÍÍLÍŒL™ŽŒXØÌYXÙXÍÍØÍLÍKÍWÓWÐÌLÍWÓWÐÌLŒÎXŒÙYXÎØÌÌMÎLÍØÌ˜Ì™ŒÙLŒM˜YX˜ÌŒÎXŒLÎYY™ÍYXX‹ÎNLŽMŒÍKLÌÌLŒÌÍÌË‹ŒMÎLÍŒÍÌÌÍKŽNLÌMÌMNLLËŒÌMMMÌLNMNŒËLL‹ŽLÎNMŒŒŒÍÌËŒŒÍŽLNŽKMŒLŽMNMŽLŽŒÍŽNŒÌÎKŒÌMLMÌŒÌÌLÌML‹MŒLŽMNMŽLŽŒÍŽNŒÌÎKŒÌMLMÌŒÌÌLÌML‹ŽMÎLËLM‹LMKL‹ËŒLË˜[ÙKKKKVT’SQS•SÔÒQÕË˜[ÙKLŒŒKXŒØÍŒLŒØXMM˜ŒNMŽÍYÎY˜L˜MY˜ŒØMÌLÙØÍŒ˜ÙÎMÙŒMLÙXBŽŽØXŽLXŒLŽXXÍÍNYXÙY˜ŒÍÍLÍŒL™ŽŒXØÌYXÙXÍÍØÍLÌÍWÓÌÐÌKÍWÓÌÐÌKŒÎXŒÙYXÎØÌÌMÎLÍØÌ˜Ì™ŒÙLŒM˜YX˜ÌŒÎXŒLÎYY™ÍYXX‹‹ŒLNMÍŒ‹‹ŒŒÍMLÌŒŒMMÌÌMËKŒÎMÍÌNŒŒNLNLŽKŽNMÍNÌŽŽŽNNMŒMLËLKŒŽNLLLÌÍŒŽNKŒLNMMNÌŒÍÍËŒÌÎMÍLŽŽLŽŒÌMŽLMÌMLÌŽKŒŽMMÍMŒŒÍKŒÌÎMÍLŽŽLŽŒÌMŽLMÌMLÌŽKŒŽMMÍMŒŒÍKNNLŒKÎÎKMÍLKŽŽKNÌLËÌËÌË˜[ÙKKKKVT’SQS•SÔÒQÕË˜[ÙKLŒŒ‹NMNX˜˜NØMØÍ˜ŒLXØÍLYŒÌ˜ŽÍÍÌMÙYM˜™Ž˜ÌX™YNYXŒBŽŽØXŽLXŒLŽXXÍÍNYXÙY˜ŒÍÍLÍŒL™ŽŒXØÌYXÙXÍÍØÍLÌKÍWÓÌÐÌLÍWÓÌÐÌLŒÎXŒÙYXÎØÌÌMÎLÍØÌ˜Ì™ŒÙLŒM˜YX˜ÌŒÎXŒLÎYY™ÍYXX‹‹ŽLÌÍLŒK‹ŒŒÍLŒNNMÍKŒLNÌMLKŽKŽNNÌŽLNLÌËKÌÌMÍÍÌMMÌËL‹NLNMMMMŒKŒŒŒMNÎÌMMŒŒÌŽMLŒMÍÌŽLÎMËŒMLMŽLÍÌŽKŒŽMNÍÍLÎÌL‹ŒÌŽMLŒMÍÌŽLÎMËŒMLMŽLÍÌŽKŒŽMNÍÍLÎÌL‹ŒMNMKMŽËKKNLÌKÍKÍ‹˜[ÙKKKKVT’SQS•SÔÒQÕË˜[ÙKLŒŒËLXYLŒLYY™MŒÙLÙŽMÙMŒ˜Ù˜LYŽLÌ™MÌYYNŒMŒŒYLBŽŽØXŽLXŒLŽXXÍÍNYXÙY˜ŒÍÍLÍŒL™ŽŒXØÌYXÙXÍÍØÍLÌ‹ÍWÓÌÐÌMKÍWÓÌÐÌMKŒÎXŒÙYXÎØÌÌMÎLÍØÌ˜Ì™ŒÙLŒM˜YX˜ÌŒÎXŒLÎYY™ÍYXX‹ËŽLMNÌLÌÌÎ‹ŒŒÍÍMMŒŒÎKŽLÍMÍLÍLÎÌŒŒLŒÌŒLKMLŽMMÍÍÌÍÌKLËŽÍŽMMLNMÍÍŒMŽÎÍŽÍLÌKŒÍMMÌÌLŽMÎLN‹ŒÌŒMÍŒKŒÌŒMÌŽMMÌLNKŒÍMMÌÌLŽMÎLN‹ŒÌŒMÍŒKŒÌŒMÌŽMMÌLNKŒÌŒËLLMŒÌËŒ‹ŒËNNÌ‹ÍËÎ˜[ÙKKKKVT’SQS•SÔÒQÕË˜[ÙKLŒØÙNØLLNÌXMŽŒ™NŒÎÍXMŽMÙ˜YLÍ˜MŒÍ™ŽM™™NŒBŽŽØXŽLXŒLŽXXÍÍNYXÙY˜ŒÍÍLÍŒL™ŽŒXØÌYXÙXÍÍØÍLÌËÍWÓÌÐÌŒÍWÓÌÐÌŒŒÎXŒÙYXÎØÌÌMÎLÍØÌ˜Ì™ŒÙLŒM˜YX˜ÌŒÎXŒLÎYY™ÍYXX‹ËŽMŒNÍÎNN‹ŒŒÍŽNMŒÍÌÌÎÍÎMË‹ŒŒMŒÌŽLÌMÎNŒLÎKÌŒŽLÍÌMKNKŒÌÌLMÌÍŽÌ‹MKŒMÌÎLŒN‹ŒLÍŒÌÍŽŒMÍLNLKŒÍÍÍÍÌŒMM‹ŒŒÌMLÎÍÍÎMLÌÌKŒÌLLLÍÍNNNŒÍÍÍÍÌŒMM‹ŒŒÌMLÎÍÍÎMLÌÌKŒÌLLLÍÍNNNÍKM‹M‹MLMÍNKNKŒÎKÎKÎK˜[ÙKKKKVT’SQS•SÔÒQÕË˜[ÙKLŒKY˜ŽX˜ÎÌÍNÍÙLÌY™ML™YLÙ™YÍÌ˜˜ÌÎNNMÎXNÍÍŒØLBŽŽØXŽLXŒLŽXXÍÍNYXÙY˜ŒÍÍLÍŒL™ŽŒXØÌYXÙXÍÍØÍLÌŽÍWÓÌÐÌKÍWÓÌÐÌKŒÎXŒÙYXÎØÌÌMÎLÍØÌ˜Ì™ŒÙLŒM˜YX˜ÌŒÎXŒLÎYY™ÍYXX‹ŒŽÌNNË‹ŒŒÍŒMŒÎNMK‹LŒÎNMŒÎŽKŽNMŽŽMŒNŒ‹ŒMŒŒÍMNLÎMŒKM‹ÍÎNLŒLŒMÌŒÍLŽMKŒMMÌMŒÌMLÌLKLLÎLÌMŒÎLŒŒLKŒŒMÎŒÎLŒLKŒÌNMŒŒMŒLMÍ‹LLÎLÌMŒÎLŒŒLKŒŒMÎŒÎLŒLKŒÌNMŒŒMŒLMÍ‹ŒL‹L‹MŒËMKMKŒM‹‹K˜[ÙKKKKVT’SQS•SÔÒQÕË˜[ÙKLŒ‹LÙXŒÌØÍÎL™MØNXMØ˜YL˜ÍLÍÌÍL™MLMÙ˜ØÌMŒŒYŒÍLŽÍL™M˜˜˜‚ŽŽØXŽLXŒLŽXXÍÍNYXÙY˜ŒÍÍLÍŒL™ŽŒXØÌYXÙXÍÍØÍLÌŽKÍWÓÌÐÌÌÍWÓÌÐÌÌŒÎXŒÙYXÎØÌÌMÎLÍØÌ˜Ì™ŒÙLŒM˜YX˜ÌŒÎXŒLÎYY™ÍYXX‹KŒNŒLÍMÍLNË‹ŒŒÌÌÌLLNÌÎMÍŒK‹ŽÍÍÎNLLMÎŽKŽNLÍLŒLÎÌŒÎŽKŒLÌŒÍŒLŒÍKMËÍÌŒÌMÎLÍÍËŒLÌŽLŽMÍLŽLÌKŒŽÌÌLÌÌÍÌÌKŒŒÎÍLLLMKŒÌŽMLLÌÎÍÎMÌ‹ŒŽÌÌLÌÌÍÌÌKŒŒÎÍLLLMKŒÌŽMLLÌÎÍÎMÌ‹ÍÌMLLLÌLL‹LKLKŒML‹˜[ÙKKKKVT’SQS•SÔÒQÕË˜[ÙKLŒËXY˜ÌÌÙXNX˜ÍÌÌŽYŒL™ŒLYL™ŒÙŒYMÍÙ˜NØÎÍLÍMMYÂŽŽØXŽLXŒLŽXXÍÍNYXÙY˜ŒÍÍLÍŒL™ŽŒXØÌYXÙXÍÍØÍLÌÌÍWÓÌÐÌÍKÍWÓÌÐÌÍKŒÎXŒÙYXÎØÌÌMÎLÍØÌ˜Ì™ŒÙLŒM˜YX˜ÌŒÎXŒLÎYY™ÍYXX‹KŒÎMÌÍMMÌLË‹ŒŒÍMÌÎMLÎ‹ËŒLLNÍÌŒŽKŽNMÍŽLŽÍLMÍLÌËÌËŽÌÍMÌÌËNKŒŒNÌMMLÍMNKŒMŽLMMÎŒÍÍKÎLŒNLŒMLLMŒKŒNMÍŽŽLŽKŒÌÍNLŒLLŒŽMLKÎLŒNLŒMLLMŒKŒNMÍŽŽLŽKŒÌÍNLŒLLŒŽMLKŽLMKLLËLMLNŒ‹‹ŒŒNK‹‹˜[ÙKKKKVT’SQS•SÔÒQÕË˜[ÙKLŒŽNLØØXNÍLŒŽXÙNYLØØNLÍØ˜™ÌÍŽYŒŒLŒ™ŒNYMÌ™ŽLÙ˜ÍÂŽŽØXŽLXŒLŽXXÍÍNYXÙY˜ŒÍÍLÍŒL™ŽŒXØÌYXÙXÍÍØÍLÌÌKÍWÓÌÐÌÍWÓÌÐÌŒÎXŒÙYXÎØÌÌMÎLÍØÌ˜Ì™ŒÙLŒM˜YX˜ÌŒÎXŒLÎYY™ÍYXX‹LŒLÍÌÌÌÌ‹‹ŒŒÍLMMŽÌËËŽLŒÌNÍMNLÍŒËŽKŽNMÌŽMÍÍMËÎLÍÌMMŒKLLŒÍMLMMLŽÍŽLÍKŒLÎMLÍŒMM‹ŒLMLŒŽŒMNÍŒMÍŽNLKŒÍLLŽNMMMŒËŒLMLŒŽŒMNÍŒMÍŽNLKŒÍLLŽNMMMŒËÌMMËLNKLŒLÍÎŒŒM‹Ë˜[ÙKKKKVT’SQS•SÔÒQÕË˜[ÙKLŒŽKXLÙÌXŒÍX˜ÍÌ˜ŒM˜NYMLYŽNMŒÍŒÌŒÍÍMÍØÌÍ˜XYŒØŽÍŽMLBŽŽØXŽLXŒLŽXXÍÍNYXÙY˜ŒÍÍLÍŒL™ŽŒXØÌYXÙXÍÍØÍLÌÌ‹ÍWÓÌÐÌKÍWÓÌÐÌKŒÎXŒÙYXÎØÌÌMÎLÍØÌ˜Ì™ŒÙLŒM˜YX˜ÌŒÎXŒLÎYY™ÍYXX‹LŽMMLÌÎŽMK‹ŒŒÍMÍŒMLŒLÍŒŽL‹ËÍMLŽMLÎMLÌÌÎŽKŽNNMŽLŒŒŒËËMÍÎLLÌNMËLLKLÌÍŒŒÍ‹ŒMÌLMŒNKÍMÍŒLŒŒKŒLÌLŽMLLMÎÌŒKŒÍLÍNLŒÍŒLÍLÍŒÌKÍMÍŒLŒŒKŒLÌLŽMLLMÎÌŒKŒÍLÍNLŒÍŒLÍLÍŒÌKÌNM‹LLMMÌËÍŒÌMÌËLLK˜[ÙKKKKVT’SQS•SÔÒQÕË˜[ÙKLŒÌÍØLMÍYM™LXŒYMŒ™ŽŒÙŽNMLMŒNŒMÌŽMLŽLXYMNNMÙ™ŽÌYŒYBŽŽØXŽLXŒLŽXXÍÍNYXÙY˜ŒÍÍLÍŒL™ŽŒXØÌYXÙXÍÍØÍLÌÌËÍWÓÌÐÌLÍWÓÌÐÌLŒÎXŒÙYXÎØÌÌMÎLÍØÌ˜Ì™ŒÙLŒM˜YX˜ÌŒÎXŒLÎYY™ÍYXX‹LKMNŽLÌLMŒLK‹ŒŒÌÎMNNLÍÌLKŒNNNMÍLMMŒÌŒ‹ŽKŽNMMMÍÍÍLŽLŽŒÌMŒÍNLL‹ŽMÍLŒÎLMLÌÍNŒNLMLÌÍŒŒÌŽMLÌMLÎLÌÌŒLÌÍMÍMŒŽNÎM‹ŒÍŒŒÍÌŽŽLÌMMÌ‹LÌMLÎLÌÌŒLÌÍMÍMŒŽNÎM‹ŒÍŒŒÍÌŽŽLÌMMÌ‹ÌÌÌL‹LÌLÌŒLLËKŒÍÌŽKL‹LË˜[ÙKKKKVT’SQS•SÔÒQÕË˜[ÙKLŒÌKÍLN˜™ŽÎL™ÌŒŒÙŒŒYLNÙYY˜Ž™ÙŽ™NXŒÌYNMØÎXMÌLÂŽŽØXŽLXŒLŽXXÍÍNYXÙY˜ŒÍÍLÍŒL™ŽŒXØÌYXÙXÍÍØÍLÌÍÍWÓÌÐÌMKÍWÓÌÐÌMKŒÎXŒÙYXÎØÌÌMÎLÍØÌ˜Ì™ŒÙLŒM˜YX˜ÌŒÎXŒLÎYY™ÍYXX‹L‹ŒLŒŒŒÎMŒ‹ŒŒÍÍMMÌŽNLKÌÌÎÍÍŽMÍËŽKŽNMÌMLÎNŒŒMÍËLËŒMLÍŒŒÍŒLÌMŒËLMŒŒŽŒÍÎLŽNMKŒMÍÍMLÎÍŒÎNKLŽMÎMÍLÍNMKŒÌÌÍŒNMÌÎLLKŒÍÌMNÌMLŒŒNLKLŽMÎMÍLÍNMKŒÌÌÍŒNMÌÎLLKŒÍÌMNÌMLŒŒNLKÍËLÍKLÍ‹NNMLŽËMMK˜[ÙKKKKVT’SQS•SÔÒQÕË˜[ÙKLŒÌ‹LŒÙ™˜˜ØNYŽŽŒYŒŒMÍML™LÙ˜ØNLŒY™ŽNŒÍØŽYMÂŽŽØXŽLXŒLŽXXÍÍNYXÙY˜ŒÍÍLÍŒL™ŽŒXØÌYXÙXÍÍØÍLÌÍKÍWÓÌÐÌŒÍWÓÌÐÌŒŒÎXŒÙYXÎØÌÌMÎLÍØÌ˜Ì™ŒÙLŒM˜YX˜ÌŒÎXŒLÎYY™ÍYXX‹L‹ŽMÌMŽÌŽÎMŽN‹ŒŒÌÍŽMMÎÌŒMÍŒ‹ÎLNMMNLKŽKŽNMMÍNNLLMËMËŽMÎNNLŒÎNLÌÌÎLMKLMÎN‹ŒŽLŒŒMNÍLMŒŒKMMÎLŽŽLŒŽÌLËLŒNLŽLMÌŒMŒÎNNKŒÍÎNLÌÍMLLÎMMÎLŽŽLŒŽÌLËŒÍÎNLÌÍMLLÎÍŒMMÍËMËMËYKKKKVT’SQS•SÔÒQÕË˜[ÙKLŒÌËMMØMÎMMYM™Œ˜XØÌNM™˜XÍ™X™YŒLŽMÌÙŒÍÙÌNMÌÌÍXXY™™ŽMÍBŽŽØXŽLXŒLŽXXÍÍNYXÙY˜ŒÍÍLÍŒL™ŽŒXØÌYXÙXÍÍØÍLÌLÍWÓÍWÐÌKÍWÓÍWÐÌKŒÎXŒÙYXÎØÌÌMÎLÍØÌ˜Ì™ŒÙLŒM˜YX˜ÌŒÎXŒLÎYY™ÍYXX‹ÍMLMÌÌNÍËNMÍÍŒŒÍMÌŽËŒÌŒÍŽLÌÌNMŒNÍKŒÍÍNLNKŽLŒÎLÍŒÍÌ‹LKŒŽNMLÌMNNLËŒLŒNLLŒMÌLÌLMÎKŒÍLLLÍÍŒÎLÌÎŒKŒÌLÌNLÎNNŒŒ‹ŒÌÌMLÍMLNNMMŒ‹ŒÍLLLÍÍŒÎLÌÎŒKŒÌLÌNLÎNNŒŒ‹ŒÌÌMLÍMLNNMMŒ‹ŒŽMÌKKLŒLËŒMÌËK˜[ÙKT’U‘QT‘ÐŽLL‹‹KKVT’SQS•SÔÒQÕË˜[ÙKLŒÍXMÌÍXNNXŒLÌ™MÌLØÎŒYMÙMXLÌÙNM™Ž˜Y˜Ø˜™ØÎLŒNLÍÌØÌÎ‚ŽŽØXŽLXŒLŽXXÍÍNYXÙY˜ŒÍÍLÍŒL™ŽŒXØÌYXÙXÍÍØÍLÌLKÍWÓÍWÐÌLÍWÓÍWÐÌLŒÎXŒÙYXÎØÌÌMÎLÍØÌ˜Ì™ŒÙLŒM˜YX˜ÌŒÎXŒLÎYY™ÍYXX‹KŒÌŒLÌLÍŒNMŒNMNLÍMÍŽMŽLNMËËÎMŒÌMÎLÍËÍKŒNLÎMÎMŽŽKŽNNNMMÍŒŒŒ‹L‹NÌLÍÌÎLŽÍMLËŒLŒLÌMLNMÍÍKŒÍÍŽLŒÎLÌÌLLŒÌNÍŽŽÍŒÍMÌÌ‹ŒÍŒMŽŽLMNKŒÍÍŽLŒÎLÌÌLLŒÌNÍŽŽÍŒÍMÌÌ‹ŒÍŒMŽŽLMNKÌ‹M‹M‹NMÎKÍËÍËŒŒŽM‹Ë˜[ÙKKKKVT’SQS•SÔÒQÕË˜[ÙKLŒÍKŒŽLØXØÍŽÌÍ™ÙŽÙŒ™XXLX™Ì™MMÌŽM˜MÌ™XMŽLYNMÙ˜™Ì‚ŽŽØXŽLXŒLŽXXÍÍNYXÙY˜ŒÍÍLÍŒL™ŽŒXØÌYXÙXÍÍØÍLÌL‹ÍWÓÍWÐÌMKÍWÓÍWÐÌMKŒÎXŒÙYXÎØÌÌMÎLÍØÌ˜Ì™ŒÙLŒM˜YX˜ÌŒÎXŒLÎYY™ÍYXX‹KŽLŒLÍNNMŽMËNÍNMŽMÍÍÍŒÌÍ‹ËŽMÎÍŒLÌLÌŒŒKÍŽNNNMÌMÌŒLŽŽKMNMÌŽNMLLŒÍËLËŽÎMMŽLÍÍLÍÌÎKŒLÌŽNŒMÍŽNNKŒŒNNÍNMÎÌËŒŽNNMNMNËŒÍLMŒŽMÌLÌ‹ŒŒNNÍNMÎÌËŒŽNNMNMNËŒÍLMŒŽMÌLÌ‹ŒÍŒLËL‹NLÍÍŒŽÌ‹KK˜[ÙKKKKVT’SQS•SÔÒQÕË˜[ÙKLŒÍ‹ÍYÍLYM™˜ÌÌŽXXÌLÎYLYXNYÎM™ŒYYŒŒÎY™MÍÍ™ÍLÎLMÂŽŽØXŽLXŒLŽXXÍÍNYXÙY˜ŒÍÍLÍŒL™ŽŒXØÌYXÙXÍÍØÍLÌLËÍWÓÍWÐÌŒÍWÓÍWÐÌŒŒÎXŒÙYXÎØÌÌMÎLÍØÌ˜Ì™ŒÙLŒM˜YX˜ÌŒÎXŒLÎYY™ÍYXX‹LMŒÎNNMLËMÌŒLŒÌŽNŒÌNLÎNNÍŽNMÍÍLŽNŒÍŒNÍNKŒÌÌŒLMÎLÌÌKMKŒMÎLNLNLMKŒMŒMÌMM‹ÌÎMMÌLŽLŒËŒÍŽMÍLMÍNLÎLŒÍMÍŽNÌŽÍŒLÌ‹ÌÎMMÌLŽLŒËŒÍŽMÍLMÍNLÎLŒÍMÍŽNÌŽÍŒLÌ‹ÎM‹LKLNML‹ÌKÌKŒÍ‹LKLK˜[ÙKKKKVT’SQS•SÔÒQÕË˜[ÙKLŒÍËL™˜ØŒŒŽÎL˜Î™YŒYŽÍÙLÍNY˜LÍÍMMXŒÍŽBŽŽØXŽLXŒLŽXXÍÍNYXÙY˜ŒÍÍLÍŒL™ŽŒXØÌYXÙXÍÍØÍLÌMÍWÓÍWÐÌKÍWÓÍWÐÌKŒÎXŒÙYXÎØÌÌMÎLÍØÌ˜Ì™ŒÙLŒM˜YX˜ÌŒÎXŒLÎYY™ÍYXX‹LKŒŒŒŽŽNMËNÍMLNLLËÌMÍMÍÎÌÌ‹ÍŽNNNLŒÍNMLŒŽKŒMMMŒÌMM‹ÌMNLŒLŒLLÌÌLNŒMLLMLÌŽËLNLÎÎMÎMËŒŒŒÍMLŒÍMËŒÍÎMNLLÎÌÎLNLÎÎMÎMËŒŒŒÍMLŒÍMËŒÍÎMNLLÎÌÎŽMLŽKLMKLMKMÌŒMËËMKLËLË˜[ÙKKKKVT’SQS•SÔÒQÕË˜[ÙKLŒÎXÍŒMÙLØÌLŒLLŽYŽXYMYLYLLLX˜NLNLÍYŒ˜LYLÌ˜ÙÍŒLMØ‚ŽŽØXŽLXŒLŽXXÍÍNYXÙY˜ŒÍÍLÍŒL™ŽŒXØÌYXÙXÍÍØÍLÌMKÍWÓÍWÐÌÌÍWÓÍWÐÌÌŒÎXŒÙYXÎØÌÌMÎLÍØÌ˜Ì™ŒÙLŒM˜YX˜ÌŒÎXŒLÎYY™ÍYXX‹LKŽÍÌMÌŽLNÌM‹MŽLLÍŒÌMÌÍ‹KŒÌŒŒLÎLNMLMNÍŽNMÌLNLLLKŽŽNNLÌMÍŒÎMÍMŒLKMËÍŽMÎÎÍŒNLËŒŒLNLÍNLÌÎNMLÍÌÎLÍÍLŒÌ‹ŒŽLNLÌÍNNKŒÍÍLMŒLŽMÍNMKÌÎLÍÍLŒÌ‹ŒŽLNLÌÍNNKŒÍÍLMŒLŽMÍNMKÌLLKLŒKLŒKMŒMËŒËŒËN‹M‹M‹˜[ÙKKKKVT’SQS•SÔÒQÕË˜[ÙKLŒÎKL˜L™ŒØMÎMMÙŒŒNLNÌXLÎYYLÙŒ™™M™YXŽÍYÎNYLÙŒÍ™M‚ŽŽØXŽLXŒLŽXXÍÍNYXÙY˜ŒÍÍLÍŒL™ŽŒXØÌYXÙXÍÍØÍLÌM‹ÍWÓÍWÐÌÍKÍWÓÍWÐÌÍKŒÎXŒÙYXÎØÌÌMÎLÍØÌ˜Ì™ŒÙLŒM˜YX˜ÌŒÎXŒLÎYY™ÍYXX‹L‹NÌÍÎMÍMŒŒLMMŒÍÌŒËKÌŒÍÌMNLÍËÍŽNMMMÍMLÍLKÌËŽŒÎÌNLÌŒNMMKNKŒŒLNŒ‹ŒMÌLMLŽŒŽNML‹MLŒMÍÍMLÌÎNŒŒŽÍŽMLŽŒŒKŒÎÎÍŒÎNMMÌ‹MLŒMÍÍMLÌÎNŒŒŽÍŽMLŽŒŒKŒÎÎÍŒÎNMMÌ‹ÌMLËL‹MNL‹NNLMMËNMË˜[ÙKKKKVT’SQS•SÔÒQÕË˜[ÙKL˜LÙMÍMLXØŒLNXÙMÌØÍXÎM™˜ŽÍÙY˜˜˜NM™˜˜XMM™ÎLŽLŽŽØXŽLXŒLŽXXÍÍNYXÙY˜ŒÍÍLÍŒL™ŽŒXØÌYXÙXÍÍØÍLÌMËÍWÓÍWÐÌÍWÓÍWÐÌŒÎXŒÙYXÎØÌÌMÎLÍØÌ˜Ì™ŒÙLŒM˜YX˜ÌŒÎXŒLÎYY™ÍYXX‹LËŒÌMMŽMMMÌŒÌMËMŽNŽMŒŒMMÍŒÌ‹KÎÍLÌÍÎLMLŒMËÍŽNMÌNMŽNMŒÍ‹ÎMÍLÌŒÍMÍLLŒÍNÍLLÌÎŒNÍLMLMÎLNLÍŒÍLÍMÎMŒŒŽLMMNLLÎKŒÎLMMÌŒÌÌMÍŒŒ‹LNLÍŒÍLÍMÎMŒŒŽLMMNLLÎKŒÎLMMÌŒÌÌMÍŒŒ‹ÍËLÌ‹LÌËLÍLLËL‹MÌ‹LNK˜[ÙKKKKVT’SQS•SÔÒQÕË˜[ÙKLKØ˜YÍMÙLNLLY˜Í˜MÍ˜™L™XN˜L™NNÙXNY˜L˜ÌL˜ŒYLMŽMŽŽØXŽLXŒLŽXXÍÍNYXÙY˜ŒÍÍLÍŒL™ŽŒXØÌYXÙXÍÍØÍLÌNÍWÓÍWÐÌKÍWÓÍWÐÌKŒÎXŒÙYXÎØÌÌMÎLÍØÌ˜Ì™ŒÙLŒM˜YX˜ÌŒÎXŒLÎYY™ÍYXX‹MŒÍŒÍÌÌNM‹MÍLMÍLŽNÌŒM‹LŒMÍÌLLÍLŒŒÍŽÍŽNNNNMÍŒÌKËÎLŽLŒŒMÌŒËLLKÌŽLŒLÌŽŽŒLÌŒMNNMÍMŒMËMÎLMÌÎLM‹ŒNÎLNÍÍÌMÌÌNKLŽÎÌLÍLÍMLL‹MÎLMÌÎLM‹ŒNÎLNÍÍÌMÌÌNKLŽÎÌLÍLÍMLL‹ÍMËLÎLÍËLŒËŒŽNL‹LË˜[ÙKKKKVT’SQS•SÔÒQÕË˜[ÙKL‹Ø˜L˜MXÍÙNYŒÌÌLY˜ÌYŒLÙXØLX˜ŒÎY™MØXÌŽXMÌMŒÌÌŽY™MÍ˜ØÂŽŽØXŽLXŒLŽXXÍÍNYXÙY˜ŒÍÍLÍŒL™ŽŒXØÌYXÙXÍÍØÍLÌNKÍWÓÍWÐÌLÍWÓÍWÐÌLŒÎXŒÙYXÎØÌÌMÎLÍØÌ˜Ì™ŒÙLŒM˜YX˜ÌŒÎXŒLÎYY™ÍYXX‹MŽŒŽÎMNNÌÍËMŒÌMŽMÍŽMËLMÍMÍNÌÌÌŒL‹ÍŽNMNÌÍŒÌŽMŽN‹ŒÌLÍNLŒLŒMMÍ‹LL‹ŽLÎNLÌNÍMÍŽNKŒMÍÍÌMLMÍŒŒLLKMŒMÍŒÍÌÌŽMŒËŒMMLÌNŽMŽLŒÌLKNNMNÍÌMÌÌKMŒMÍŒÍÌÌŽMŒËŒMMLÌNŽMŽLŒÌLKNNMNÍÌMÌÌKÍŽŽMËMËLMÎKŽŽKLKL˜[ÙKKKKVT’SQS•SÔÒQÕË˜[ÙKLËYŒØÌ˜ØÌŒXÌÌMØÎNMYØMŽY™ÍMM˜Ø™YŽMM™ŽØXÙŒXMYÌX™NBŽŽØXŽLXŒLŽXXÍÍNYXÙY˜ŒÍÍLÍŒL™ŽŒXØÌYXÙXÍÍØÍLÌŒÍWÓÍWÐÌMKÍWÓÍWÐÌMKŒÎXŒÙYXÎØÌÌMÎLÍØÌ˜Ì™ŒÙLŒM˜YX˜ÌŒÎXŒLÎYY™ÍYXX‹MKŽMŒŒÍMNMÌÍN‹MÌÌLMŒŒMËLŽNNMÌNL‹ÍŽNMÌÍMÌÎÌMLŒËLËŒMÍLLLNMŽ‹LMŒŒNLŒMMŽML‹ŒŒMŒÍÌÌLMKNŒÎNÍLŒŒM‹ŒLMÍÌMŽÌLNKNŽLLLŒŒLÎLNŒÎNÍLŒŒM‹ŒLMÍÌMŽÌLNKNŽLLLŒŒLÎLÎÍKMKMKÍÌL‹ÌÌÍÎKLËL‹˜[ÙKKKKVT’SQS•SÔÒQÕË˜[ÙKLLÎX˜ŒL˜LLYŽL˜YLLMŽNMXŽXÌXLLÌÌXÍÍÙYXXØÍL˜™NLØMNŽŽØXŽLXŒLŽXXÍÍNYXÙY˜ŒÍÍLÍŒL™ŽŒXØÌYXÙXÍÍØÍLÌŒKÍWÓÍWÐÌŒÍWÓÍWÐÌŒŒÎXŒÙYXÎØÌÌMÎLÍØÌ˜Ì™ŒÙLŒM˜YX˜ÌŒÎXŒLÎYY™ÍYXX‹M‹LÌLÌLLLÍNMNMLŽMÌMMŽKLKÌMMÎÍÍÍŽNMLLŒÍÎÌÍŒÌŽKMËŽMÌÌÎLLLŒNNLÍÍKLMKLŒÎMMÍÍÍÍÌ‹ŒŒLÍLÌLKŒLŒŽNMÍLŽŒ‹ŒNLÎŒÍLŒÌMNÌ‹ÍŒMMLÌÌMŒLŒŽNMÍLŽŒ‹ŒNLÎŒÍLŒÌMNÌ‹ÍŒMMLÌÌMÎMMMMMÎLKMKMŽLLKLK˜[ÙKKKKVT’SQS•SÔÒQÕË˜[ÙKLK™YY˜Ž˜MLÌÍÙXÍ˜ÙÌLŽÍLÌ™MLŽÍ˜ØÎXXMØYŽYŽNXMLMÂŽŽØXŽLXŒLŽXXÍÍNYXÙY˜ŒÍÍLÍŒL™ŽŒXØÌYXÙXÍÍØÍLÌŒ‹ÍWÓÍWÐÌKÍWÓÍWÐÌKŒÎXŒÙYXÎØÌÌMÎLÍØÌ˜Ì™ŒÙLŒM˜YX˜ÌŒÎXŒLÎYY™ÍYXX‹MËLŽNMLËMÍÌÍMMŒŽLKLKŽÍLNLÌÍMŒŒŽNKÍŽNNLLMŽMÌËŒ‹ÎLŒÍÎMMÎLMŽLM‹ÎMÍNMÎ‹ŒÍÍLÌMÍÍÍÍNŒŒMÍÍLÍ‹LŒŒŽLMLLÍÍLŒKÍŒLÍLŒŽLMMMŽKŒŒMÍÍLÍ‹ÍŒLÍLŒŽLMMMŽKL‹MŒMŒŽMÍLLKLLKYKKKKVT’SQS•SÔÒQÕË˜[ÙKL‹˜MÙXYL˜M™YYŽM˜MYÌÌL™NLNYYMMNY™LMØØ™ÍÎXØYXÌŒMÎBŽŽØXŽLXŒLŽXXÍÍNYXÙY˜ŒÍÍLÍŒL™ŽŒXØÌYXÙXÍÍØÍLÌŒËÍWÓÍWÐÌÌÍWÓÍWÐÌÌŒÎXŒÙYXÎØÌÌMÎLÍØÌ˜Ì™ŒÙLŒM˜YX˜ÌŒÎXŒLÎYY™ÍYXX‹NŒÌLLNLŽNLLÍËMLNNÎŒÎMMKL‹ŒÍŽLMÌLÍÌLŽM‹ÍŽNMŒŒÍŒÍÍŒÍËËŒÎMLÍMMLNŒÎMŒLLŒŒLNŒLËŒÎLÍNLÌŒÌNÌLLMLMŒLŒMNLŒÌÍMÎÍÎMNKÌLMNŒÍÌŒŒNÌLLMLMŒÌLMNŒÍÌŒŒNMKMKŽLMLLËLLËYKKKKVT’SQS•SÔÒQÕË˜[ÙKLË˜ŒŽØMŽLNMÎ™ŒLÎYXŒŽYÍN™˜YNMÍLLNNÌÍ˜ŒÍ˜ÍBŽŽØXŽLXŒLŽXXÍÍNYXÙY˜ŒÍÍLÍŒL™ŽŒXØÌYXÙXÍÍØÍLŽMKÍWÓÐÌKÍWÓÐÌKŒÎXŒÙYXÎØÌÌMÎLÍØÌ˜Ì™ŒÙLŒM˜YX˜ÌŒÎXŒLÎYY™ÍYXX‹LKLLMÌŽLLÍLŒMKLKŒLŒŽMÍLŒM‹KMLLŒÌÎKŒŒNLŽÌŽÌËŽNLŒMNLLKŒŽLLŒŽLLÍÌÌËŒLLNLÍÌLMMÌÍNKŒÎNŽMÍÍMËŒÍNLÍÎNMÍNL‹ŒÍÎLNŒMMÍŒLÍNŒÎNŽMÍÍMËŒÍNLÍÎNMÍNL‹ŒÍÎLNŒMMÍŒLÍNŒKL‹L‹ŒÍMLL‹LK‹MËM‹˜[ÙKKKKVT’SQS•SÔÒQÕË˜[ÙKL™ØŒÍNYÙMMÙÌL˜ŒNM˜Ù™XÍÍØÌLLLXX™™™™NXYŽLÙŒŒ™ŒÙ™ŒÂŽŽØXŽLXŒLŽXXÍÍNYXÙY˜ŒÍÍLÍŒL™ŽŒXØÌYXÙXÍÍØÍLŽM‹ÍWÓÐÌLÍWÓÐÌLŒÎXŒÙYXÎØÌÌMÎLÍØÌ˜Ì™ŒÙLŒM˜YX˜ÌŒÎXŒLÎYY™ÍYXX‹L‹ŒNNÌŒŒÍŒLLKLKŒMMÌLŒLÌNLÎMŒÌËÎKŽNMÍÌLMÌŒLKKÌMMÌŒMÍŒŒM‹L‹NMÌŒŒÌÍÌŒLÌNLMŒŒÍNMÍM‹LŒŒŽLÍMŽŒMŒÍÌŒMLÍMKŒÎÍLMÌŒŽLLŒŒŽLÍMŽŒMŒÍÌŒMLÍMKŒÎÍLMÌŒŽLÎËLLKŒŽ‹KKLÎL‹NKNK˜[ÙKKKKVT’SQS•SÔÒQÕË˜[ÙKLKÎLÌŒXÌØXYŒŒŒL˜YLÍÙYYÙ˜Î™™LXÍ™MŒŽMLØÌÍÙYMØ™ÎLÌYŽŽØXŽLXŒLŽXXÍÍNYXÙY˜ŒÍÍLÍŒL™ŽŒXØÌYXÙXÍÍØÍLŽMËÍWÓÐÌMKÍWÓÐÌMKŒÎXŒÙYXÎØÌÌMÎLÍØÌ˜Ì™ŒÙLŒM˜YX˜ÌŒÎXŒLÎYY™ÍYXX‹L‹ŽLMÎLLLÍNKLKŒLŽMŽŽMËLLÍMMMŒÌMÎKŽNNMLÍŽŽMÎŒ‹MNMÌÍLŒLMMŒLËŽŽLLŒÌÌŽŒŒLNLLMÎLÍŽÍKLMMÌŒÍLŒKŒÌÍMMÌLŒMÌKŒÎMÌŽLŽLLLŒKLMMÌŒÍLŒKŒÌÍMMÌLŒMÌKŒÎMÌŽLŽLLLŒKŽMNËLMKLMKŒŒK‹‹NNLKLK˜[ÙKKKKVT’SQS•SÔÒQÕË˜[ÙKLLŽMMXNMŒML™XLÎYØYÍŒY˜ŽL˜™NXÌŒØÍŒØYŒXŽŽŽØXŽLXŒLŽXXÍÍNYXÙY˜ŒÍÍLÍŒL™ŽŒXØÌYXÙXÍÍØÍLŽNÍWÓÐÌŒÍWÓÐÌŒŒÎXŒÙYXÎØÌÌMÎLÍØÌ˜Ì™ŒÙLŒM˜YX˜ÌŒÎXŒLÎYY™ÍYXX‹LËŒŒÍÎLMÎÍMLKŒLŒNNLŒNNMKLŽMŽLŒŒLÌÎKŽNMÌNLÍŽL‹NKŒÌÌÌÌLMŒMŽMKŒMÎMNNMÌŽNŒNNŒMLŒLLŽMNÌLL‹ÍÌÍŒLMLMMÍŽLL‹ŒÌŒÍLLÍMŽMLÍŽLÍÌMŒÍMLŒŒ‹ÍÌÍŒLMLMMÍŽLL‹ŒÌŒÍLLÍMŽMLÍŽLÍÌMŒÍMLŒŒ‹ÌLËLŒ‹LŒKŒLŒK‹ËM‹LËLË˜[ÙKKKKVT’SQS•SÔÒQÕË˜[ÙKLLKØ™ŽXXNMÌØÌÎ™ÌØÍÙMÌÍÙNNMÌŒŒMLMNNÌÎÌŒMLŒ˜ÍM˜Y™BŽŽØXŽLXŒLŽXXÍÍNYXÙY˜ŒÍÍLÍŒL™ŽŒXØÌYXÙXÍÍØÍLŽNKÍWÓÐÌKÍWÓÐÌKŒÎXŒÙYXÎØÌÌMÎLÍØÌ˜Ì™ŒÙLŒM˜YX˜ÌŒÎXŒLÎYY™ÍYXX‹MÍMMÍŽLŽMÍÍKLKŒMLÌMŒLÌM‹LKŒÌMLÍŒÍŒŽÍÍ‹ÎKŽNMÍLŒÍLLŒMËŒMŽMŒÌÎNMŽMKM‹ÌŒŒŽMNL‹ŒŒMŒMŒŒÍŽM‹LLÎLÌMÍÍÌÌMËŒÌMLŒÌŒÌLLŽMMÍMÎLMLLÍ‹LLÎLÌMÍÍÌÌMËŒÌMLŒÌŒÌLLŽMMÍMÎLMLLÍ‹ÌŽNKLŽLŽŒÎÎKÎKÌMMKL‹LK˜[ÙKKKKVT’SQS•SÔÒQÕË˜[ÙKLL‹MÍ˜NY˜LŒÎLŒÎYŒ™˜ÍXLÙŽMXÌNLM˜MÎMMØY˜ŒØMØÌÎMXXMŒBŽŽØXŽLXŒLŽXXÍÍNYXÙY˜ŒÍÍLÍŒL™ŽŒXØÌYXÙXÍÍØÍLÌÍWÓÐÌÌÍWÓÐÌÌŒÎXŒÙYXÎØÌÌMÎLÍØÌ˜Ì™ŒÙLŒM˜YX˜ÌŒÎXŒLÎYY™ÍYXX‹MKŒŒÎŒÌNNMLL‹LKŒNMNŒLŽNMLŒKLKŽNMÌÎMLŒŽL‹ÎKŽNNMLMMLÌŒËŽŽNLŽÍŽMMKMËÍÎLÎNN‹ŒMLÍÌÍMÎNKLMLNÍŒÌŽM‹ŒŽLÎNŒLŽÎÎL‹ŒÌLÍLÌÌÌMÌÎLMLNÍŒÌŽM‹ŒŽLÎNŒLŽÎÎL‹ŒÌLÍLÌÌÌMÌÎÍÍKLÍLÍNL‹ÍKÍKÍÌÎLLK˜[ÙKKKKVT’SQS•SÔÒQÕË˜[ÙKLLË˜NŒMÍŒXMŒLY™ÌŒ˜L™Ù˜ŽÙÙYNMYŒMÙM™ÌYŒNÌLLÍÌ˜ÎŽŽØXŽLXŒLŽXXÍÍNYXÙY˜ŒÍÍLÍŒL™ŽŒXØÌYXÙXÍÍØÍLÌKÍWÓÐÌÍKÍWÓÐÌÍKŒÎXŒÙYXÎØÌÌMÎLÍØÌ˜Ì™ŒÙLŒM˜YX˜ÌŒÎXŒLÎYY™ÍYXX‹M‹ŒŽLŒÍMÌMLÍËLKŒÍŒMŽLÌNL‹L‹ŒLÎNMÍLÌÌMMŽÎKŽNMŒÌŽMŒNMŒMÌKÌËŽMÌNNLÎŒLKNKŒŒÌÎMÌŒÍŽMÌŒËŒNLŒÍÌÎLNMMŒLŒKMLMŒÎNLLÍNNKŒÍŽLŒÎMŒÍMKÌŒMÍLÌŽŒÌÍÍËMLMŒÎNLLÍNNKŒÍŽLŒÎMŒÍMKÌŒMÍLÌŽŒÌÍÍËÍNNMMNMËÌKÌŽÌŒËLLLL˜[ÙKKKKVT’SQS•SÔÒQÕË˜[ÙKLMYLÌ™ŒMŽMÙMLØL˜ŒÙ˜ÍYŽŒL™ŒLÌÎYYMÙÌ™LMÙYLBŽŽØXŽLXŒLŽXXÍÍNYXÙY˜ŒÍÍLÍŒL™ŽŒXØÌYXÙXÍÍØÍLÌ‹ÍWÓÐÌÍWÓÐÌŒÎXŒÙYXÎØÌÌMÎLÍØÌ˜Ì™ŒÙLŒM˜YX˜ÌŒÎXŒLÎYY™ÍYXX‹M‹ŽLŽNŒÌLŽMËLKŒMŽLŒMLÍNLNL‹NLNLÍÌÎÌÍMËÎKŽNMÌÎMLŽŒÌLËÎLÌLÍMÌÍLŽÌKLLŒÍMÌNNLMLËŒMÌMÍLŽÌÎL‹MÌŒMLÍŒÌŽ‹ŒMÍÌŽMÍÌÎMŽÍMŽLLÍLŒÍŒÍMLKMÌŒMLÍŒÌŽ‹ŒMÍÌŽMÍÌÎMŽÍMŽLLÍLŒÍŒÍMLKÍÍM‹M‹MËMŽL‹KŽLLL‹LL‹˜[ÙKKKKVT’SQS•SÔÒQÕË˜[ÙKLMKXL™ØÍXØ™LÌYÙLLLLNLŒŽÙXYØÍÙYLYXÎXÙ˜˜LYNYYXÍÌNXÎXŽŽŽØXŽLXŒLŽXXÍÍNYXÙY˜ŒÍÍLÍŒL™ŽŒXØÌYXÙXÍÍØÍLÌËÍWÓÐÌKÍWÓÐÌKŒÎXŒÙYXÎØÌÌMÎLÍØÌ˜Ì™ŒÙLŒM˜YX˜ÌŒÎXŒLÎYY™ÍYXX‹MËŽŒLMÎÌŒÍMLÎLÍLKŒÌÌLMÎMŒÍÍ‹LËŒLÍNŽMLNŽÎKŽNMŒÍÌŒLLLÌKËLŒMÌÌÌŽLLKLLŒÎLŒŒNMLKŒNLLŒÍŒNMÎMKNMMMŽNMÌÌNLŒËŒŒÍŒÌŽÌŽÍŒLMÎLMŒMÌ‹NMMMŽNMÌÌNLŒËŒŒÍŒÌŽÌŽÍŒLMÎLMŒMÌ‹ÎNLML‹MLKMMËŒŒKŽML‹LMKLMK˜[ÙKKKKVT’SQS•SÔÒQÕË˜[ÙKLM‹ŒNYLXÍÌÙXÌÙXÌÎÍMXÍŒÙLNNÍY™XY˜ØY™N˜ŽXNMLÙLBŽŽØXŽLXŒLŽXXÍÍNYXÙY˜ŒÍÍLÍŒL™ŽŒXØÌYXÙXÍÍØÍLÌÍWÓÐÌLÍWÓÐÌLŒÎXŒÙYXÎØÌÌMÎLÍØÌ˜Ì™ŒÙLŒM˜YX˜ÌŒÎXŒLÎYY™ÍYXX‹NÍÌŒLÍÍÍŽLKŒLMŒMŒLMÎKLËLLÌÌÍŒLM‹ÎKŽNMÎÌMŽMKŒÌLNLMMMLŒÌ‹LL‹ŽLÍLÌMŒŽMÌ‹ŒMNLMNMNKŒMÍÍNLMÍÎMKŒŒLÍNMÍÎLŽNNLMÎLÌLÎÌMÌ‹ŒMÍÍNLMÍÎMKŒŒLÍNMÍÎLŽNNLMÎLÌLÎÌMÌ‹Œ‹MMËMMËLÎŒMMÌÍLMËLMË˜[ÙKKKKVT’SQS•SÔÒQÕË˜[ÙKLMËNXŒÙMØÌNŽLÙMŽLL˜NXÙXÌMŽMNLYMŒM™M™ŒØ˜LÍÍ˜XÙ˜YLÙŽŽØXŽLXŒLŽXXÍÍNYXÙY˜ŒÍÍLÍŒL™ŽŒXØÌYXÙXÍÍØÍLÌKÍWÓÐÌMKÍWÓÐÌMKŒÎXŒÙYXÎØÌÌMÎLÍØÌ˜Ì™ŒÙLŒM˜YX˜ÌŒÎXŒLÎYY™ÍYXX‹NKŽMŽLÍNMŒLŒŽKLKŒŒŒÍÌÍŒŒŒ‹MŒMÌÍNMNLŽÎKŽNMMÌÌKLËŒMLÍLŒNLËLMŒŒŽLÍÍÌLŒŒŒMÍLLMŒLÎNKŒÎMŒÌMLÍLMKŒNÍLÍNLÍNKÎMŽNNMÍ‹ŒÎMŒÌMLÍLMKŒNÍLÍNLÍNKÎMŽNNMÍ‹NLNMŒËMŒËLNK‹‹ÌNLNKLNK˜[ÙKKKKVT’SQS•SÔÒQÕË˜[ÙKLNÍMÙ™ŒÌMXÌÌY˜ÌYMŽYNNXMÌØXÌLXÙX˜ŒLŽLMÎLXŒLÙŽL™X˜MŽŽØXŽLXŒLŽXXÍÍNYXÙY˜ŒÍÍLÍŒL™ŽŒXØÌYXÙXÍÍØÍLÌ‹ÍWÓÐÌŒÍWÓÐÌŒŒÎXŒÙYXÎØÌÌMÎLÍØÌ˜Ì™ŒÙLŒM˜YX˜ÌŒÎXŒLÎYY™ÍYXX‹ŒŽNMÌÌŽŒLKŒNŒMLŽLÌÎLKMLÌÍLNŽÌNLÌ‹ÎKŽNNNLÎKMËŽMŽMMÎMÌNM‹LMKLŒMÎŒMŽŒÌÌÍ‹ŒMNMLÎNMŒLLŒŒ‹ŒMMŒMMŒŽÍMŒMMLLLŽKÍÍŒLÌÌMMLŒLL‹ŒMMŒMMŒŽÍMŒMMLLLŽKÍÍŒLÌÌMMLŒLL‹ÌÍMKMŽKMŽKLÍLÍ‹ÍËÌLKLŒ‹LŒË˜[ÙKKKKVT’SQS•SÔÒQÕË˜[ÙKLNKYÌÙYŒM™™LÎLÍY™YNNŒÍXÌØŽMÍ™MÎYMÌÎÍXÎØŒL™MNBŽŽØXŽLXŒLŽXXÍÍNYXÙY˜ŒÍÍLÍŒL™ŽŒXØÌYXÙXÍÍØÍLÌËÍWÓÐÌKÍWÓÐÌKŒÎXŒÙYXÎØÌÌMÎLÍØÌ˜Ì™ŒÙLŒM˜YX˜ÌŒÎXŒLÎYY™ÍYXX‹ŒKŽNMÍLŒÎNLÍLLKŒLŒÍMÍÍMÎLËMKŒLÎMÌÌŽMŒÎKŽNMLÍŽMËŒ‹ŽLÌÌÎÎMMŒKLM‹ŽMÌNÎMŽ‹ŒNLÍÎŽLÎL‹ŽÌŽMLŽLÌÌLLLËŒÌÍÎLÍŽÍLÌÎNKMŽMÌŽŽNÌÎM‹ŽÌŽMLŽLÌÌLLLËŒÌÍÎLÍŽÍLÌÎNKMŽMÌŽŽNÌÎM‹ÎMÍMÍKMÌŒ‹Œ‹ÌNŽLL˜[ÙKKKKVT’SQS•SÔÒQÕË˜[ÙKLŒMÌLŽLYLMÌ™ŒØLNYŒŒMÍØ˜ÍLLMLLNYÎLØÍ™NLXÎBŽŽØXŽLXŒLŽXXÍÍNYXÙY˜ŒÍÍLÍŒL™ŽŒXØÌYXÙXÍÍØÍLÌÍWÓÐÌÌÍWÓÐÌÌŒÎXŒÙYXÎØÌÌMÎLÍØÌ˜Ì™ŒÙLŒM˜YX˜ÌŒÎXŒLÎYY™ÍYXX‹Œ‹ÍLÍÌÎŒŒŒKLKŒLÎMÌÌŒLÎLÌÍËMKLŽMMMÌÍNM‹ÎKŽNMÌÎÌNMNLŒKËŒÌMÍNÌLŒÌÌKLNŒMMŽMMÌNÍËŒÍŒLÍÍLÍLŽM‹ÌŒLÎLŽMÌ‹LŒMÌÌÌÍÌŽLLÌMŒKMMMMÌÍŒÍLËÌŒLÎLŽMÌ‹MMMMÌÍŒÍLËŒNMNNÌLL‹L‹YKKKKVT’SQS•SÔÒQÕË˜[ÙKLŒK™LMLNXŒ™LXLLNLMÌÌ™ŽMÍNXØLLLLNMŽYŽÙMLÌŽNBŽŽØXŽLXŒLŽXXÍÍNYXÙY˜ŒÍÍLÍŒL™ŽŒXØÌYXÙXÍÍØÍLÌKÍWÓÐÌÍKÍWÓÐÌÍKŒÎXŒÙYXÎØÌÌMÎLÍØÌ˜Ì™ŒÙLŒM˜YX˜ÌŒÎXŒLÎYY™ÍYXX‹ŒËŽÌMMÍÍLÌLÎKLKŒMŒMMMMËM‹ŒNMÌŒŒMÎKŽNMÍÍŒÌNLÌMKÌ‹NLÍÌLLMŒLLËLNKŒÎLÍÍNMŒMÍËŒŽNMŒNMÌLŒKÌŒÌŽLŒMÍËLŒMNMMÍÎNŽMNNKLÍŒÍŒLLNMÌLNÌŒÌŽLŒMÍËLÍŒÍŒLLNMÌLNÍNM‹NKNKÌŽNMLŽLŽYKKKKVT’SQS•SÔÒQÕË˜[ÙKLŒ‹XÍÙÙŒXÍÙMÍÍM˜ÙŒŒYÌŒŒÌXÙLYYŒY˜ÎÎØLŒØ™YØXMMÌBŽŽØXŽLXŒLŽXXÍÍNYXÙY˜ŒÍÍLÍŒL™ŽŒXØÌYXÙXÍÍØÍLŽÍWÓWÐÌKÍWÓWÐÌKŒÎXŒÙYXÎØÌÌMÎLÍØÌ˜Ì™ŒÙLŒM˜YX˜ÌŒÎXŒLÎYY™ÍYXX‹MŽNLNÎMÌËMMLÍMÌMLL‹L‹ÎŒŒMLŒÍÍŽNNMÍLMËŽÎLLÍŽMLÎËLKŒŽMMLŒLŽŒŒL‹ŒMÌÌÍŒÍÍŒÍLKLNNMŒÌÍÍÌKÌŒMLÍNMÎŒLËŒÍMÌÍÍÍNKLNNMŒÌÍÍÌKÌŒMLÍNMÎŒLËŒÍMÌÍÍÍNKŽLÌKLMLMÍLLÎMNLKL˜[ÙKKKKVT’SQS•SÔÒQÕË˜[ÙKLŒËLLÙLLŽ˜XÍMXÙL˜ÙŒXLÎ˜NMMŽLNLŒŒŒØLŒLØM™LLÌMYXXŒMÌ˜ÌŽÂŽŽØXŽLXŒLŽXXÍÍNYXÙY˜ŒÍÍLÍŒL™ŽŒXØÌYXÙXÍÍØÍLŽKÍWÓWÐÌLÍWÓWÐÌLŒÎXŒÙYXÎØÌÌMÎLÍØÌ˜Ì™ŒÙLŒM˜YX˜ÌŒÎXŒLÎYY™ÍYXX‹MKŒŒŒÌMŒLÌÌNNMMMÎMNNMŽŽL‹ŽMŽNŒÌMLNMÌLÌ‹KŒLMÍLLÍMMLKKÌŒLMMËL‹NÌŒÌŒŽMNLÍËŒLLMŽLŒLÌŒÌÌNKÍMMLŽMŒÍÌL‹ŒÎMNLMNMLŒMLÍL‹ÍMÍŒÍMÌÎÌËÍMMLŽMŒÍÌL‹ŒÎMNLMNMLŒMLÍL‹ÍMÍŒÍMÌÎÌËÌLLLŒKLŒKNM‹LKLŽMNLLKLLK˜[ÙKKKKVT’SQS•SÔÒQÕË˜[ÙKL™˜LXŒŽYNŒÙ˜MŒŒYMÌÍLLŒÌXMŽLÍMØÎXLŒÍÍŽYÌØÙ™ÎLÌÍØBŽŽØXŽLXŒLŽXXÍÍNYXÙY˜ŒÍÍLÍŒL™ŽŒXØÌYXÙXÍÍØÍLŽ‹ÍWÓWÐÌMKÍWÓWÐÌMKŒÎXŒÙYXÎØÌÌMÎLÍØÌ˜Ì™ŒÙLŒM˜YX˜ÌŒÎXŒLÎYY™ÍYXX‹M‹MÎLÌLMŒÎMMÍLÍŽKLËŒÍŽLŒÌLNŽLËŽNNÌÎMNNNNMLÌŒÎLÌL‹LËŽMŒŒÌLMLMŒMNMÎMŒMËLMŽLŽMŒÍMKŒÎÎMMÌMŽMÌKMÍŽMÌÍŒÍÎÌËLMŽLŽMŒÍMKŒÎÎMMÌMŽMÌKMÍŽMÌÍŒÍÎÌËÌŽLŽLËLMŒ‹NNŽLMŒLLËLM˜[ÙKKKKVT’SQS•SÔÒQÕË˜[ÙKLK˜ÍYÙNLÌ™MÙ™LÙX˜ŒÌM˜ÌØÌM˜ŒNXXMLYMÍLÍÍÙLÙ™™ØÎXŒBŽŽØXŽLXŒLŽXXÍÍNYXÙY˜ŒÍÍLÍŒL™ŽŒXØÌYXÙXÍÍØÍLŽËÍWÓWÐÌŒÍWÓWÐÌŒŒÎXŒÙYXÎØÌÌMÎLÍØÌ˜Ì™ŒÙLŒM˜YX˜ÌŒÎXŒLÎYY™ÍYXX‹MËŒÌÎLÌÍŒÍLLËMLÎMÍÍMMŒNMMÍKLËŽLMÍNMÎNM‹ŽNMÌŽLŒŽLMMŽKNKŒÌÍMMÎMKŒNŒNMLÍÌMÌŒMÍŒŒÌÍLKLÍMÌNLÌLNŒNLÍ‹ŒÍÌLŽMÍŒMÌMKMÌŽŒÍŒŽŒ‹LÍMÌNLÌLNŒNLÍ‹ŒÍÌLŽMÍŒMÌMKMÌŽŒÍŒŽŒ‹ÍMÍLÍKLÍKÌNMKMKŽMÍNLM‹LM‹˜[ÙKKKKVT’SQS•SÔÒQÕË˜[ÙKL‹ÍL™MÍŒY˜™ÌŽNNXŽLÌYMŒLÙMŒÌ™XNLYXŒLX˜Y™MÙXLBŽŽØXŽLXŒLŽXXÍÍNYXÙY˜ŒÍÍLÍŒL™ŽŒXØÌYXÙXÍÍØÍLŽÍWÓWÐÌKÍWÓWÐÌKŒÎXŒÙYXÎØÌÌMÎLÍØÌ˜Ì™ŒÙLŒM˜YX˜ÌŒÎXŒLÎYY™ÍYXX‹NŒÎLÎÌŽMŽM‹MMÍŒÍLÌŒMŒÍLÎLŒMLŒMMŽNNLLŒMŒMNLÍÍNÍÎM‹ÌŒNÌÎLMÌŒMKŒLÍÎŒÌLŒÍKMLŽNLÍÍMNÌ‹ŒÍMÌMÎLMLŒNMÌ‹ŒÌMÍÌMNLŒMÍNKMLŽNLÍÍMNÌ‹ŒÍMÌMÎLMLŒNMÌ‹ŒÌMÍÌMNLŒMÍNKÍŒMKMKŒÍLKLKÌÍMLNLMË˜[ÙKKKKVT’SQS•SÔÒQÕË˜[ÙKLËÍ™Œ˜ŒMÍØ™ÎMLLØMLŒÌØŽXÍÌXLLLÍMMXÌ˜ÍØXÍLÍŒŽLÌMYØÂŽŽØXŽLXŒLŽXXÍÍNYXÙY˜ŒÍÍLÍŒL™ŽŒXØÌYXÙXÍÍØÍLŽKÍWÓWÐÌÌÍWÓWÐÌÌŒÎXŒÙYXÎØÌÌMÎLÍØÌ˜Ì™ŒÙLŒM˜YX˜ÌŒÎXŒLÎYY™ÍYXX‹NKŒNÌŽLÌÌÌKMMÌÌMŒÌÌŒŒŽMŽMLNLL‹ŽNNŽNÌLŒËŽŽNLLÌÎNLNNNKMËÍŒÍLLÎNLLMÎŒMLLMMÎMLŒŒËMÍÎLŒÍLÎLÍÌMKŒÍŒÌÌMLŒÌLŽLKÌŒŽMMÍMÍÍÍMM‹MÍÎLŒÍLÎLÍÌMKŒÍŒÌÌMLŒÌLŽLKÌŒŽMMÍMÍÍÍMM‹ÍÎŽKMËMŒMKËÌML‹LŒLŒK˜[ÙKKKKVT’SQS•SÔÒQÕË˜[ÙKLŽ™™˜™™MLÌÎMŒXYLÙŽLMÙMŽ™LMMY˜M™MÙ˜ŒÙLØ˜ÌMŒLŒŽŽØXŽLXŒLŽXXÍÍNYXÙY˜ŒÍÍLÍŒL™ŽŒXØÌYXÙXÍÍØÍLŽ‹ÍWÓWÐÌÍKÍWÓWÐÌÍKŒÎXŒÙYXÎØÌÌMÎLÍØÌ˜Ì™ŒÙLŒM˜YX˜ÌŒÎXŒLÎYY™ÍYXX‹ŒŒMÍMÎMŒLŒÌ‹MLÎLLLNMÍLMKŒÍŒLŒÍMŒŒMLÍ‹ŽNMŒÎLÌMNLÌLÍ‹ÌËŽNLNÌŒËNKŒŒLŒŽMÌŒMNLÌL‹ŒMÎNÌNÍÌÍLKŒŒMÌÌÌÍÌÎKŒÌMÌMŒLMÍŽMËMMMŒÎLÎÍNKŒŒMÌÌÌÍÌÎKŒÌMÌMŒLMÍŽMËMMMŒÎLÎÍNKÎMŒËMMMMŒLÌÌËËÌMMLLŒËLŒ‹˜[ÙKKKKVT’SQS•SÔÒQÕË˜[ÙKLŽKŒÌŒXŒÍÌX™YŽXÍ™MMÌ™MÌÌYYNXÎXLLÍØX˜ÍŒØŒ˜XNLØ™YMŽŽØXŽLXŒLŽXXÍÍNYXÙY˜ŒÍÍLÍŒL™ŽŒXØÌYXÙXÍÍØÍLŽËÍWÓWÐÌÍWÓWÐÌŒÎXŒÙYXÎØÌÌMÎLÍØÌ˜Ì™ŒÙLŒM˜YX˜ÌŒÎXŒLÎYY™ÍYXX‹ŒKŒMÎMLŽŒÌÍŒL‹MLÎLNNMMMŽL‹MKŽLLNMMNMLŒËŽNMŒŽLŒÍÎNL‹ÎMÌMMÍKLLŒÍMÌŒÌÍÍÍÍ‹ŒŒLŽMŒMÌNKŒŒLÍÌŒŒÍŽKŒÌÌŒÎLLŒÍMN‹LMŒÌÌŒÌÍLNŒŒLÍÌŒŒÍŽKŒÌÌŒÎLLŒÍMN‹LMŒÌÌŒÌÍLNLÌKMŒMŒŒLÍKÎÎÌŒMLKL˜[ÙKKKKVT’SQS•SÔÒQÕË˜[ÙKLÌMÌLÍNNÌÙÍYŽLÍ™ÌŒÙMÍYŒÎXNYÎMÍŒÍŒYYN™ŒYXMÙŒ˜XBŽŽØXŽLXŒLŽXXÍÍNYXÙY˜ŒÍÍLÍŒL™ŽŒXØÌYXÙXÍÍØÍLŽÍWÓWÐÌKÍWÓWÐÌKŒÎXŒÙYXÎØÌÌMÎLÍØÌ˜Ì™ŒÙLŒM˜YX˜ÌŒÎXŒLÎYY™ÍYXX‹Œ‹ŒMÎMÍLÍÌÌÎÍL‹MLÍÌÌÍÍMÎLLÌÍNM‹ŽÍÍLMMŒKŽNLÎŽŒLNMÌ‹ËMÍÎLLÎLKLLKLŒÌÌŽLÍMÌŽŒŒÍMMÍLLMLÌÍŽNKMNMLMÌMLÌMËŒŽŽMMÌLÌÍNMKNMŒÌÎLÍLÍNLŽKMNMLMÌMLÌMËŒŽŽMMÌLÌÍNMKNMŒÌÎLÍLÍNLŽKMÌKM‹M‹NKÌËÍÌÍKLËLŽK˜[ÙKKKKVT’SQS•SÔÒQÕË˜[ÙKLÌKY™™ŽŒXMLNN˜ÍYXLMXÌ˜ŽŒÙYLØLXXÍŽMÌNM˜NLMŒLY˜ÍŒ˜BŽŽØXŽLXŒLŽXXÍÍNYXÙY˜ŒÍÍLÍŒL™ŽŒXØÌYXÙXÍÍØÍLŽKÍWÓWÐÌLÍWÓWÐÌLŒÎXŒÙYXÎØÌÌMÎLÍØÌ˜Ì™ŒÙLŒM˜YX˜ÌŒÎXŒLÎYY™ÍYXX‹ŒËŒŒŽLÎŒNL‹MLÎNLŽÌÍŽLKM‹ŽNMMÍŽNLŒËŽNMÍLNÍÍÌLLÌ‹ŒÌLÌMMLNLMŽËLL‹ŽMMLÌÍMÎMML‹ŒMÌLLNLÎMLLŽNKÌŽLMMMÍLËŒMŒÍLÍL‹LÎNNÌNMKÌŽLMMMÍLËŒMŒÍLÍL‹LÎNNÌNMKLËMÌ‹MÌ‹MÌÌLKËŽÌÌÍËLÌLÌ˜[ÙKKKKVT’SQS•SÔÒQÕË˜[ÙKLÌ‹LŒÍŒŒØNÌØM™YXŒ˜ÍLØYŒMXØÍNMÌÍXÌØÍMÙ™LNŒØYÍŒMÂŽŽØXŽLXŒLŽXXÍÍNYXÙY˜ŒÍÍLÍŒL™ŽŒXØÌYXÙXÍÍØÍLŽLÍWÓWÐÌMKÍWÓWÐÌMKŒÎXŒÙYXÎØÌÌMÎLÍØÌ˜Ì™ŒÙLŒM˜YX˜ÌŒÎXŒLÎYY™ÍYXX‹ŒÍLLÍŒMÌMLKMLÎLŒLNŒÎLMŒ‹MËMÍÍLŒÍÍŒMŒŽLËŽNMLŒŒÌÎKLËŒMNLŒNLÎKLMŒŒÌŽNMŒLLŒÌLŒŒŽLÌLŽNŒŽNKŽMMÌŽMÍÎŒNMÌÍËŒŒÍÎÍÍŒLÍMËLMÎMÌÌÌNŽMMÌŽMÍÎŒNMÌÍËŒŒÍÎÍÍŒLÍMËLMÎMÌÌÌNMNMKMÍËMÎMMNËŒKŒKÌÎLÎKLÌ‹LÌ‹˜[ÙKKKKVT’SQS•SÔÒQÕË˜[ÙKLÌËÎÙ˜ØLLLMLX™MXMNM™ÎLXYMÍYLN™MXÌÍ˜NLÌNML™˜L™‚ŽŽØXŽLXŒLŽXXÍÍNYXÙY˜ŒÍÍLÍŒL™ŽŒXØÌYXÙXÍÍØÍLŽLKÍWÓWÐÌŒÍWÓWÐÌŒŒÎXŒÙYXÎØÌÌMÎLÍØÌ˜Ì™ŒÙLŒM˜YX˜ÌŒÎXŒLÎYY™ÍYXX‹KÍÍMÍLŒLÍNLMLÎMLŒMÍNMÍÌÍŒ‹NŒLNLÍŒÎŽÎŽNMŽLÍÌÍŽŒËMËŽMÌÍÌÌŒMÎLÎMËLMKLŒÎMÍLNMÌËŒMMLLMLÌNÍŽLLŒMLÍŽNL‹ŒŒÎMMMÌÎMMLKLŽNMLŒMNNŒKÌNÍŽLLŒMLÍŽNL‹ŒŒÎMMMÌÎMMLKLŽNMLŒMNNŒKÌÎNËNLÍML‹LËLËÍLÍ‹LÍLÍ‹˜[ÙKKKKVT’SQS•SÔÒQÕË˜[ÙKLÍL™ØXØXÌMÌ™ŒYMLYÌÙYÍ˜˜™ŒŽMÍÎXÍŽLYŒŒÙŒMÙLÙLŽŽØXŽLXŒLŽXXÍÍNYXÙY˜ŒÍÍLÍŒL™ŽŒXØÌYXÙXÍÍØÍLŽL‹ÍWÓWÐÌKÍWÓWÐÌKŒÎXŒÙYXÎØÌÌMÎLÍØÌ˜Ì™ŒÙLŒM˜YX˜ÌŒÎXŒLÎYY™ÍYXX‹‹LMMŒMNMÌÎLËMLÎMÎŒŒÌNMKNÌLÌMÍŽKŽNMŒMÍÎŽNLL‹Œ‹ŽÌŽÌÎLÍÌKLM‹ŽLNMNMÍÍÌŒËŒŒMMLŽŽLLÌËÍLŒMÍLŒ‹ŒMŽLLŒŒÌÌKLÍŒÍÌMMŽNKÍLŒMÍLŒ‹ŒMŽLLŒŒÌÌKLÍŒÍÌMMŽNKMKNKNKLLMËËËÍLLÌKLÍËLÍË˜[ÙKKKKVT’SQS•SÔÒQÕË˜[ÙKLÍKŒÌÎÌÍÍYMÌYŒLÙXLØØÙXNMÌXXYYÌÙ™YŒYLXŒNMXLÙ™ÙÍLŽLBŽŽØXŽLXŒLŽXXÍÍNYXÙY˜ŒÍÍLÍŒL™ŽŒXØÌYXÙXÍÍØÍLŽLËÍWÓWÐÌÌÍWÓWÐÌÌŒÎXŒÙYXÎØÌÌMÎLÍØÌ˜Ì™ŒÙLŒM˜YX˜ÌŒÎXŒLÎYY™ÍYXX‹ËŽÎMMNNLMÍËMLÎNMLÌŒLNM‹NKŒÌMÌÎMLŒËŽNMÍÎLÍŒÎLËËŒÌÍÍMÍŒÍMÌNLNŒNLŒNMŽLNLËŒŒŒNÌÌLLÍŒNÍŒÌLŽMMMŽÍKŒLMÍLÎMLLMÎMMMLMÎLLÌMÍL‹ÍŒÌLŽMMMŽÍKŒLMÍLÎMLLMÎMMMLMÎLLÌMÍL‹L‹NMKNM‹ÍLŒŽKŽKÍMÌËLÎKLÎK˜[ÙKKKKVT’SQS•SÔÒQÕË˜[ÙKLÍ‹ÍÍÙYXXŒŽXŒÎY™LÙ˜ÌYÍMÍL™™XMÙLXÌMXØXNXÎ™MÂŽŽØXŽLXŒLŽXXÍÍNYXÙY˜ŒÍÍLÍŒL™ŽŒXØÌYXÙXÍÍØÍLŽMÍWÓWÐÌÍKÍWÓWÐÌÍKŒÎXŒÙYXÎØÌÌMÎLÍØÌ˜Ì™ŒÙLŒM˜YX˜ÌŒÎXŒLÎYY™ÍYXX‹ŽKŒÍŽLLÍMLÍÌ‹MMMLŽLŒÌMÍKNKŽLNMLLÎMMKŽNNLŒÎNL‹Ì‹MŒLMÎÌNMÍŽLNKŒÎLMNLLŽLLMËŒŒŒŒÍÍMNMÎLÌKÎLLÎMÍLÌŒMLËŒÌNNNŽÍLÍÌKMMÌLÌMŒŒLNMKÎLLÎMÍLÌŒMLËŒÌNNNŽÍLÍÌKMMÌLÌMŒŒLNMKLML‹ŒŒÌ‹‹‹ÍŒÌ‹MKMK˜[ÙKKKKVT’SQS•SÔÒQÕË˜[ÙKLÍËYMYLØÌ˜˜ÌŒ˜ÍŽLXYÍÍYMÌÍŒÙYMM™YMMŽLMŽXMÍL™BŽŽØXŽLXŒLŽXXÍÍNYXÙY˜ŒÍÍLÍŒL™ŽŒXØÌYXÙXÍÍØÍLKÍWÓLÐÌKÍWÓLÐÌKŒÎXŒÙYXÎØÌÌMÎLÍØÌ˜Ì™ŒÙLŒM˜YX˜ÌŒÎXŒLÎYY™ÍYXX‹NÍLLLÎŒÌÎMËNNMNLMÌMŒÍÌLŒ‹MKÌLLÌMŒNLŒÎÍ‹LŒLLŒNMLMŒËŽÎMÍŒÎLŒÌLNLLKŒŽLÌÎLÎMŒŒÎÌÍKŒLLÍŽŒÌŽNKMŒMLŒÌÌMŒÍLÎMMÍNÍLMLLÎKÍMŽMÍÌŒMMŒÌKMŒMLŒÌÌMŒÍLÎMMÍNÍLMLLÎKÍMŽMÍÌŒMMŒÌKÌLM‹LËLËŽNŽLM‹LMËÌLMÍLŒKLŒK˜[ÙKT’U‘QT‘ÐŽLM‹KKVT’SQS•SÔÒQÕË˜[ÙKLÎ˜ŽMÌÌYMÍŒÎXŒMLŒŒÎMYMLÌÍÌ˜ØÍ™™ŒÙYMÍNÎYMÂŽŽØXŽLXŒLŽXXÍÍNYXÙY˜ŒÍÍLÍŒL™ŽŒXØÌYXÙXÍÍØÍL‹ÍWÓLÐÌLÍWÓLÐÌLŒÎXŒÙYXÎØÌÌMÎLÍØÌ˜Ì™ŒÙLŒM˜YX˜ÌŒÎXŒLÎYY™ÍYXX‹NKŒLLLÍŒŒNMKNNÍMMMMMÍËM‹ŒÌMŒLMŒMÌÍKŽNNMNLÍMÍËKÌLNNMÌLÍMÍML‹NŽLŒÌŽMÍŒLNLMLÍÌŒËLÍMŒLMŒM‹LLÎLNLÌLMLMÍMŒMŽKLÍMŒLMŒM‹LLÎLNLÌLMLMÍMŒMŽKÍÎLLÍLÍKŽLLÌLLËLMÌMÎ‹LLK˜[ÙKKKKVT’SQS•SÔÒQÕË˜[ÙKLÎKXÍÌÙYNYŒ™ØØÌŒŽLÍYŽYMMY™Œ˜™YY™YŽMXŒLŒÎXÍŽŽØXŽLXŒLŽXXÍÍNYXÙY˜ŒÍÍLÍŒL™ŽŒXØÌYXÙXÍÍØÍLËÍWÓLÐÌMKÍWÓLÐÌMKŒÎXŒÙYXÎØÌÌMÎLÍØÌ˜Ì™ŒÙLŒM˜YX˜ÌŒÎXŒLÎYY™ÍYXX‹ŒŒÎMÎLNËNNLNMŒMÌÌM‹ÎLÍŒÌMLLŒMŒKLŒNLNNNMLÎËMNMLŒLÍMLLËŽÎLLÌMÎŒLLLLÌÌMÍÌMËMLLLÎNLNÌŒÍMŒÌLËMÍMÌÍMÌŒL‹MLLLÎNLNÌŒÍMŒÌLËMÍMÌÍMÌŒL‹ÍŒŒ‹MKMŽÍËLLLLKÌŒÎMËL‹L‹˜[ÙKKKKVT’SQS•SÔÒQÕË˜[ÙKLŽLXY™LLYŽYY™ÌÍMLÍ™˜Y˜Í™˜ØØÍMÌLNNŽMXMLNYÙXXXÌBŽŽØXŽLXŒLŽXXÍÍNYXÙY˜ŒÍÍLÍŒL™ŽŒXØÌYXÙXÍÍØÍLŽÍWÓLÐÌŒÍWÓLÐÌŒŒÎXŒÙYXÎØÌÌMÎLÍØÌ˜Ì™ŒÙLŒM˜YX˜ÌŒÎXŒLÎYY™ÍYXX‹ŒKŒŒŒÌLÌÍLÌÍNMÌŽMMNNŒŽMËŒÍMLŒŒÎMMÍËKŽNNÍÎNÍŽMŒŽKNKŒÌÍMÎMMNMM‹MKŒMÎMÌLLÌMLLŒŒNKŒMÍLÍŽKMÎLŒÍLLÌŒÍŒ‹NMNMLMŽMNKLÍŽLÍŽLMLÎNMÎLŒÍLLÌŒÍŒ‹NMNMLMŽMNKLÍŽLÍŽLMLÎNÍÎMŒMMËÍNLËLËÌÌKLŽLŽ˜[ÙKKKKVT’SQS•SÔÒQÕË˜[ÙKLŽK™ÌLÎ™Y˜ÍMXXÌÙXMÙMLÍLMXŒYÌÌÎLÙYŽYÌXML™MØÎNY™ŒÂŽŽØXŽLXŒLŽXXÍÍNYXÙY˜ŒÍÍLÍŒL™ŽŒXØÌYXÙXÍÍØÍLŽKÍWÓLÐÌKÍWÓLÐÌKŒÎXŒÙYXÎØÌÌMÎLÍØÌ˜Ì™ŒÙLŒM˜YX˜ÌŒÎXŒLÎYY™ÍYXX‹Œ‹ŽLÍLMLLÍNMŽLŽMNMLÎÍKMËŽLMNÍŒNKKŽNMÎMMMÌLÎMËŒMŒÌŒÍNLŽLÍÌÌËM‹ŽNÌMLÍNÎMŽKŒMLNLÌŒÌLMM‹ŒLÎLÌLLLŒ‹MÍÎLÌŒMNLN‹LLŽMÍÎÍŽNM‹ŒLÎLÌLLLŒ‹MÍÎLÌŒMNLN‹LLŽMÍÎÍŽNM‹ÎMÍMMMMKNLËLËLÌÍŒNLÌKLÌ˜[ÙKKKKVT’SQS•SÔÒQÕË˜[ÙKLŽ‹MYŽY™MMŒNL˜XLÍŒYMÍY˜MY˜LÙØ˜ÎÙÙMÙMØM˜ŒÌÌLX‚ŽŽØXŽLXŒLŽXXÍÍNYXÙY˜ŒÍÍLÍŒL™ŽŒXØÌYXÙXÍÍØÍLÌÍWÓLÐÌÌÍWÓLÐÌÌŒÎXŒÙYXÎØÌÌMÎLÍØÌ˜Ì™ŒÙLŒM˜YX˜ÌŒÎXŒLÎYY™ÍYXX‹ŒËÍLLŽLÌLŒLKNMÍNŒŽLNLLKNLLÍLÍÎMÌNLŒÍKŽNNÌŒLÌŽNMŽŽNLÍLLLŒÍ‹MËÍŽLMLÍNNMŒMMNLNMŒMÌŽNKŒÌMLLMŒŒMÌŒŒÎLNÍNKLŒŒÌÌLŽMLMÍMMÌÍËŒÌMLLMŒŒMÌŒŒÎLNÍNKLŒŒÌÌLŽMLMÍMMÌÍËLÍKMŒKMŒKMŒNLLÍŒÌKLÌËLÍ˜[ÙKKKKVT’SQS•SÔÒQÕË˜[ÙKLŽËM˜MLMMXÎLM˜Y˜ØÍLMNXXÌÎŒÙØÍÙÌŒY™™M˜YŒÙ™YÌŒÌBŽŽØXŽLXŒLŽXXÍÍNYXÙY˜ŒÍÍLÍŒL™ŽŒXØÌYXÙXÍÍØÍLÌKÍWÓLÐÌÍKÍWÓLÐÌÍKŒÎXŒÙYXÎØÌÌMÎLÍØÌ˜Ì™ŒÙLŒM˜YX˜ÌŒÎXŒLÎYY™ÍYXX‹ŽLMŽLLLNNMMMLŽLMÌŒÌKNKŒLMŒÌLŒÍËKŽNMŒŽNŽMÍNLŒ‹ÌËŽŽŒMLMÍÍŒNMKNKŒŒLÌMMMLŽNKŒŒMNNNŒÌ‹MŒLÍMÎNLMËŒÍÍÌŒNÎMÎKLÌMŒLŒMŒÌÌMKMŒLÍMÎNLMËŒÍÍÌŒNÎMÎKLÌMŒLŒMŒÌÌMKŽNLËMËMŽMNM‹MKÍÎLÍ‹LÍ‹˜[ÙKKKKVT’SQS•SÔÒQÕË˜[ÙKLŽÌÍÙŽX™ŒÍ™M™MMMÎMŒM˜Ì˜ØŽXÍ˜MÌYMÍXXÙŒLÍŒ™NNNLÌMÎ˜˜MŽŽØXŽLXŒLŽXXÍÍNYXÙY˜ŒÍÍLÍŒL™ŽŒXØÌYXÙXÍÍØÍLÌ‹ÍWÓLÐÌÍWÓLÐÌŒÎXŒÙYXÎØÌÌMÎLÍØÌ˜Ì™ŒÙLŒM˜YX˜ÌŒÎXŒLÎYY™ÍYXX‹‹ŒLÍMÎMLŽLKNMNLÍLLÍËNKÌMÎMŽMŒÎŽKŽNMÌŒÌLMÎMËÎMŒÍLÌÌŒŽNÌËLLŒÍLÌŽNLÎ‹ŒMÍMLLŒÍLMMŽNKŽŒŽMLLŒŒ‹ŒÍMÌMÎMLLÍÌMÍŒ‹MMÍMŒLÍÍËŽŒŽMLLŒŒ‹ŒÍMÌMÎMLLÍÌMÍŒ‹MMÍMŒLÍÍËŒKMÍMÍKŒÍLKLKÍMLÎLÎ˜[ÙKKKKVT’SQS•SÔÒQÕË˜[ÙKLŽKŒÍXÍNMXYMLÙYŒM™˜YX˜NLŒÙÙÍ˜ÌÍL˜XÌÌNMÍÌØ˜™YYXÌØŒŽŽØXŽLXŒLŽXXÍÍNYXÙY˜ŒÍÍLÍŒL™ŽŒXØÌYXÙXÍÍØÍLÌËÍWÓLÐÌKÍWÓLÐÌKŒÎXŒÙYXÎØÌÌMÎLÍØÌ˜Ì™ŒÙLŒM˜YX˜ÌŒÎXŒLÎYY™ÍYXX‹ËŒNMMÍŒLLÎNËNMLMÌŒÍŽŒŒÌÎMLÎÌÌNMÌŽKKŽNMNLÌÌÎÌÍËËMŒLŒMŽMËLLKMÍÌŽLÌŒŽŒNMMMMÎLÍLÍÌNMÎLŒÍMÎL‹ŒÌÍÎNÍMÌŒŒÌÍËMLNMMÍÎMÌÌÌLËÌNMÎLŒÍMÎL‹ŒÌÍÎNÍMÌŒŒÌÍËMLNMMÍÎMÌÌÌLËŒNLËNMÎKŒŒM‹ËÍŒM‹MMK˜[ÙKKKKVT’SQS•SÔÒQÕË˜[ÙKLŽ‹LÙ™NMÍLÌÙ™MÍØYLŽMŒXÍŽLÍŒÎYŒŒÍYXÍÙY˜ØLLØ˜ÎLMNŽMÍ‚ŽŽØXŽLXŒLŽXXÍÍNYXÙY˜ŒÍÍLÍŒL™ŽŒXØÌYXÙXÍÍØÍLÍÍWÓLÐÌLÍWÓLÐÌLŒÎXŒÙYXÎØÌÌMÎLÍØÌ˜Ì™ŒÙLŒM˜YX˜ÌŒÎXŒLÎYY™ÍYXX‹ŽMÌÍÍÎNÌËNMMMÌMLLNKŒŽMÍLÍMÌÌÌÍŽKŽNMNMÌNKŒÌMŒŒÎLLÎLL‹ŽMLLMÍÌÌ‹ŒŒÍMLÍŒÌLÍÍLKÌŽÍŽMÍÌÌÌLKŒÌMMLMŒÎL‹MNMMMŒNLMNŒÍÍËÌŽÍŽMÍÌÌÌLKŒÌMMLMŒÎL‹MNMMMŒNLMNŒÍÍËÍÍŒN‹N‹ŒÍKKKÍËMËMË˜[ÙKKKKVT’SQS•SÔÒQÕË˜[ÙKLŽËXXÌNÎL™Y˜Í™ŽØ˜™˜ÙŒÌ™ŒŽLØLØLNÍXMŒXÍ™ŽŒŽNŒNBŽŽØXŽLXŒLŽXXÍÍNYXÙY˜ŒÍÍLÍŒL™ŽŒXØÌYXÙXÍÍØÍLÍKÍWÓLÐÌMKÍWÓLÐÌMKŒÎXŒÙYXÎØÌÌMÎLÍØÌ˜Ì™ŒÙLŒM˜YX˜ÌŒÎXŒLÎYY™ÍYXX‹ŽKÌLLŒLÌLM‹NLÎLÌMMKŒKŒÌÍÍMÍLNMKŽNMÌÍLŒÍËLËŒMLLMMŽLŒMMÍËLMŒŒÍNNNNLN‹ŒŒÎLÍŽÎLÎ‹ÍLŒÍMŽŽŒÌÍŒKŒŽLMÍÍÍŽL‹MŽÎÌLNŽNMKÍLŒÍMŽŽŒÌÍŒKŒŽLMÍÍÍŽL‹MŽÎÌLNŽNMKLÌ‹NL‹NLËNLMÍÍKÍ‹ÍÌÍKMKMK˜[ÙKKKKVT’SQS•SÔÒQÕË˜[ÙKLŽLÎNL™Y˜™MÌŒÌŒÎLXØŽNM˜ÎLŒL˜MNMŒMMŽYX™˜ŽXLŒMLMNMBŽŽØXŽLXŒLŽXXÍÍNYXÙY˜ŒÍÍLÍŒL™ŽŒXØÌYXÙXÍÍØÍLÍ‹ÍWÓLÐÌŒÍWÓLÐÌŒŒÎXŒÙYXÎØÌÌMÎLÍØÌ˜Ì™ŒÙLŒM˜YX˜ÌŒÎXŒLÎYY™ÍYXX‹ÌŽMŒMÎNMÎLÍ‹NMMÌŽLŽËŒ‹ŒŽŒÌÌNMNNKKŽNMŒNLÎMÌÍÎËMËŽMÍÍÌÎMNMLËLMKLŽŒŽŽNLËŒŒÍLÎLÎLÌŽLKÍÍMŽMLÍLÍKŒLNMÌLÍNKMÎÎLMÍMLŒLKÍÍMŽMLÍLÍKŒLNMÌLÍNKMÎÎLMÍMLŒLKLÍKNNNNMÌÎŽŽÍÎMËM˜[ÙKKKKVT’SQS•SÔÒQÕË˜[ÙKLŽKŒX˜ÌNMÌÍØNLØ˜MŒŒØŒM™Y™ÍŽLÙ™™ŽXŽMŒ™MØX™ŽŽØXŽLXŒLŽXXÍÍNYXÙY˜ŒÍÍLÍŒL™ŽŒXØÌYXÙXÍÍØÍLÍËÍWÓLÐÌKÍWÓLÐÌKŒÎXŒÙYXÎØÌÌMÎLÍØÌ˜Ì™ŒÙLŒM˜YX˜ÌŒÎXŒLÎYY™ÍYXX‹Ì‹ŒŽLÍÍÍÎÌËNLÎLÌLLKŒ‹ŽMŒMNNLLÌLKKŽNMÌLNLÌŽMMŒËŒ‹ŽMŒÌŒLÌŒÍ‹LM‹ŽŒNLÍÍÎL‹ŒŒMŒMÌLÍÌMÍÍ‹ÎNÍŽŽÍÍÌNKŒŒÌÌNŒMÌÍ‹NÌÍÍÍŽMŒMÎNÍŽŽÍÍÌNKŒŒÌÌNŒMÌÍ‹NÌÍÍÍŽMŒMLŒÍËŒŒMLŽËNKŒÎLËMLMLK˜[ÙKKKKVT’SQS•SÔÒQÕË˜[ÙKLŽLLYLXÌYŽMÍNŒØLMÌÍYNYY˜Y™™Í˜ŒMMM˜NLŽMŒŒNM™BŽŽØXŽLXŒLŽXXÍÍNYXÙY˜ŒÍÍLÍŒL™ŽŒXØÌYXÙXÍÍØÍLÎÍWÓLÐÌÌÍWÓLÐÌÌŒÎXŒÙYXÎØÌÌMÎLÍØÌ˜Ì™ŒÙLŒM˜YX˜ÌŒÎXŒLÎYY™ÍYXX‹ÌËMŽLLÌNŒÎNLŽLMMLŽŒËNLNMNLŒÌMËKŽNLÌLÍÌLŒMÍÍËËNÌÍÌÍÍLKLNŒLLŒÎNÌŽÍKŒŽLLŽŽŽMÍÍL‹ŽŒMÍÌÌŒNLLŒŽÌ‹ŒNMÌŒLÌMŒMKNMŒLŒŒMLÎKŽŒMÍÌÌŒNLLŒŽÌ‹ŒNMÌŒLÌMŒMKNMŒLŒŒMLÎKLÎKŒLŒLKLÌMKLÎLLML‹MLË˜[ÙKKKKVT’SQS•SÔÒQÕË˜[ÙKLŽLKŒŒÙ™ÌXLÌY˜ÌØXŒ˜MÌXŽLLÌ˜ÍMLÙ™ŒŽXM˜Î™LMŒLYMŽŽØXŽLXŒLŽXXÍÍNYXÙY˜ŒÍÍLÍŒL™ŽŒXØÌYXÙXÍÍØÍLÎKÍWÓLÐÌÍKÍWÓLÐÌÍKŒÎXŒÙYXÎØÌÌMÎLÍØÌ˜Ì™ŒÙLŒM˜YX˜ÌŒÎXŒLÎYY™ÍYXX‹ÍKŒŒMLÍŒLMLNNMLŽŒÌÎLKŒÍLLLNLMKŽNMMMLŒŒÍMŒ‹Ì‹ŒMMÍLŒŽLKLNKŒÎMÍŽÍÌŽŒŒÍŒLMÍMNMŒŒŽNNKŽÍLÍŽNMLMÍMKŒMNLMŽLÎLÍMLNKŒNLŽMLÌŽŽÍLÍŽNMLMÍMKŒMNLMŽLÎLÍMLNKŒNLŽMLÌŽMLÌÍKŒMKŒMKLÌÍ‹ÎÎMÌMMKMM˜[ÙKKKKVT’SQS•SÔÒQÕË˜[ÙKLŽL‹ØŒLXLXLNŽY˜™XX˜˜XÍ˜XŒ˜LÎXŽÍLNX˜ÌML™YÍŽM™X™™M‚ŽŽØXŽLXŒLŽXXÍÍNYXÙY˜ŒÍÍLÍŒL™ŽŒXØÌYXÙXÍÍØÍLLÍWÓMWÐÌKÍWÓMWÐÌKŒÎXŒÙYXÎØÌÌMÎLÍØÌ˜Ì™ŒÙLŒM˜YX˜ÌŒÎXŒLÎYY™ÍYXX‹ŒËŒMNŒÍÍŒÌŒÍKŒ‹ŽLŽMLŒŒMÍMÌMKNKLLŒÍÌÍÍLLËMŽNNMNMŽMÎM‹ŽLÎLŒLŒÍLKŒŽMŒŒÍMŒÌÎKŒLNÍÎŒÍÌKMMÎLÍLLLŒŒ‹LLÎMŒÌŽLÌÌKLMŽŽÌNLÍMMÎLÍLLLŒŒ‹LLÎMŒÌŽLÌÌKLMŽŽÌNLÍÍNŒLÎKLÎKÌÌLŒKLŽKLŽKÍLKLÍLÌË˜[ÙKKKKVT’SQS•SÔÒQÕË˜[ÙKLŽLËÌÙŒYNMÌ™XXYMØÍLŒÎLŒXMØÙMLØÙŒŽM™YY˜™ŒŒÍ™XÍMØŒBŽŽØXŽLXŒLŽXXÍÍNYXÙY˜ŒÍÍLÍŒL™ŽŒXØÌYXÙXÍÍØÍLLKÍWÓMWÐÌLÍWÓMWÐÌLŒÎXŒÙYXÎØÌÌMÎLÍØÌ˜Ì™ŒÙLŒM˜YX˜ÌŒÎXŒLÎYY™ÍYXX‹ŒŒŒÍLMÎËŒ‹ŽLÎNLÎMMNKŒŒLÌLLŽNMÌÍNNKMŽNNNŒŽMÍLŽMËKÍÌŽÌLMÎMËL‹NLMÌÌLLMËŒNÍMÍŒLÍMMŒÎLKMÍNÍMLLÍÍMÍÎLËLÎNÎLÍÎMLŒLÍLŒÌÌMNMÍŒLNMMÍNÍMLLÍÍMÍÎLËLÎNÎLÍÎMLŒLÍLŒÌÌMNMÍŒLNMÍÍÌÍËMËMËÌŒÍÌËL‹L‹ÍLÍKLÍ‹LÍË˜[ÙKKKKVT’SQS•SÔÒQÕË˜[ÙKLŽM™MLÍØØŒŒŒ˜™™LÙŒÍÙLÙLXMYÍYNNÍŒÍÍÍNXÙ˜MMØÍYŒØÙ™ŽŽØXŽLXŒLŽXXÍÍNYXÙY˜ŒÍÍLÍŒL™ŽŒXØÌYXÙXÍÍØÍLL‹ÍWÓMWÐÌMKÍWÓMWÐÌMKŒÎXŒÙYXÎØÌÌMÎLÍØÌ˜Ì™ŒÙLŒM˜YX˜ÌŒÎXŒLÎYY™ÍYXX‹KŒÎLŒLNNNNŒMËŒ‹ŽLŽLÍŽMŽMM‹ŒÍNMÍLMMÌŒ‹MŽNNLŒLÍLLMLKMNÎÍŽŒŽLKLËŽÍÎLMLŒMÌŽKŒLLÎŒÍLLKŒLMÌÍÌŽÍŽMKNLŽŒMÍMNLMKMŒLŒŒÍÎLŽËŒLMÌÍÌŽÍŽMKNLŽŒMÍMNLMKMŒLŒŒÍÎLŽËÎMNLKMMMLËÌMNËLŒËLŒËÍMŽMLÎKLÎK˜[ÙKKKKVT’SQS•SÔÒQÕË˜[ÙKLŽMKŒ™MMÍMLYX˜ÌÙYXLØ™ŽÍÌMÌ˜ŒYŽŒØØÌXYMØŒYŒØMŒY™ŒMÙLÌ˜BŽŽØXŽLXŒLŽXXÍÍNYXÙY˜ŒÍÍLÍŒL™ŽŒXØÌYXÙXÍÍØÍLLËÍWÓMWÐÌŒÍWÓMWÐÌŒŒÎXŒÙYXÎØÌÌMÎLÍØÌ˜Ì™ŒÙLŒM˜YX˜ÌŒÎXŒLÎYY™ÍYXX‹‹MMÌŽÍŒMNKŒ‹ŽLÍÍMNMLÌLNL‹ŒKÍŒÌNMMLËMŽNMÎNMÎNLŽKNKŒÌÌÎMLÍÌŒMKŒMÎLÍÌÌÍŒ‹ŒMMMÍÎNÎŒKŒÌMŒÍLÌMÎMÍŽLNŽLŽŒLÍŒL‹MMNMLMLMÎMŽŒÌMŒÍLÌMÎMÍŽLNŽLŽŒLÍŒL‹MMNMLMLMÎMŽLÎMMŒKMŒÌÌÎLŒLŒÍŒÌNKMKMK˜[ÙKKKKVT’SQS•SÔÒQÕË˜[ÙKLŽM‹YXXÍXÌM™˜ÎŒÍM™Ž˜LŽXÎ˜™ÍNMŒØØ˜˜ÙŽØMMYŒÙNŽŽØXŽLXŒLŽXXÍÍNYXÙY˜ŒÍÍLÍŒL™ŽŒXØÌYXÙXÍÍØÍLMÍWÓMWÐÌKÍWÓMWÐÌKŒÎXŒÙYXÎØÌÌMÎLÍØÌ˜Ì™ŒÙLŒM˜YX˜ÌŒÎXŒLÎYY™ÍYXX‹ËÍMÌŽLÍNMLÍÎL‹Œ‹ŽLŽMÍŒMŽLÌ‹Œ‹ŒLMLŒŒNLÌËMŽNMÌÌŒŒÌÌÍÎLÍËŒMNLÍÎMÌNNMËM‹ÍMMÌNNNÍËŒNLÍNÍŽŒÌÌ‹NLŒMÎMMÍŒLKMLŒÌÎLMÍLÍMMŒÍŽMÌŽLÌLMÍKNLŒMÎMMÍŒLKMLŒÌÎLMÍLÍMMŒÍŽMÌŽLÌLMÍKÌMMMŽMËŽNÍ‹LM‹LM‹ÍŽM‹MMË˜[ÙKKKKVT’SQS•SÔÒQÕË˜[ÙKLŽMËNY™ÍMŽYNXNLL˜˜XØYLØÎŒÙŒÙNL™ŒÎY™LXŒÎMXŽYXŒŒÍŒÌŽŽØXŽLXŒLŽXXÍÍNYXÙY˜ŒÍÍLÍŒL™ŽŒXØÌYXÙXÍÍØÍLMKÍWÓMWÐÌÌÍWÓMWÐÌÌŒÎXŒÙYXÎØÌÌMÎLÍØÌ˜Ì™ŒÙLŒM˜YX˜ÌŒÎXŒLÎYY™ÍYXX‹ŽŽNLŽMMLÌÍÌŒKŒ‹ŽLÌÌÌNLŒMËŒ‹ÌÍLNLŒŒÎŽ‹MŽNMÍÎNÎMÌÍKŽŽNLŽLMÍLŒÌNKMËÍŒÍÌÌŒNMMLËŒMLÍŒÌMÍŽNKŽÌÎLÍŒŒŒLÍÍMKMLŽLMMŽMŒMŒKMÌÌMLÍŒŒÍÌNLÌKŽÌÎLÍŒŒŒLÍÍMKMLŽLMMŽMŒMŒKMÌÌMLÍŒŒÍÌNLÌKÍMÍKMÍŽÌ‹LL‹LL‹ÍÍMŒ‹M‹M‹˜[ÙKKKKVT’SQS•SÔÒQÕË˜[ÙKLŽNMÎÎXNYLX™NYYŽNLŒÎMYŽXNLÎYÎ™LÌØLØ˜MÌYMŒŽMŽŽØXŽLXŒLŽXXÍÍNYXÙY˜ŒÍÍLÍŒL™ŽŒXØÌYXÙXÍÍØÍLM‹ÍWÓMWÐÌÍKÍWÓMWÐÌÍKŒÎXŒÙYXÎØÌÌMÎLÍØÌ˜Ì™ŒÙLŒM˜YX˜ÌŒÎXŒLÎYY™ÍYXX‹ÌŒÌMÎLÍÌÎŒKŒ‹ŽLŽÎLŽËŒËŒMÌLÍŒÌŒNMŽNNMÍŒMÎL‹ÌËŽÌÌŽLLÎNŽNMËNKŒŒLŒÍMÍMÌÌÍ‹ŒŒLÍÍÌNŒLKÌLLNMÌNLNNÌŒMŒŒŒMLMÍËNŒMMLÌÌMŒMËÌLLNMÌNLNNÌŒMŒŒŒMLMÍËNŒMMLÌÌMŒMËMNKNKÎÍLLËÎNKMKM˜[ÙKKKKVT’SQS•SÔÒQÕË˜[ÙKLŽNKXŒÍÙÍLÙNLŽYYMÍYY™YYLŒ™MŽŽMÙLŒ™YYX˜ÌÙLÍÂŽŽØXŽLXŒLŽXXÍÍNYXÙY˜ŒÍÍLÍŒL™ŽŒXØÌYXÙXÍÍØÍLMËÍWÓMWÐÌÍWÓMWÐÌŒÎXŒÙYXÎØÌÌMÎLÍØÌ˜Ì™ŒÙLŒM˜YX˜ÌŒÎXŒLÎYY™ÍYXX‹ÌKMÍMÌŽÌŽKŒ‹ŽLÎLLÌŒËŒLNŒŒÌÌMÍMÌŽKMŽNMÌÌÌÍNÍÌLM‹ÎMŽLÎÍÍNLŒÎLLŒÍMMMŒÎLÎMÌ‹ŒŒÎLÍÌŒŒÍNKÌÍNLNÌÍMÌÎÍŒŒŽLMÌÍMNLŒLŽMLÎÍÌMÍKÌÍNLNÌÍMÌÎÍŒŒŽLMÌÍMNLŒLŽMLÎÍÌMÍKŒŒKNNÌMLLÎKMLKML˜[ÙKKKKVT’SQS•SÔÒQÕË˜[ÙKLÌYXØ™˜˜MÙX˜ØLÌŒÙÙ™˜˜ÌMÍLÍYMŒYŽÎÙYXY™YŒÍ˜XXYLXÂŽŽØXŽLXŒLŽXXÍÍNYXÙY˜ŒÍÍLÍŒL™ŽŒXØÌYXÙXÍÍØÍLNÍWÓMWÐÌKÍWÓMWÐÌKŒÎXŒÙYXÎØÌÌMÎLÍØÌ˜Ì™ŒÙLŒM˜YX˜ÌŒÎXŒLÎYY™ÍYXX‹Ì‹ŽLŒÍÍŒÍNÌMKŒ‹ŽLNMMLNLMNKŽÌÍNŒŒÍÎMŒLKMŽNMNNŽNLÌMKËLŽMMNLÎKLLKNLÎMLŒÌÎMŒÎŒLÍÌMÌKÍŒÌÍÎMLÎLLÍÍËŒÎLLŒÍŒLŒÍLMÎKŒMNMNNNLMÍŒŒÌLËÍŒÌÍÎMLÎLLÍÍËŒÎLLŒÍŒLŒÍLMÎKŒMNMNNNLMÍŒŒÌLËNMNMNLËMMËNKLÎM‹MLËMM˜[ÙKKKKVT’SQS•SÔÒQÕË˜[ÙKLÌKŒXNY™MÌÙÌÙŽNNYŒŽM˜MÌØØÍYN˜YÌÍ˜MXLXLÙÙY˜MÂŽŽØXŽLXŒLŽXXÍÍNYXÙY˜ŒÍÍLÍŒL™ŽŒXØÌYXÙXÍÍØÍLNKÍWÓMWÐÌLÍWÓMWÐÌLŒÎXŒÙYXÎØÌÌMÎLÍØÌ˜Ì™ŒÙLŒM˜YX˜ÌŒÎXŒLÎYY™ÍYXX‹ÍŒÌŒÎLŒNMËŒ‹ŽLMŒLÍŒMÌLM‹KMLŽLLŒŽMLÎMŽNMMMMŒŒLÎKŒÌNÌLLLMKLL‹ŽLÎMLŒÍNLŽKŒŒÌMÎÎMNMNÌËÎLÍÍŒLŒÎÌÎNL‹ŒÍŽÍŽMÍLŒMÎMÌŽŽKŒLLŽLŽŒLŒLÌKÎLÍÍŒLŒÎÌÎNL‹ŒÍŽÍŽMÍLŒMÎMÌŽŽKŒLLŽLŽŒLŒLÌKLMŒËŒŒMËMMKMM‹MM‹˜[ÙKKKKVT’SQS•SÔÒQÕË˜[ÙKLÌ‹LÙ˜YÙNYLNMÙMÍYYXÌXÌXYLNNLÎLÙ˜NXLÌ˜LYŒŽX˜Œ˜˜Í‚ŽŽØXŽLXŒLŽXXÍÍNYXÙY˜ŒÍÍLÍŒL™ŽŒXØÌYXÙXÍÍØÍLŒÍWÓMWÐÌMKÍWÓMWÐÌMKŒÎXŒÙYXÎØÌÌMÎLÍØÌ˜Ì™ŒÙLŒM˜YX˜ÌŒÎXŒLÎYY™ÍYXX‹ÍKÌŒÎMÎNÌÌMŒ‹ŽLNMÌÎÌŒK‹ŒŽLŒLLMŒLÎKMŽNMNÌNLÍLËŒMÍÌŒMLLŒMKLMŒŒÌNNMLLMŒ‹ŒŒŒÍŒŽNŒMLNNKŽMLMÍÌŒLÌŽŒÍLÌMNÍL‹ŒŒLMŒŽLLMLŒŽŽMLMÍÌŒLÌŽŒÍLÌMNÍL‹ŒŒLMŒŽLLMLŒŽLÌL‹Œ‹Œ‹ŒÌ‹MNMN˜[ÙKKKKVT’SQS•SÔÒQÕË˜[ÙKLÌËYYMÌŒŽÙY™XŽNYŒÌÙY™ŽL™M™NXLÎLY˜M˜Œ™NM™YŒLŽÙMÌØÍMMŽŽØXŽLXŒLŽXXÍÍNYXÙY˜ŒÍÍLÍŒL™ŽŒXØÌYXÙXÍÍØÍLŒKÍWÓMWÐÌŒÍWÓMWÐÌŒŒÎXŒÙYXÎØÌÌMÎLÍØÌ˜Ì™ŒÙLŒM˜YX˜ÌŒÎXŒLÎYY™ÍYXX‹ÍËŒNMÍNLÎLÍŒ‹ŽLMŽMÍÎNLËËŒÌNNMŒŽŽKMŽNMMLŒLNMËŽNŽÎMÎKLMKLŽLÌÍÍÍÎNMM‹ŒNMŽŒÎLŽLŽNKŽÌÍLMÍŽMMMLËŒÌŒMÌNLLÌÍÌKŒŽNMÎMMMÌËŽÌÍLMÍŽMMMLËŒÌŒMÌNLLÌÍÌKŒŽNMÎMMMÌËMŒŒLËŒL‹ŒLK‹‹LŽ‹MŒKMŒK˜[ÙKKKKVT’SQS•SÔÒQÕË˜[ÙKLÌXXÎLØLØŽYŒÎMØÍÙ™XÌY™˜ÌŒÙY™ÍLY˜Y˜MŽ™Ž˜ÙÙLYNŒBŽŽØXŽLXŒLŽXXÍÍNYXÙY˜ŒÍÍLÍŒL™ŽŒXØÌYXÙXÍÍØÍLŒ‹ÍWÓMWÐÌKÍWÓMWÐÌKŒÎXŒÙYXÎØÌÌMÎLÍØÌ˜Ì™ŒÙLŒM˜YX˜ÌŒÎXŒLÎYY™ÍYXX‹ÎŽÌÍLNMNMÌMÎKŒ‹ŽLŒÎMÍMÍÌNKËŽLÌŒLŒŽLÌMŽKMŽNLÎLMŒŒÎËŒ‹ŽÍÍÎLŒMMNLM‹ŽNMÍŒÌÍNLÌN‹ŒŒÍLLŒŒŒMËŽMÌŒŒŽLMÎMŽLLËŒŽLÌLÎLŽÍŒ‹ŒÎMLLŒLÍÌ‹ŽMÌŒŒŽLMÎMŽLLËŒŽLÌLÎLŽÍŒ‹ŒÎMLLŒLÍÌ‹MŒMÎŒNKŒNNLŒLKÍKÍNLKMŒËMŒË˜[ÙKKKKVT’SQS•SÔÒQÕË˜[ÙKLÌKM˜YY˜ÍY™NLØXŽÌMÍX˜ÎL™˜YŒÍÍÌLYÙŽÎLNLÌÙNXÍ™M™ŽŽØXŽLXŒLŽXXÍÍNYXÙY˜ŒÍÍLÍŒL™ŽŒXØÌYXÙXÍÍØÍLŒËÍWÓMWÐÌÌÍWÓMWÐÌÌŒÎXŒÙYXÎØÌÌMÎLÍØÌ˜Ì™ŒÙLŒM˜YX˜ÌŒÎXŒLÎYY™ÍYXX‹ŒŒŒLMMMÍÍŒ‹ŽLŽMŽLNMÌ‹ŽNLÍŽLMŒNMÎLŒŽKMŽNMMMŽM‹ËŒÍÌÍŒÍÍMKLNŒLMÎÍLŒÍKŒMNŒLŒLMNNKŽÍŒÍLLNMŒŒÍMLMLÌŒÌËÍLMÌMÍLŒ‹ŽÍŒÍLLNMŒŒÍMLMLÌŒÌËÍLMÌMÍLŒ‹MÍÌŒŒKŒKMÌMË‹KLMKMK˜[ÙKKKKVT’SQS•SÔÒQÕË˜[ÙKLÌ‹MŒL™LML˜XXŒ™˜ŒYÍÍLŒÌ˜XXÙŒÍNL™NYÍMMÍÍÍYÌMØŽÍÙXÎŒÎØ‚ŽŽØXŽLXŒLŽXXÍÍNYXÙY˜ŒÍÍLÍŒL™ŽŒXØÌYXÙXÍÍØÍLÍWÓMWÐÌÍKÍWÓMWÐÌÍKŒÎXŒÙYXÎØÌÌMÎLÍØÌ˜Ì™ŒÙLŒM˜YX˜ÌŒÎXŒLÎYY™ÍYXX‹KŽLMMÍMMËŒ‹ŽLÎNMÌŒLMÌËŽKŒÎLMÎMÍÎMLKMŽNMÎMMÍLŒLÌKÌ‹ÌLLÎLÍŒÌŽËLNKLMÌMMLŒKŒLÌÌÎÍNŒMŽNKŽLLÍÌLLKŒŒŒŒNLÎMÌMLËNÍLŒŒÎLŒŒKŽLLÍÌLLKŒŒŒŒNLÎMÌMLËNÍLŒŒÎLŒŒKNLËŒÌKŒÌMMËM‹MËÌMKMŽMË˜[ÙKKKKVT’SQS•SÔÒQÕË˜[ÙKLÌË™™ŒÍ™™NLXØÙŒŒÍÍMÎYMMM˜MÌMØLÎÎLŽYM™ŒYŒMÎLÙBŽŽØXŽLXŒLŽXXÍÍNYXÙY˜ŒÍÍLÍŒL™ŽŒXØÌYXÙXÍÍØÍLŒÍKÍWÓŒÐÌKÍWÓŒÐÌKŒÎXŒÙYXÎØÌÌMÎLÍØÌ˜Ì™ŒÙLŒM˜YX˜ÌŒÎXŒLÎYY™ÍYXX‹ŽŒÌŒŒŒMŽMŽŒŽŒLŒÍÍÌMÌŒMLKŒËŽNNLŒLLËŒŒÍŽŒÍLÌÍÎNMŽÍMÎLMŽMMŒËLKŒŽLŽLŽÍMÍËŒLMÌÍÍNÍNMÎŒLNMLËMMNMMLŒÎMÍŽÌMÍMLŒÍŒÌŒMNMNMÎŒLNMLËMMNMMLŒÎMÍŽÌMÍMLŒÍŒÌŒMNMÎLNKML‹MLËÍÍKM‹M‹ÍÍÎMËMË˜[ÙKKKKVT’SQS•SÔÒQÕË˜[ÙKLÌ™ŒÌŒÌLNY™ÌY˜MLÙŒXLMÍÌÙ™MØ˜ÌŒØMXØMÙXØÍØŒYMŽŽØXŽLXŒLŽXXÍÍNYXÙY˜ŒÍÍLÍŒL™ŽŒXØÌYXÙXÍÍØÍLŒÍ‹ÍWÓŒÐÌLÍWÓŒÐÌLŒÎXŒÙYXÎØÌÌMÎLÍØÌ˜Ì™ŒÙLŒM˜YX˜ÌŒÎXŒLÎYY™ÍYXX‹ŽKMÍÍÎLÍŽLŒËŽŒLŒÌŒMÎMÌŒÌKNÌŒŒMNMŽLKNKŽNNMÌNLNNËKŽLÌLÌÌMMŽKL‹NNNÌÌÍLÍËŒNLÌÌÎLÍÌNMŒÍŽÍŽMŒËMŒÍŒLŽÎÍŒ‹NŒŒŒMÍMŒŽLŒMLÍKŒÍŽÍŽMŒËMŒÍŒLŽÎÍŒ‹NŒŒŒMÍMŒŽLŒMLÍKLLÍ‹MŒMŒÍMŽLÎKLÎÎNMKML˜[ÙKKKKVT’SQS•SÔÒQÕË˜[ÙKLÌKÍXÍÌXLÙY˜LÎXLYŽLYLØÌŒÎL™LÙ˜ÌØ˜MØÙŒŽXNLM˜ÍÙŒ™Y™™MÎXØLÎŽŽØXŽLXŒLŽXXÍÍNYXÙY˜ŒÍÍLÍŒL™ŽŒXØÌYXÙXÍÍØÍLŒÍËÍWÓŒÐÌMKÍWÓŒÐÌMKŒÎXŒÙYXÎØÌÌMÎLÍØÌ˜Ì™ŒÙLŒM˜YX˜ÌŒÎXŒLÎYY™ÍYXX‹ÌŽŒÍÍÌMLMŒŽLKŽŒLŒMLŒÍKKŒÌLŒÎNLËNKŽNNÎLÍÌÍÌKMLLÌMMŒŽÍLÍLËŽŽMÍÍLMLKŒLLLŒÍÍŒLŽLÌŒKMŒŒÎNÌÌÍMLÌŒLÍÌÎMŒNNKNMNLLŒŒMÎMÎLŒKMŒŒÎNÌÌÍMLÌŒLÍÌÎMŒNNKNMNLLŒŒMÎMÎLŒKÌÌ‹MËMËÍKLÍ‹LÍ‹ÎLL‹ML‹ML‹˜[ÙKKKKVT’SQS•SÔÒQÕË˜[ÙKLÌLMØMŽMX˜ŒÍ˜M˜YMNÌŒYŒÙYLÌNMÍŒXÙ™XŽLÍMMÍ˜LYŒYMÙBŽŽØXŽLXŒLŽXXÍÍNYXÙY˜ŒÍÍLÍŒL™ŽŒXØÌYXÙXÍÍØÍLŒÎÍWÓŒÐÌŒÍWÓŒÐÌŒŒÎXŒÙYXÎØÌÌMÎLÍØÌ˜Ì™ŒÙLŒM˜YX˜ÌŒÎXŒLÎYY™ÍYXX‹Ì‹ŒNLŽÌLLÍLÍËŽŒLŒLÌLLÍLÍŽLŽK‹ŒÍNMÍÍŽNNKNKŽNNMÍÍÌÌNLLÍ‹NKŒÌÍLÍÌNMLMLKMKŒMÍMÍMÍŒŒŒŽŒMŽNNLÌÍŽMŒKŽLÎLŒMÌMMLËLNLÌÌÌÍÎMÎMMËŒMMLÍÍÍÌŒŽLÎLŒMÌMMLËLNLÌÌÌÍÎMÎMMËŒMMLÍÍÍÌŒÎKMÍKMÍÍÍKLÌ‹LÌ‹ÎMŽKMMMM˜[ÙKKKKVT’SQS•SÔÒQÕË˜[ÙKLÌLKLMØØÎÍÙÌYNNÍMMLÍØØYŒÌXÌMM™ÎMÎMÍÙNYÌÌÌX™ÎBŽŽØXŽLXŒLŽXXÍÍNYXÙY˜ŒÍÍLÍŒL™ŽŒXØÌYXÙXÍÍØÍLŒÎKÍWÓŒÐÌKÍWÓŒÐÌKŒÎXŒÙYXÎØÌÌMÎLÍØÌ˜Ì™ŒÙLŒM˜YX˜ÌŒÎXŒLÎYY™ÍYXX‹ÌËMMŽŒŒÎŒMKŽŒLŒMÌŒLÍMÌLŒK‹ÎMNNÎÌLÍÍNKŽNNMÌLMÍÍŒÌËŒMLNÌÎÌŒÎKM‹ÌÌŒLMNLMNLËŒMÌMLMMÌŽMÌŒKÌLŒÌLŒMÍMÎMÌÍLMŒŽNLŒMÍMKŒMLŒMŒMÌŽLÎKÌLŒÌLŒMÍMÎMÌÍLMŒŽNLŒMÍMKŒMLŒMŒMÌŽLÎKŽKN‹N‹ÌÌLÍ‹LŽKLŽKÌNMMËMM‹˜[ÙKKKKVT’SQS•SÔÒQÕË˜[ÙKLÌL‹XMMÍYXM™NÌLŽYLŒYŽM˜ÌN˜ŒLX˜˜LŽXYYYYY™˜MÍYYLÙÂŽŽØXŽLXŒLŽXXÍÍNYXÙY˜ŒÍÍLÍŒL™ŽŒXØÌYXÙXÍÍØÍLÍWÓŒÐÌÌÍWÓŒÐÌÌŒÎXŒÙYXÎØÌÌMÎLÍØÌ˜Ì™ŒÙLŒM˜YX˜ÌŒÎXŒLÎYY™ÍYXX‹ÍŽMMÎLMÍLMKŽŒLŒÌLÍMÍÌÌ‹ËMNMÍÌNŒËNKŽNMÍŒÎLŒNNNKŽŽNNMMŒNÎMNKMËÍÌLLŒLMKŒŒÍÌŒÍÌÌNÌÎLŒÌŽMÎLŒÍKLLLÎNÍÌÌÎKŒÌMNŒÎLŽNMÎÌÎLŒÌŽMÎLŒÍKLLLÎNÍÌÌÎKŒÌMNŒÎLŽNMÎ‹NKNÌŒMÎLKLKMLKMNKMŒ˜[ÙKKKKVT’SQS•SÔÒQÕË˜[ÙKLÌLËÙ™ŽNLÌŒÍYYÌÍMŒŽLÎŒŒØÍMÍ™N™ŽMÍLÍÙ˜ÍYÌYNXÎYN‚ŽŽØXŽLXŒLŽXXÍÍNYXÙY˜ŒÍÍLÍŒL™ŽŒXØÌYXÙXÍÍØÍLKÍWÓŒÐÌÍKÍWÓŒÐÌÍKŒÎXŒÙYXÎØÌÌMÎLÍØÌ˜Ì™ŒÙLŒM˜YX˜ÌŒÎXŒLÎYY™ÍYXX‹Í‹ŒÎMŒŒÍÌÎÍLKŽŒLŒÎMNŽMNMKŽŒÌÌÎNLÌŒMŽKNKŽNMÌÍÍÌÌŽÎÌËŽŒÍÎLLLÌLÍÎNKNKŒMÍÌLÌÍNLKŒMÌNNÍNÍŽKÍMŒMÌÎÍŒÎÍÍKÍMNÌÌÌÎ‹ŒÍÌÌÎLLLKÍMŒMÌÎÍŒÎÍÍKÍMNÌÌÌÎ‹ŒÍÌÌÎLLLKLMÍKNMKNMKÌLMMËLŒKLŒKMNKMŒ‹MŒK˜[ÙKKKKVT’SQS•SÔÒQÕË˜[ÙKLÌMMLYXÎMŽ˜ÎLXYŒŒÙMYXÎŒØÌÎLÎLXÙŽMÌÙXÎNLLLÍÙ˜ŒYBŽŽØXŽLXŒLŽXXÍÍNYXÙY˜ŒÍÍLÍŒL™ŽŒXØÌYXÙXÍÍØÍL‹ÍWÓŒÐÌÍWÓŒÐÌŒÎXŒÙYXÎØÌÌMÎLÍØÌ˜Ì™ŒÙLŒM˜YX˜ÌŒÎXŒLÎYY™ÍYXX‹ÍËŽÍŒNNŒÍÍKŽŒLŒÍÌÌÌÌMŒKŽKŒLŽŽMŒLÌÍMNKNKŽNMÌÌÌÌNMËÎMÍMÍŒLKLLŒÍLÎMÎMLNMÌÍÍNŒŒÌMLNMLMÎNKÎLMNMŽLŒMÌLËNŽÍÍMMMÌÍMËMLLÌLÍÍÌÎLËÎLMNMŽLŒMÌLËNŽÍÍMMMÌÍMËMLLÌLÍÍÌÎLËLNÍËŒ‹ŒËÌŒLMËLMËŒŒMMM˜[ÙKKKKVT’SQS•SÔÒQÕË˜[ÙKLÌMK˜LŒXX˜Í˜˜L™Y˜ŽXÌLÍMŽNÌŽ˜NÙMŒÍØÌÍÍŽYMÙÎNMÍÍÂŽŽØXŽLXŒLŽXXÍÍNYXÙY˜ŒÍÍLÍŒL™ŽŒXØÌYXÙXÍÍØÍLËÍWÓŒÐÌKÍWÓŒÐÌKŒÎXŒÙYXÎØÌÌMÎLÍØÌ˜Ì™ŒÙLŒM˜YX˜ÌŒÎXŒLÎYY™ÍYXX‹ÎKŒÎMMNŽLÌÌMŒMŽŒLŒMÍŒLLËŽKŽLÍMÌÌÍÌÌÌKNKŽNMÌÍŽMMÍNMÌKËÍÌŒLÌLŒKLLKÍÍÎMÌLÌŒÍÍŒŒLŒŒŽNLÎMLMŒŽNŽMÌMŒÍÎÍËÎÎMMLNMÌËLÍÎŒŽM‹ŽMÌMŒÍÎÍËÎÎMMLNMÌËLÍÎŒŽM‹LÍML‹ŒŒËŽLL‹LLËŽ‹MËMË˜[ÙKKKKVT’SQS•SÔÒQÕË˜[ÙKLÌM‹XÎM™Y˜Ù˜ÙYŽMÍÌMXXØÌŒØXŽYMŒMÌÍØLLÌ˜YMMNXÍ™LÙLÌ™ÍÙBŽŽØXŽLXŒLŽXXÍÍNYXÙY˜ŒÍÍLÍŒL™ŽŒXØÌYXÙXÍÍØÍLÍWÓŒÐÌLÍWÓŒÐÌLŒÎXŒÙYXÎØÌÌMÎLÍØÌ˜Ì™ŒÙLŒM˜YX˜ÌŒÎXŒLÎYY™ÍYXX‹ŽMLLMLMŽÎ‹ŽŒLNMŽLLŒ‹ÌÍMŒÌÌÎLÍMÌÌÍËNKŽNMŒÌMNŒÌMÍLMÌMŒŒKLL‹ŽLÎMÎMŒÍLÎLLKŒŒMŒMŒÌÍŒMÍMŒKŽŒÌÌŒÎMÍMÌ‹ŒLMÍŒMLMÎNŒÌÎMÍLÌNMLÎŽŒÌÌŒÎMÍMÌ‹ŒLMÍŒMLMÎNŒÌÎMÍLÌNMLÎMLŒ‹ŒMKŒMÍŒ‹LËLËÍÍ‹MŽKMŽK˜[ÙKKKKVT’SQS•SÔÒQÕË˜[ÙKLÌMËÌXM™XŒØŽLŒÎXÌLŽYLYÙXØXØ˜˜XØÌŽÌÌNY˜ÙMØ˜YMÍÌXÂŽŽØXŽLXŒLŽXXÍÍNYXÙY˜ŒÍÍLÍŒL™ŽŒXØÌYXÙXÍÍØÍLKÍWÓŒÐÌMKÍWÓŒÐÌMKŒÎXŒÙYXÎØÌÌMÎLÍØÌ˜Ì™ŒÙLŒM˜YX˜ÌŒÎXŒLÎYY™ÍYXX‹‹MMMLÎMLŒMÌKŽŒLNLŒNM‹ÌKNLŒÎÌÍMËNKŽNMMMMÎÍÌNMÌKLËŒMÎLMMLMŒŒÌÌŒŽÌÍNŒŒÌLÌMMÍŽNKŽÌŒLŽLÍMÌMÌÍKŒÎNNLÍNLMÍÌÌŒÍÎNLÍKŽÌŒLŽLÍMÌMÌÍKŒÎNNLÍNLMÍÌÌŒÍÎNLÍKMŽÌËŒŒKŒŒŒŒLL‹L‹LËMÌ‹MÌK˜[ÙKKKKVT’SQS•SÔÒQÕË˜[ÙKLÌNÌL˜ØY™™ŒYÌÙLÙ™LLŒŒØ™YXÍMŒ™MNØØMLÍÌLŒMŒMÌNYXÎÍXÍNL™ŽŽØXŽLXŒLŽXXÍÍNYXÙY˜ŒÍÍLÍŒL™ŽŒXØÌYXÙXÍÍØÍL‹ÍWÓŒÐÌŒÍWÓŒÐÌŒŒÎXŒÙYXÎØÌÌMÎLÍØÌ˜Ì™ŒÙLŒM˜YX˜ÌŒÎXŒLÎYY™ÍYXX‹ŒNLŒÌNLNMLNKŽŒLNŒŒÎLÎŽKÌ‹MŒLÌLNMNNNNKNKŽNMMMÍLLÌŒNMËMËŽMÍŒÌÌŒNŒMKLMKLNMÍMLLËŒŒMMÍÍLÌLLLKŽLNLÌLŒŽMLLKŒÍÍŒMÍŒLKŽNÌÍŒÌLŽLŒKŽLNLÌLŒŽMLLKŒÍÍŒMÍŒLKŽNÌÍŒÌLŽLŒKNŒËŒËŽKM‹M‹ÌÍËMÍMÍK˜[ÙKKKKVT’SQS•SÔÒQÕË˜[ÙKLÌNKLM™NLÍŒÌŒMÌÌ™LŒLŒLMŽLNMNØXYYŒ˜ÎMNYL˜ŒMMÍ™˜ÍMŒ™ŽŽØXŽLXŒLŽXXÍÍNYXÙY˜ŒÍÍLÍŒL™ŽŒXØÌYXÙXÍÍØÍLËÍWÓŒÐÌKÍWÓŒÐÌKŒÎXŒÙYXÎØÌÌMÎLÍØÌ˜Ì™ŒÙLŒM˜YX˜ÌŒÎXŒLÎYY™ÍYXX‹KŽÌLŽLMŽMMËŽŒLNÌŒLÌNM‹ÌËŒÌÍŒÍŽMÍÍLËNKŽNMMŒMMLLŽŒŽLŒËŒ‹ŽLŒMŒM‹LM‹ŽNLŒLLMNËŒŒŒLNÍŒNLŽKŽLMŒMLŒŒNÍ‹ŒÍLŽMÌLLÍÍÎLÌ‹ŽLŒÍÎŒŽLÍLÍËŽLMŒMLŒŒNÍ‹ŒÍLŽMÌLLÍÍÎLÌ‹ŽLŒÍÎŒŽLÍLÍËŒŒÍŒÍŒŽNËKKLÍŽMÍËMÍË˜[ÙKKKKVT’SQS•SÔÒQÕË˜[ÙKLÌŒØÙXLÎLÌ™ØÙM™MMYŒŒM˜NMYŒMLLÌMXÙÍŒYÙÎMŒÌMNLÎÍBŽŽØXŽLXŒLŽXXÍÍNYXÙY˜ŒÍÍLÍŒL™ŽŒXØÌYXÙXÍÍØÍLÍWÓŒÐÌÌÍWÓŒÐÌÌŒÎXŒÙYXÎØÌÌMÎLÍØÌ˜Ì™ŒÙLŒM˜YX˜ÌŒÎXŒLÎYY™ÍYXX‹ËNLÍÍLŒLMLÌÌKŽŒLMÎÍLŽÌMŽÍŒNLMÎMŒÍLÌËNKŽNMNMÌÍLŒ‹ËMŒÍŽML‹LNŒLLŽNLŒKŒÎLMŽŒMŒNŽNNŽMÌNLMMÎMLŽLNŒÌŒMŒŽLŒŽMÍÌ‹ÌNŽLÌÍMM‹ŽMÌNLMMÎMLŽLNŒÌŒMŒŽLŒŽMÍÌ‹ÌNŽLÌÍMM‹ŒMŒŒKKŒL‹KNNMËMÎKMÎK˜[ÙKKKKVT’SQS•SÔÒQÕË˜[ÙKLÌŒKLN˜ÌLL™Y˜ØNYYMŒÍ˜NXŒÍMLÙN˜ŽY™ŒÌ™ŒØÍ˜™ÎM™XMÌ˜BŽŽØXŽLXŒLŽXXÍÍNYXÙY˜ŒÍÍLÍŒL™ŽŒXØÌYXÙXÍÍØÍLKÍWÓŒÐÌÍKÍWÓŒÐÌÍKŒÎXŒÙYXÎØÌÌMÎLÍØÌ˜Ì™ŒÙLŒM˜YX˜ÌŒÎXŒLÎYY™ÍYXX‹KŒÍŒLŒÌŒËŽŒLMÍÌÌÍŒŽËÍKŒLÍÌÌËNKŽNMMLŒLMN‹Ì‹ÎMÌÎLÍÍËLNKLMŒŽÍŒŒLÍMMLNNMNMLKŽMMNMÌÌKŒŽÍÍŽLŒLNÌLMLÌLMLÍLŽMMNMÌÌKŒŽÍÍŽLŒLNÌLMLÌLMLÍLŒÌNË‹KNNKÌËÍŒÌNKN˜[ÙKKKKVT’SQS•SÔÒQÕË˜[ÙKLÌŒ‹X˜Œ™MLLMMÌÌM™LØMÍ˜™˜MÍN˜ŒLØÌÙYMŽLMÌÙ™˜XLÌM™Y˜Œ‚ŽŽØXŽLXŒLŽXXÍÍNYXÙY˜ŒÍÍLÍŒL™ŽŒXØÌYXÙXÍÍØÍLŒŒ‹ÍWÓWÐÌKÍWÓWÐÌKŒÎXŒÙYXÎØÌÌMÎLÍØÌ˜Ì™ŒÙLŒM˜YX˜ÌŒÎXŒLÎYY™ÍYXX‹ÍŒŒMÍŒMÌÌ‹ÍŒÌÍLLLŒŽLÌŒËŽŽŒMNNNLKKŒLÎLŽMŽKŽMÌÌÌÎLNMM‹LKŒŽLÍLMŒŽÍL‹ŒLŒMÍMÌÎLÎMŒKNMLŒÍŒŽÍMMËŒÌÍÍÌLÎŒÌLÍŒŽÍŒMLNLKNMLŒÍŒŽÍMMËŒÌÍÍÌLÎŒÌLÍŒŽÍŒMLNLKNMKM‹MËÎNËMMKMMKLMÍMŒMŒ˜[ÙKKKKVT’SQS•SÔÒQÕË˜[ÙKLÌŒËYÌØÍ™MXÍLÎMŒŒMÙ™™ŒŒX™ŒMÍL™LÍŒ˜˜ÎLÙ™MLŒN™ŒÂŽŽØXŽLXŒLŽXXÍÍNYXÙY˜ŒÍÍLÍŒL™ŽŒXØÌYXÙXÍÍØÍLŒŒËÍWÓWÐÌLÍWÓWÐÌLŒÎXŒÙYXÎØÌÌMÎLÍØÌ˜Ì™ŒÙLŒM˜YX˜ÌŒÎXŒLÎYY™ÍYXX‹ÍKŒNMŒLÎLÍMËÍŒMMÍÎÌÍLKŽKÍNLNLŽKŽNNMLLMŒŽLÍNKÍNÌÌLLMÌM‹L‹NLMÍMLMM‹ŒMLÍMÍÎMÍLÍŒKŽÍÌÎLNMÍNÍNMMÌNMÍMMÌÌËŒÎLŒLÌÍMMŒŽMÍŽŽÍÌÎLNMÍNÍNMMÌNMÍMMÌÌËŒÎLŒLÌÍMMŒŽMÍŽNMÌËMÍKÎLML‹ML‹NNKMŒËM˜[ÙKKKKVT’SQS•SÔÒQÕË˜[ÙKLÌ˜MY˜LÙÍYYXXÙ˜ÙMÎYLÌÙMLŒŒLÌMXMÙMXLÌÌÍÎLÎMÌÌÙ™ÍŽBŽŽØXŽLXŒLŽXXÍÍNYXÙY˜ŒÍÍLÍŒL™ŽŒXØÌYXÙXÍÍØÍLŒÍWÓWÐÌMKÍWÓWÐÌMKŒÎXŒÙYXÎØÌÌMÎLÍØÌ˜Ì™ŒÙLŒM˜YX˜ÌŒÎXŒLÎYY™ÍYXX‹ÍËŒÍÍÍÌLLMÎN‹ÍŒÍÌÍÌLNNŒKÌÎLÌLLLKŒMLŒÌŒÍËMNÍÍÌÍŒLŒLËŽÎLLMMÍÍÌŒŒÎKŒLMMŒŒÍÍKÌNMNLML‹NÍÌŒNÌŽMÌKÎLŒŽMÍMLLÎMËÌNMNLML‹NÍÌŒNÌŽMÌKÎLŒŽMÍMLLÎMËLŒËNKNÎŒÎMKMKŒ‹MKM‹˜[ÙKKKKVT’SQS•SÔÒQÕË˜[ÙKLÌKLNX™M˜˜ØŒLÍÍ™XMÍ™L™XØÎXØØŒØLÙMLNLÌ™XLYX™ÙØXŽBŽŽØXŽLXŒLŽXXÍÍNYXÙY˜ŒÍÍLÍŒL™ŽŒXØÌYXÙXÍÍØÍLŒKÍWÓWÐÌŒÍWÓWÐÌŒŒÎXŒÙYXÎØÌÌMÎLÍØÌ˜Ì™ŒÙLŒM˜YX˜ÌŒÎXŒLÎYY™ÍYXX‹ÎMÌÎMLLLÌËÍŒLÌMŒKÌKŒÌLŒÌLNLÌÌMŽNNMÍŽŒMMM‹NKŒÌÌLNMÌŒŒÌL‹MKŒMÍMLÍŒMŽŽMMŒMLÍÍŒÎMŒÍÌKÌÎÍŒNŒŽÌŒ‹MÌLŒLŒÍÎÍKMÍÍÌÌMMNLŒMKÌÎÍŒNŒŽÌŒ‹MÌLŒLŒÍÎÍKMÍÍÌÌMMNLŒMKKNNÍÌÎMKM‹ÌLKMŽMË˜[ÙKKKKVT’SQS•SÔÒQÕË˜[ÙKLÌ‹XÌM˜XYYMMMØÍÌ™ŒM˜ÌØŒÌ˜MYLÎÍÙ˜ØXØŒÍMØNYNÌØLL‚ŽŽØXŽLXŒLŽXXÍÍNYXÙY˜ŒÍÍLÍŒL™ŽŒXØÌYXÙXÍÍØÍLŒ‹ÍWÓWÐÌKÍWÓWÐÌKŒÎXŒÙYXÎØÌÌMÎLÍØÌ˜Ì™ŒÙLŒM˜YX˜ÌŒÎXŒLÎYY™ÍYXX‹ŒLLŒÍLŒNLŒLKÍŒLÍLMÍŒNLŒÍÌ‹ŒMMLMÌŒMÍÍNŽNNÌÌÎÍLÌŒŽM‹ŒMŒŒŽÍNLMÎKM‹ŽNLMMMMMKŒMŽNMÌŒÎÌ‹ÍÎÌŽÌLNÌÌ‹MMÎMLNLÌÌÍÌ‹ÍLÍLÌLMNÌÌKÍÎÌŽÌLNÌÌ‹MMÎMLNLÌÌÍÌ‹ÍLÍLÌLMNÌÌKLLKNM‹NM‹ÍLM‹MËÍÍËMÌMÌ˜[ÙKKKKVT’SQS•SÔÒQÕË˜[ÙKLÌËMNÎNMLLŒMØ™LLŽ™MÌŒLMYL™LŒYM™ŒØÎÍXŽMYXX™LXÎMÎXÂŽŽØXŽLXŒLŽXXÍÍNYXÙY˜ŒÍÍLÍŒL™ŽŒXØÌYXÙXÍÍØÍLŒËÍWÓWÐÌÌÍWÓWÐÌÌŒÎXŒÙYXÎØÌÌMÎLÍØÌ˜Ì™ŒÙLŒM˜YX˜ÌŒÎXŒLÎYY™ÍYXX‹KŽÍŒÌNNMNKÍŒÍMÍÌNNKÌËŒNLMŒŽÌÌŽLÎN‹ŽNNLNMŒÎMÌMKŽŽNMŽLÍÌŽNLÌŒËMËÍMÌŽÍÎMÍKŒNLŒŒÎMÍÍÌŽMKÎMÍŒMÍMMÌ‹MŒŒMŒÌÌMÎLÍMÍÌÍMŒÍNLŽMËÎMÍŒMÍMMÌ‹MŒŒMŒÌÌMÎLÍMÍÌÍMŒÍNLŽMËLŒMËŒËŒËÍMLÍËLÎLÎÎLKMÌËMÌË˜[ÙKKKKVT’SQS•SÔÒQÕË˜[ÙKLÌŽÎŒXÍNŒXL™ÍŽÌØMÎYŒÙ™ŒÙ™MÍŒÌLÎ˜ÍMML™NXY˜™™LL™™BŽŽØXŽLXŒLŽXXÍÍNYXÙY˜ŒÍÍLÍŒL™ŽŒXØÌYXÙXÍÍØÍLŒŽÍWÓWÐÌÍKÍWÓWÐÌÍKŒÎXŒÙYXÎØÌÌMÎLÍØÌ˜Ì™ŒÙLŒM˜YX˜ÌŒÎXŒLÎYY™ÍYXX‹ËŒÌMŽLŒMÍMLLKÍŒÍŒLNŽÌMËÌËŽMÍLŒLLLMKŽNMÌMÌMÍÎMÌŒL‹ÌËŽŽMMÎÌNKŒNNLÍÍLÎMÌËŒŒŒMÍNNNŽŒLÍŽMLÌÍMŒÌŽM‹LŽNMÍNÍÍLNŽÌMŒŒŒÍMŽLKŽŒLÍŽMLÌÍMŒÌŽM‹LŽNMÍNÍÍLNŽÌMŒŒŒÍMŽLKLÎŽŒKŒLÍLKLÍLÍLÌ‹MÍKMÍK˜[ÙKKKKVT’SQS•SÔÒQÕË˜[ÙKLÌŽK˜ÙLLŒ˜X˜LÎØ˜MØÎÎXÍØÎY™LŒØŽÙŒLÙXÌMLÌÍŽXŒMÙ˜XŒŽŽØXŽLXŒLŽXXÍÍNYXÙY˜ŒÍÍLÍŒL™ŽŒXØÌYXÙXÍÍØÍLŒŽKÍWÓWÐÌÍWÓWÐÌŒÎXŒÙYXÎØÌÌMÎLÍØÌ˜Ì™ŒÙLŒM˜YX˜ÌŒÎXŒLÎYY™ÍYXX‹ŽMŒMÎNLÍLKÍŒLNÎMKÍÎŒÎNNMNKŽNMLMLŒÌMLMËÎMÌLÎLŒNLLŒÍLÌMLÌŒŽŒÌËŒŒNÍMMLNMLËŽÎLÌŽLŒLŒLÍÌÌKLLÍÌMMMLŒŒ‹ŽMŽMŒLLNŒMKŽÎLÌŽLŒLŒLÍÌÌKLLÍÌMMMLŒŒ‹ŽMŽMŒLLNŒMKMMMŽKŒM‹ŒMËÌÍËLÌLÌMÍMÎMÍË˜[ÙKKKKVT’SQS•SÔÒQÕË˜[ÙKLÌÌÍÎŒÎMNLLÍÍÎLYØ˜ØMÎMØMLLÎXYŽYÌLYNYYØÍØ˜MŒØYMXXBŽŽØXŽLXŒLŽXXÍÍNYXÙY˜ŒÍÍLÍŒL™ŽŒXØÌYXÙXÍÍØÍLŒÌÍWÓWÐÌKÍWÓWÐÌKŒÎXŒÙYXÎØÌÌMÎLÍØÌ˜Ì™ŒÙLŒM˜YX˜ÌŒÎXŒLÎYY™ÍYXX‹‹ŒÍÍNNLNKÍŒŒŒLNKÍKŽMLNLÍLÍLŒÍNŽNMŒŒLMMLÎMËLÌŒŽÌLŽKLLKÍŒMÎLKŒŒÌÎÍÎŽM‹ŽÍLLŽLÍNLËLÍÌÌÍÌÌÌKÌÍÍMŒLÌÌŒÌKŽÍLLŽLÍNLËLÍÌÌÍÌÌÌKÌÍÍMŒLÌÌŒÌKMÌŽKŒŒËŒŒ‹ÌŒŽML‹LËŒÌM‹NNK˜[ÙKKKKVT’SQS•SÔÒQÕË˜[ÙKLÌÌK˜XŽØ™MØÍLÙML˜MM™XŽNÙŒYŒ™XŒYŽÎXØXŒ™Y˜YNMM™™LBŽŽØXŽLXŒLŽXXÍÍNYXÙY˜ŒÍÍLÍŒL™ŽŒXØÌYXÙXÍÍØÍLŒÌKÍWÓWÐÌLÍWÓWÐÌLŒÎXŒÙYXÎØÌÌMÎLÍØÌ˜Ì™ŒÙLŒM˜YX˜ÌŒÎXŒLÎYY™ÍYXX‹ÌÍŽMÍËÍŒLMÍÎŒÍMŒŒ‹Í‹ŒMŒÎMÍŒNMËŽNMLÍLMŒMŒÌÍŒÌŒMLŒNMŒMLKLL‹ŽMÎLÌŒÌLËŒMNNLÍÍMÌMÍŒ‹ŽNNLŽŒÌLMŒLËÌÎMÌŒŽL‹ÌMLMMÌÍMŒŽMÍËŽNNLŽŒÌLMŒLËÌÎMÌŒŽL‹ÌMLMMÌÍMŒŽMÍËNMÍËŒŽKŒÌÌLMKLŒKLŒ‹ŽMMËNËNË˜[ÙKKKKVT’SQS•SÔÒQÕË˜[ÙKLÌÌ‹Ø˜ŒYNÍÎXY™YŒÎLÌŽNMLMÌLMÙMŒ˜ŒŒNMØØØÍX˜ÍÌÌN™ÙXŒŽŽØXŽLXŒLŽXXÍÍNYXÙY˜ŒÍÍLÍŒL™ŽŒXØÌYXÙXÍÍØÍLŒÌ‹ÍWÓWÐÌMKÍWÓWÐÌMKŒÎXŒÙYXÎØÌÌMÎLÍØÌ˜Ì™ŒÙLŒM˜YX˜ÌŒÎXŒLÎYY™ÍYXX‹LŒNLÍŽÌÍÌNKÍŒMÌÌÌŒLMKÍËMMŒŒLÍÎÎŽNMMŽNNLNLÎLŒÍ‹LËŒMLLÎMŽMŒŒÍŽLMŒŒÍÎNMLNKŒLMŽLŽÎNNKŽLMMŽLNLLNKLÍÌÌÍŒÌLLNÌŒÌŽLÍŒÎŽMÌMKŽLMMŽLNLLNKLÍÌÌÍŒÌLLNÌŒÌŽLÍŒÎŽMÌMKŒËŒÍ‹ŒÍ‹ŽMÌNKLM‹LM‹ÍNNKNKNK˜[ÙKKKKVT’SQS•SÔÒQÕË˜[ÙKLÌÌË™LÌŒØÙŽLXŒÙŒØ™L˜ÌL˜X™˜ØLŽMØØØYM˜ÌYLÙMÎLØÌYXÙŒ™™XX˜‚ŽŽØXŽLXŒLŽXXÍÍNYXÙY˜ŒÍÍLÍŒL™ŽŒXØÌYXÙXÍÍØÍLŒÌËÍWÓWÐÌŒÍWÓWÐÌŒŒÎXŒÙYXÎØÌÌMÎLÍØÌ˜Ì™ŒÙLŒM˜YX˜ÌŒÎXŒLÎYY™ÍYXX‹L‹ŒŒŽMÌLŽMŒÍÍŒŒÍÍNÌÎLËÎLLMŒÌŽÌŒËŽNMŒMŽLÌL‹MËŽMÍÍŽMNLÍÌMËLMKLLLÌÍMMLŒÍËŒŒÌMŒŒLLŽŽMLŒLŽLMNLLNÌLÍLÌÌŽNLÌŽÌÍŒÌNMŽMÍMLŒŽMLŒLŽLMNLLNÌLÍLÌÌŽNLÌŽÌÍŒÌNMŽMÍMLŒŒŒŽN‹‹ŽŽKLLLLŒÎNNK˜[ÙKKKKVT’SQS•SÔÒQÕË˜[ÙKLÌÍMÎØŒÍMŒL˜Y˜™™ŒŒX˜˜ÎÍÍMŒNŽNMÍÌÍŒŒŽØMÙYMMØØ™XÌL‚ŽŽØXŽLXŒLŽXXÍÍNYXÙY˜ŒÍÍLÍŒL™ŽŒXØÌYXÙXÍÍØÍLŒÍÍWÓWÐÌKÍWÓWÐÌKŒÎXŒÙYXÎØÌÌMÎLÍØÌ˜Ì™ŒÙLŒM˜YX˜ÌŒÎXŒLÎYY™ÍYXX‹LËŽMLÍÍLŽMMÍÌÌËÍŒLÍÍÌŒÎMÍNNÎKÎÍŒNNÎLŒKŽNMLLÌŒMÌNMMËŒ‹ŽÎLLŒÌËLM‹ŽMÍLNNLÎMÍÍŒÍMÌLÌŽKŽMÍMLÍMÌÍLŒMŒÌM‹ÌŒLŽNL‹ÍNMNLMMÎKŽMÍMLÍMÌÍLŒMŒÌM‹ÌŒLŽNL‹ÍNMNLMMÎKŒÎLÌ‹KKÎLLËÎKNLNL˜[ÙKKKKVT’SQS•SÔÒQÕË˜[ÙKLÌÍKŽ™˜ØX™LLŒLÙLÎLMNMÙŽÍ˜ÍNLYM™NLNMÎNLÍXNLXÙÍNMŽŽŽØXŽLXŒLŽXXÍÍNYXÙY˜ŒÍÍLÍŒL™ŽŒXØÌYXÙXÍÍØÍLŒLKÍWÓÌÐÌKÍWÓÌÐÌKŒÎXŒÙYXÎØÌÌMÎLÍØÌ˜Ì™ŒÙLŒM˜YX˜ÌŒÎXŒLÎYY™ÍYXX‹ŽÍÌLÍŒNMÍLNLÍŒMÍŽŽÎLÌLKŽKŽNNNLÌÎLÌNLKŽÌÎÌÌËLKŒŽMNLLŒÎMÍLLLKŒLŒŒMŒNÌŽLÌÎMMNMMMLŒMÍLNMŽÍÍÎLNMÎLKÌŽLÌÎMMNMMMLŒMÍLNMŽÍÍÎLNMÎLKŒNMÎKNÌŒMŽMŽKŒMKMÍMÍ˜[ÙKT’U‘QT‘ÐŽLŒM‹‹KKVT’SQS•SÔÒQÕË˜[ÙKLÌÍ‹ØL™LÙMÌMÌMŒŒYXÌÙŽLXÍŽXÎM™Ž˜LNLXÙX˜˜ØLMLMŒ˜XN˜Ž˜™ÌL˜‚ŽŽØXŽLXŒLŽXXÍÍNYXÙY˜ŒÍÍLÍŒL™ŽŒXØÌYXÙXÍÍØÍLŒL‹ÍWÓÌÐÌLÍWÓÌÐÌLŒÎXŒÙYXÎØÌÌMÎLÍØÌ˜Ì™ŒÙLŒM˜YX˜ÌŒÎXŒLÎYY™ÍYXX‹‹ŽMÌLÎMLÎËÍÎÎNMMMKÍKŒÎÌÎŒÍLÎM‹ŽKŽNNŽLLMÌKÌLŽŒMŒKL‹NNMLÌMŒLÌŒŒLÍÌŽMNNNKÌÌÍÍŒMŒÎŒÌËÍÎŽLÎÌNMÌÍKŽLÍMNLMMMLÌÎÍM‹ÌÌÍÍŒMŒÎŒÌËÍÎŽLÎÌNMÌÍKŽLÍMNLMMMLÌÎÍM‹ËNËNLËMKMKLŽKMÍ‹MÍË˜[ÙKKKKVT’SQS•SÔÒQÕË˜[ÙKLÌÍËYÌY™LNŽLÙNMMØYLMÎXŽÌM˜ŽL™MÎÍYŽÍL˜Y˜XŒXØ™™ŽŽØXŽLXŒLŽXXÍÍNYXÙY˜ŒÍÍLÍŒL™ŽŒXØÌYXÙXÍÍØÍLŒLËÍWÓÌÐÌMKÍWÓÌÐÌMKŒÎXŒÙYXÎØÌÌMÎLÍØÌ˜Ì™ŒÙLŒM˜YX˜ÌŒÎXŒLÎYY™ÍYXX‹ŒŽMÌÍÌLLMŒLKÍMÍLŽÍŒLMLÍ‹ŒÌÌŒÎÎNËÌŒŒÍÌMÎMÌ‹MLLÌŽLÌÍL‹LËŽÎMÎLMŽMMŽL‹ŒLŒŽŒMÌÍÌLNËÍŒÎÍMŒŽMÎMÍKŒÍMMLŒÍMŽLÌÌŒM‹ÌÌŒÌÎÍNLÎLËÍŒÎÍMŒŽMÎMÍKŒÍMMLŒÍMŽLÌÌŒM‹ÌÌŒÌÎÍNLÎLËLŒKNMKNMMKMŒ‹MŒËNLŒ‹MÎKMÎK˜[ÙKKKKVT’SQS•SÔÒQÕË˜[ÙKLÌÎ˜NÎXMÍY™ÙŒM˜˜ŒÌYMYYNYŒŒMÙÌXYŒ™˜ŽŒXMLYNÍXÂŽŽØXŽLXŒLŽXXÍÍNYXÙY˜ŒÍÍLÍŒL™ŽŒXØÌYXÙXÍÍØÍLŒMÍWÓÌÐÌŒÍWÓÌÐÌŒŒÎXŒÙYXÎØÌÌMÎLÍØÌ˜Ì™ŒÙLŒM˜YX˜ÌŒÎXŒLÎYY™ÍYXX‹KÍLMŒËÍÍŒÌÌÍŒÍMMÎÍËŒÍÌÍÌÎMKŽKŽNNNNÌÎŒM‹NKŒÌÌŒÌNŒŽÎLËMKŒMÍMŒÌÍÌÌKŒMŒŒLLNŒNKÎLÌŒŒÌLÎLMÎL‹ŒŒÎMŒLLËÌLŽMMŒÌÎLÎM‹ÎLÌŒŒÌLÎLMÎL‹ŒŒÎMŒLLËÌLŽMMŒÌÎLÎM‹LNNŒ‹Œ‹ÎL‹MNKMNKMÍKNKNK˜[ÙKKKKVT’SQS•SÔÒQÕË˜[ÙKLÌÎKŽXÌYXÍX˜MÍØÙYXXÌŒØYL˜ØMØØÌÌ™LŒLÍØXŒŽYX˜ÍŒMŒÌLXÙ‚ŽŽØXŽLXŒLŽXXÍÍNYXÙY˜ŒÍÍLÍŒL™ŽŒXØÌYXÙXÍÍØÍLŒMKÍWÓÌÐÌKÍWÓÌÐÌKŒÎXŒÙYXÎØÌÌMÎLÍØÌ˜Ì™ŒÙLŒM˜YX˜ÌŒÎXŒLÎYY™ÍYXX‹ËÌLŽLMÍÍLËÍLŽNMNLŒŒÌ‹ÎŒNLMNMÌMÍËŽKŽNNLÍLŒNÌËŒMŒLÍLÍLŒËM‹ÌŒMMMÍÌŒL‹ŒMŽNŒÌŒÎNMŽKŽŒNMNÎNLŒ‹ŒÍLÍLŽMÌŒÍLLŒLÍÍMŒNŽŒNMNÎNLŒ‹ŒÍLÍLŽMÌŒÍLLŒLÍÍMŒNLÎ‹ŒLŒLÎNMMMKMM‹ÌŒŽKNNË˜[ÙKKKKVT’SQS•SÔÒQÕË˜[ÙKLÍXØØÍÌÍÎXŒXLMLNŒXYÙ™NMYLLÍLÍNÌYYÍLØL˜ÌLYYYÎŽŽØXŽLXŒLŽXXÍÍNYXÙY˜ŒÍÍLÍŒL™ŽŒXØÌYXÙXÍÍØÍLŒM‹ÍWÓÌÐÌÌÍWÓÌÐÌÌŒÎXŒÙYXÎØÌÌMÎLÍØÌ˜Ì™ŒÙLŒM˜YX˜ÌŒÎXŒLÎYY™ÍYXX‹KŒŒŽÍMMNLLKÍŒŽLMÍÍŒMKÎKŒMMŒŽMŒNLLLŽKŽKŽNMÍŒMÍLLÍÍLKŽŽNMŒMLÍÍŽMKMËÍLÎNLÎMMÎŒNNMMÍŒÍLKŽLÍŒLÍMŒMÌÍŽMNMŒMÍMÍLŽÍKÌÌŒLÍŽLŒLMKŽLÍŒLÍMŒMÌÍŽMNMŒMÍMÍLŽÍKÌÌŒLÍŽLŒLMKMMÌLŒMËŒMËÎMKML‹ML‹ÎKN‹NË˜[ÙKKKKVT’SQS•SÔÒQÕË˜[ÙKLÍKXŒ˜ÙÙL˜ŒÎÌ˜NLMÙ˜MŽXLLŒÌŒLXÌŽXŒØŽMÍLYØ˜NÙŒ™MMÌÂŽŽØXŽLXŒLŽXXÍÍNYXÙY˜ŒÍÍLÍŒL™ŽŒXØÌYXÙXÍÍØÍLŒMËÍWÓÌÐÌÍKÍWÓÌÐÌÍKŒÎXŒÙYXÎØÌÌMÎLÍØÌ˜Ì™ŒÙLŒM˜YX˜ÌŒÎXŒLÎYY™ÍYXX‹LKŒÍMÍNŽMLLËÍMŒMMMKŒLÍÌNLŒMÍLÍÌLËŽKŽNMÌŒÌNLÎNMNÌËŽŽŽMÎMKNKŒNÌÍLLLLLŒNMŒLÎMNLÌLÍŒKŽÍÍŽNMŒŒÎLMMÍÍKMÎMMŒMŒÍMLMKÍMNLÍÌLŒ‹ŽÍÍŽNMŒŒÎLMMÍÍKMÎMMŒMŒÍMLMKÍMNLÍÌLŒ‹MÍLŒŒŒKÍÎM‹MMLÌ‹NKNL˜[ÙKKKKVT’SQS•SÔÒQÕË˜[ÙKLÍ‹ÙLLÍLNLÎYŽLÌÌŽÍÎXÌMÙ™LMLYÍÌÌÌÌÙLÎY™XŒÌÙŽM˜ÌØÍLBŽŽØXŽLXŒLŽXXÍÍNYXÙY˜ŒÍÍLÍŒL™ŽŒXØÌYXÙXÍÍØÍLŒNÍWÓÌÐÌÍWÓÌÐÌŒÎXŒÙYXÎØÌÌMÎLÍØÌ˜Ì™ŒÙLŒM˜YX˜ÌŒÎXŒLÎYY™ÍYXX‹L‹ŽLÍMMLN‹ÍLŽMMÍÍLÎKŒLÍNMLŒŒÌÍŒÌŽKŽNMŽNÍÍÌLŒÌMËÎNLLLŒKLLŒÍLÌMMNÌÌÌÍËŒŒŒLŽMÌÍÎLÌKŽLÎŒÍÍNKMŒÌNLŒŒLÌŒMLËÍLNMÍMLŒŽMŽM‹ŽLÎŒÍÍNKMŒÌNLŒŒLÌŒMLËÍLNMÍMLŒŽMŽM‹NLÌKŒÌKŒÌKÍŽÎMËMËLNNLKNLK˜[ÙKKKKVT’SQS•SÔÒQÕË˜[ÙKLÍËMÌÍÍMNLŒNYLŒ™ÌÌYM˜LXÌNYLXŒÌÙXØLÌŒÍÌÌÍL™™ŽŽØXŽLXŒLŽXXÍÍNYXÙY˜ŒÍÍLÍŒL™ŽŒXØÌYXÙXÍÍØÍLŒNKÍWÓÌÐÌKÍWÓÌÐÌKŒÎXŒÙYXÎØÌÌMÎLÍØÌ˜Ì™ŒÙLŒM˜YX˜ÌŒÎXŒLÎYY™ÍYXX‹MÍÎLÎMÍÎLLLMKÍLMMÍÍLÍMŒ‹ŒMLLMLLNMŽÌ‹ŽKŽNMÌÌÌÌŒLLLËËLÎLŒÍÍMŒ‹LLKŽNMÌÎMŒŒLLÍÍÌNKŽLÌMNMMÌÎŒ‹MMNNMŒÍÍML‹ÍŒÍLNLÌËŽLÌMNMMÌÎŒ‹MMNNMŒÍÍML‹ÍŒÍLNLÌËŒLMKŒÎŒÎÍMÍËLÎKMNÍ‹NMNMK˜[ÙKKKKVT’SQS•SÔÒQÕË˜[ÙKLÍMLÎMLMYXŒYYŽLXLØLLMÍ™ŒXMMXÙÍÙÌX˜M˜ÍŽ™ŒØŒN˜ÂŽŽØXŽLXŒLŽXXÍÍNYXÙY˜ŒÍÍLÍŒL™ŽŒXØÌYXÙXÍÍØÍLŒŒÍWÓÌÐÌLÍWÓÌÐÌLŒÎXŒÙYXÎØÌÌMÎLÍØÌ˜Ì™ŒÙLŒM˜YX˜ÌŒÎXŒLÎYY™ÍYXX‹M‹ÌNÍÍŽMÎKÍMÎMÌŒÎÍLÌÎËŒNLŒÍÌŒÎMËŽKŽNMÍLŒŒŒÌÌŒKŒÌNLŽŒMLKLL‹ŽLÎÌLÍÍŒŒÌNKŒŒŒMLMÌLŽKŽMNŽŒLÍŒÍMM‹LÌŽÍÍÎLÍŒKÍÌÍÌÌÍŒNNLÌNLËŽMNŽŒLÍŒÍMM‹LÌŽÍÍÎLÍŒKÍÌÍÌÌÍŒNNLÌNLËŒÎ‹KÍMLÍLÍ‹L‹NM‹NMË˜[ÙKKKKVT’SQS•SÔÒQÕË˜[ÙKLÍKXNMYNLL˜LNYMLØŽ™X˜X™YØÌXLNYMLŽÎÍNXÌMŽŽØXŽLXŒLŽXXÍÍNYXÙY˜ŒÍÍLÍŒL™ŽŒXØÌYXÙXÍÍØÍLŒŒKÍWÓÌÐÌMKÍWÓÌÐÌMKŒÎXŒÙYXÎØÌÌMÎLÍØÌ˜Ì™ŒÙLŒM˜YX˜ÌŒÎXŒLÎYY™ÍYXX‹NŽNMLÎNLÎÌM‹ÍÌMŒÍËŒŒMÌÍŒNNNNKŽKŽNMMMMLÍÌMNNÍLËŒMÍMÍÍÎLLKLMŒŒÌNÌŽNMŽŒŒMMÍÎMŒŒÎNKŽNMÌÌŽLNÌMŒËLÌŽLÌMNMLÌÍL‹ÎŽLLÌLŽÌŽNMÌÌŽLNÌMŒËLÌŽLÌMNMLÌÍL‹ÎŽLLÌLŽÌLËLKLKÌÌKLŽKLÌLLLÍ‹NNKNNK˜[ÙKKKKVT’SQS•SÔÒQÕË˜[ÙKLÍ‹ŽYÍÍLMØYNNÌÙÍYÍMÌÎYXÌMNLØŒŒÌL™˜NLŒ™NLÙÎNLL™LÙŽŽØXŽLXŒLŽXXÍÍNYXÙY˜ŒÍÍLÍŒL™ŽŒXØÌYXÙXÍÍØÍLŒ‹ÍWÓÍWÐÌKÍWÓÍWÐÌKŒÎXŒÙYXÎØÌÌMÎLÍØÌ˜Ì™ŒÙLŒM˜YX˜ÌŒÎXŒLÎYY™ÍYXX‹ŒÍŒÍÍŒŒMMÍMÎŒÎÌÍLÌLNMMKÎNLÌÌŒÌŽÌÍ‹ÍKŒÎMŒLLLMKŽÍÎLNŒŒMMËLKŒŽLŒNNŒŽLNNLLËŒLNÎÎLLŒËÍMÌLŒÍLÌÎLÍÌLMLŒMLÌMÎMÌËÌÍÌLLÎMLÎMKÍMÌLŒÍLÌÎLÍÌLMLŒMLÌMÎMÌËÌÍÌLLÎMLÎMKMMÌKNLËNLËŽMËN‹NKLKNËN‹˜[ÙKKKKVT’SQS•SÔÒQÕË˜[ÙKLÍËØLMLÌŒÌÍÍØÌŽŒŒ™XŒLNNMÌ™LÙŒ™NŽM˜YŒ™YYŽXMMÍNXÌÌØMÂŽŽØXŽLXŒLŽXXÍÍNYXÙY˜ŒÍÍLÍŒL™ŽŒXØÌYXÙXÍÍØÍLŒËÍWÓÍWÐÌLÍWÓÍWÐÌLŒÎXŒÙYXÎØÌÌMÎLÍØÌ˜Ì™ŒÙLŒM˜YX˜ÌŒÎXŒLÎYY™ÍYXX‹LŒNNNMÌNMÍ‹ŒÎÍMÎŒÍÍMÍÌKKŽÎŒMMÌÍMNÍKŒLNLÌKKŽMMÌÌMÍMÌÌ‹L‹NMLLÍÍÎNKŒLMŒNMÎNŒŒ‹ÎÎLNLMÍLŒŽMLKÌŽMÍLLÎÍNÍMMÎŒÍÍŽMËÎÎLNLMÍLŒŽMLKÌŽMÍLLÎÍNÍMMÎŒÍÍŽMËLMŒÍŒKŒKNLNMÎKMÎÍŽNLNL˜[ÙKKKKVT’SQS•SÔÒQÕË˜[ÙKLÍL˜ØÌLŒXLØÌXÌØÍÎMØYŽYMÍX™ÎMÙMNY™ŒNMÙLŒÙ˜YŒMÍŽŽØXŽLXŒLŽXXÍÍNYXÙY˜ŒÍÍLÍŒL™ŽŒXØÌYXÙXÍÍØÍLŒÍWÓÍWÐÌMKÍWÓÍWÐÌMKŒÎXŒÙYXÎØÌÌMÎLÍØÌ˜Ì™ŒÙLŒM˜YX˜ÌŒÎXŒLÎYY™ÍYXX‹LKŽMNNLÍNMÍÌÌMËŒÎÍŒŒLÍŒK‹ŽÌÍMÍÎNNLLLÍËÍKŒMŒŒMŽNNMLÌÍÌŽLÌNKLËŽÎMMNÌMNMŒLŒŽMÎMMÎÎMNNKŽNLÎNLŒÍLŽŒÌNLÌŽÍ‹ÍMÌÍNNŽLŒŒŽNLÎNLŒÍLŽŒÌNLÌŽÍ‹ÍMÌÍNNŽLŒŒLÍËŒKŒËLLËMÍKMÍKMÌKNL‹NL‹˜[ÙKKKKVT’SQS•SÔÒQÕË˜[ÙKLÍKLŒ™YM˜ÌØNMLŒLÎØL˜Ø™XMMÎLÌÌØLXÙMÙÙYLŒØNM™YL˜ŒÌNŽŽØXŽLXŒLŽXXÍÍNYXÙY˜ŒÍÍLÍŒL™ŽŒXØÌYXÙXÍÍØÍLŒKÍWÓÍWÐÌŒÍWÓÍWÐÌŒŒÎXŒÙYXÎØÌÌMÎLÍØÌ˜Ì™ŒÙLŒM˜YX˜ÌŒÎXŒLÎYY™ÍYXX‹LËÍMŒÍÍÌMLÍMŒËŒÍMMÌÎMMKËŽÍMÌNŒMMMÍŽNNÎNŽMŒÌ‹NKŒÌÍÎÌÍÌÌLŒKMKŒMÍŒLŽMMÌNKŒNÍŒLÌÍMLLŒKŽŽMÌŽŒLŽMKÍLMÍÍMLÌMKÍÎNÍŽMËŽŽMÌŽŒLŽMKÍLMÍÍMLÌMKÍÎNÍŽMËMMŒŒM‹ŒM‹KMÌ‹MÌ‹LMNMKNM˜[ÙKKKKVT’SQS•SÔÒQÕË˜[ÙKLÍLXMÙXŒXMLÌØØ™ŒXÙ˜XLNXÙLÍŒ˜XLMMŽMÌXÍY™™ÌŒÍÌÂŽŽØXŽLXŒLŽXXÍÍNYXÙY˜ŒÍÍLÍŒL™ŽŒXØÌYXÙXÍÍØÍLŒ‹ÍWÓÍWÐÌKÍWÓÍWÐÌKŒÎXŒÙYXÎØÌÌMÎLÍØÌ˜Ì™ŒÙLŒM˜YX˜ÌŒÎXŒLÎYY™ÍYXX‹MKÌŒŒÎLÍËŒÍLÌNŒMŒ‹ŽLÍŽMÍÍÌËÍŽNNLÌŒMMÍÌÎŒMLŽMLÌL‹M‹ŽLÍŒÍÌLMŒMÌËŒMŽÍLMLÍÍŽÍÍÌŒMMLMNÍËŒMÍMŒÎNNMÍ‹ÍÍÎÍÍMÎNËŽÍÍÌŒMMLMNÍËŒMÍMŒÎNNMÍ‹ÍÍÎÍÍMÎNËMÍLŒ‹ŒŒÌÍËMŽKMŽKLÍM‹NMËNMË˜[ÙKKKKVT’SQS•SÔÒQÕË˜[ÙKLÍLKØŒMØ˜YLÌŽXXÌXŒXMŒMÎYŒ™YØÙLŒŽŒNM™L™YÌÌÎYŒNX™YŽŽØXŽLXŒLŽXXÍÍNYXÙY˜ŒÍÍLÍŒL™ŽŒXØÌYXÙXÍÍØÍLŒËÍWÓÍWÐÌÌÍWÓÍWÐÌÌŒÎXŒÙYXÎØÌÌMÎLÍØÌ˜Ì™ŒÙLŒM˜YX˜ÌŒÎXŒLÎYY™ÍYXX‹MËŒŽMMÌMŽMÎM‹ŒÍÌNMMË‹ŒLMÎMŽMÎ‹ÍŽNMÍŽLŽMLMNŽŽNMNMLÍNMÌÎÌKMËÍŒŒÌÌŽLLËŒNÎNNMŽMÌLÍÌKŽLÌÎMLÍŒ‹ÌŒÍŽMNMÍL‹ÎMÌŽMŽLŽMÍÍ‹ŽLÌÎMLÍŒ‹ÌŒÍŽMNMÍL‹ÎMÌŽMŽLŽMÍÍ‹NMËŒÌKŒÌKKMKMKLMMËŒŒ˜[ÙKKKKVT’SQS•SÔÒQÕË˜[ÙKLÍL‹˜ÍÎMYXMNLÌ˜ÌØÍNØMÙ˜LÙŽÙLXYÌÌŽXXÍŒLŒÍNMLÌÌBŽŽØXŽLXŒLŽXXÍÍNYXÙY˜ŒÍÍLÍŒL™ŽŒXØÌYXÙXÍÍØÍLŒÍWÓÍWÐÌÍKÍWÓÍWÐÌÍKŒÎXŒÙYXÎØÌÌMÎLÍØÌ˜Ì™ŒÙLŒM˜YX˜ÌŒÎXŒLÎYY™ÍYXX‹NKŒÍMÌŒMLKŒÌŒMŒNMNMËËŒLŽÍLŽLÎN‹ÍŽNMŒÌMÍÍMÌ‹ÌËŽÌÍNLNLŽNNKŒNMMÍÍMŒŽLÍ‹ŒŒÌMÌÎMÌÍÌÌLŽNKŽLÍŒÌŒÌŒMŒÌÎMÍKŒÌMÍÌÎLMLŒŒMKÎMÍÌLŒŒKŽLÍŒÌŒÌŒMŒÌÎMÍKŒÌMÍÌÎLMLŒŒMKÎMÍÌLŒŒKŒLLKŒÎŒÎMËMŒKMŒKLŒÎKŒËŒ‹˜[ÙKKKKVT’SQS•SÔÒQÕË˜[ÙKLÍLËNNYMX™MXÍNMÍYYMMMÌŽŒÍLÍLLÎYNMNÌ˜ÍM‚ŽŽØXŽLXŒLŽXXÍÍNYXÙY˜ŒÍÍLÍŒL™ŽŒXØÌYXÙXÍÍØÍLŒKÍWÓÍWÐÌÍWÓÍWÐÌŒÎXŒÙYXÎØÌÌMÎLÍØÌ˜Ì™ŒÙLŒM˜YX˜ÌŒÎXŒLÎYY™ÍYXX‹ŒKŽMMLÌÍNÍMMËŒÌÌŒÍÍMMMËŒŒLÍŒMÍMÌÌMËÍŽNMŽMLÍMŒŒÎNÌŽLÍNLŒŒÍLLŒÍLNMÍLÌLÍÍL‹ŒŒMMÌÍÎLLËŽMŒŒÍÌŒÍŒNMŒMMÌMÎMÍÍÍKŽÍNLLNÍMÍ‹ŽMŒŒÍÌŒÍŒNMŒMMÌMÎMÍÍÍKŽÍNLLNÍMÍ‹ŒÌŽKK‹ÍL‹MMËMM‹LÍŒKŒ˜[ÙKKKKVT’SQS•SÔÒQÕË˜[ÙKLÍMXY˜™Ì™MÍØ™XL˜YL™MLŒ™ŒÙXNMMMÌYLMÎLÍŒ™ÌMÍLÌŽŽØXŽLXŒLŽXXÍÍNYXÙY˜ŒÍÍLÍŒL™ŽŒXØÌYXÙXÍÍØÍLŒLÍWÓÍWÐÌKÍWÓÍWÐÌKŒÎXŒÙYXÎØÌÌMÎLÍØÌ˜Ì™ŒÙLŒM˜YX˜ÌŒÎXŒLÎYY™ÍYXX‹ŒËÎŽNMÍŒÌNLŽNMÎÌMMNKŒÌÎÍMMÌÎÌŽÍŽNMŒLŒÎMŒÎNKËLŽMNMÍËLLKLNŒLÌŒÌMŒLLŽMMÍŽŒLÍNKŽNMÌLNMÍŒÎLÌKNNÌŒNLŒLŽŒŽMÌŒŽLŒÌM‹ŽNMÌLNMÍŒÎLÌKNNÌŒNLŒLŽŒŽMÌŒŽLŒÌM‹ŒKL‹LKÎLŒÍ‹MLËMLËLÍŒŒ˜[ÙKKKKVT’SQS•SÔÒQÕË˜[ÙKLÍMKŽM™LÍLYYÌ™YŽØ˜ÙŽØŒŒ™ŒŽXLÙ™LŒMŽNYLÌYMÌØMXMÙŽŽØXŽLXŒLŽXXÍÍNYXÙY˜ŒÍÍLÍŒL™ŽŒXØÌYXÙXÍÍØÍLNMKÍWÓÐÌKÍWÓÐÌKŒÎXŒÙYXÎØÌÌMÎLÍØÌ˜Ì™ŒÙLŒM˜YX˜ÌŒÎXŒLÎYY™ÍYXX‹M‹MÌÌÍŒLÍLNL‹M‹ŽLLLÍŒËËŽÎNLŽNÍŽ‹ŒŒÌŒÎMÎMÌÎL‹ŽLLLLŒŽLKŒŽLMÎŒLLÎMNNMËŒLNMŽÌÌLMŽNLKŽLÍMŒLMMÍÍLËÍŒNŒÌÍLÌLMKÎŒLMŒNLÌÌÍKŽLÍMŒLMMÍÍLËÍŒNŒÌÍLÌLMKÎŒLMŒNLÌÌÍKLÌLÌËŒËŒËLŒMËNMKNMKLMËŒKŒ˜[ÙKKKKVT’SQS•SÔÒQÕË˜[ÙKLÍM‹L˜Ø˜™LMNLÎÎÙÌŒØÎNXÙXÎYŒÎXÍŒY™YŒXÙXNNX˜ŽÌÌNXØ˜L‚ŽŽØXŽLXŒLŽXXÍÍNYXÙY˜ŒÍÍLÍŒL™ŽŒXØÌYXÙXÍÍØÍLNM‹ÍWÓÐÌLÍWÓÐÌLŒÎXŒÙYXÎØÌÌMÎLÍØÌ˜Ì™ŒÙLŒM˜YX˜ÌŒÎXŒLÎYY™ÍYXX‹NMLÍMMLŒLÍLLŒ‹M‹ŽŒMMŒNLMŽMŒMÌMLŒŒMMŒŒNLNMÌMKÌNLŽLÍŒÌKL‹NLNÍLÎÍKŒLŒŽŽNŽNÎMNŽÌŒLMNÌÎKÍMÌLMÌÌÌÌÌÎLMËÎNŽÌMŽLÌÌŽÌŒLMNÌÎKÍMÌLMÌÌÌÌÌÎLMËÎNŽÌMŽLÌÌMLŒŽŒMKŒMKMÌKNL‹NL‹LŒÌMKŒŒ˜[ÙKKKKVT’SQS•SÔÒQÕË˜[ÙKLÍMË™LÌL™™™Y™˜˜ÌÍ˜™ÎYYNLÍXØMŒŽXÌŒÌYÎLLL˜ŒLYXY˜˜ÍMŽŽØXŽLXŒLŽXXÍÍNYXÙY˜ŒÍÍLÍŒL™ŽŒXØÌYXÙXÍÍØÍLNMËÍWÓÐÌMKÍWÓÐÌMKŒÎXŒÙYXÎØÌÌMÎLÍØÌ˜Ì™ŒÙLŒM˜YX˜ÌŒÎXŒLÎYY™ÍYXX‹ŒMÎMMÎÎMŽŒKM‹ÎMÌÌLÌÌLÍËLŒNNLÌÍÍÎNMŽM‹ÎKŽNNMLLÌŒNMMLÌ‹MLÎLÌLŽMÍŒËLËŽNLÍÌÎKŒMLÍLMŒMÍL‹ŽÌÎÍMŒÎŒÎÍ‹ÍMÌMŽŒÌLMÎLÌŒËŽMÌLŒÌÍLÎLŽÌÎÍMŒÎŒÎÍ‹ÍMÌMŽŒÌLMÎLÌŒËŽMÌLŒÌÍLÎLMÌŽKŒŒËŒŒ‹ŒNKNLLŽNŒ‹ŒË˜[ÙKKKKVT’SQS•SÔÒQÕË˜[ÙKLÍNNXØYÍXØÍÙNÙLÌMXØŽÙŒØNMÍŽMÌÎNYLMM˜LÍÍÙYXX˜™ŽŽØXŽLXŒLŽXXÍÍNYXÙY˜ŒÍÍLÍŒL™ŽŒXØÌYXÙXÍÍØÍLNNÍWÓÐÌŒÍWÓÐÌŒŒÎXŒÙYXÎØÌÌMÎLÍØÌ˜Ì™ŒÙLŒM˜YX˜ÌŒÎXŒLÎYY™ÍYXX‹Œ‹LMŒMÍNLLKM‹ŽÎLLŒLŒÌÍKLKŒMÎMMÌŒLKÎKŽNNMLNNLŽL‹NKŒÌÌÍMLŒŒKMKŒMÌŽMŽNLÍLKŒMMŽÎŒÍMMÌŽMKŽLÌŽŒÍLÌŒÌMKÌŽŒMLÍŽNLŽLÎŽNÍÎMNÎÎLLŒËŽLÌŽŒÍLÌŒÌMKÌŽŒMLÍŽNLŽLÎŽNÍÎMNÎÎLLŒËNLKŒÌKŒÌÍÍLN‹N‹LÍNKŒKŒ˜[ÙKKKKVT’SQS•SÔÒQÕË˜[ÙKLÍNKLMXŽÌYŒÌÙN™™˜LMYNLØNŒ™X˜™ŒYÙXMÌÍ˜ÎMNLŒÙ˜™ŽM™™XYBŽŽØXŽLXŒLŽXXÍÍNYXÙY˜ŒÍÍLÍŒL™ŽŒXØÌYXÙXÍÍØÍLNNKÍWÓÐÌKÍWÓÐÌKŒÎXŒÙYXÎØÌÌMÎLÍØÌ˜Ì™ŒÙLŒM˜YX˜ÌŒÎXŒLÎYY™ÍYXX‹ÍÌLŽÍMÍŽM‹ÎÎŒÎMÎMŒ‹L‹ŽLŒÍÍÍNMMKÎKŽNNNŒMÌÍŽNŒMŽLLÌMLLŒMËM‹ŽLMÌÎLMLÌŒNLNMÌÍÌËŽLÍMMŽŽMNLLMKÌMŒÌÌÌLLŒÎKŽŽLŒÍLLÌÍŽËŽLÍMMŽŽMNLLMKÌMŒÌÌÌLLŒÎKŽŽLŒÍLLÌÍŽËŒLŒNKŒÎŒÎŽKN‹N‹MÌÌŒLKŒL˜[ÙKKKKVT’SQS•SÔÒQÕË˜[ÙKLÍŒMXXLMXØYLÙXYLL˜ÌÌ˜MLLÙ˜YYXNŒÌÙL™LÎLÍXNXXÍMŒL˜X™LYYŽŽØXŽLXŒLŽXXÍÍNYXÙY˜ŒÍÍLÍŒL™ŽŒXØÌYXÙXÍÍØÍLŒÍWÓÐÌÌÍWÓÐÌÌŒÎXŒÙYXÎØÌÌMÎLÍØÌ˜Ì™ŒÙLŒM˜YX˜ÌŒÎXŒLÎYY™ÍYXX‹‹ŽLÍŽÌÎŽMM‹ÍÍNMÌŒMMÌKLËŒŒŽLŒLMÍÎKŽNMÎLLÌLÍÍ‹ŽŽNNLLÌÌŒŽLŒËMËÍŒŒÌLŽLÍMMMŒŒMLÌÍMÌŽMŒÌÎMLMLŒÍËÌÎMÌŽMMÍŽÎLMLLLMÌŒ‹ŽMŒÌÎMLMLŒÍËÌÎMÌŽMMÍŽÎLMLLLMÌŒ‹ŒÌLÍ‹‹‹NLMÎKMÎMLKŒMŒM˜[ÙKKKKVT’SQS•SÔÒQÕË˜[ÙKLÍŒK˜Ø™ÍLLXÙMMÍŒMÎXÍ™˜ŽMØ˜XMÌÎÙŽLMÌÌŒ˜™Y˜ÌMÌL™YŽŽØXŽLXŒLŽXXÍÍNYXÙY˜ŒÍÍLÍŒL™ŽŒXØÌYXÙXÍÍØÍLŒKÍWÓÐÌÍKÍWÓÐÌÍKŒÎXŒÙYXÎØÌÌMÎLÍØÌ˜Ì™ŒÙLŒM˜YX˜ÌŒÎXŒLÎYY™ÍYXX‹ŽKŒMLNMNŒLMŒŒMŽKM‹ÍŽÎÌÎŽKMŽŽNNLMÍÌŽKÎKŽNMÍNÎMMÍÌËÌËŽŽLŒÌMLMNM‹NKŒMNNLŽMMLLŒKŒŒŒMNLÍÍŒÌKŽNLŒLÎNLLŒÍNÍKŽLÌÍŒÍÌÌŽMÌKŽMLMŒLŽMŽNLŒLÎNLLŒÍNÍKŽLÌÍŒÍÌÌŽMÌKŽMLMŒLŽMLŒLËMLL‹MÍKMÍKMMÌKŒMËŒMË˜[ÙKKKKVT’SQS•SÔÒQÕË˜[ÙKLÍŒ‹ÌÍYLM™XŒÌLÌÙŒ˜XŽXŽÍŽYNXLÌY˜XÎXØÌŒÙYMØØ˜XXLLXØÙØÌLÂŽŽØXŽLXŒLŽXXÍÍNYXÙY˜ŒÍÍLÍŒL™ŽŒXØÌYXÙXÍÍØÍLNLKÍWÓWÐÌKÍWÓWÐÌKŒÎXŒÙYXÎØÌÌMÎLÍØÌ˜Ì™ŒÙLŒM˜YX˜ÌŒÎXŒLÎYY™ÍYXX‹KÍÌNÍMLË‹ŒÌÌŒÍÌÌMKŽÌLÍŒMŽËKŒMNNLÎNNLËŽÎLLÌÍNÌMÌÌ‹LKŒŽÎŽMÎÌLL‹ŒLMMŒNMÍÍŒŒÍ‹ŽMÍŒÌNMMŽ‹ŽŒŽMMŒNMÍMKŽŽMŒŽMÍÍMÎŽMÍŒÌNMMŽ‹ŽŒŽMMŒNMÍMKŽŽMŒŽMÍÍMÎMÌÎŒŒKŒŒKLÍÎŒKŒKMLŒ‹ŒMKŒMK˜[ÙKKKKVT’SQS•SÔÒQÕË˜[ÙKLÍŒË˜XŒNXÎÙML™˜Í™X˜LMLYLŒØÍNL˜ÎLYŒÌÌÍÍ˜ÍÌL˜MNM˜NBŽŽØXŽLXŒLŽXXÍÍNYXÙY˜ŒÍÍLÍŒL™ŽŒXØÌYXÙXÍÍØÍLNL‹ÍWÓWÐÌLÍWÓWÐÌLŒÎXŒÙYXÎØÌÌMÎLÍØÌ˜Ì™ŒÙLŒM˜YX˜ÌŒÎXŒLÎYY™ÍYXX‹ËŽMMLÌŽMŒL‹‹ŒLMÌMÎLKM‹ŽÎLÌÌÍÌŒÌÍNKKŒÌÍNLL‹KÌLÍŽŒNMKL‹NÍMMÌNNNMŒÍŒËŒLÌÍÌMNKŽNŒMMNÎMŽMÌÌ‹ŽNŽÍÍLÌÌÍNŽLÌNNLŒÍLŽNŒMMNÎMŽMÌÌ‹ŽNŽÍÍLÌÌÍNŽLÌNNLŒÍLNKŒŽKŒÌLŽNLKŒ‹Œ‹MNLŒNŒNK˜[ÙKKKKVT’SQS•SÔÒQÕË˜[ÙKLÍØ™ML™Y˜ÙŒ˜NØØ˜ÍLÙ™ŽÍXÙN™MØÍXM˜LŽÙ™ÍMÙ˜ŽLÂŽŽØXŽLXŒLŽXXÍÍNYXÙY˜ŒÍÍLÍŒL™ŽŒXØÌYXÙXÍÍØÍLNLËÍWÓWÐÌMKÍWÓWÐÌMKŒÎXŒÙYXÎØÌÌMÎLÍØÌ˜Ì™ŒÙLŒM˜YX˜ÌŒÎXŒLÎYY™ÍYXX‹ÌŒNLŽLLŒLMK‹ŒÌLÎMMLÌŒNNŒMŒLŽLÌŒËKŒNLŒÍÍLÌËMLÌMŒÌÌÌÎŒÌËLËŽÍÍMÌLNLŽLLMŒKŒMLÍŒLÍMLŽL‹ŽLŽNÌÎLÍÌÌÎKÎMNMMŒMŒLÍÍÌËŽŒÍŒLŒMŒŒŒNMËŽLŽNÌÎLÍÌÌÎKÎMNMMŒMŒLÍÍÌËŽŒÍŒLŒMŒŒŒNMËŒLÎKŒÍËŒÍËLŒMŒËŒËŒMNKŒŒŒŒK˜[ÙKKKKVT’SQS•SÔÒQÕË˜[ÙKLÍK™LXÎMXNMØLØ˜˜ÎNMŽL˜˜˜ØÍLŒÍÌŒMŒÙ˜Œ™ML˜ÌÍÌÎMY˜ÍMMXŽYBŽŽØXŽLXŒLŽXXÍÍNYXÙY˜ŒÍÍLÍŒL™ŽŒXØÌYXÙXÍÍØÍLNMÍWÓWÐÌŒÍWÓWÐÌŒŒÎXŒÙYXÎØÌÌMÎLÍØÌ˜Ì™ŒÙLŒM˜YX˜ÌŒÎXŒLÎYY™ÍYXX‹Ì‹ÍŽLMMMLÌÎ‹‹ŒŒLLLÍLÍNKNÎLŒÌMËŽNNMLŽLŒNMÍLKNKŒÌÌŽLLŒŒMËMKŒMÌMÍŽLNNÌNŒMLÌÌÎÌÍÎKŽMŒLMMÌMŒN‹ÎÎŽNMÌMMËŽÌÎÌLŒMÌLŒËŽMŒLMMÌMŒN‹ÎÎŽNMÌMMËŽÌÎÌLŒMÌLŒËŒŽMËKKLLÌŒŒMÌŽKŒŒËŒŒË˜[ÙKKKKVT’SQS•SÔÒQÕË˜[ÙKLÍ‹ŒÌØŽXŽNÍÎXÙLYMØXYŒÌ˜YŒŒYMÍYX™˜Ø˜™LMYLLYLŽY™MÍXÂŽŽØXŽLXŒLŽXXÍÍNYXÙY˜ŒÍÍLÍŒL™ŽŒXØÌYXÙXÍÍØÍLNKÍWÓLÐÌKÍWÓLÐÌKŒÎXŒÙYXÎØÌÌMÎLÍØÌ˜Ì™ŒÙLŒM˜YX˜ÌŒÎXŒLÎYY™ÍYXX‹ÍKŽLMLNÍÎÌËÍ‹ŒÌŒÎÌMLKŒMLÍÌŒÌÍN‹LŒMLMŽNKŽÎMÌŒŒÎÎMŒÎLKŒŽÍMÍÌMLNKŒLŒÍŒŒŽMÎÌ‹ŽLŒMMŒÌŽLÌNŽÍNMÌŒŒŒÎMM‹ŽNŒÎMLLŒŽNMŽLŒMMŒÌŽLÌNŽÍNMÌŒŒŒÎMM‹ŽNŒÎMLLŒŽNMŒÎËŒÍKŒÍ‹MÌÎMËŒŒËŒNMKŒŽKŒŽK˜[ÙKKKKVT’SQS•SÔÒQÕË˜[ÙKLÍËØX™MŒÌYLÍXYŒŒYNYLÌÍÎMŒÙ˜™LLÍNÌNYÍL˜YŒMÎÎMMÍÍBŽŽØXŽLXŒLŽXXÍÍNYXÙY˜ŒÍÍLÍŒL™ŽŒXØÌYXÙXÍÍØÍLNLÍWÓLÐÌLÍWÓLÐÌLŒÎXŒÙYXÎØÌÌMÎLÍØÌ˜Ì™ŒÙLŒM˜YX˜ÌŒÎXŒLÎYY™ÍYXX‹ÎŒÌMŒNÌŽÍŒÌËÍ‹ŒÌMÍLÌNÎKKŒŒŒNMMLNKLŒLLMŒMLLËKÌÌNLMLNLËL‹NÌNMLÎÌŒMŽKŒLLŒÎLÌŒMMŽMMÍŒÎNMÍLMKŽŒÍNMŒŒMÌŒÌÌËŽLŒÍÍŽÌLŒMËŽMMÍŒÎNMÍLMKŽŒÍNMŒŒMÌŒÌÌËŽLŒÍÍŽÌLŒMËŒMËËMNM‹ŒŒŒŒNMMKŒÌ‹ŒÌË˜[ÙKKKKVT’SQS•SÔÒQÕË˜[ÙKLÍŽMØ™Y˜NXŒÙNXØLNX˜ÍY˜ŽML˜ŒÍMYNÎMÌ˜NÎYXMLXŒNÌŽY‚ŽŽØXŽLXŒLŽXXÍÍNYXÙY˜ŒÍÍLÍŒL™ŽŒXØÌYXÙXÍÍØÍLŽM‹ÍLÓWÐÌKÍLÓWÐÌKŒÎXŒÙYXÎØÌÌMÎLÍØÌ˜Ì™ŒÙLŒM˜YX˜ÌŒÎXŒLÎYY™ÍYXX‹LÍÌLLMLÌŒŒÍMËMLNMŽMŒŽLLMËLŒÍŽLLÌŽËŽNNLNLÍLÎMÎNNŽLMŒŒŽMMÌNLÌ‹LŽMMÍÍÍÌŒËŒŒLMMLLMLÎNŒLÎMLŽŒMMŒËŒMLŽMNLLËŒÌŒŒÌÍŒŒNNŒLÎMLŽŒMMŒËŒMLŽMNLLËŒÌŒŒÌÍŒŒNNŒMNÍMKMMÌÍ‹NNK˜[ÙKT’U‘QT‘ÐŽLK‹KKVT’SQS•SÔÒQÕË˜[ÙKLÍŽKŽNÌM™˜ÍXÌÌÌ˜YØŽMÙYÙXØÍL™™ŽÎN˜ØŽ˜˜˜LÌYŒNNX˜MÌŽLÂŽŽØXŽLXŒLŽXXÍÍNYXÙY˜ŒÍÍLÍŒL™ŽŒXØÌYXÙXÍÍØÍLŽMËÍLÓWÐÌLÍLÓWÐÌLŒÎXŒÙYXÎØÌÌMÎLÍØÌ˜Ì™ŒÙLŒM˜YX˜ÌŒÎXŒLÎYY™ÍYXX‹ÍÍLÌMÌÌÌÍLLKMLŒLÍMÌÍŒLKMÍLŒLMMŒŒÌŽNÌÌŒMÌÎLÎMNKKŽÌMNMŒMŽMŒLÍKLKÍMÎMŒLKŒÌMLLNÍŒŒÍLKŒLMŒŒŒÍÍÌMLÎLÌKŒŽŒÍLÌÎŒÎNLÍŒŒŽM‹ŒLMŒŒŒÍÍÌMLÎLÌKŒŽŒÍLÌÎŒÎNLÍŒŒŽM‹ÍŒMËÌÌÍ‹LLKLLÎKŒŒK˜[ÙKKKKVT’SQS•SÔÒQÕË˜[ÙKLÍÌNMÍXLXMŽMLLL˜XŒÌÍÎØÌÍNNLØ™™MXYMÌÌXMNŒÍŒLL™˜LBŽŽØXŽLXŒLŽXXÍÍNYXÙY˜ŒÍÍLÍŒL™ŽŒXØÌYXÙXÍÍØÍLŽLÎÍLÓLÐÌKÍLÓLÐÌKŒÎXŒÙYXÎØÌÌMÎLÍØÌ˜Ì™ŒÙLŒM˜YX˜ÌŒÎXŒLÎYY™ÍYXX‹KŒŒÍŽML‹KŒLÌMÍŽLÎŽKŽNŒÍLÎMŒLMLKKŽNLLNLÎMÍÍËŽMMNÌLÌÍÌËLŽÌMŒMÍMMMÎMÌËŒÌŒÌLÌÍÍNNNKŒLÌNŒMMNŒÍLLNKŒNLÌLMNŽMKŒLLŽNNLÍÌMÍKŒLÌNŒMMNŒÍLLNKŒNLÌLMNŽMKŒLLŽNNLÍÌMÍKŒÎKÍÍMËKKÌÎMŽKŽK˜[ÙKKKKVT’SQS•SÔÒQÕË˜[ÙKLÍÌKŽÎNNXLXY™XÌÍNYM˜ÍMÎ˜˜Œ™ŒØLÎNLMÎÙ™™ØØNMÙÍBŽŽØXŽLXŒLŽXXÍÍNYXÙY˜ŒÍÍLÍŒL™ŽŒXØÌYXÙXÍÍØÍLŽLÎKÍLÓLÐÌLÍLÓLÐÌLŒÎXŒÙYXÎØÌÌMÎLÍØÌ˜Ì™ŒÙLŒM˜YX˜ÌŒÎXŒLÎYY™ÍYXX‹KŒÎMŒMÌMÍMÎMŒÌLËKŒLŒMMŒÍLMÎLŒËKŒMÍŒÍMŒŒŒNLŒLLLLLÎÌMKKŽLŒMÌLLŽŽNMLKLKÍLÌŽMNÍÌMKŒŒNÍÍŒÌŽNŒMLÍŒŒLMÍÎKŒÎNÍÍŒŽNLÍŽL‹ŒLNMŒNMMLMÌKŒMLÍŒŒLMÍÎKŒÎNÍÍŒŽNLÍŽL‹ŒLNMŒNMMLMÌKLËÎKMÍ‹Œ‹ŒËÍÍÌÌK˜[ÙKKKKVT’SQS•SÔÒQÕË˜[ÙKLÍÌ‹MYLÌŒŽMXMØØŒ˜˜Y™LÙŒØLÌ˜MÙLL˜ÙMLÌ™™Y˜ÙLLMÌNLYŒØÂŽŽØXŽLXŒLŽXXÍÍNYXÙY˜ŒÍÍLÍŒL™ŽŒXØÌYXÙXÍÍØÍLŽMÍLÓLÐÌMKÍLÓLÐÌMKŒÎXŒÙYXÎØÌÌMÎLÍØÌ˜Ì™ŒÙLŒM˜YX˜ÌŒÎXŒLÎYY™ÍYXX‹KMÌŽMŒLÌÎMÍNKKŒLLMLLLÌNKŒLMMŒŽMMLKKŽNLÌŽMÌNMLÍÌ‹MÎMÍÍLŒÌÍÌËL‹ŒÌNŽŒLNLNŒÌLLLÌMMMÎÌNNKŒMÍLLMÍLLLŒŒMŒÍLNÌÍMMŽŒLŒÌÍÌŒMŽMÌÎKŒMÍLLMÍLLLŒŒMŒÍLNÌÍMMŽŒLŒÌÍÌŒMŽMÌÎKLMÍËKKL‹NKNKKÌKÌ‹˜[ÙKKKKVT’SQS•SÔÒQÕË˜[ÙKLÍÌË™ŒMXYXNNM˜MÙMÍÎŒŽXØØÎÍŒL˜™MŒÌÍLLMÙŽYMÍÌM˜˜ØLÙBŽŽØXŽLXŒLŽXXÍÍNYXÙY˜ŒÍÍLÍŒL™ŽŒXØÌYXÙXÍÍØÍLŽMKÍLÓLÐÌŒÍLÓLÐÌŒŒÎXŒÙYXÎØÌÌMÎLÍØÌ˜Ì™ŒÙLŒM˜YX˜ÌŒÎXŒLÎYY™ÍYXX‹KÍŒÍÌÌÍÎNÍKKŒLLÍÍŒMŒNKKŒMŒŒMLÎMMKŽNMLŽLÌÎLLLŽKNKÌLLMŽLŒLÌËLËMNNNÌNNÌŒŒŽKŒÎNŒÌÍNLKŒNMÎMŒŒÌLKŒMÎLŒMLŒŒÌËŒLŽMŒMÍŒNÍŒÎKŒNMÎMŒŒÌLKŒMÎLŒMLŒŒÌËŒLŽMŒMÍŒNÍŒÎKLÍLLÍÎM‹MKMKÌËÌ‹˜[ÙKKKKVT’SQS•SÔÒQÕË˜[ÙKLÍÍØLŒŒŒŒXŒÙYNYXMØÌŽLXXNYŒ˜ŒÎMYY™LÙLÌYMÍÙLMMÌY˜LMLŒÌYŽL‚ŽŽØXŽLXŒLŽXXÍÍNYXÙY˜ŒÍÍLÍŒL™ŽŒXØÌYXÙXÍÍØÍLŽLÌKÍLÓMWÐÌKÍLÓMWÐÌKŒÎXŒÙYXÎØÌÌMÎLÍØÌ˜Ì™ŒÙLŒM˜YX˜ÌŒÎXŒLÎYY™ÍYXX‹‹ŒLMLÍÍŒNNKKŽLMŒŽNMÌŒÍKKLŽNŒŒŽ‹MKŒÍŽÍLÍÌÌ‹ŽLŒÌMNMMNMKLŽMÍŽNLÍŒŒLLÌMŒNLŽLŽLLÍÍMŒÌNŒMÌÌLLÍÌÎMÌÎNÎNKŒLÎŒÍLLMŒNËŒMLÌÌŒLLÌŽÌKŒMÌÌLLÍÌÎMÌÎNÎNKŒLÎŒÍLLMŒNËŒMLÌÌŒLLÌŽÌKLLÍKLÌ‹ÍKÍKLÌ‹ÎKÎK˜[ÙKKKKVT’SQS•SÔÒQÕË˜[ÙKLÍÍKŽXXŽNÍŒÙÌMÙ˜YLÌ™ŽXXØÍŒXÍLÌÌÙŒMM˜XØØMÌXÎYLŒNÎMÍBŽŽØXŽLXŒLŽXXÍÍNYXÙY˜ŒÍÍLÍŒL™ŽŒXØÌYXÙXÍÍØÍLŽLÌ‹ÍLÓMWÐÌLÍLÓMWÐÌLŒÎXŒÙYXÎØÌÌMÎLÍØÌ˜Ì™ŒÙLŒM˜YX˜ÌŒÎXŒLÎYY™ÍYXX‹‹ŒÍÌŽMNLÌŒŒŽKKŽLNNNÌNÌ‹KÌÌLÌÍMMÎNMKMŽNNMMLŽLKKŽMNMÌMŽÍÍÌŽÌËLKÌNMMMÌLLÍNŒLÌŒÎMÌÍŒÌŒŒÎNKŒNMLŽMÌLNLNLMÌÌKŒLÍŒÎŒŒLÌLŽKŒMNNÌÌNLÌLŒKŒNMLŽMÌLNLNLMÌÌKŒLÍŒÎŒŒLÌLŽKŒMNNÌÌNLÌLŒKLŽLLÍŒËÌËÌ‹LÎË˜[ÙKKKKVT’SQS•SÔÒQÕË˜[ÙKLÍÍ‹ÙÍYM™YØNXŒ˜˜˜ŒYNYMM˜YYYYÙŽMXÌM™XŽXÌLŽMØÍ‚ŽŽØXŽLXŒLŽXXÍÍNYXÙY˜ŒÍÍLÍŒL™ŽŒXØÌYXÙXÍÍØÍLŽLÌËÍLÓMWÐÌMKÍLÓMWÐÌMKŒÎXŒÙYXÎØÌÌMÎLÍØÌ˜Ì™ŒÙLŒM˜YX˜ÌŒÎXŒLÎYY™ÍYXX‹‹LNMÍÌÍÎLÎÎNNKŽLLLÎÍŽÎÎËKŽMŒNLÍMÌŒŒMËMKŒÌÌŒŒŽLMÍŒŒNMNLŒÍL‹ŒLLMÌLM‹ŒLLMMMNMŒMÎŒŒNŒNLLÌMÌŽNÌÌKŒLMLŒLŽNMÌ‹ŒMÌŽLÌLÌÌ‹ŒŒNŒNLLÌMÌŽNÌÌKŒLMLŒLŽNMÌ‹ŒMÌŽLÌLÌÌ‹MÌËM‹M‹ÍMKŽKŽKLÍL‹‹˜[ÙKKKKVT’SQS•SÔÒQÕË˜[ÙKLÍÍËMMØLMÌNYŒLŽL˜Y˜Œ™X˜LY™ÍÌŽYÌØMÌL˜NXŒÙY™™LØØ™X‚ŽŽØXŽLXŒLŽXXÍÍNYXÙY˜ŒÍÍLÍŒL™ŽŒXØÌYXÙXÍÍØÍLŽLÍÍLÓMWÐÌŒÍLÓMWÐÌŒŒÎXŒÙYXÎØÌÌMÎLÍØÌ˜Ì™ŒÙLŒM˜YX˜ÌŒÎXŒLÎYY™ÍYXX‹‹ÍÎŒMÍÎLŒKŽLŒÍMÍMÍÎKŽLMNÌŒLMÍKMKŒÍLÌLNNMNKŽMNÎÍÌMÌÍËLËÎÎLÍLŽŽÍŒMŽNMÍÌŽMŒŒŽNKŒŒÎNMŒŽÍNKŒNNLÌÌLLÌÌLÌ‹ŒMŽMÌÌLKŒŒÎNMŒŽÍNKŒNNLÌÌLLÌÌLÌ‹ŒMŽMÌÌLKMMÌM‹ŒKŒKMKKKLLLKË‹˜[ÙKKKKVT’SQS•SÔÒQÕË˜[ÙKLÍÎÌÙLXLNÍÍMØ˜™XØLÌÌØYŒXÍÎŒÍMY˜ÙNNMMÍYML™X˜ŒÂŽŽØXŽLXŒLŽXXÍÍNYXÙY˜ŒÍÍLÍŒL™ŽŒXØÌYXÙXÍÍØÍLŽLÍKÍLÓMWÐÌKÍLÓMWÐÌKŒÎXŒÙYXÎØÌÌMÎLÍØÌ˜Ì™ŒÙLŒM˜YX˜ÌŒÎXŒLÎYY™ÍYXX‹ËŒMNLÌMMM‹KŽLÍŒŒÍÌNLMŽNKKŽNLŽLNMMÎËMŽNMÌÍÎMÍÍÎMÍLËŒÌŒNÌLËMŒÍLMMÌÌŽMËŒLMŒÍŒŒŒMMLKŒŒLÌÎMÍŒÎKŒLÎÎLÎMŒMÍMLÎLÎLÍÌÌKŒŒLÌÎMÍŒÎKŒLÎÎLÎMŒMÍMLÎLÎLÍÌÌKMÌÌK‹‹LÌ‹ŒKŒLMNKK˜[ÙKKKKVT’SQS•SÔÒQÕË˜[ÙKLÍÎKLØ™MLMXNMXÙLŒXŽŒÌL™YL˜ÎYLÌX™NXØÙ™ŒŽLLØÌÙL˜˜ŽÙŒNXBŽŽØXŽLXŒLŽXXÍÍNYXÙY˜ŒÍÍLÍŒL™ŽŒXØÌYXÙXÍÍØÍLŽLÍ‹ÍLÓMWÐÌÌÍLÓMWÐÌÌŒÎXŒÙYXÎØÌÌMÎLÍØÌ˜Ì™ŒÙLŒM˜YX˜ÌŒÎXŒLÎYY™ÍYXX‹ËŒÍLÌLÎLÌÍÍÌŽMMËKŽLÌÍÌLÍMÌÌŒÌLÌK‹ŒÎÌÌŒÎNÌKMŽNLÍÍÌLNMÍLÌŽKŽKMŽNLÌNLNMKŒŒÍLLLÍÌLÍ‹ŒŒÎMLMÌLNML‹ŒŽŽLMÌÌLL‹ŒMMNÍŒÎLN‹ŒNŒÎMLÎLMMLKŒŽŽLMÌÌLL‹ŒMMNÍŒÎLN‹ŒNŒÎMLÎLMMLKNÎKÌ‹Ì‹ÍËMLËLNL‹‹K˜[ÙKKKKVT’SQS•SÔÒQÕË˜[ÙKLÎÌMXÙY˜ÙYŒM˜MŒXYLLŒ˜ÍYÌXŽNMŒM™MÍŽLÎÌÌMNNMÍÎYŒYLŽŽØXŽLXŒLŽXXÍÍNYXÙY˜ŒÍÍLÍŒL™ŽŒXØÌYXÙXÍÍØÍLŽLÍËÍLÓMWÐÌÍKÍLÓMWÐÌÍKŒÎXŒÙYXÎØÌÌMÎLÍØÌ˜Ì™ŒÙLŒM˜YX˜ÌŒÎXŒLÎYY™ÍYXX‹ËŒŒŽMMLÌÍŽMLËKŽLLÌÌÌÌ‹ŒMÌMŒLÌLM‹MKŒLŒŽLŒŽLNÌÍŽÌMÌMNŽKM‹ŒMLNMÍMNŽL‹ŒŒŒÌÍÍŒÌŽŒÍŽNKŒÌÌLŽNLŒ‹ŒNÍÍLLÌMÌLÌNNKŒNMMLNMÎŒÌÌLŽNLŒ‹ŒNÍÍLLÌMÌLÌNNKŒNMMLNMÎNMKÍËÍ‹LŒÌKKLŒM‹ËË˜[ÙKKKKVT’SQS•SÔÒQÕË˜[ÙKLÎKØXNMŽØÍŒ˜YMXYXÙÌ™ŒYŽÍŒØÌ˜LL˜MMXYYŽLXNØMŒYM˜˜YBŽŽØXŽLXŒLŽXXÍÍNYXÙY˜ŒÍÍLÍŒL™ŽŒXØÌYXÙXÍÍØÍLŽLŒËÍLÓŒÐÌKÍLÓŒÐÌKŒÎXŒÙYXÎØÌÌMÎLÍØÌ˜Ì™ŒÙLŒM˜YX˜ÌŒÎXŒLÎYY™ÍYXX‹ËŒMMÌNMÍÎK‹ŽNLÌÌÌÌÌ‹‹MÌLLLLLÌMNLLKŒŒLLÌLNÍMKŽLÌŒÌÍLMMLŽMLŽNÌMLËŒÌÍŒŽMLM‹ŒŒMNMÌLNLNLŒŒKŒMÎNÍÌÎŒŒÎKŒNMLŽÎÍÌÌNKŒŒMNMÌLNLNLŒŒKŒMÎNÍÌÎŒŒÎKŒNMLŽÎÍÌÌNKMMKMKMKLMÎK‹KLÎKLK˜[ÙKT’U‘QT‘ÐŽL‹‹KKVT’SQS•SÔÒQÕË˜[ÙKLÎ‹ÍŽYYYYLMN˜ÙMÎMŽÍYMÌŒÍÍLYYÍÍ˜ÙYŒ™™XÍLYNNŽŽØXŽLXŒLŽXXÍÍNYXÙY˜ŒÍÍLÍŒL™ŽŒXØÌYXÙXÍÍØÍLŽLÍLÓŒÐÌLÍLÓŒÐÌLŒÎXŒÙYXÎØÌÌMÎLÍØÌ˜Ì™ŒÙLŒM˜YX˜ÌŒÎXŒLÎYY™ÍYXX‹ËŽMLLŽK‹ŽNÎMNLLÍÍÍMŒ‹ÍŒLLMÎMMŽLKNKŽNMMŒLŒNNMÌMÍ‹KŽLMMÎLŒŒKLKÌÍLŒLŒLŒLŒMÎLNMMŒNŒÌ‹ŒÌÌÌŒLÍŽÌKŒMŽLŒŒÍLÌÍLNŒŒKŒŒNÍNNŒLÍMŽKŒÌÌÌŒLÍŽÌKŒMŽLŒŒÍLÌÍLNŒŒKŒŒNÍNNŒLÍMŽKMMÍNKŒKŒ‹LLÌËËLÌM‹LKL‹˜[ÙKKKKVT’SQS•SÔÒQÕË˜[ÙKLÎËYMLÍYY˜™XØMLLÍØM™ŒŽLÍL™˜NÙMŽØMÎNÌØBŽŽØXŽLXŒLŽXXÍÍNYXÙY˜ŒÍÍLÍŒL™ŽŒXØÌYXÙXÍÍØÍLŽLKÍLÓŒÐÌMKÍLÓŒÐÌMKŒÎXŒÙYXÎØÌÌMÎLÍØÌ˜Ì™ŒÙLŒM˜YX˜ÌŒÎXŒLÎYY™ÍYXX‹ËÎÍMŒŒLË‹ŽNŒLÍÌŒÌÎMË‹ÎMLŒNÌŒÎKNKŽNNŒÌÍLMLLŽMMÍÍÍÌÎNMMMÎLM‹L‹ŒLLŽLNNNMNËŒMÍŒMŽMŒÎÌNMËŒŒÎLLLMLKŒMMMÌNNÌŒŒÎKŒŒŒŽMMLMLMLŒ‹ŒŒÎLLLMLKŒMMMÌNNÌŒŒÎKŒŒŒŽMMLMLMLŒ‹MÌŽMKËËLŒKÎKLÍLNKLËLË˜[ÙKKKKVT’SQS•SÔÒQÕË˜[ÙKLÎ™XÙÙ™ŽNLXLLŒMLÍLÌLYŒÌMÌNMÙLY™ŒLÙYNŒŽØØÎNL™‚ŽŽØXŽLXŒLŽXXÍÍNYXÙY˜ŒÍÍLÍŒL™ŽŒXØÌYXÙXÍÍØÍLŽL‹ÍLÓŒÐÌŒÍLÓŒÐÌŒŒÎXŒÙYXÎØÌÌMÎLÍØÌ˜Ì™ŒÙLŒM˜YX˜ÌŒÎXŒLÎYY™ÍYXX‹ŒLŒŒÌŽMÌNMÍK‹ŽNŽLMLÍÎ‹‹ŽLŽMŽŒÍMMÍŒËNKŽNLMMÌÍÎMNKÌŒŒŒŒMŒŽMÌŒKLËMŒNMMLËŒÍÍÌMŒŒÍÍÌÌ‹ŒŽŒÎLŽLŒ‹ŒMŒLÌÍMÍŒÎLLKŒŒLNMŒÍNLKŒŽŒÎLŽLŒ‹ŒMŒLÌÍMÍŒÎLLKŒŒLNMŒÍNLKNÍŽÌËÍLÌMKÍ‹Í‹LÎLKMM˜[ÙKKKKVT’SQS•SÔÒQÕË˜[ÙKLÎKMŒÌÙLØNÌØNÍM˜L™LÌØÎXŒŒÌ˜ÍØÌÙYÍÌ™M™XXÎMØLÌL™ŒX‚ŽŽØXŽLXŒLŽXXÍÍNYXÙY˜ŒÍÍLÍŒL™ŽŒXØÌYXÙXÍÍØÍLŽLËÍLÓŒÐÌKÍLÓŒÐÌKŒÎXŒÙYXÎØÌÌMÎLÍØÌ˜Ì™ŒÙLŒM˜YX˜ÌŒÎXŒLÎYY™ÍYXX‹MÎLMŒŒMLMÍ‹ŽNLÎNNNÌŒÍÌËŒNNŒNÌÍÌÍNNNKŽNMÎMŒÌŒŒÌÌŒÍŒÎŒÍLŒMÎNKMŒÍLÌŒÌÌŽÎŽMKŒNLÎMÍÍNÌL‹ŒÌMŒÍMMNÌNKŒLLÌNMŽLMŒŒMÍNMŒÌNMÍŒNŒÌMŒÍMMNÌNKŒLLÌNMŽLMŒŒMÍNMŒÌNMÍŒNŒNMKÎKÎKŒKÌ‹ÌKMŒMKMK˜[ÙKKKKVT’SQS•SÔÒQÕË˜[ÙKLÎ‹˜™ÍØYMØŒÌLØŒXÎMÙMØÌ˜˜MÎLÌXY™NØŒÙMMMÍÎÍMMÌNØMŽŽØXŽLXŒLŽXXÍÍNYXÙY˜ŒÍÍLÍŒL™ŽŒXØÌYXÙXÍÍØÍLŽLŽÍLÓŒÐÌÌÍLÓŒÐÌÌŒÎXŒÙYXÎØÌÌMÎLÍØÌ˜Ì™ŒÙLŒM˜YX˜ÌŒÎXŒLÎYY™ÍYXX‹ŽŒŒÎÎMNÌË‹ŽNLÍŒŽMNLLKËŒLÎLMŒÌKNKŽNNMLÌÍÌLÍŽKŽKMLŒNMNLŽLËMKŒŒŒMÌMMNÌÎÍŒÌMÎMNLŒÌŽLÌÍŽŒNLÍLLKŒLMÍMMÌLÍŒŒŒÌMŽÌLÌÍMMMLKŒÌŽLÌÍŽŒNLÍLLKŒLMÍMMÌLÍŒŒŒÌMŽÌLÌÍMMMLKŒMNËŽLËË‹MŒKMËM‹˜[ÙKKKKVT’SQS•SÔÒQÕË˜[ÙKLÎËLÙÌÌ™ŒÍÌYÌ™NYŒXÌLYLÌÎXLÙÌNMŒ˜ÌMÍXŒŒNYŒÌM™BŽŽØXŽLXŒLŽXXÍÍNYXÙY˜ŒÍÍLÍŒL™ŽŒXØÌYXÙXÍÍØÍLŽLŽKÍLÓŒÐÌÍKÍLÓŒÐÌÍKŒÎXŒÙYXÎØÌÌMÎLÍØÌ˜Ì™ŒÙLŒM˜YX˜ÌŒÎXŒLÎYY™ÍYXX‹KŒNNÎÍŒNË‹ŽNMLÍMMÍŒ‹ËŒŒMŽLÍÍÍÍÍÍÍÍËŒŒMLŽÌÌLŒËÍÍŒMMÌM‹ŒŽMMÌMLÌLLLÍKŒLMMNLÎMËŒÍLLLŽÍMÎLMŒ‹ŒÍÍMLMMÎLLËŒŒŽÎMÎÌLNÌŽNKŒÍLLLŽÍMÎLMŒ‹ŒÍÍMLMMÎLLËŒŒŽÎMÎÌLNÌŽNKŒŽMËKKL‹ŒŒMNMNN˜[ÙKKKKVT’SQS•SÔÒQÕË˜[ÙKLÎMŽYLŒLÎLÍŒX˜ÌŽL™˜˜ØLÎØŒLŒŽXŒÍ˜ŒÙŽMÍXLÙ˜˜ŒÌYX˜MN˜˜X‚ŽŽØXŽLXŒLŽXXÍÍNYXÙY˜ŒÍÍLÍŒL™ŽŒXØÌYXÙXÍÍØÍLŽLÌÍLÓŒÐÌÍLÓŒÐÌŒÎXŒÙYXÎØÌÌMÎLÍØÌ˜Ì™ŒÙLŒM˜YX˜ÌŒÎXŒLÎYY™ÍYXX‹KÎMLNÌNLMÍÌ‹‹ŽNMÌMMMŒËŒÎŒLLMMŒM‹NKŽNMÍNNLLŽÍÎKŒLÌMÍMŒ‹M‹ŽLÍÌÍŒLMÌÌËŒMMÌMŒÌÌNMŒMKŒÍÌŒNLÌÍMÌKŒÍŒNLMNLMŽLÍNMËŒŒÍÎŒNMNÌKŒÍÌŒNLÌÍMÌKŒÍŒNLMNLMŽLÍNMËŒŒÍÎŒNMNÌKÍËMMŒÍÌ‹KLKMLÍŒŒ˜[ÙKKKKVT’SQS•SÔÒQÕË˜[ÙKLÎKÌMLŒLXŒŒMNYMÍŒÙŽMLX˜MMÌÍÍMÍÙŒ˜LM™MŒXÌØ™NXBŽŽØXŽLXŒLŽXXÍÍNYXÙY˜ŒÍÍLÍŒL™ŽŒXØÌYXÙXÍÍØÍLŽLLËÍLÓWÐÌKÍLÓWÐÌKŒÎXŒÙYXÎØÌÌMÎLÍØÌ˜Ì™ŒÙLŒM˜YX˜ÌŒÎXŒLÎYY™ÍYXX‹ŒŒMLŽNNNMLNKMLÌÍŽÎNLMÌKËÍÍŒÍLMMÌMNŽKŽNNMMÌLÎLMÍKŽLÎLMMÌLMÌ‹LŽÎNLÍNMÌŒMKŒMLŒŒŒŽLÎKŒŒÌLNŒËŒŒŒMÍÍNŒMÎKŒŒÎÌLÌÍÎMMMÎNKŒŒÌLNŒËŒŒŒMÍÍNŒMÎKŒŒÎÌLÌÍÎMMMÎNKMÌK‹ËMNL‹MËMËMMŒNKŒKŒK˜[ÙKT’U‘QT‘ÐŽLM‹‹KKVT’SQS•SÔÒQÕË˜[ÙKLÎLL™ØÌ™LLÙYXŽLLYŒÍØÙŽØÙ™NLÍ˜ÙXØÍLŽŒMÙMLYLM™ŽM‚ŽŽØXŽLXŒLŽXXÍÍNYXÙY˜ŒÍÍLÍŒL™ŽŒXØÌYXÙXÍÍØÍLŽLMÍLÓWÐÌLÍLÓWÐÌLŒÎXŒÙYXÎØÌÌMÎLÍØÌ˜Ì™ŒÙLŒM˜YX˜ÌŒÎXŒLÎYY™ÍYXX‹KŒMNMNÌMKMMMNNŒÌŽ‹ËŽLMÍNÎNLÎNKKŒMLMÌŒMLNKŽMÍÎMNLŒMMŒNKLKÌŽÎMŽNMÎKŒLŽMŒŒMNŒMÎNKŒŽMÎLÍLMLÎMMLLËŒŒLMÌÎMŽLŒMLÍMŽÎNKŒŽMÎLÍLMLÎMMLLËŒŒLMÌÎMŽLŒMLÍMŽÎNKNÌŽKÌËÌËLÎÍ‹MMMNNMËŒ‹Œ‹˜[ÙKKKKVT’SQS•SÔÒQÕË˜[ÙKLÎLKYX˜LYNÎMØÌÍ™YÙYŽXM˜ŒÎ˜N™ØXŒYLÙ˜ÌLÍŒMÎX™˜N‚ŽŽØXŽLXŒLŽXXÍÍNYXÙY˜ŒÍÍLÍŒL™ŽŒXØÌYXÙXÍÍØÍLŽLMKÍLÓWÐÌMKÍLÓWÐÌMKŒÎXŒÙYXÎØÌÌMÎLÍØÌ˜Ì™ŒÙLŒM˜YX˜ÌŒÎXŒLÎYY™ÍYXX‹KMMMÌMÌMKMLÎŽŒÍKŒNLÌLLÎLŒŽNNÎMŒÍÍŒÌŽKMÎÌŽÌÌŒÍ‹L‹ŒLLMÍÌÌLËŒMMŒŒÍÎNMNLÎNKŒÌLÌŽMŒMMNLÌLKŒNNMMŒMŒLKŒNMÍÌLÌMÌÎLKŒÌLÌŽMŒMMNLÌLKŒNNMMŒMŒLKŒNMÍÌLÌMÌÎLKŒÌÍËÎKLÌÌ‹LKLKMŒÎ‹K˜[ÙKKKKVT’SQS•SÔÒQÕË˜[ÙKLÎL‹ÍÍYÙMMŒXÌŽYØXØŒYŒÍÙYŽX™XÙŽXŽYYXŽYØŒŒ™ŒY™ÙÂŽŽØXŽLXŒLŽXXÍÍNYXÙY˜ŒÍÍLÍŒL™ŽŒXØÌYXÙXÍÍØÍLŽLM‹ÍLÓWÐÌŒÍLÓWÐÌŒŒÎXŒÙYXÎØÌÌMÎLÍØÌ˜Ì™ŒÙLŒM˜YX˜ÌŒÎXŒLÎYY™ÍYXX‹KŽLÎMÍŒMMNLÎNMLÍLŽLNKŒŒÎÍÍÌÌLÍLËŽNMMMÌÎLMŒËNKÌÍÌMŒÌÍŒMËLËÎLÍŒÌŽLÌNLNKŒLÎMNMÌŒMMŒÌÌÎÌÍŽLLÌMMÍLÍËŒNMMÍÌLLLÎMMŽKŒMMÍÎLLÎLLÍŒŒËŒÌÌÎÌÍŽLLÌMMÍLÍËŒNMMÍÌLLLÎMMŽKŒMMÍÎLLÎLLÍŒŒËŒNK‹LŒMŒ‹ËMÍŒ‹KK˜[ÙKKKKVT’SQS•SÔÒQÕË˜[ÙKLÎLËMXMM™NYLYŒ™L˜MŒ™ØÍÌ˜™™ŽNX˜ÙYØŽMÙLNMØÙ˜LÎMØŒMLÍNMÎÎŽŽØXŽLXŒLŽXXÍÍNYXÙY˜ŒÍÍLÍŒL™ŽŒXØÌYXÙXÍÍØÍLŽLMËÍLÓWÐÌKÍLÓWÐÌKŒÎXŒÙYXÎØÌÌMÎLÍØÌ˜Ì™ŒÙLŒM˜YX˜ÌŒÎXŒLÎYY™ÍYXX‹‹ŒŽMMNNLÌËMMŒŽLMLÍLNŒÍMMÌÌLNMÍÍKKŒÌMŽMNNLŒKŒŽMŒMLŒŽËMŒÍLMMLÌÍÍŒMÍËŒLÎMÍÌNŒÎNŒÍMÍMMMLŒÌLËŒMŽMÌŒÎMMMMLÌËŒŒMÌLLNLŒÍMÍMMMLŒÌLËŒMŽMÌŒÎMMMMLÌËŒŒMÌLLNLŒÌÎLKL‹LLLŒËËËMÌMKËË˜[ÙKKKKVT’SQS•SÔÒQÕË˜[ÙKLÎMÙÙØÙY˜YY™XYÍ™MLØ˜ÙŽØL™LØXÌYØY˜ÙMŽÙŒ˜ÌLŽLŒBŽŽØXŽLXŒLŽXXÍÍNYXÙY˜ŒÍÍLÍŒL™ŽŒXØÌYXÙXÍÍØÍLŽLNÍLÓWÐÌÌÍLÓWÐÌÌŒÎXŒÙYXÎØÌÌMÎLÍØÌ˜Ì™ŒÙLŒM˜YX˜ÌŒÎXŒLÎYY™ÍYXX‹‹ÍÌŒŒÍÍŽNM‹MMŒÌMNLLÌËLŽNLÍŒÎÎLÌKŽNNLÍÎLLÌMKŽKMLNMÌŽMÌLMKŒŒMMŒÌŽNMMÎŒLÎMLÌÎNNKŒÍÎNLMÌÌNML‹ŒMLLNŒÍÎMNKŒÍMÎMŒÎŒ‹ŒÍÎNLMÌÌNML‹ŒMLLNŒÍÎMNKŒÍMÎMŒÎŒ‹ÍËMËMËNL‹ÎKÎMÍLŽŽŽ˜[ÙKKKKVT’SQS•SÔÒQÕË˜[ÙKLÎMKLYYXŒMŒØNLYXMŒ˜˜ŒØMÙ™LØÍÌÌ™LYŒ™XÌYŒMØ™˜ŒN˜ŽLŽYŽŽØXŽLXŒLŽXXÍÍNYXÙY˜ŒÍÍLÍŒL™ŽŒXØÌYXÙXÍÍØÍLŽLNKÍLÓWÐÌÍKÍLÓWÐÌÍKŒÎXŒÙYXÎØÌÌMÎLÍØÌ˜Ì™ŒÙLŒM˜YX˜ÌŒÎXŒLÎYY™ÍYXX‹ËŒŒÌŒÎMLLŒMM‹LÍŒŒMÍÌÎNKŒÌÍÍŽŽLMÍŽNMÌMŒÎLMÍLÌÍÌÍLÎNNMËM‹ŒÌŒŒÌŒNLÎMËŒŽÎŽMMNÌKÎLMÍÌÍÍNMÌKŒLŽLLŒMNMŒMKŒÌÌÍÎMLLNLÍNÎLMÍÌÍÍNMÌKŒLŽLLŒMNMŒMKŒÌÌÍÎMLLNLÍNŒ‹L‹L‹Œ‹ÌËÌËMÎLKÌŽK˜[ÙKKKKVT’SQS•SÔÒQÕË˜[ÙKLÎM‹XŽÍ˜M™˜ÙŒÙŽMŒMŒÙMNLY™™ŒM™MŒÎ˜ŒMŽÙŒ˜ÙNX˜ÙLLMNMXBŽŽØXŽLXŒLŽXXÍÍNYXÙY˜ŒÍÍLÍŒL™ŽŒXØÌYXÙXÍÍØÍLŽLŒÍLÓWÐÌÍLÓWÐÌŒÎXŒÙYXÎØÌÌMÎLÍØÌ˜Ì™ŒÙLŒM˜YX˜ÌŒÎXŒLÎYY™ÍYXX‹ËÎMMMÍÍÎMLËMLÍLNMMŒNŽŒNMÍLÌŒŽNNMNLÍÍMLLÎKLÌMŽLËM‹ŽMŒLNLLÎM‹ŒNÌÍMLMÌ‹ŒŒŒÎMMLÍÌÌNŒNNLÌŒÌŒÎŽNLKŒÎLLŒLÍLÍLŽŒŒŒÎMMLÍÌÌNŒNNLÌŒÌŒÎŽNLKŒÎLLŒLÍLÍLŽÍŽKLLMKKËNŽLÌKÌ‹˜[ÙKKKKVT’SQS•SÔÒQÕË˜[ÙKLÎMËY˜ØÙY˜XŒ˜ÎÙMŒYXMXMÌÌLMMÎ˜ØÍÙŽLXŒÌÍŽMØ˜YYXÎÎM‚ŽŽØXŽLXŒLŽXXÍÍNYXÙY˜ŒÍÍLÍŒL™ŽŒXØÌYXÙXÍÍØÍLŽLŒKÍLÓWÐÌKÍLÓWÐÌKŒÎXŒÙYXÎØÌÌMÎLÍØÌ˜Ì™ŒÙLŒM˜YX˜ÌŒÎXŒLÎYY™ÍYXX‹ŒÌŽLŒMÍLŒËMÍLLŒMŽLÌLL‹ŽNMŒMÍŽMŒLËŽNMÍÍMŒŒŽKŒÌÌMMLÍŒ‹MËŽLÎNMŒŒÎÍÍŽMŒMMLÌLŒŒÌÌMKÌŒMLÍŒÍŽML‹ŒNNŒNLNŒNNNŒŽMŒNMÌMLŽ‹ÌŒMLÍŒÍŽML‹ŒNNŒNLNŒNNNŒŽMŒNMÌMLŽ‹ŽL‹LLËLLËÎÌKMKM‹NÍÌËÌË˜[ÙKKKKVT’SQS•SÔÒQÕË˜[ÙKLÎNMMÍÌÌMMÍ™MYMŽLX™MŽX˜ÍÍMMNYLYLÎMŒÎŽYMM˜MNNLLÌXÌBŽŽØXŽLXŒLŽXXÍÍNYXÙY˜ŒÍÍLÍŒL™ŽŒXØÌYXÙXÍÍØÍLŽLŒ‹ÍLÓWÐÌLÍLÓWÐÌLŒÎXŒÙYXÎØÌÌMÎLÍØÌ˜Ì™ŒÙLŒM˜YX˜ÌŒÎXŒLÎYY™ÍYXX‹ŽMNLÍNÎMMKMNÎŽNL‹KŒMLNŒÍÍMŒMŽLÎKŽNMŽÍÍLŽLLÌÌËKŒMMŒÌLÌÌÍL‹NÎÌŽLLŽLÎMËŒLLÎMMNNNKŒÎMLÌLLÎLŒ‹LŒNLMÎMLŒŽŒŽLÍÍLNNŒÎMLÌLLÎLŒ‹ŒŽLÍÍLNNÌKLNLNNLMKÍÍKYKKKKVT’SQS•SÔÒQÕË˜[ÙKLÎNKÍÍLMÍY˜™M™L˜ÍŽL™˜YŒYŽ™ŒØ˜ØMLYXÙŽLLÙXNÍÙYMÌÙ‚ŽŽØXŽLXŒLŽXXÍÍNYXÙY˜ŒÍÍLÍŒL™ŽŒXØÌYXÙXÍÍØÍLŽL‹ÍLÓÌÐÌKÍLÓÌÐÌKŒÎXŒÙYXÎØÌÌMÎLÍØÌ˜Ì™ŒÙLŒM˜YX˜ÌŒÎXŒLÎYY™ÍYXX‹‹ÌMÍŽMŒLÌÍÌÎK‹ŒŒÍŽNÌÌLÍKKŒÌLŽLLŒÍÎÍNMLKÌŒNLNNNŽLÎMŒÍMÍNMLKLŽÍMLÎMÌKŒŽÍÍÌÍNNMNLKŒÌLÍÍNŒLŒŒMNKŒŽMLÍŒÌŽNŒŽŽNLŒMKŒÌLÍÍNŒLŒŒMNKŒŽMLÍŒÌŽNŒŽŽNLŒMKŒLËÎÎMÍMKŽŽNM‹Ì‹Ì‹˜[ÙKKKKVT’SQS•SÔÒQÕË˜[ÙKLŽ™Œ˜ŒÌMNXYŒØÍŒX™™Œ˜ÙLLXYŒÍÌ™X™YNLMÍYYŽX™˜ØÌØLŽMŽŽØXŽLXŒLŽXXÍÍNYXÙY˜ŒÍÍLÍŒL™ŽŒXØÌYXÙXÍÍØÍLŽLËÍLÓÌÐÌLÍLÓÌÐÌLŒÎXŒÙYXÎØÌÌMÎLÍØÌ˜Ì™ŒÙLŒM˜YX˜ÌŒÎXŒLÎYY™ÍYXX‹‹ŽMLMLŒŒŒÍÎŒ‹‹ŒŒÍNÍLÌLÌÍ‹KLŒÍŒŒNLKŽKŽNNNMMMÌÍÍLLKKŽLLÌMLMŒLŒÍÍËLKÍŒÌLŒMÍMÌŽLMÍÌËŒŒŽÍŒMMŽNNNKŒÌÌŒLÍLLÍÍLMŒMËŒMNÌÎŒÍMÎMŒŒŽNMÍMŒÍMLÍ‹ŒÌÌŒLÍLLÍÍLMŒMËŒMNÌÎŒÍMÎMŒŒŽNMÍMŒÍMLÍ‹ŒMÍKKKMÍÌKKNLÎKÍÍ˜[ÙKKKKVT’SQS•SÔÒQÕË˜[ÙKLŽKØÙYÙÙŽY™XLÌMX™XMÍYLŒ˜ÌMŒŒÌ˜Ì˜ŒÍÍÌYLÌMLMÌYØÌØXÎŒŽŽØXŽLXŒLŽXXÍÍNYXÙY˜ŒÍÍLÍŒL™ŽŒXØÌYXÙXÍÍØÍLŽLÍLÓÌÐÌMKÍLÓÌÐÌMKŒÎXŒÙYXÎØÌÌMÎLÍØÌ˜Ì™ŒÙLŒM˜YX˜ÌŒÎXŒLÎYY™ÍYXX‹ËMMÎŒŒÎNLÎMÎ‹ŒŒÍLŒLMŽLNNKNÌNMŽLÌÎLŽKŽNNŽLÌÍŒLŒMLŒKMÍÌÎMÎLÍLŒËL‹ŒLLÍÎMLMNLËŒÌMŒ‹ŒÍMÍLÌÌŒÌLŒÎÌKŒÍLLŒÍMŽŽKŒŽMMÌLLMMMNKŒÍMÍLÌÌŒÌLŒÎÌKŒÍLLŒÍMŽŽKŒŽMMÌLLMMMNKŒÍÎKLKLKMNMŽKŒ‹Œ‹NLÌÌKÍKÍ‹˜[ÙKKKKVT’SQS•SÔÒQÕË˜[ÙKLŽ‹™ŽÍÍMY˜ŒÍ™ÍŒØŽLYYMŒŒŒÍ™ŒÌØNÎX™L˜ÌM™LMMLŽŽØXŽLXŒLŽXXÍÍNYXÙY˜ŒÍÍLÍŒL™ŽŒXØÌYXÙXÍÍØÍLŽLKÍLÓÌÐÌŒÍLÓÌÐÌŒŒÎXŒÙYXÎØÌÌMÎLÍØÌ˜Ì™ŒÙLŒM˜YX˜ÌŒÎXŒLÎYY™ÍYXX‹ËŽNÎMÎLLÍÍË‹ŒŒÍLÌLŽÌŒL‹KŽŽÎLNNÌMKŽKŽNMÍLNÍÎNNKÌŒMLÍÌŒLŽKLËÍNNÍMMÍŽMŒÌÎMNÍÎM‹ŒÎŒŽMLMÌMŒLNNKŒŒÌLÍÎÍLÌŽÎKŒÌLŽNLŒÍÎËŒÎŒŽMLMÌMŒLNNKŒŒÌLÍÎÍLÌŽÎKŒÌLŽNLŒÍÎËLMMËNMLÍËNKNNMÌŒKÍËÍ‹˜[ÙKKKKVT’SQS•SÔÒQÕË˜[ÙKLŽËÙXMÌL™YŒÍŽXYŽŽY™ÎÙÌX˜ÌÙŒÙN˜YMY˜ŒYX™MØÎYØLL˜ØMXLY‚ŽŽØXŽLXŒLŽXXÍÍNYXÙY˜ŒÍÍLÍŒL™ŽŒXØÌYXÙXÍÍØÍLŽL‹ÍLÓÌÐÌKÍLÓÌÐÌKŒÎXŒÙYXÎØÌÌMÎLÍØÌ˜Ì™ŒÙLŒM˜YX˜ÌŒÎXŒLÎYY™ÍYXX‹MLNLLNLMŒ‹‹ŒŒÍMLLŒÍLŒMK‹ŒÍNMŒÌMÌLÍŽKŽNNLŽMLÌLŽMŽŒÎLÌMÎLÍNLËMŒÍLŒNLMÎMMÍMKŒŒÍMŽNÎNMNNNŒŒÍMÍMMLLŒŒËŒŒMÍMÎNŒMKŒÌŽMŽLLÌŒŒNLKŒŒÍMÍMMLLŒŒËŒŒMÍMÎNŒMKŒÌŽMŽLLÌŒŒNLKŒŒËLLKMÍMKMKŒLMËÎÎ˜[ÙKKKKVT’SQS•SÔÒQÕË˜[ÙKLŽ˜Ž˜MÌØMŒÍMYNXŒŒLMŽÎMÎLŒÙMYMÎÙŽYY™X™MÎXMÍMNMŽŽŽØXŽLXŒLŽXXÍÍNYXÙY˜ŒÍÍLÍŒL™ŽŒXØÌYXÙXÍÍØÍLŽLËÍLÓÌÐÌÌÍLÓÌÐÌÌŒÎXŒÙYXÎØÌÌMÎLÍØÌ˜Ì™ŒÙLŒM˜YX˜ÌŒÎXŒLÎYY™ÍYXX‹KŒLNNMŒNMŒMŒË‹ŒŒÍLÌLÍNLŒÌMMM‹‹ŒŒŒŒÍŒÎMÎŒL‹ŽKŽNNLÍÍMŒMNKŽKMNLŒÍÍLLŽMÍKMKŒŒMNŒMÍLNŒMNÍÍNLŒÍLÍNNNKŽMÌÎÌLLMŒ‹ŒNMÌÎÌLÎLLŒMŒÌKŒÌLŽLMÍLŒÌMÌM‹ŽMÌÎÌLLMŒ‹ŒNMÌÎÌLÎLLŒMŒÌKŒÌLŽLMÍLŒÌMÌM‹ŽM‹LLLLLŽLÍKLLŒL‹˜[ÙKKKKVT’SQS•SÔÒQÕË˜[ÙKLŽKÍXXNŒ™MÙŒMØŽÎMØÍÙÌLÙMŒØØÙ˜ØÍÎL™ŽLÌØLŒNYŒŒ™YM˜™™LÙ‚ŽŽØXŽLXŒLŽXXÍÍNYXÙY˜ŒÍÍLÍŒL™ŽŒXØÌYXÙXÍÍØÍLŽLÍLÓÌÐÌÍKÍLÓÌÐÌÍKŒÎXŒÙYXÎØÌÌMÎLÍØÌ˜Ì™ŒÙLŒM˜YX˜ÌŒÎXŒLÎYY™ÍYXX‹KÌŒNLŒMŒÌŽN‹ŒŒÍMNŽÍË‹MÌLNLMMÌ‹ŽKŽNMMÌŒÌNMLËÍMŒNMÍŒMÌŒ‹M‹ŒLŒÍŒÌMLMŒNLNÌNŽŒÎNKLŒŒÎÌMMŒLKŒMÍÌŒNLÎNŒÌKŒÌNMNLŒÎÎMKLŒŒÎÌMMŒLKŒMÍÌŒNLÎNŒÌKŒÌNMNLŒÎÎMKŽMŒÍKLMKLM‹LMŒLËK‹ŒL‹K‹˜[ÙKKKKVT’SQS•SÔÒQÕË˜[ÙKLŽ‹ØÙNX™ŒMLÌÌY™™ML™ŽÌØMÍXÍÍÌÍŽŒMŒÌ˜ÌXLLÎŽŽØXŽLXŒLŽXXÍÍNYXÙY˜ŒÍÍLÍŒL™ŽŒXØÌYXÙXÍÍØÍLŽLKÍLÓÌÐÌÍLÓÌÐÌŒÎXŒÙYXÎØÌÌMÎLÍØÌ˜Ì™ŒÙLŒM˜YX˜ÌŒÎXŒLÎYY™ÍYXX‹LŒÍLLMÍŒMŽNK‹ŒŒÌÎLÍŒMÌŒLLÍ‹ŒLÍÌLÎMŽÎÍ‹ŽKŽNMLLÍŒÍMÎMMÍ‹ÎKÍLŽÌŽÌKM‹ŽMLÌMMÌLÍŒMŒMÍÌMMÌÌÌŽLËÍLMŒÍÌMÍÍNŒMLÌMŽÌNMŒMŒŒKŒÌLMMŽMÎNLŽMÌKÍLMŒÍÌMÍÍNŒMLÌMŽÌNMŒMŒŒKŒÌLMMŽMÎNLŽMÌKÌLMËLŒKLŒKLÍ‹ÎKŒLŽLËËË˜[ÙKKKKVT’SQS•SÔÒQÕË˜[ÙKLŽËÍÌMM™XNMNNMXÎØŒXLL˜LÍÍYYMŒÎM˜™XŽNYYÍXŽLÙN˜˜YXØ™ÙBŽŽØXŽLXŒLŽXXÍÍNYXÙY˜ŒÍÍLÍŒL™ŽŒXØÌYXÙXÍÍØÍLŽLLÍLÓÌÐÌKÍLÓÌÐÌKŒÎXŒÙYXÎØÌÌMÎLÍØÌ˜Ì™ŒÙLŒM˜YX˜ÌŒÎXŒLÎYY™ÍYXX‹LKŒŽMNMLNK‹ŒŒÌÍŽLMŽNMNM‹ŽLÌLMÌŒMÌŒLÌŽKŽNMMLÍÌÎNNÌÍŒÌÎMÌÍŒMMŒÍL‹MËŽLLŒLMNLLÎN‹ŒŒÌÎLÌÍMŒŽM‹MLMNNLÌMÍÍ‹ŒLŒŽNÌLLŒNMMLŽKŒÌÌŽLÍMÍLLLËMLMNNLÌMÍÍ‹ŒLŒŽNÌLLŒNMMLŽKŒÌÌŽLÍMÍLLLËÌLÎKLËLËŒÌKÌËŒMŽK˜[ÙKKKKVT’SQS•SÔÒQÕË˜[ÙKLŽŒÍØLŒYMXŽY™™XYNLÙLXYŒŒLYLÙXÌŒM™L™LÙMXÙLNŽXNŽŽØXŽLXŒLŽXXÍÍNYXÙY˜ŒÍÍLÍŒL™ŽŒXØÌYXÙXÍÍØÍLŽLLKÍLÓÌÐÌLÍLÓÌÐÌLŒÎXŒÙYXÎØÌÌMÎLÍØÌ˜Ì™ŒÙLŒM˜YX˜ÌŒÎXŒLÎYY™ÍYXX‹LKŽLÍÎMŒMNMÍË‹ŒŒÍMNMNLÎLMLNMŒËËŒŒLŒÍLŒŽLMŒŽKŽNNLÍŽNKŒLÌÌLÍŒLMMKNŽŽMÌÎMLLÌL‹ŒLÎÎŒÍNNMM‹LNNÍMMÌÌ‹ŒLÌMMŒÌŽÌLËŒÌÍŽMLŒÌÎŒÎLŒÍÌ‹LNNÍMMÌÌ‹ŒLÌMMŒÌŽÌLËŒÌÍŽMLŒÌÎŒÎLŒÍÌ‹ÌÎMNKLÌ‹LÌ‹LÌÌŒKŒ‹ŒŒ‹‹Ë˜[ÙKKKKVT’SQS•SÔÒQÕË˜[ÙKLŽKXØMÍMŒØØŒL™LÍÌMÍL™NYŒÍÌÌYLÎÙŒLÌYYNY˜ÙYŒLMMMM˜ÂŽŽØXŽLXŒLŽXXÍÍNYXÙY˜ŒÍÍLÍŒL™ŽŒXØÌYXÙXÍÍØÍLŽLL‹ÍLÓÌÐÌMKÍLÓÌÐÌMKŒÎXŒÙYXÎØÌÌMÎLÍØÌ˜Ì™ŒÙLŒM˜YX˜ÌŒÎXŒLÎYY™ÍYXX‹L‹LÍLÎNLMË‹ŒŒÍÌLÍÍÎÍŒŒ‹ËŒŒÌLÍLLÎLLËŽKŽNMÌŽÌLÍŒÍMŒMÎMLÎÎNLNKLÍŒŽŒÍÎNŒNMKŒŒŽMMMMLŽÍÌ‹LÎMŒÌŒÌMÎMËŒNMŒÎNNMŒLŒÎNNKŒÍŽŽÍLŒ‹LÎMŒÌŒÌMÎMËŒNMŒÎNNMŒLŒÎNNKŒÍŽŽÍLŒ‹ÍLÍŒËLÎLÍËÎLK‹ËŒÌKË˜[ÙKKKKVT’SQS•SÔÒQÕË˜[ÙKLŽLMÙŒŽM˜ÌŒL˜ÎŒMX˜ØÌŒÌMÍMÌØŽ™MÍLXNX˜ÌYLLŒÌŒÌ™ŒÌÙŒ™M˜YBŽŽØXŽLXŒLŽXXÍÍNYXÙY˜ŒÍÍLÍŒL™ŽŒXØÌYXÙXÍÍØÍLŽKÍLÓÍWÐÌKÍLÓÍWÐÌKŒÎXŒÙYXÎØÌÌMÎLÍØÌ˜Ì™ŒÙLŒM˜YX˜ÌŒÎXŒLÎYY™ÍYXX‹ÍMŒMŽMLNMÍ‹NLÍŽ‹ËŒŒMŽNŽÌÎLMÍNËÍKŒMLŒÍÍŒŒÌŒNŽLÍÌMŽMÌÍÍLËLŽÎMŒMÌLŒÌŒÍÍLÍÎMMŽLŒÎNNKŒÍLNLŽMÌLÍÍNÍŽL‹ŒÌLŽÎLÍÌÍMÍKŒÌŽÌÎLÌŒNKŒÍLNLŽMÌLÍÍNÍŽL‹ŒÌLŽÎLÍÌÍMÍKŒÌŽÌÎLÌŒNKŒÌŒKLKŒÍKÎKŒMMLKË˜[ÙKKKKVT’SQS•SÔÒQÕË˜[ÙKLŽLKÙ˜LMØŒŒÌ™XØÍMŒŒÙŽØÌLŒÎÎNXÍXŒM˜YYYMŽ™ÍÎŽ™MÎYMXBŽŽØXŽLXŒLŽXXÍÍNYXÙY˜ŒÍÍLÍŒL™ŽŒXØÌYXÙXÍÍØÍLŽLÍLÓÍWÐÌLÍLÓÍWÐÌLŒÎXŒÙYXÎØÌÌMÎLÍØÌ˜Ì™ŒÙLŒM˜YX˜ÌŒÎXŒLÎYY™ÍYXX‹KŒÍÌÌÎÌÍKMÌÍMNMÌÌÍÎN‹ËÌNŽLNNŒÍŽNMÎLÍLLLÎÍKŽŒŽMLLNNMLÍLŒKLKÍLMŒŒÌÎMŒKŒMMŽMÍÌÌÍÍNKŒÍÎMNMŽLLMÌÌÍŒŽŽKŒÌLŒŽÍŽNŒŽKŒÌÍNNNNMMÌŒŒKŒÍÎMNMŽLLMÌÌÍŒŽŽKŒÌLŒŽÍŽNŒŽKŒÌÍNNNNMMÌŒŒKÍËMËMËNMÌÎKÍËÍËŒNMLËK‹˜[ÙKKKKVT’SQS•SÔÒQÕË˜[ÙKLŽL‹ÌÍÍXYLÍLÍ˜NÍ™ŒLMLYYLØ˜™LØÌÌÌÍØÙLXØŒÙNLMÙLYX™ÍÂŽŽØXŽLXŒLŽXXÍÍNYXÙY˜ŒÍÍLÍŒL™ŽŒXØÌYXÙXÍÍØÍLŽLKÍLÓÍWÐÌMKÍLÓÍWÐÌMKŒÎXŒÙYXÎØÌÌMÎLÍØÌ˜Ì™ŒÙLŒM˜YX˜ÌŒÎXŒLÎYY™ÍYXX‹KŽMMNMNŽMÌËMÌMÍÍŽMMÎMKËLLNNŒLNËÍŽNMÍLNNLÌÎLNLŒËMÎÍÍÍÍN‹L‹ŒLLÌÍMLÎŒŒLÍLÍMMLNMŽÍÌKŒÍMŒNŒŒÌLÌKŒŽNÌÌMÎMŒÎŒÍLLÎMÎMMŒLŽKŒÍMŒNŒŒÌLÌKŒŽNÌÌMÎMŒÎŒÍLLÎMÎMMŒLŽKŒL‹LLËNLÎKÍÌËŒŒÍM‹ËË˜[ÙKKKKVT’SQS•SÔÒQÕË˜[ÙKLŽLËYŒÙYX˜™LL™NL˜™™Ž™ÎNMÍM™˜LŒNXXÌXÍŽXÌXÌØÙ˜MLMY‚ŽŽØXŽLXŒLŽXXÍÍNYXÙY˜ŒÍÍLÍŒL™ŽŒXØÌYXÙXÍÍØÍLŽL‹ÍLÓÍWÐÌŒÍLÓÍWÐÌŒŒÎXŒÙYXÎØÌÌMÎLÍØÌ˜Ì™ŒÙLŒM˜YX˜ÌŒÎXŒLÎYY™ÍYXX‹LNMÌMŽÍŽMNMÍLÍMÍÍÌÍÌŒËËŽÌLÎNŒŒNNMNNKÍŽNNLÌŒŒÌÌLLŽKNKÌMŽMLMLKLËÍŽNÎNŒLÌŒNLNLNÎËÌMÌÌŽŒÍÌ‹ŒÍMMŒÍŽŽÎLKŒÍÌÍŒMMÌLKÌMÌÌŽŒÍÌ‹ŒÍMMŒÍŽŽÎLKŒÍÌÍŒMMÌLKŽŽKLLLLKNNKÌÌŒÍNKK˜[ÙKKKKVT’SQS•SÔÒQÕË˜[ÙKLŽMYLØYŒØ˜XXŒ™ÙXØŒXNN˜ØYÙÎXÍYØÍMÎÌ™MLLY˜MÍL˜ÌÙ˜BŽŽØXŽLXŒLŽXXÍÍNYXÙY˜ŒÍÍLÍŒL™ŽŒXØÌYXÙXÍÍØÍLŽLËÍLÓÍWÐÌKÍLÓÍWÐÌKŒÎXŒÙYXÎØÌÌMÎLÍØÌ˜Ì™ŒÙLŒM˜YX˜ÌŒÎXŒLÎYY™ÍYXX‹LKŒŒÌLLNÎŒMÌKMŽMŒÍMÎLŒMŒKŒMŒÍLÎLŒLNM‹ÍŽNMÌMLMÍÍÌËŒÌÍÍÍLÍMKMŒÍŒŒŒMMNLÌŒÎM‹ŒLÍMMÍKMÍMMMMMMLŒ‹ŒŒŽÌMÍÌLÌŒ‹ŒÍLÌÎLÍÌÌMMLNMÍMMMMMMLŒ‹ŒŒŽÌMÍÌLÌŒ‹ŒÍLÌÎLÍÌÌMMLNŽNLMKLM‹LMËMÌ‹‹ŒÌMNKLK˜[ÙKKKKVT’SQS•SÔÒQÕË˜[ÙKLŽMKYMŒÌ™MÌÌÍXØNXŒ˜ŒØ˜ŽNXLMŒÙX˜ØM™ÙNXÙŒMXŒ™ÌÌXØÂŽŽØXŽLXŒLŽXXÍÍNYXÙY˜ŒÍÍLÍŒL™ŽŒXØÌYXÙXÍÍØÍLŽMÍLÓÍWÐÌÌÍLÓÍWÐÌÌŒÎXŒÙYXÎØÌÌMÎLÍØÌ˜Ì™ŒÙLŒM˜YX˜ÌŒÎXŒLÎYY™ÍYXX‹LKŽMNŽÌMLÌ‹NŒNÌÌŽNKŒÌÌÌÌNÍMÍŽLÍKÍŽNNMŒŒÌM‹ŽKMLNMÌÍLÌNLKMKŒŒMNMMÍÍÌŒLÌ‹ŒÎMÌMÍŽLÌMÍLKŒMLLNMÎŒKŒLÍLŽMŒÌKŒÍNMMLLMMMÍML‹ŒMLLNMÎŒKŒLÍLŽMŒÌKŒÍNMMLLMMMÍML‹ÌMLLŒËLŒËMNNNKŒ‹Œ‹ŒÍMŒËL‹LK˜[ÙKKKKVT’SQS•SÔÒQÕË˜[ÙKLŽM‹NÙ™ÌLŒYYÙMÙÍ™LXÎLÍLXY™Œ˜ŽX˜ØLÎNÌÙ™LŒØÙL™BŽŽØXŽLXŒLŽXXÍÍNYXÙY˜ŒÍÍLÍŒL™ŽŒXØÌYXÙXÍÍØÍLŽMKÍLÓÍWÐÌÍKÍLÓÍWÐÌÍKŒÎXŒÙYXÎØÌÌMÎLÍØÌ˜Ì™ŒÙLŒM˜YX˜ÌŒÎXŒLÎYY™ÍYXX‹L‹ŽÎŽŒŒŒŒÌÍ‹MÌMÍÎLÍŒKMŒŽŒÍLÌÌMÌÍŽNMÍMÎNLÍŽËÍNMŒŒLLMMNKM‹ŒMÌŒNLÎLËŒNŽLŽNMÌÌÌŒ‹LÍMÌLŽËŒŒLÌMMÍMŽLKŒÍMÌNLÍÌLLŒKLÍMÌLŽËŒŒLÌMMÍMŽLKŒÍMÌNLÍÌLLŒKÌÌL‹LŽKLŽMÍKMËNŒÎMËLËLË˜[ÙKKKKVT’SQS•SÔÒQÕË˜[ÙKLŽMËŒ˜X™YLLNYNMYÍLL˜N˜XÌÍÙÍÍØØYY™YXM˜ŽYŒML™MŽLYŽM™YXÙ˜ÍÙ™BŽŽØXŽLXŒLŽXXÍÍNYXÙY˜ŒÍÍLÍŒL™ŽŒXØÌYXÙXÍÍØÍLŽM‹ÍLÓÍWÐÌÍLÓÍWÐÌŒÎXŒÙYXÎØÌÌMÎLÍØÌ˜Ì™ŒÙLŒM˜YX˜ÌŒÎXŒLÎYY™ÍYXX‹LËÌLÌŽMŽN‹MMÍÍÌMŽŒMNLÍÌÍÍKÍŽNMŒÌLMMÍŒMMÌLKÎKLLÍLÍŒÎMKM‹ŽMLLMÎNÍŒMKŒNMLŒNLLNNKLÍMÎNŒNNNLÌKŒŒÍÌŒÌLÌŒŒŒÍÌNÍNLLNŽLŒKLÍMÎNŒNNNLÌKŒŒÍÌŒÌLÌŒŒŒÍÌNÍNLLNŽLŒKÍMÌËLÍKLÍLÌÍLL‹L‹ÍÌKMKMK˜[ÙKKKKVT’SQS•SÔÒQÕË˜[ÙKLŽNMX™ŽXŽNŒLXNLÎXMÎMMYÌM˜ÌYŒŽYYLÍMXŒNYXYN˜ÙŽNBŽŽØXŽLXŒLŽXXÍÍNYXÙY˜ŒÍÍLÍŒL™ŽŒXØÌYXÙXÍÍØÍLŽMËÍLÓÍWÐÌKÍLÓÍWÐÌKŒÎXŒÙYXÎØÌÌMÎLÍØÌ˜Ì™ŒÙLŒM˜YX˜ÌŒÎXŒLÎYY™ÍYXX‹MŒŒLLMMŒMÌNLÍMÍKŒNMÍÍËÍŽNMŒŽMÍÍKŒÌÍLLLÍMÎLÎMÎKMËŽMLLLŒNÌMMKŒNLNLŒLŒNMÍŽNKMLÎMÌŽLLŒLMNKŒMÎŒLLŽMÎÎŒÍÎLÍŒÍÌLÌŽKMLÎMÌŽLLŒLMNKŒMÎŒLLŽMÎÎŒÍÎLÍŒÍÌLÌŽKÍŒÌMLÎKLMÎKKKÍÌËM‹M‹˜[ÙKKKKVT’SQS•SÔÒQÕË˜[ÙKLŽNK™ŒŒÎYXÎ™NNXŽYYÍLÌÍŽLÌLŒ˜XŒÍŽMM™˜ØMXÌÌŽLLÂŽŽØXŽLXŒLŽXXÍÍNYXÙY˜ŒÍÍLÍŒL™ŽŒXØÌYXÙXÍÍØÍLŽNÍLÓÍWÐÌLÍLÓÍWÐÌLŒÎXŒÙYXÎØÌÌMÎLÍØÌ˜Ì™ŒÙLŒM˜YX˜ÌŒÎXŒLÎYY™ÍYXX‹MKŒŒMÍÌŒÌÎNÍŒËMŽÍMÌŒKKŒŽLÌNÌLÎLŒLÌKÍŽNMŽLLLÍLKKŒŒLÍLÌŒÌÌŽ‹NŽŽLLNNNÍÍŒNNNLMÎM‹MÌŽLÌLÎLŽLÍNËŒMÎMŒÍNLÌL‹ŒÎNÍLMMLËMÌŽLÌLÎLŽLÍNËŒMÎMŒÍNLÌL‹ŒÎNÍLMMLËÍÍMËM‹MKMŒŒÍËÍËLMÎNN˜[ÙKKKKVT’SQS•SÔÒQÕË˜[ÙKLŽŒ˜™LŒXYÍÎNØÍXØXÍÙ˜ÌÙ™ÌL˜ØÙXÎMMŒÌNMŒYYL˜LÌXX˜LŒLÌMŒÂŽŽØXŽLXŒLŽXXÍÍNYXÙY˜ŒÍÍLÍŒL™ŽŒXØÌYXÙXÍÍØÍLŽNKÍLÓÍWÐÌMKÍLÓÍWÐÌMKŒÎXŒÙYXÎØÌÌMÎLÍØÌ˜Ì™ŒÙLŒM˜YX˜ÌŒÎXŒLÎYY™ÍYXX‹MKŽNMLLLMÎMLMËMÎŽMÎÎÎNKMŒÍLNMÌ‹ÍŽNMÎNMMÍÌÎÎM‹MŒMÍLLÎLÌÎNËNKLÎLMÎLMMŒKŒMŒŒÎMŒŒÌÌÌŒKNMLMNMLŽËŒLŒÍŒŒLLÌŒMŽKŒÎLŽÍŒÍÍMÍÌŒÌKNMLMNMLŽËŒLŒÍŒŒLLÌŒMŽKŒÎLŽÍŒÍÍMÍÌŒÌKÎLËML‹MLKŽMËË‹MMÎLL˜[ÙKKKKVT’SQS•SÔÒQÕË˜[ÙKLŽŒKÍÙMŒÎMŒLNØ˜ÙÍÌÙY˜LØØŒÙY™ŒMLY˜™ŒÎMYŽY˜ŽMÌYMM™˜LNM‚ŽŽØXŽLXŒLŽXXÍÍNYXÙY˜ŒÍÍLÍŒL™ŽŒXØÌYXÙXÍÍØÍLŽLÍLÓÍWÐÌŒÍLÓÍWÐÌŒŒÎXŒÙYXÎØÌÌMÎLÍØÌ˜Ì™ŒÙLŒM˜YX˜ÌŒÎXŒLÎYY™ÍYXX‹M‹ÌÌNLŽÍNMŽKMŽÍŒLÌÍMÍÎMÌËKÎNNŽMMÌMŽNKÍŽNMŽMÍMMÌMÌËNKŒLÍMM‹LLÍNLMÍÌŽMŒŒŒŽLLMLŽŒLMËŒMÌNLLLMÍMLÌÌÍÍKŒŽNÍŒMŽMŽKŒÎMÍMÌMŒLÍÌKŒMÌNLLLMÍMLÌÌÍÍKŒŽNÍŒMŽMŽKŒÎMÍMÌMŒLÍÌKMMËMMËNMMKËNNËLKL˜[ÙKKKKVT’SQS•SÔÒQÕË˜[ÙKLŽŒ‹LŒÙÍŒŒLÎYYYXŒŽÍY˜XÙXMÎNYØ™™˜ÎYN™™L™™LÙŽŽØXŽLXŒLŽXXÍÍNYXÙY˜ŒÍÍLÍŒL™ŽŒXØÌYXÙXÍÍØÍLŽLKÍLÓÍWÐÌKÍLÓÍWÐÌKŒÎXŒÙYXÎØÌÌMÎLÍØÌ˜Ì™ŒÙLŒM˜YX˜ÌŒÎXŒLÎYY™ÍYXX‹MËŒÌŒLLÍŒNLŒÌ‹MMÎÍMMLÎL‹LŒMŒŒMLÎLÍ‹ÍŽNMÎLŒMMKŒÌLÌLÌMÍMÎKLLKŒŒŽŒNMŒLÍLÌËŒÌNMÍMMLŒŽNLKŒÎMÎŒNŒÌÌŒKLŒÌLÎŒLŽNNMŒŒKMMÍÍÍŽNLMÍLKŒÎMÎŒNŒÌÌŒKMMÍÍÍŽNLMÍLKNÍKMŒËMŒËŒÎ‹LËLËYKKKKVT’SQS•SÔÒQÕË˜[ÙKLŽŒËØMLÍ™LYØ˜ÌÌLÙYÌÍÍÌŒØŒMÍÎ˜ÎLÌÍÌŽÍXÌÎMÙNYÍÎØ‚ŽŽØXŽLXŒLŽXXÍÍNYXÙY˜ŒÍÍLÍŒL™ŽŒXØÌYXÙXÍÍØÍLŽÍKÍLÓÐÌKÍLÓÐÌKŒÎXŒÙYXÎØÌÌMÎLÍØÌ˜Ì™ŒÙLŒM˜YX˜ÌŒÎXŒLÎYY™ÍYXX‹LKLŒMÌLŽÍÌLLKŒLŽLŒMMNNMÌKKLŽMMLŽLÍŒÎM‹ÎKŽNNŽLŒMLMMÎŽLŽLLLNLLMNLÍËLŽÌLNLMÍÍÌÎMÍŒNÌNNÌŒÍMÍNNŒÎNMŒÌŒLÍŽMŒ‹ŒÍNLÍLŒÍLMÎLLKŒÍÍNŽLŒÍLŒÍLLKŒÎNMŒÌŒLÍŽMŒ‹ŒÍNLÍLŒÍLMÎLLKŒÍÍNŽLŒÍLŒÍLLKŒNL‹LKŒÍLÌL‹LKŒÌM‹M‹˜[ÙKKKKVT’SQS•SÔÒQÕË˜[ÙKLŽYLŒŒÌLÙL™MŒŽMLÎNXNY˜˜ŒÙYLYYŒ™XŽ™ŒØY˜MØ˜XLÙYM˜ŒLÙ˜ÂŽŽØXŽLXŒLŽXXÍÍNYXÙY˜ŒÍÍLÍŒL™ŽŒXØÌYXÙXÍÍØÍLŽÍ‹ÍLÓÐÌLÍLÓÐÌLŒÎXŒÙYXÎØÌÌMÎLÍØÌ˜Ì™ŒÙLŒM˜YX˜ÌŒÎXŒLÎYY™ÍYXX‹L‹ŒŒŽÌMLÍMMŽKLKŒLLMMKÎMMÍNMMKÎKŽNNLŒÍÎLÌÌÎËKŽLLÍNMŒMNLKÍŒŒÍŽLLÎMŒŽMÌËŒNMMŒŽÍMŒËŽMMÍŒÌÎŽLŽŒÍÍÌMMÎLÎLŒ‹ŒÎŒMŒMŒLŽMMÍŒÌÎŽLŽŒÍÍÌMMÎLÎLŒ‹ŒÎŒMŒMŒLŽLËLKLLŒÎKKLKMËN˜[ÙKKKKVT’SQS•SÔÒQÕË˜[ÙKLŽKYŒÍÌML™ÙXLNYM˜ÙNXYÙ™˜ÌXÌNÍMØMØL™ŒMØŒ˜ØMŒX™ŽŽØXŽLXŒLŽXXÍÍNYXÙY˜ŒÍÍLÍŒL™ŽŒXØÌYXÙXÍÍØÍLŽÍËÍLÓÐÌMKÍLÓÐÌMKŒÎXŒÙYXÎØÌÌMÎLÍØÌ˜Ì™ŒÙLŒM˜YX˜ÌŒÎXŒLÎYY™ÍYXX‹L‹ŽMŒMMMLŒÌMËLKŒLÍŒŒÎMÌÍMLLŒMŽÌŒLÍKÎKŽNNMLŒMMÍNMMÎLÎLÍÌŽŒNKL‹ŒÌNLMÍÎLŒŽKŒNŒLMLLLÌ‹MMÎMÌÎNMÍMNLKŒÌÍMLÌÌÎLMŒKŒÎMÍNLŽMÍL‹MMÎMÌÎNMÍMNLKŒÌÍMLÌÌÎLMŒKŒÎMÍNLŽMÍL‹ŽNLM‹LMËŒNN‹‹MMNKL˜[ÙKKKKVT’SQS•SÔÒQÕË˜[ÙKLŽ‹X˜ÙXŒ™ŽÌÙ˜ÌXŒÌXYNLÍXLLYLMÌLXŽMLŒMX™YŒÌÙY™LØÍLXÂŽŽØXŽLXŒLŽXXÍÍNYXÙY˜ŒÍÍLÍŒL™ŽŒXØÌYXÙXÍÍØÍLŽÎÍLÓÐÌŒÍLÓÐÌŒŒÎXŒÙYXÎØÌÌMÎLÍØÌ˜Ì™ŒÙLŒM˜YX˜ÌŒÎXŒLÎYY™ÍYXX‹LËÌŒÍLMŒŒÎMÎLM‹LKŒLŒLÍÍNLŒÌLÎLLÍMŽÎKŽNNLÎÌÌÍŒÍÌŒKNKÌŒŽÌŽLÌLLËÌŽLLÎÍMËŒLŒÎLÎÎLLLNNKNÌÍÌÌMŽLNKŒÌŒŒLÌLNMÍŒMKŒÎMÎMÌNLKNÌÍÌÌMŽLNKŒÌŒŒLÌLNMÍŒMKŒÎMÎMÌNLKÌMNLŒËLŒËŒLLLK‹‹NKLKL˜[ÙKKKKVT’SQS•SÔÒQÕË˜[ÙKLŽËŒÙL˜ŒÌŒY˜L™MX™™YMYXÙ˜MŒ˜˜ÙY™™Ì˜˜˜ŽXMÌ˜™NÍØÍ˜M‚ŽŽØXŽLXŒLŽXXÍÍNYXÙY˜ŒÍÍLÍŒL™ŽŒXØÌYXÙXÍÍØÍLŽÎKÍLÓÐÌKÍLÓÐÌKŒÎXŒÙYXÎØÌÌMÎLÍØÌ˜Ì™ŒÙLŒM˜YX˜ÌŒÎXŒLÎYY™ÍYXX‹MLLÍMÌÎNNŽLÎKLKŒLŒLÍÌMLËLNMÌMŒÎLMÍÍŒKÎKŽNNMÌMLLÍLLNËŒŽLLNÌNLKMŒÍMMMÌÍMÍÍŒLÌ‹ŒÍÌMÌŒŒLMŽL‹LÍMLLÍLMLÍNM‹ŒÌÍMMÍLÍLKMŽLLÌÍÍNNÍMŒ‹LÍMLLÍLMLÍNM‹ŒÌÍMMÍLÍLKMŽLLÌÍÍNNÍMŒ‹ÌÌŒ‹LŽKLÌŒMM‹ÎÎŒÎL‹L‹˜[ÙKKKKVT’SQS•SÔÒQÕË˜[ÙKLŽŽÙMÎM™ŒØLÎ˜ŒMLŽ˜ÍÎXM˜ŒXXŽŒXN™LLÍÙ˜YŒ˜ÍMYNXLMLÙMØ‚ŽŽØXŽLXŒLŽXXÍÍNYXÙY˜ŒÍÍLÍŒL™ŽŒXØÌYXÙXÍÍØÍLŽÍLÓÐÌÌÍLÓÐÌÌŒÎXŒÙYXÎØÌÌMÎLÍØÌ˜Ì™ŒÙLŒM˜YX˜ÌŒÎXŒLÎYY™ÍYXX‹MKŒÌÌÍÎŒMNLŒËLKŒLÍÌMÍNLŽNMŒÎLÎŒÍMLËÎKŽNMÎNLLÎMËŽKMNÍÍLÌMLNKMKŒŒLLŒLÍNŒLŒÍÍL‹ŒMLLŒÍLŒÍÍÎKLÌŒŒÍÍÎNMËŒŽLMÍŽNLŽMÍMLMÎÌLMMŒMŒLNKLÌŒŒÍÍÎNMËŒŽLMÍŽNLŽMÍMLMÎÌLMMŒMŒLNKÍLLÍ‹LÍËNLNKÍÍŽKLL˜[ÙKKKKVT’SQS•SÔÒQÕË˜[ÙKLŽŽKMÌ™ÍXÌLYYŽØŒ™ÙŽNMŒŒÍÎMML˜XXŒ™XÙLLÍŒŒ˜Í˜Œ™ÌÂŽŽØXŽLXŒLŽXXÍÍNYXÙY˜ŒÍÍLÍŒL™ŽŒXØÌYXÙXÍÍØÍLŽKÍLÓÐÌÍKÍLÓÐÌÍKŒÎXŒÙYXÎØÌÌMÎLÍØÌ˜Ì™ŒÙLŒM˜YX˜ÌŒÎXŒLÎYY™ÍYXX‹M‹ŒNÎÌÍËLKŒMÌŽMLLLÌL‹LKŒMLNNMMNNMLŽËÎKŽNMŒMŒŒÍÌKÍLÌÎMMLËM‹ŒŽMÍMLÍLÌÌ‹ŒMÍÌŒLÌÎLLŒŒKMMÌLMÌMLÌŽLLMKŒÌÍMÌLÎLÌMNMŽLŽLÍMÌÎŽLŽLLÌ‹MMÌLMÌMLÌŽLLMKŒÌÍMÌLÎLÌMNMŽLŽLÍMÌÎŽLŽLLÌ‹ÍLLKM‹MKMÎLŽKÌÌÌLLKLK˜[ÙKKKKVT’SQS•SÔÒQÕË˜[ÙKLŽÌMÙNMMØXØYŒØ™ŒŽY™YŒLMMLÌÌŒYŒÍŒ™L™XØÍÌLÙŒMÌ˜Ž‚ŽŽØXŽLXŒLŽXXÍÍNYXÙY˜ŒÍÍLÍŒL™ŽŒXØÌYXÙXÍÍØÍLŽ‹ÍLÓÐÌÍLÓÐÌŒÎXŒÙYXÎØÌÌMÎLÍØÌ˜Ì™ŒÙLŒM˜YX˜ÌŒÎXŒLÎYY™ÍYXX‹MËŒÎÍÌŽNLŽNLKŒLÍŽLÌ‹LKMMLŽÍÍÍÌL‹ÎKŽNMÌLÍŒŒÌMŽLMËÎKNMNMÍNÎM‹ŽMÌÎLÍÍÍNŽMËŒMÎMMMMÍÍÍÍŽNKNLŒÎNLŒÎMÌ‹ŒLÍLNNMÎLNNM‹NNNMMŒŒÎMÍLÍLKNLŒÎNLŒÎMÌ‹ŒLÍLNNMÎLNNM‹NNNMMŒŒÎMÍLÍLKÎKMMMŒMKKÍLMKLËLË˜[ÙKKKKVT’SQS•SÔÒQÕË˜[ÙKLŽÌKYML˜™YLM™LÙÙNÌLMMŒŽLLÌÌYŒÌ™™XMŒÎ˜ØÌXMØØÙLNBŽŽØXŽLXŒLŽXXÍÍNYXÙY˜ŒÍÍLÍŒL™ŽŒXØÌYXÙXÍÍØÍLŽËÍLÓÐÌKÍLÓÐÌKŒÎXŒÙYXÎØÌÌMÎLÍØÌ˜Ì™ŒÙLŒM˜YX˜ÌŒÎXŒLÎYY™ÍYXX‹MËŽNLMŒŒLMLÌNLKŒÎMŽMMÌLLKÌLÌÎMLLÌÍÎMLÌ‹ÎKŽNMLMLÌÍLÎLKŒÍÎÌMLLËMËŽLÎLLMÎMNŒNNLŒMŽNNMNLKŒÌLNLŒŒŒÌLMÍÌLMŒKŒLŽNMŒÌN‹ŒÌLNLŒŒŒÌLMÍÌLMŒKŒLŽNMŒÌN‹ÎMKMMMMMLLËNKNKÎL‹LKLK˜[ÙKKKKVT’SQS•SÔÒQÕË˜[ÙKLŽÌ‹NX˜MMXXÙŽMÍÌLN™M˜ÌX™MŒ™ÍLÌÌÙXXØLYYLLMŒÌLÌŽYÍNLYBŽŽØXŽLXŒLŽXXÍÍNYXÙY˜ŒÍÍLÍŒL™ŽŒXØÌYXÙXÍÍØÍLŽÍLÓÐÌLÍLÓÐÌLŒÎXŒÙYXÎØÌÌMÎLÍØÌ˜Ì™ŒÙLŒM˜YX˜ÌŒÎXŒLÎYY™ÍYXX‹NŽLÌLŒÍLËLKŒLÌNMŽMLÌÌŒ‹L‹ŒNMŽNNŒÌ‹ÎKŽNMŒLŒMŒÌŽÎMËKŒMŒÍÍÎMMËNŽMÌLŒÍŽLMMKŒMŒÍÍÌMLLÎŒŽNMŒMÍÌÌÌLKŒŒÍÍŒÌÍÌMÍLŽLÍ‹ÌÌNŒNMÌMŽŒŽNMŒMÍÌÌÌLKŒŒÍÍŒÌÍÌMÍLŽLÍ‹ÌÌNŒNMÌMŽLMŽMŒMNKLÌÍML‹L‹ŽÍ‹LLLL˜[ÙKKKKVT’SQS•SÔÒQÕË˜[ÙKLŽÌËÌÌLÌ˜Y˜™™˜™ŒYYMNYŽLÌŽMNLNÌMØNMŽNX™MNNXŽXÌLŽBŽŽØXŽLXŒLŽXXÍÍNYXÙY˜ŒÍÍLÍŒL™ŽŒXØÌYXÙXÍÍØÍLŽKÍLÓÐÌMKÍLÓÐÌMKŒÎXŒÙYXÎØÌÌMÎLÍØÌ˜Ì™ŒÙLŒM˜YX˜ÌŒÎXŒLÎYY™ÍYXX‹NKŽLÍNÍMŽKLKŒLŒLŒ‹L‹ŒÌÎLMMLŒŽÎKŽNMLÎMÍŒŒÍŽKMŒNLÌÎMŽNNÍÎNKMLMMÍŒÍÎNMŒŒLLŒNNÎLÍÌLKLLŒÌNMMŒKŒMÌLÍMLLŒNNKÎÍMÌÌMÌNLKLLŒÌNMMŒKŒMÌLÍMLLŒNNKÎÍMÌÌMÌNLKÎM‹M‹LLŒL‹ŽÍMLL‹LLË˜[ÙKKKKVT’SQS•SÔÒQÕË˜[ÙKLŽÍŽMŒŽLXLLÎMLXŽXLÙYNLL™LLNXXLYMYŽM™ŒÙMYØÙXÌÙ™BŽŽØXŽLXŒLŽXXÍÍNYXÙY˜ŒÍÍLÍŒL™ŽŒXØÌYXÙXÍÍØÍLŽ‹ÍLÓÐÌŒÍLÓÐÌŒŒÎXŒÙYXÎØÌÌMÎLÍØÌ˜Ì™ŒÙLŒM˜YX˜ÌŒÎXŒLÎYY™ÍYXX‹ŒŽLMÎNLMŽNNLŽMËLKŒNLŒLLŽMÍL‹ŒLŽLLÌŒÍKÎKŽNMMÍŒLÌNMÌLËNKŒLÌŒMÌLMMKLLLLÍÌŽMŽL‹ŒŒMÍŒNLŒNLÍŽMNKÍŒLŽNMMÍKŒLŽÎÍŽLMŽNKLÎLMŒLŽLŒŽŽËÍŒLŽNMMÍKŒLŽÎÍŽLMŽNKLÎLMŒLŽLŒŽŽËMÌ‹MÌ‹MÌ‹MÌËÌËŽLM‹LLËLLË˜[ÙKKKKVT’SQS•SÔÒQÕË˜[ÙKLŽÍKÙ™MØÍÍÍYŒMØXŒŒÍŒÙ™NMYNŒMŒMŒL™L˜ŒÎŽÙMÍÍÙÌMÍLÍBŽŽØXŽLXŒLŽXXÍÍNYXÙY˜ŒÍÍLÍŒL™ŽŒXØÌYXÙXÍÍØÍLŽËÍLÓÐÌKÍLÓÐÌKŒÎXŒÙYXÎØÌÌMÎLÍØÌ˜Ì™ŒÙLŒM˜YX˜ÌŒÎXŒLÎYY™ÍYXX‹ŒKŽMŒLÍÍLNMMKLKŒÍŒÌMMMËL‹ŽLNÌŒÍMŒŽËÎKŽNMŒÎLÍÎLÌÌMŒŒÌMMŒÎLNMËLLKŒÍŽNMLŒMÌÍLŒNLMÎÍŒMMLLKŽMMMMÍÌÌLÍ‹ŒNNMÎLŒLMÌKLLÍÎLMÍNLËŽMMMMÍÌÌLÍ‹ŒNNMÎLŒLMÌKLLÍÎLMÍNLËMKMÎMÎÎLÌKMKMKŽMMÎKLMKLMK˜[ÙKKKKVT’SQS•SÔÒQÕË˜[ÙKLŽÍ‹ÍÍLŒXÌÙÌÙ™XNNØÙŒXYMÎ™˜ÌNNXMŽNÌNXLLNXÎLÙŽŽŽØXŽLXŒLŽXXÍÍNYXÙY˜ŒÍÍLÍŒL™ŽŒXØÌYXÙXÍÍØÍLŽÍLÓÐÌÌÍLÓÐÌÌŒÎXŒÙYXÎØÌÌMÎLÍØÌ˜Ì™ŒÙLŒM˜YX˜ÌŒÎXŒLÎYY™ÍYXX‹ŒËŒÎNŽŒŒÎNKLKŒMNÍŒMLËŒŒÍMÌMÍŒÎKŽNMLŒMŒÌMŒKŽŽMLLÍLÌÍLÍËLL‹ŒLŽLMMMÎMÍ‹ŒÌŽÍMMMËÌNLLLÎÍŽLLMËLŒÌNMNLÎÍMŒNNKMÍNMÌÌŽÍÌÎÌNLLLÎÍŽLLMËMÍNMÌÌŽÍÌÎÌLMNËNËŽNNLMËLMËYKKKKVT’SQS•SÔÒQÕË˜[ÙKLŽÍË™Y˜ŒNMÌ™LŒNMYŒŒØ˜XÍMÌÙXÍÎŽÎŒ˜LŒNLNÙÎÎBŽŽØXŽLXŒLŽXXÍÍNYXÙY˜ŒÍÍLÍŒL™ŽŒXØÌYXÙXÍÍØÍLŽŒÍLÓWÐÌKÍLÓWÐÌKŒÎXŒÙYXÎØÌÌMÎLÍØÌ˜Ì™ŒÙLŒM˜YX˜ÌŒÎXŒLÎYY™ÍYXX‹MŽNLLÌÌÎLÍLKMMMŒÍÍMÍL‹ŒŽLŒŽÌMLMMKŽNNLŒÍLNMML‹ŽLÍNNMMMÎMÍLŽŽNMŒÍŒÍÌŒŒÎMËŒLŒŒLÍLÍLŒŒËLÎLÍÎMŒŒÌŒËÌÌÎMNLNNŒÎMŒŒŽMLŒÌL‹LÎLÍÎMŒŒÌŒËÌÌÎMNLNNŒÎMŒŒŽMLŒÌL‹ŽLÍŽKLMLMMKLLÍÍÍËLL˜[ÙKKKKVT’SQS•SÔÒQÕË˜[ÙKLŽÎMØXÙÙYŒYMXÌMŒXYYLLYÌØNNXLMÌŒŒXLŽMÌÌMÍŽYYMBŽŽØXŽLXŒLŽXXÍÍNYXÙY˜ŒÍÍLÍŒL™ŽŒXØÌYXÙXÍÍØÍLŽŒKÍLÓWÐÌLÍLÓWÐÌLŒÎXŒÙYXÎØÌÌMÎLÍØÌ˜Ì™ŒÙLŒM˜YX˜ÌŒÎXŒLÎYY™ÍYXX‹MKLNLLLMMÌÌ‹MMNMÎLL‹NMLŽNLL‹KŒLŒÌŒÌŒMLLËKŽLNMÌMËLKÌÍNÌLLÍÎMNM‹ŒÎNŒLMLÌÌKÍÌÎNLÎLLŒŽMÌ‹ŒÎMLÌÍŒŒLÌŒŒKÌŽÍŽÎMŽÌMLKÍÌÎNLÎLLŒŽMÌ‹ŒÎMLÌÍŒŒLÌŒŒKÌŽÍŽÎMŽÌMLKÌLŽ‹LŒ‹LŒ‹NLLKLKŽNNKLLLLK˜[ÙKKKKVT’SQS•SÔÒQÕË˜[ÙKLŽÎKÎLŽLL˜˜MX˜™M™YŒÙ˜ŒÌŽLMŒŒ™LŽLÍMÌŒLŽMŒYŽMÙ‚ŽŽØXŽLXŒLŽXXÍÍNYXÙY˜ŒÍÍLÍŒL™ŽŒXØÌYXÙXÍÍØÍLŽŒ‹ÍLÓWÐÌMKÍLÓWÐÌMKŒÎXŒÙYXÎØÌÌMÎLÍØÌ˜Ì™ŒÙLŒM˜YX˜ÌŒÎXŒLÎYY™ÍYXX‹M‹LMMMMÍÎLÌÍL‹MMŽMLLMMNL‹ŽLNNÎŒKŽNNMÍÎMÌNMNMÎLÌLMÌLL‹ŒLÎLNLŒÍÌŒKŒLÍNNMŽŽMMŽNKLMNMŽLLNMMÍŒÎŽNMLŽLÍËÍÌŒÍÎNÍLMŒ‹LMNMŽLLNMMÍŒÎŽNMLŽLÍËÍÌŒÍÎNÍLMŒ‹ÌÌLÍLŽKLŽKLNKNNŽŒŒKLLKLL‹˜[ÙKKKKVT’SQS•SÔÒQÕË˜[ÙKLŽXÌŒY˜™ŽÎÙN˜N™X™ŽLÍLNXÎÍŒÍXÍŒÍŒXÌŽŽY™MØÙBŽŽØXŽLXŒLŽXXÍÍNYXÙY˜ŒÍÍLÍŒL™ŽŒXØÌYXÙXÍÍØÍLŽŒËÍLÓWÐÌŒÍLÓWÐÌŒŒÎXŒÙYXÎØÌÌMÎLÍØÌ˜Ì™ŒÙLŒM˜YX˜ÌŒÎXŒLÎYY™ÍYXX‹MËÎÍÎLÍMMLLNŒLLÌLKLËŒŒMÍÌÍŒÎMÍÍÎŽNNÎLÎNLËNKÌÌLŒLÎKLËÍLNLÌLÎÎ‹ŒLLLMNŽÍÌNKLÌŽÌŽLÎLÌËŒÍŽMŽLŒÌÍÍLKÌLŽMNLNNLŒKLÌŽÌŽLÎLÌËŒÍŽMŽLŒÌÍÍLKÌLŽMNLNNLŒKÍLŒ‹LÍ‹LÍ‹ŒŽMMŽLLLËLL‹˜[ÙKKKKVT’SQS•SÔÒQÕË˜[ÙKLŽKXÌŽŒY™YMXXÎL˜ØÌÍØŽNÌÙÙNLYXLÌŽ™Œ™LÍNNYÎ™LMŒ˜‚ŽŽØXŽLXŒLŽXXÍÍNYXÙY˜ŒÍÍLÍŒL™ŽŒXØÌYXÙXÍÍØÍLŽÍLÓWÐÌKÍLÓWÐÌKŒÎXŒÙYXÎØÌÌMÎLÍØÌ˜Ì™ŒÙLŒM˜YX˜ÌŒÎXŒLÎYY™ÍYXX‹NŒÌÌÎNNLMLÌLNM‹MLÎMŒÌLMŽŽLËLÍMLÍŽLNÍÌ‹ŽNMÌLLÌÍLŒŒKŒÍMŒŽŒŽMŒÍMMÍMÎMÌLÍLKŒMÌMLÍÍMÎLNKMNLÎNLLŒÌÍÎL‹ŒÍMLLŒÌMŒŒL‹MMLLÎŒÍLÍŽMNLÎNLLŒÌÍÎL‹ŒÍMLLŒÌMŒŒL‹MMLLÎŒÍLÍŽÍŒMËMËŒÌŽKLKLŽMŒKLMKLM˜[ÙKKKKVT’SQS•SÔÒQÕË˜[ÙKLŽ‹L˜XÍŒNMNYLY˜Y™˜Œ˜ÙXŒLÎLÌ™MYÌ˜™˜ÌLNLÎMÌ˜MXØMØŒMŽŽØXŽLXŒLŽXXÍÍNYXÙY˜ŒÍÍLÍŒL™ŽŒXØÌYXÙXÍÍØÍLŽKÍLÓWÐÌÌÍLÓWÐÌÌŒÎXŒÙYXÎØÌÌMÎLÍØÌ˜Ì™ŒÙLŒM˜YX˜ÌŒÎXŒLÎYY™ÍYXX‹NKŒŽLNMŒMNËMMLÌŽÎNM‹LËŽŒMLÌMŽNMÍÎLMŒÍLKŽKMNMÍÌŒNLÎKMKŒŒMŒÎŒÍŽÌŒÎŒMMŒÌMÌÌÍŽLKNLŽLŒŒLŒÎMËŒÌÎMMNÎNLŒÌÌ‹MNMŒMŽNŒÍLL‹NLŽLŒŒLŒÎMËŒÌÎMMNÎNLŒÌÌ‹MNMŒMŽNŒÍLL‹ÎÍMËMKMLŒŒLËË‹ŽNKLM‹LM‹˜[ÙKKKKVT’SQS•SÔÒQÕË˜[ÙKLŽË™XYXØYMŽXØ™ØLYLY™LŒNNNY˜XØXÍÍŒÍÍXÎYŒÌ™LÎXŒŒMLŒ‚ŽŽØXŽLXŒLŽXXÍÍNYXÙY˜ŒÍÍLÍŒL™ŽŒXØÌYXÙXÍÍØÍLŽ‹ÍLÓWÐÌÍKÍLÓWÐÌÍKŒÎXŒÙYXÎØÌÌMÎLÍØÌ˜Ì™ŒÙLŒM˜YX˜ÌŒÎXŒLÎYY™ÍYXX‹ŒŒŽÌLÌÌLÍŽMLÎMÍNMŒÎNMŒNMNLLLŒLÍLLKŽNMÌŽNKÍÌMŒÍÍÍŒKM‹ŒÎŒMŒŒKŒMŒÎLMŒÌÎLLŒKŒLŒMÍŽŽŒÌŒŒÌÌMÍŽMMÌÍMËŒŒÎLMÍÌŒNLŒÍ‹ŒLŒMÍŽŽŒÌŒŒÌÌMÍŽMMÌÍMËŒŒÎLMÍÌŒNLŒÍ‹MËMM‹MMKŒLL‹ËÌÌËLNLN˜[ÙKKKKVT’SQS•SÔÒQÕË˜[ÙKLŽLØÌ™Í˜™˜MLYÙŒÎMŽY˜YYNMYŒŒ™ŒŽLN˜ÍMØÙ‚ŽŽØXŽLXŒLŽXXÍÍNYXÙY˜ŒÍÍLÍŒL™ŽŒXØÌYXÙXÍÍØÍLŽËÍLÓWÐÌÍLÓWÐÌŒÎXŒÙYXÎØÌÌMÎLÍØÌ˜Ì™ŒÙLŒM˜YX˜ÌŒÎXŒLÎYY™ÍYXX‹ŒKŒÌLŽMMMNÌMŽLÌÍÌ‹MLŒÌNMMMÌËŽNMÎŒŒMÎMÍMMKÎKLMNMLÌÌŽM‹ŽMLÌÌNLÎNL‹ŒNNMLLÌÌÍŽLKŒÍMLLŽÍÌŒŒ‹ŒÌÌÍLMLLŒÍMÍËŽMÍÍMLŒÌŒÍMLLŽÍÌŒŒ‹ŒÌÌÍLMLLŒÍMÍËŽMÍÍMLŒÌMËMŒ‹MŒ‹NNÍKÍËÎÌÌËLŒLŒ˜[ÙKKKKVT’SQS•SÔÒQÕË˜[ÙKLŽKLYMNŒLÙ™MÙLÍÙ˜XLÌÍMLØ™LŒÌ˜XÍ™MŽMÙMÙ˜MMÍÙŒØÎŒŒ‚ŽŽØXŽLXŒLŽXXÍÍNYXÙY˜ŒÍÍLÍŒL™ŽŒXØÌYXÙXÍÍØÍLŽŽÍLÓWÐÌKÍLÓWÐÌKŒÎXŒÙYXÎØÌÌMÎLÍØÌ˜Ì™ŒÙLŒM˜YX˜ÌŒÎXŒLÎYY™ÍYXX‹Œ‹ŒÍMMÌÎMŽLLÍŽ‹MLÎLÌÍŒNMŒLŒÎMŽŒÎŽLMMÍÌÌŽNMŒÌŒÌMŽMÍ‹ŒÌÍMÍMŒLMÍMŽKMËŽMŒÌŒÎNÌMÎËŒNMÍMLMŽÍŒNKNNLÍÎLŽLÍNMMKŒŽNMŒMMŒÍÍMÎÎÍLMÍMLÎLLÌMLKNNLÍÎLŽLÍNMMKŒŽNMŒMMŒÍÍMÎÎÍLMÍMLÎLLÌMLKÌKMŽMŽNÎÌ‹Ì‹ÌLM‹LŒKLŒK˜[ÙKKKKVT’SQS•SÔÒQÕË˜[ÙKLŽ‹LŽMÌXØNMYNNL™™LNL™LYMNÎÍYMŒÍŽM˜ŽNÍÙM™MLNN˜MÙYMXŽŽØXŽLXŒLŽXXÍÍNYXÙY˜ŒÍÍLÍŒL™ŽŒXØÌYXÙXÍÍØÍLŽŽKÍLÓWÐÌLÍLÓWÐÌLŒÎXŒÙYXÎØÌÌMÎLÍØÌ˜Ì™ŒÙLŒM˜YX˜ÌŒÎXŒLÎYY™ÍYXX‹ŒËNLÌLÍÌÎLMÍËMLÎNMÍÌÎŽŽ‹MKŒŒÍÎÌLÌMÌ‹ŽNMÍMÌÍŒLŒŒÎLMËKŒNMŒÌLMLNNËNÍÌÍMMÎLŒL‹ŒŒÌMMÎKŽLÌNMÍÌNLÍÎKŒMÍÎNLÍÌLMÎLMMLLŽLÌNMÍÌNLÍÎKŒMÍÎNLÍÌLMÎLMMLLŽKMÍMÍMŽM‹‹ÌMMËLŒËLŒË˜[ÙKKKKVT’SQS•SÔÒQÕË˜[ÙKLŽËŒ˜M™ÙMYÌLNM™˜ŒÎYŒNLLŒÌÍXÌXÌYŒ˜ÌŒY™ÎÙ˜ÎŒ™Y‚ŽŽØXŽLXŒLŽXXÍÍNYXÙY˜ŒÍÍLÍŒL™ŽŒXØÌYXÙXÍÍØÍLŽÌÍLÓWÐÌMKÍLÓWÐÌMKŒÎXŒÙYXÎØÌÌMÎLÍØÌ˜Ì™ŒÙLŒM˜YX˜ÌŒÎXŒLÎYY™ÍYXX‹NŒÌMÍÌÎÍÌLKMLÎLŒMÌLŒÍÌ‹MKMNLMŽLŽKŽNMŒŽMLŒLÌMŒMLËMŒNÌÍŽÌÎMÍLLÍËNKMMŽNÍMŒLŒ‹ŒŒÌŒMNLMLÍMLŽNKÌÎÎLÌÍMLKŒŒŽMŽLŽNÍÎKMLNMÎŽMËÌÎÎLÌÍMLKŒŒŽMŽLŽNÍÎKMLNMÎŽMËŒÎNNMLL‹NKNKÌNNLLLK˜[ÙKKKKVT’SQS•SÔÒQÕË˜[ÙKLŽMÍMØÎÎXŒMÍ˜ÍÍØ™ÙØMŽM˜XŒMÍXÍØŒÌÌXNŒMŒŒLM™ŽBŽŽØXŽLXŒLŽXXÍÍNYXÙY˜ŒÍÍLÍŒL™ŽŒXØÌYXÙXÍÍØÍLŽÌKÍLÓWÐÌŒÍLÓWÐÌŒŒÎXŒÙYXÎØÌÌMÎLÍØÌ˜Ì™ŒÙLŒM˜YX˜ÌŒÎXŒLÎYY™ÍYXX‹KÍÍÍLÌŽNLMMLKMLÎŒŒÎLMKŽLLŒÍŽMÌMÍKŽNMMMÍMÌŽMLŒ‹NKŒLÍŒŽMLÍËLLLŒÍLÎÌÎNŒNNÍNMÌÌMMÍŒŒKÌÌLÌÌMŽLŽMMŒËŒNMNMŽÍNMLMKMMLMÍMLŽLÌ‹ÌÌLÌÌMŽLŽMMŒËŒNMNMŽÍNMLMKMMLMÍMLŽLÌ‹ÎLŽN‹NËLŽËLLÌLL‹L‹˜[ÙKKKKVT’SQS•SÔÒQÕË˜[ÙKLŽKXŒÙL˜LYNLXY˜ÎNMÍØŽXÙLÌÌÎLÌMŽL˜XXÙNN˜ÙŒ˜YYLNXŽÌ‚ŽŽØXŽLXŒLŽXXÍÍNYXÙY˜ŒÍÍLÍŒL™ŽŒXØÌYXÙXÍÍØÍLŽÌ‹ÍLÓWÐÌKÍLÓWÐÌKŒÎXŒÙYXÎØÌÌMÎLÍØÌ˜Ì™ŒÙLŒM˜YX˜ÌŒÎXŒLÎYY™ÍYXX‹‹ŽMŒÌŽMŒÍLŒMKMLÍÍNMNLÍŒÍLKM‹ŒÍLÌŒÌÌMÍLKŽNMÌÌÌMŒMŽLKŒÌÍŒÌÌÍLMÍLLKŒŽÍNMÌÌLMŒŒNNLÍÌÎNLÌÎNLKÍMNMÍÍÌÌŒŒL‹ŒMLÌNMLÎMML‹LLMÌLÍNMÎMÍMNMÍÍÌÌŒŒL‹ŒMLÌNMLÎMML‹LLMÌLÍNMÎMMLËNL‹NLËLÎKÎKÌŽÍLŽLË˜[ÙKKKKVT’SQS•SÔÒQÕË˜[ÙKLŽL™MX™MLX™LÍÌÙ˜YŽNMYŽM˜NMX™MXÍLYXMÙŒÎLÍÍÍ˜L™ŽŽØXŽLXŒLŽXXÍÍNYXÙY˜ŒÍÍLÍŒL™ŽŒXØÌYXÙXÍÍØÍLŽÌËÍLÓWÐÌÌÍLÓWÐÌÌŒÎXŒÙYXÎØÌÌMÎLÍØÌ˜Ì™ŒÙLŒM˜YX˜ÌŒÎXŒLÎYY™ÍYXX‹ŽŒNÌLÍLMLLŒËMLÎÍÍLŒŽLM‹ŒÍMMŒÌLÎÍLËŽNMNLŒLLËŽŽMMÌÍÎNMKLL‹ŒLÍNŽŽMLLÍ‹ŒŒMLŽŒMÌŒ‹ÍÍÍÎMŒLÎNÍÌMŒLÎLÍLÍÌLKLÍLNMNÌKÍÍÍÎMŒLÎNÍÌMŒLÎLÍLÍÌLKLÍLNMNÌKLMKNNNNKMÍÍŒ‹ŒËÌÌL‹LŽKLÌ˜[ÙKKKKVT’SQS•SÔÒQÕË˜[ÙKLŽLKÌÙ™LØŒÎMÍNYØLŒYŽYMY˜ŽYY™YŒØL™ÙMÙMMLMÎŽŽØXŽLXŒLŽXXÍÍNYXÙY˜ŒÍÍLÍŒL™ŽŒXØÌYXÙXÍÍØÍLŽÍÍLÓWÐÌÍKÍLÓWÐÌÍKŒÎXŒÙYXÎØÌÌMÎLÍØÌ˜Ì™ŒÙLŒM˜YX˜ÌŒÎXŒLÎYY™ÍYXX‹ŽKMMÌMÎLŽKMLÎÍÌÌÌLŒL‹MËŒNNLMŽ‹ŽNMMÌMÌM‹ÌËŽNNNMKLLËŒÍÌŒMML‹ŒÌMŒÌNÎMKŽMLÍÌÎMMŒ‹LŒLMŒÌÌÌŒMMN‹LLÎÍŒLŽNLMÍKŽMLÍÌÎMMŒ‹LLÎÍŒLŽNLMÍKLŒŒKÌÍÍLÌKLÌ‹YKKKKVT’SQS•SÔÒQÕË˜[ÙKLŽL‹ŽÌMMŒLØMÍØ˜ŒÍXMÎŒNNŽMM™XŒÎØXXMLMMLYMXMÍÌXNŽXBŽŽØXŽLXŒLŽXXÍÍNYXÙY˜ŒÍÍLÍŒL™ŽŒXØÌYXÙXÍÍØÍLŽÍLÓLÐÌKÍLÓLÐÌKŒÎXŒÙYXÎØÌÌMÎLÍØÌ˜Ì™ŒÙLŒM˜YX˜ÌŒÎXŒLÎYY™ÍYXX‹NŽLÌŒÎŽMMÌLËNNMÌMNÍŽMKLÍÍMŒLLLNM‹LŒLŒMÌŽŒÎËŽLÌÌÍÍNÌÌNÍ‹LŽÌÌMÎÍŽLŒMŒÍ‹ŒÌŒMÎLLNLNMKMÍÌLŒŒMNŒËMMÍMŒLŒÌMNÎÌŽŽLÍŒÎÍŒÌKMÍÌLŒŒMNŒËMMÍMŒLŒÌMNÎÌŽŽLÍŒÎÍŒÌKÌŒMËLËLŽŽNLLM‹LMËÌNLLŒKLŒ‹˜[ÙKT’U‘QT‘ÐŽLM‹KKVT’SQS•SÔÒQÕË˜[ÙKLŽLËÙÌÍŽŽNLMÌÍÙÙŒNØY™˜ŒMÌYLÍÎMMMMMÍ™˜ŽXLLÌMLBŽŽØXŽLXŒLŽXXÍÍNYXÙY˜ŒÍÍLÍŒL™ŽŒXØÌYXÙXÍÍØÍLŽKÍLÓLÐÌLÍLÓLÐÌLŒÎXŒÙYXÎØÌÌMÎLÍØÌ˜Ì™ŒÙLŒM˜YX˜ÌŒÎXŒLÎYY™ÍYXX‹NKŒMÌLÍMŽLNNLÎŽNLMŒKMKŽLŽNMŒNKKŽNNLÎÌŒŒŒÍŒKKŽMLNNMŒŒËLKÌÎŒNNLŽKŒÌMÍÎŒŒLLNMËLÍŽÎNMLLMŒÎMÎŽLLÍŒNKÎMŽMŽMŽLÍŒÍLÌ‹LÍŽÎNMLLMŒÎMÎŽLLÍŒNKÎMŽMŽMŽLÍŒÍLÌ‹ÍN‹LÍKLÍKŽLLLLËLMÌMNKLŒ‹LŒË˜[ÙKKKKVT’SQS•SÔÒQÕË˜[ÙKLŽMÙØŒY˜˜™LÌÌMMX™LXÎXÙX˜X˜XÌØÙMÙ˜ÙLYŽ˜ÙMØŽYLLŒÂŽŽØXŽLXŒLŽXXÍÍNYXÙY˜ŒÍÍLÍŒL™ŽŒXØÌYXÙXÍÍØÍLŽ‹ÍLÓLÐÌMKÍLÓLÐÌMKŒÎXŒÙYXÎØÌÌMÎLÍØÌ˜Ì™ŒÙLŒM˜YX˜ÌŒÎXŒLÎYY™ÍYXX‹ŒMÍÍÍŒŽKNMŒŒÍÍÎÍÍM‹ŒLÍNM‹KŽNMÍMLÍÍŽŒMNL‹MÎMÎMŒLŒËL‹ŒÎNMÌMÌMËŒMÌÍNŒLÍŽMNKMMLŒŒÍÌŒMÌŽMKÌMÎÌŒŒLM‹NMÍÍÎLMŒNMMLŒŒÍÌŒMÌŽMKÌMÎÌŒŒLM‹NMÍÍÎLMŒNÍM‹M‹ŽÍ‹LLLLÌNLLK˜[ÙKKKKVT’SQS•SÔÒQÕË˜[ÙKLŽMKNXØMNLL™ÌLÌLŽLMØ™ŒŒÌ˜˜™YŽXLÌNÌØLLÍÌŒ™ŽŽØXŽLXŒLŽXXÍÍNYXÙY˜ŒÍÍLÍŒL™ŽŒXØÌYXÙXÍÍØÍLŽËÍLÓLÐÌŒÍLÓLÐÌŒŒÎXŒÙYXÎØÌÌMÎLÍØÌ˜Ì™ŒÙLŒM˜YX˜ÌŒÎXŒLÎYY™ÍYXX‹ŒKÌÌLŽMÍLLLÎLLKNMŽNŒNÌÌËM‹ŒNNNNLKŽNNLMÍ‹NKÌMMŒÎLMŽLËÌÍÌLÍÌÌMLMÍKŒNŽLÌLLLLLÎNKNÌMNLNNNÎŽMŽNNÎMMNÍÎËLLLÍÎMLŒNLÎLNÌMNLNNNÎŽMŽNNÎMMNÍÎËLLLÍÎMLŒNLÎLÎÌNKMKMLÍ‹LËL‹ÌŒÍËL‹LK˜[ÙKKKKVT’SQS•SÔÒQÕË˜[ÙKLŽM‹XÍÙ˜ÌŒM˜NXYÙYŒÎNXÙMÎMØM™NXÌŒXŒŒ˜XY™YŒNM™YŽÎXÎÙŽ‚ŽŽØXŽLXŒLŽXXÍÍNYXÙY˜ŒÍÍLÍŒL™ŽŒXØÌYXÙXÍÍØÍLŽÍLÓLÐÌKÍLÓLÐÌKŒÎXŒÙYXÎØÌÌMÎLÍØÌ˜Ì™ŒÙLŒM˜YX˜ÌŒÎXŒLÎYY™ÍYXX‹Œ‹ÍÌŽLMMŒÍŽM‹NMNMNLMLËM‹ŽNLÍMÌLŒÌNKKŽNMÎÌÌŒÌËŒÍÍŒŽNMÎKMŒÍLMÌNŽKŒMÍMÌNNMKŒLNNLŽNNMMMŽËÎLÌŒÍÍNNLLŒLÌŒNÎŒLNNLŽNNMMMŽËÎLÌŒÍÍNNLLŒLÌŒNÎLËMM‹MMËŽKLËLËÌÌKLËLË˜[ÙKKKKVT’SQS•SÔÒQÕË˜[ÙKLŽMËÍMØYYÍØ™Ì™MNØÎŒÌYMNLMŒŒÌMX™YNÎXŒLØÍÍYXXØÙLŽBŽŽØXŽLXŒLŽXXÍÍNYXÙY˜ŒÍÍLÍŒL™ŽŒXØÌYXÙXÍÍØÍLŽKÍLÓLÐÌÌÍLÓLÐÌÌŒÎXŒÙYXÎØÌÌMÎLÍØÌ˜Ì™ŒÙLŒM˜YX˜ÌŒÎXŒLÎYY™ÍYXX‹ŒËŽÎLÎLÍÌÌËNMMÌŒÍLŒLŒËMËŒÍÍÌLŽMÌNML‹KŽNMLŒLÍÍMKŽKMŒÎMÎNŒLŽKMKŒŒLÍÍÎMLÍÌÎLŒ‹ŒŒLŒŒNŒLÎLLÌ‹ŒÎLLÍÌÍM‹ŒÎÍÌŽMÍÌŒŒ‹LMŒLNÍNŽNŒ‹ŒÎLLÍÌÍM‹ŒÎÍÌŽMÍÌŒŒ‹LMŒLNÍNŽNŒ‹NMMŒËMMM‹NKNKÌÌLÍKLŽKLŽK˜[ÙKKKKVT’SQS•SÔÒQÕË˜[ÙKLŽN˜ÍMÌMX™ŒÌ˜XÍŒŒ˜L™˜LØŒŒÎÙNMYMÙŒXMMLŒNLÍÎŒÌ˜NŽY™LNL‚ŽŽØXŽLXŒLŽXXÍÍNYXÙY˜ŒÍÍLÍŒL™ŽŒXØÌYXÙXÍÍØÍLŽLÍLÓLÐÌÍKÍLÓLÐÌÍKŒÎXŒÙYXÎØÌÌMÎLÍØÌ˜Ì™ŒÙLŒM˜YX˜ÌŒÎXŒLÎYY™ÍYXX‹KŒŒÌMNMÌNLKNMÌŒÍÍŒËMËÍLMŒÍÎLNKKŽNMÍÌÍÎLÍÍŒÌŒÌÌLÍLÍMËM‹ŒÍÍNLŒÍÍŒŽŽKŒNÌŒLMMÍŽNKÍNMMŽLMŒÍÌMŽMÍMLÎKLLŒMLLŒLŒŽLÍMKÍNMMŽLMŒÍÌMŽMÍMLÎKLLŒMLLŒLŒŽLÍMKÍMKMÌMŽKÍNMKM‹ÌÍMLÌKLÌK˜[ÙKKKKVT’SQS•SÔÒQÕË˜[ÙKLŽNKMŒLÌYXXÙÌÎŒÍLÌÙØXÍXMLXŒ™ÍÙ™XÎXÌMØL™˜XÌÎŽ˜MÙ‚ŽŽØXŽLXŒLŽXXÍÍNYXÙY˜ŒÍÍLÍŒL™ŽŒXØÌYXÙXÍÍØÍLŽLKÍLÓLÐÌÍLÓLÐÌŒÎXŒÙYXÎØÌÌMÎLÍØÌ˜Ì™ŒÙLŒM˜YX˜ÌŒÎXŒLÎYY™ÍYXX‹‹ŒNMŒLLMNKNMÍÍMMÌÍNKNŒMÎÍÌLL‹KŽNMLÍŽMMÍÍŽLËÎKMMLÎMMLŒÍ‹M‹ŽMLŒLÍNLLÌMÌŒKŒŒÍÌÌNNŽLÍNMLÎNMLÍM‹ŒÍLÌÌNMÎLÌÍNMÎLNÍMNLLLLÍ‹ŽLÍNMLÎNMLÍM‹ŒÍLÌÌNMÎLÌÍNMÎLNÍMNLLLLÍ‹LËMÍ‹MÍ‹ŒÌMMKLLKÌÎNMËLÌ‹LÌ‹˜[ÙKKKKVT’SQS•SÔÒQÕË˜[ÙKLŽŒ˜ÌŽØLØÙLNXLØNYÌ™L˜ÌYÙM˜XÍÌ˜LØNXÌMÌÙ™YNØNØXÙ˜Œ™‚ŽŽØXŽLXŒLŽXXÍÍNYXÙY˜ŒÍÍLÍŒL™ŽŒXØÌYXÙXÍÍØÍLŽL‹ÍLÓLÐÌKÍLÓLÐÌKŒÎXŒÙYXÎØÌÌMÎLÍØÌ˜Ì™ŒÙLŒM˜YX˜ÌŒÎXŒLÎYY™ÍYXX‹ËMLMÍMLÍÍ‹NMMŒÌÌÌLÎËNLÍLŒLŒŒÍŽMNKŽNMLLLMNMNLŽMËŒÍLMÌNLÌÌŒNKMËŽŒÌLMLÌLLÎKŒŒÌÍLÌNÍÌMMMÌNLŒÎÌÌŒKŒÌÌÌLÎMŽMNLKLLÌMLMNÌMNMÌMÌMMMÌNLŒÎÌÌŒKŒÌÌÌLÎMŽMNLKLLÌMLMNÌMNMÌMŽMKN‹NËŒNÌ‹K‹ÍËLÍLÍK˜[ÙKKKKVT’SQS•SÔÒQÕË˜[ÙKLŽŒK˜˜ÌMXÌŒÍYÌMŽLÍ™ŒÍ™™LØÍÙÙY˜ÎMŒŒŒYMÙŽYXÍŒ™BŽŽØXŽLXŒLŽXXÍÍNYXÙY˜ŒÍÍLÍŒL™ŽŒXØÌYXÙXÍÍØÍLŽLËÍLÓLÐÌLÍLÓLÐÌLŒÎXŒÙYXÎØÌÌMÎLÍØÌ˜Ì™ŒÙLŒM˜YX˜ÌŒÎXŒLÎYY™ÍYXX‹ŽNMÍMÍÎNLNLÌNMLLÌNLLÍLËNŽLŽMMÎÌŒLŒLÍËKŽNMMÍNÎNLMÌLL‹KŒŒŒÍNLŽÎLÌLKNÎMÍŽŒMÌÌL‹ŒŒÎLLŒÌMÍÌKÍLLÌÌŒÍMÍLŒŒÌLÍŽNNMNÍL‹LÌNŒMÌŒÎŒŽL‹ÍLLÌÌŒÍMÍLŒŒÌLÍŽNNMNÍL‹LÌNŒMÌŒÎŒŽL‹LŒËNKNKŒÍŒÎKÍLËLÍ‹LÍË˜[ÙKKKKVT’SQS•SÔÒQÕË˜[ÙKLŽŒ‹˜ÌX˜LØNÍMŒ™MŽMŽXLŒÍŒÍLÙYŒŽLØŒÍNYMÍLŒÌYLXY˜ÌXX˜ÙNBŽŽØXŽLXŒLŽXXÍÍNYXÙY˜ŒÍÍLÍŒL™ŽŒXØÌYXÙXÍÍØÍLŽMÍLÓLÐÌMKÍLÓLÐÌMKŒÎXŒÙYXÎØÌÌMÎLÍØÌ˜Ì™ŒÙLŒM˜YX˜ÌŒÎXŒLÎYY™ÍYXX‹ŽKŽMŽMÍŽMÌÌŒÎNNKNLÎÍMNMNKŒÌÎMMŒŒLKKŽNMŒLÌŽŒŽNKMŒNLÌÎMÍÌÍLNNNKMMŒMMŒÍLŒNMÌŽ‹ŒŽMÌŒÌÌŒÌÎÌKÍLŒŒŽŒŒŒÌÎŒŽLNŒNŒŽKLÎÍÍÍÌNKÍLŒŒŽŒŒŒÌÎŒŽLNŒNŒŽKLÎÍÍÍÌNKLLŽKNMKNMKNŽMÌËÌËÍLŽËLÍËLÎ˜[ÙKKKKVT’SQS•SÔÒQÕË˜[ÙKLŽŒË˜LÌY˜™LŒŒŽXÍŒMÎL™LLLLÌÌÎXLÍÙÍÎYŒŽYÙY™˜ÌŒŽŽØXŽLXŒLŽXXÍÍNYXÙY˜ŒÍÍLÍŒL™ŽŒXØÌYXÙXÍÍØÍLŽMKÍLÓLÐÌŒÍLÓLÐÌŒŒÎXŒÙYXÎØÌÌMÎLÍØÌ˜Ì™ŒÙLŒM˜YX˜ÌŒÎXŒLÎYY™ÍYXX‹ÌKŒÌÍŒLÍÌÌNLÌÍLÍÌÌNMŽNKÍMŒÌÍŽNÌMŽKŽNLÍŽLÍŒŽÍNNKŒLLÎLÍŽÌÍMÌMËLLMÌLŒŒNÍMŽŒŒÌNŽLŒMMÎNKÎLLÌŽÍÌŒŽMËŒMŒŽNLÌMÍNL‹MMNÍŽMM‹ÎLLÌŽÍÌŒŽMËŒMŒŽNLÌMÍNL‹MMNÍŽMM‹LMÌM‹ŒKŒ‹MÍÎKK‹ÍMÌMLÎKLÎK˜[ÙKKKKVT’SQS•SÔÒQÕË˜[ÙKLŽX™™MLŽLŒÍÍY˜XMÎM™NNL™ÍNÍLXX˜YØÌXLXMYX˜ŒNYÌŽNÍXBŽŽØXŽLXŒLŽXXÍÍNYXÙY˜ŒÍÍLÍŒL™ŽŒXØÌYXÙXÍÍØÍLŽM‹ÍLÓLÐÌKÍLÓLÐÌKŒÎXŒÙYXÎØÌÌMÎLÍØÌ˜Ì™ŒÙLŒM˜YX˜ÌŒÎXŒLÎYY™ÍYXX‹Ì‹ŒÍMŒMLŽLÍKNMLÍÎLÍÍÍMËŒŒMŒÍLNLLËKŽNMMŽÌMÌŽŒŽKŒÍNLNÌÎNLÍKLLKŒÍÍNMMŒLÌŒMŒÎMMLLÍŽMÍNKŽLÌLŒÍNÎŒÌMŒŒŒLŽÍNMMŒÌŒKMLMLŒŽMNÌMÌKŽLÌLŒÍNÎŒÌMŒŒŒLŽÍNMMŒÌŒKMLMLŒŽMNÌMÌKLÌŽŒËŒML‹M‹MËÍŒMMKM˜[ÙKKKKVT’SQS•SÔÒQÕË˜[ÙKLŽKÙ™˜˜YX˜LXÍLØMŒMMŒØLÎLŒMXÌLØÍ˜Ø™MŽX™˜ØNLŒŽŒÙ˜LMYYŽŽØXŽLXŒLŽXXÍÍNYXÙY˜ŒÍÍLÍŒL™ŽŒXØÌYXÙXÍÍØÍLŽMËÍLÓLÐÌÌÍLÓLÐÌÌŒÎXŒÙYXÎØÌÌMÎLÍØÌ˜Ì™ŒÙLŒM˜YX˜ÌŒÎXŒLÎYY™ÍYXX‹ÍŒÍÌÍNNMŽNMMËNLÍMNLŒÎMÍNKŒNÌÎŽÍŒMŒLKKŽNLÎLŒLÌMMNŽŽMNNŽNMMMÍMÌLL‹ŒMŽŒÍLLÍŒLLÍÍMÌÍŽMÎLMËŽÍŽÎMÎÍŒÍLLMŒMÍÍMÍNLLÍŒŒKMNLMLÍÎŽ‹ŽÍŽÎMÎÍŒÍLLMŒMÍÍMÍNLLÍŒŒKMNLMLÍÎŽ‹M‹ŒLËŒMLMŒÍKK‹ÍMÍKM‹MË˜[ÙKKKKVT’SQS•SÔÒQÕË˜[ÙKLŽ‹ŒÙ˜ØYŽLNXNYÎMÌŽÍ˜˜NMØÙLÌÍŒŽLNYÌÎMX˜ÙNØXMMÍ‚ŽŽØXŽLXŒLŽXXÍÍNYXÙY˜ŒÍÍLÍŒL™ŽŒXØÌYXÙXÍÍØÍLŽNÍLÓLÐÌÍKÍLÓLÐÌÍKŒÎXŒÙYXÎØÌÌMÎLÍØÌ˜Ì™ŒÙLŒM˜YX˜ÌŒÎXŒLÎYY™ÍYXX‹ÍKÎNLMŒÍMŒŒ‹NLÌÎÌMÎÌÎŒKŒNMŽLMNNÎKŽNLÍÌŒÎMÎN‹ÌËŽÍLÍŽ‹LLËŒLLÌŽÌŒNMÍËŒŽNNLŒŒLÍNŽŒÎMMLMKŒLMLMÎMMÌÍMÍKMNMÌMNNNMËŽŒÎMMLMKŒLMLMÎMMÌÍMÍKMNMÌMNNNMËMŒÎ‹ŒNKŒŒÍMLËŽKÌÍÌKMMK˜[ÙKKKKVT’SQS•SÔÒQÕË˜[ÙKLŽËŒYÍŽM™LLLÎXNNM˜ÌYŒLXÍYÌ™NXÙYMŒLXØÙMXØMYMŒMŒ˜XYŒ™™ÂŽŽØXŽLXŒLŽXXÍÍNYXÙY˜ŒÍÍLÍŒL™ŽŒXØÌYXÙXÍÍØÍLŽNKÍLÓLÐÌÍLÓLÐÌŒÎXŒÙYXÎØÌÌMÎLÍØÌ˜Ì™ŒÙLŒM˜YX˜ÌŒÎXŒLÎYY™ÍYXX‹Í‹ŽMMÌNMÌKNMLLÎMŽMM‹ŒKÍNLMÍŒÌÌMKKŽNMMÍNLÌLNÎŽÎMLÌLMLLËŽÍMÌLMÌŒŒÍÌÌËŒŽMÍŒŒLLÌNNKŽÍÍÍLLŒŒLŽLŒŒÌŽLNMÍMNLLKMÌLMLŒŒÌŽMÌMKŽÍÍÍLLŒŒLŽMÌLMLŒŒÌŽMÌMKMÎLNŒKŒ‹ÍÍÍËM‹M‹YKKKKVT’SQS•SÔÒQÕË˜[ÙKLŽŽNXÍÙYØNM˜MØLNMLLÌXXÎÙX˜NYXÌ˜NNMNŒNMLXXÍÌ™ÎŽYYŽŽØXŽLXŒLŽXXÍÍNYXÙY˜ŒÍÍLÍŒL™ŽŒXØÌYXÙXÍÍØÍLŽŽÍLÓMWÐÌKÍLÓMWÐÌKŒÎXŒÙYXÎØÌÌMÎLÍØÌ˜Ì™ŒÙLŒM˜YX˜ÌŒÎXŒLÎYY™ÍYXX‹ŒËŒNÌMÎMÍŒËŒ‹ŽLÌNÌLMÌÎLÌNKŒÌLÌŒÌÎLŒKMKŒÍŽMN‹ŽLÌÍÌÌÍÌÌMKLŽÌLŒÍÌŽMÌŒŒÌKŒNMŒŒLÍÌŒMÌÍMMLNÍMŒLÌ‹LLLMÍÎLÍÌMŒLKLŒŽNNMMËMMLNÍMŒLÌ‹LLLMÍÎLÍÌMŒLKLŒŽNNMMËÍNLŒËMMÌÌLËLŽKLŽKÍKLÌËLÌË˜[ÙKT’U‘QT‘ÐŽLNK‹KKVT’SQS•SÔÒQÕË˜[ÙKLŽŽKLL™ÌMØÍÍÍLŒXLNXÙLØ˜Y˜ÍMYŽMÍŒ™ŒLLŒÌÎLŽLLYY™NLŒÌ˜LŽBŽŽØXŽLXŒLŽXXÍÍNYXÙY˜ŒÍÍLÍŒL™ŽŒXØÌYXÙXÍÍØÍLŽŽKÍLÓMWÐÌLÍLÓMWÐÌLŒÎXŒÙYXÎØÌÌMÎLÍØÌ˜Ì™ŒÙLŒM˜YX˜ÌŒÎXŒLÎYY™ÍYXX‹ŒÌNMÍŒŒŒŒ‹ŽLÌMŒLŒŒŒÍNMËNKÌŒNLŒLÌÎLL‹MKŒÌŽÎMÌKKŽMŒÎÌMŒNMÍŒKLKÌÍÌMNÍŽLLËŒMÍÍMÌÌLLËMÎÍÍÍÎNNMMLÍMÌÍMML‹LŽMLLŒMMMÍKMÎÍÍÍÎNNMMLÍMÌÍMML‹LŽMLLŒMMMÍKÍÎLÍMMËÌŒÌÍ‹L‹LKÍÌLÍKLÍK˜[ÙKKKKVT’SQS•SÔÒQÕË˜[ÙKLŽÌÍÍ™MØNLØÎYŒM˜ÍYŽÍY˜ÍMMÍ™YXLMŽMLÍÙXÙ˜ØÌYLÎY˜ŒÌLYBŽŽØXŽLXŒLŽXXÍÍNYXÙY˜ŒÍÍLÍŒL™ŽŒXØÌYXÙXÍÍØÍLŽÌÍLÓMWÐÌMKÍLÓMWÐÌMKŒÎXŒÙYXÎØÌÌMÎLÍØÌ˜Ì™ŒÙLŒM˜YX˜ÌŒÎXŒLÎYY™ÍYXX‹KŒÌŽÌŒŒKŒ‹ŽLŽMLLÍŽŽŒKŒŒLÎŒLŒM‹MŽNNLÎNLMŒŒKMÎŒŒŒLMLÎLÍËL‹ŒLÍLÌÌÌŒLNÎŒMMŒMÍÌÌÍŽLMKŒLÌLÎMMLÍËLÌŽLLLLÌÍ‹LÍŒMŒLÌLŽLÎNMKŒLÌLÎMMLÍËLÌŽLLLLÌÍ‹LÍŒMŒLÌLŽLÎNMKÎNÎMMKMMKÌMLNLŒËLŒ‹ÍLLÍËLÍËLÍË˜[ÙKKKKVT’SQS•SÔÒQÕË˜[ÙKLŽÌKYŽ˜ŒŒMŽYŒÍÍÍLØMŒÙŒ˜LŽYXØŒL™LØŒŒŒY™MÌÍL˜MNLŽŽØXŽLXŒLŽXXÍÍNYXÙY˜ŒÍÍLÍŒL™ŽŒXØÌYXÙXÍÍØÍLŽÌKÍLÓMWÐÌŒÍLÓMWÐÌŒŒÎXŒÙYXÎØÌÌMÎLÍØÌ˜Ì™ŒÙLŒM˜YX˜ÌŒÎXŒLÎYY™ÍYXX‹‹LÎNNLÌMMNŒ‹ŽLÌÎÌŒŒÌËŒMŒMLLLŒMKMŽNMÍÌNNKNKÌMÌŽLŒÍÌÌŒÎMKLËÍÌŒMÍŽNŒMMŽKŒNLÌMÌÌÎLN‹ŒÍÌÌÍLÍŒŽNÍNKÍŒNNNLÌŽLKMŽÎMŽÌMÌMŒ‹ŒÍÌÌÍLÍŒŽNÍNKÍŒNNNLÌŽLKMŽÎMŽÌMÌMŒ‹MÍMŒËMŒËÌKLNKLNKÍMMÍKLÎLÍË˜[ÙKKKKVT’SQS•SÔÒQÕË˜[ÙKLŽÌ‹YŒ˜NMNL™ŒØÎML™™XNXLXMÎŒÌMÍNMLNNNXÌYÍLÍÌÍMØŒ˜ŒÙLÎŽŽØXŽLXŒLŽXXÍÍNYXÙY˜ŒÍÍLÍŒL™ŽŒXØÌYXÙXÍÍØÍLŽÌ‹ÍLÓMWÐÌKÍLÓMWÐÌKŒÎXŒÙYXÎØÌÌMÎLÍØÌ˜Ì™ŒÙLŒM˜YX˜ÌŒÎXŒLÎYY™ÍYXX‹ËŽÍÌŒÌŒLNLMKŒ‹ŽLÎLŒLLŒ‹ŒŽNLŒMŒLMÍËMŽNMÎLÎŒMMMÌKŒÍÌÍLMLMÎÌKMŒÍÌŒŽMÌŒLNMŒMÌLŒŒÍMMMŽKLŽNMMŽLLMMKLÍMMŒMÌMÌŽKMMLÌMÍMMÎLËLŽNMMŽLLMMKLÍMMŒMÌMÌŽKMMLÌMÍMMÎLËÍŒMÌMÌŽMÌMKLM‹LMKÍŒL‹MM˜[ÙKKKKVT’SQS•SÔÒQÕË˜[ÙKLŽÌËLLŒ˜YŒÍŒL™XÙLLÎŒÍY™™LŽXÌNXÍŒÍ™ŒÍŽÍLŒMÌŒÂŽŽØXŽLXŒLŽXXÍÍNYXÙY˜ŒÍÍLÍŒL™ŽŒXØÌYXÙXÍÍØÍLŽÌËÍLÓMWÐÌÌÍLÓMWÐÌÌŒÎXŒÙYXÎØÌÌMÎLÍØÌ˜Ì™ŒÙLŒM˜YX˜ÌŒÎXŒLÎYY™ÍYXX‹ŽKŒMNÌÌŒŒÍMŽËŒ‹ŽLÎMÍÌMNÍÌMÍMËŒKŒLLÌKMŽNNÍŽMLŒŽM‹ŽKMŒŒŒLŽMŽMKŒŒLNÌÌLÌÌÌKŒNÍNLŒÍNMÌMÌKŽLŽMMLÍÌÍMÌMÌŒKÎMŒMŽLŒŒÍMMŒMLÎLŒMLŽLL‹ŽLŽMMLÍÌÍMÌMÌŒKÎMŒMŽLŒŒÍMMŒMLÎLŒMLŽLL‹LÎM‹MÍËMÍËŽÌMKLL‹LL‹ÍM‹M‹˜[ÙKKKKVT’SQS•SÔÒQÕË˜[ÙKLŽÍØX™NMLŽYLMÍØÍÍÙMLŒMYÍ˜NÌ˜Y™LÌMMŒ˜ŽNN™™™ŒLŒØÂŽŽØXŽLXŒLŽXXÍÍNYXÙY˜ŒÍÍLÍŒL™ŽŒXØÌYXÙXÍÍØÍLŽÍÍLÓMWÐÌÍKÍLÓMWÐÌÍKŒÎXŒÙYXÎØÌÌMÎLÍØÌ˜Ì™ŒÙLŒM˜YX˜ÌŒÎXŒLÎYY™ÍYXX‹ÌÎÌŒŽLŒÍKŒ‹ŽLŽÌNNMËŒKŽŒÌÍÎÌÎKMŽNNÎŒÎM‹ÍÎMMLŽÎMËM‹ŒÍÍMMŒMŒMMMÍÍŒLŒNNKÌNMLNLŒŒÌŒŒÎMÍ‹ŒMÍŽMLLÎLNMŒŽLMÍLŒNMLŒKÌNMLNLŒŒÌŒŒÎMÍ‹ŒMÍŽMLLÎLNMŒŽLMÍLŒNMLŒKÌMMNËN‹ÍŒÎKLLÍŽ‹MMË˜[ÙKKKKVT’SQS•SÔÒQÕË˜[ÙKLŽÍKMØNÎXÍØLLÍÙM™XMLŒŒŒYÙMÌÍNMYL˜YŒÎLY™YØÍÎMMM‚ŽŽØXŽLXŒLŽXXÍÍNYXÙY˜ŒÍÍLÍŒL™ŽŒXØÌYXÙXÍÍØÍLŽÍKÍLÓMWÐÌÍLÓMWÐÌŒÎXŒÙYXÎØÌÌMÎLÍØÌ˜Ì™ŒÙLŒM˜YX˜ÌŒÎXŒLÎYY™ÍYXX‹ÌKÎLŒÌÌÌÌLNŒ‹ŽLLMMŒÌNLŽMŒËŒ‹ŒÌLLLÍÌNNMÍKMŽNMLMŒLÌÍÍMNMËÎKMLMÍÌLŒKM‹ŽMLLMMŒLLLÍL‹ŒŒÎLLLÎLKÍNMÌŒÍÍNKÎMLÌŒLŽŒKMŽMLŽMÌMÍÍNKÍNMÌŒÍÍNKÎMLÌŒLŽŒKMŽMLŽMÌMÍÍNKÎKNLNKŽKLËLËÍÌÌMKMK˜[ÙKKKKVT’SQS•SÔÒQÕË˜[ÙKLŽÍ‹L˜˜˜˜Í˜˜ŒŒÌŒ™™™L™ŒÎM™ŒÌXMŒNY˜Ž™ÌMMÎNLÙMMM™ÌMXŽŽŽØXŽLXŒLŽXXÍÍNYXÙY˜ŒÍÍLÍŒL™ŽŒXØÌYXÙXÍÍØÍLŽÍ‹ÍLÓMWÐÌKÍLÓMWÐÌKŒÎXŒÙYXÎØÌÌMÎLÍØÌ˜Ì™ŒÙLŒM˜YX˜ÌŒÎXŒLÎYY™ÍYXX‹ÌËŒMŒÍŒŒMÌNLÍËŒ‹ŽLNLÍMŒËŒ‹ÍŒMMÍÎŒŽMŽNMNMMMÎÎLÌËŒÌÍÎÍŒÌŽLËMËŽNNLÍNNL‹ŒŒŒÌÍNLÎMÍÍŒKÍÌMÍŒNLLÍÍNMKŒÎLÌLÎLÌMÌLŽMÍ‹MÍŒŒMLÍŒŽŒÍÌMÍŒNLLÍÍNMKŒÎLÌLÎLÌMÌLŽMÍ‹MÍŒŒMLÍŒŽŒLMÍËNMËNMKLŒNNÍÍÍŒ‹MËM‹˜[ÙKKKKVT’SQS•SÔÒQÕË˜[ÙKLŽÍËŒMŒXM™ŽYLÍÍNLMNÌLŒMMŽYMØÌMØ™ŒŒÙ™ÍXÌÎMNNMŒ‚ŽŽØXŽLXŒLŽXXÍÍNYXÙY˜ŒÍÍLÍŒL™ŽŒXØÌYXÙXÍÍØÍLŽÍËÍLÓMWÐÌLÍLÓMWÐÌLŒÎXŒÙYXÎØÌÌMÎLÍØÌ˜Ì™ŒÙLŒM˜YX˜ÌŒÎXŒLÎYY™ÍYXX‹ÍMÎLŒŒLLLLMŒ‹ŽLMMLLÍËŒËŒŒMŒÎNLNMŽMÌ‹MŽNMMMNLLÌŒMLÌKKŒŽNMLŒÌŽL‹NŽÌNÍŒLÎMËŒŽLŒŒÍMÍŒŽNKÎMÌÌÌNMÍMÍÍKŒÍŒÌŒÍŒŒŒÍÍMLŒÎNŽŒLÎLÎLMKÎMÌÌÌNMÍMÍÍKŒÍŒÌŒÍŒŒŒÍÍMLŒÎNŽŒLÎLÎLMKLŒLËŒËŒ‹ŒÎKLËL‹ÎNNMKMK˜[ÙKKKKVT’SQS•SÔÒQÕË˜[ÙKLŽÎÌ˜˜NLŒLLMYMŒÌNYNM˜YL™˜™ŽMŒŽMYŒ˜Í˜NNY™YNMÌMŒŒÂŽŽØXŽLXŒLŽXXÍÍNYXÙY˜ŒÍÍLÍŒL™ŽŒXØÌYXÙXÍÍØÍLŽÎÍLÓMWÐÌMKÍLÓMWÐÌMKŒÎXŒÙYXÎØÌÌMÎLÍØÌ˜Ì™ŒÙLŒM˜YX˜ÌŒÎXŒLÎYY™ÍYXX‹Í‹ŒÍŒMÎNLÍMŒŽŒ‹ŽLLŒLŒŽŒËŽÌLÎLÎMNMŽNMLŒÌNNLMÌMÍÍMŒNNMMÎNMŒLŽ‹NKMMLÍÎMŒËŒŒNMÌÎŒÎNNL‹ŽŒLMNÍÌŒÌÍKŒÌÎMNŒMŽNMMÌÌÍÎMMKŽŒLMNÍÌŒÌÍKŒÌÎMNŒMŽNMMÌÌÍÎMMKLÎLŒLŒKŒŒŒË‹ÎŒÍ‹MLMLK˜[ÙKKKKVT’SQS•SÔÒQÕË˜[ÙKLŽÎK™NM˜ØL™X™ŒÌXÙLÍXØÌNNŽMNÎLŽŽØŒŒÙMØLXÍÎM˜XXŽÙMŽŽØXŽLXŒLŽXXÍÍNYXÙY˜ŒÍÍLÍŒL™ŽŒXØÌYXÙXÍÍØÍLŽÎKÍLÓMWÐÌŒÍLÓMWÐÌŒŒÎXŒÙYXÎØÌÌMÎLÍØÌ˜Ì™ŒÙLŒM˜YX˜ÌŒÎXŒLÎYY™ÍYXX‹ÍËLÌÍNŽLKŒ‹ŽLLŽNŒLŒMLMLÌÎMLKMŽNMLÌÌÎLËNKŒLLLMÍMÍŒMKLLLÍNMNKŒŒÍLÌÍŒNNNNLÍKŽÍMÌÌMŒLÍKŒÌLÌNMŽNMŽÎMŒKNMŒŒNLÌŒMÌÍMËŽÍMÌÌMŒLÍKŒÌLÌNMŽNMŽÎMŒKNMŒŒNLÌŒMÌÍMËMMLÍKŒM‹ŒM‹ŒLKÎLÌËML‹MLK˜[ÙKKKKVT’SQS•SÔÒQÕË˜[ÙKLŽ™ÍÍ˜Ù™XŒŒ™˜ÎÎNLØŽXYÍÙ™NXÍ˜XMÙ˜™Œ˜ØXÌXÌ˜ŒÎLÎM‚ŽŽØXŽLXŒLŽXXÍÍNYXÙY˜ŒÍÍLÍŒL™ŽŒXØÌYXÙXÍÍØÍLŽÍLÓMWÐÌKÍLÓMWÐÌKŒÎXŒÙYXÎØÌÌMÎLÍØÌ˜Ì™ŒÙLŒM˜YX˜ÌŒÎXŒLÎYY™ÍYXX‹ÎKŒÌŒNLLNML‹Œ‹ŽLŽŒLÎLKŒŒÍMŽŽMLMŒËMŽNMŒÌÌÍÍMÌKŒÎLŒÌŒLNLLKŒÎMŒÌMLNMLÌMLËŒŽÍÍNLMNNLÍŽÌŒNŽNLÌŒŽŽŒŽMÌÎLÍM‹ŒŽMŽLLMMLMÌKŽÌŒNŽNLÌŒŽŽŒŽMÌÎLÍM‹ŒŽMŽLLMMLMÌKMÌMLŒŒ‹ŒŒ‹NLÍKÌ‹Ì‹ÎMLLKMMMLË˜[ÙKKKKVT’SQS•SÔÒQÕË˜[ÙKLŽK˜™Í™˜ÎXMMŒŒNXX™ŒÎØÍLŽŒLÎYXŽMMY™ŒŒÌÎÙ™™ŒÍBŽŽØXŽLXŒLŽXXÍÍNYXÙY˜ŒÍÍLÍŒL™ŽŒXØÌYXÙXÍÍØÍLŽKÍLÓMWÐÌÌÍLÓMWÐÌÌŒÎXŒÙYXÎØÌÌMÎLÍØÌ˜Ì™ŒÙLŒM˜YX˜ÌŒÎXŒLÎYY™ÍYXX‹LÌLMÍŒÎLÍKŒ‹ŽLŒÍÌŒŒÎMKŒLÍLMÌNNKMŽNLÍÍMÎNL‹ŽŽMLÎMNNŽKLL‹ŒMLLMÍMŒÍMLËŒÌLÎÍMÌÍLKŽMMÎMÍŒÌÎŒÌ‹ŒÌÎLŽLÍMMNKŒMŒLÍÎÌŒËŽMMÎMÍŒÌÎŒÌ‹ŒÌÎLŽLÍMMNKŒMŒLÍÎÌŒËNÍKŒŽKŒŽKMŒNLŒËŒËÎNMLKMMKMMK˜[ÙKKKKVT’SQS•SÔÒQÕË˜[ÙKLŽ‹XYŽLØÌXÍNLÙNXLLMŒNLLLØÎŽ˜YYMLLÎNXYŒÙ™ŒŽMMXMØBŽŽØXŽLXŒLŽXXÍÍNYXÙY˜ŒÍÍLÍŒL™ŽŒXØÌYXÙXÍÍØÍLŽ‹ÍLÓMWÐÌÍKÍLÓMWÐÌÍKŒÎXŒÙYXÎØÌÌMÎLÍØÌ˜Ì™ŒÙLŒM˜YX˜ÌŒÎXŒLÎYY™ÍYXX‹‹ŒÍŒMÌÌÍÌËŒ‹ŽLŒÎŒŒLŽŒÍKNLMLÍMMÍLÎMKMŽNLÎÍÌÌÎLŒËÌËŽLÍLMNLÍÍÎKLLËŒMMÎÌMÍMÍŒŒŽLLMÍÍMŒKŽLŒŒÌŒLÎLŽŽLM‹ŒŒŽLMŒMMŒNKŒMŒNLÌLMÎLŒÍKŽLŒŒÌŒLÎLŽŽLM‹ŒŒŽLMŒMMŒNKŒMŒNLÌLMÎLŒÍKŒÌÍŒÍKŒÍKLÌŽML‹LKÎËMMËMMË˜[ÙKKKKVT’SQS•SÔÒQÕË˜[ÙKLŽËØÙØÙLYMMŽLLÌŽŽMŽY˜ÍL˜NŒNXYNM™MLÌÌŒYN™LMMBŽŽØXŽLXŒLŽXXÍÍNYXÙY˜ŒÍÍLÍŒL™ŽŒXØÌYXÙXÍÍØÍLŽËÍLÓMWÐÌÍLÓMWÐÌŒÎXŒÙYXÎØÌÌMÎLÍØÌ˜Ì™ŒÙLŒM˜YX˜ÌŒÎXŒLÎYY™ÍYXX‹ËŽMLÎŒŒÌÍNKŒ‹ŽLŒÍÌÌÍLLMŽLŒMK‹ŒLLÍLMŒŒÌÍŒÍKMŽNLÍŽLÍÍÍLÌÍÎŽMLÌŽLŒLMËLLËŽÍŒÍÌÌÍËŒÌMLÎLŒŒMŒMŽMŒÎLÎMŽNNNLŒ‹ŒMŒMMÎÍÌÍÌÎKŒŒÌLLÌLMLËŽMŒÎLÎMŽNNNLŒ‹ŒMŒMMÎÍÌÍÌÎKŒŒÌLLÌLMLËŒNLËKLÌM‹Í‹ÍŽKMNKMN˜[ÙKKKKVT’SQS•SÔÒQÕË˜[ÙKLŽ™MŒÌLXÎÎXXXLÍŽMØMÌXLMØ˜NYÍŽŒ™™YX˜™XY˜ÎM˜N˜YLM™™ŒŽŽØXŽLXŒLŽXXÍÍNYXÙY˜ŒÍÍLÍŒL™ŽŒXØÌYXÙXÍÍØÍLŽMÍLÓŒÐÌKÍLÓŒÐÌKŒÎXŒÙYXÎØÌÌMÎLÍØÌ˜Ì™ŒÙLŒM˜YX˜ÌŒÎXŒLÎYY™ÍYXX‹ŽŒÍLŒMÍÌÌMLŒËŽŒLŒÎMÎLÌMÍÍKŒËLÌÌÌMÌÍÍŒKŒŒNLMŽLÌMŽLÌÌÍÍÎNNŒMMËLŽÍMMNLŒLNM‹ŒMŒŒŒŽÌNLÍMËNNMŽMÌNMLÌÍ‹MMMLŒLÍŽLKMÌÍLŒŒLÎLMÌËNNMŽMÌNMLÌÍ‹MMMLŒLÍŽLKMÌÍLŒŒLÎLMÌËÎLŽ‹MLËMLËÍM‹M‹M‹ÍÍNMM‹M‹˜[ÙKT’U‘QT‘ÐŽLNMK‹KKVT’SQS•SÔÒQÕË˜[ÙKLŽKŽ˜X™ÌMÍLMYŒÍMLÍÎŒNY˜ÌŽŽ™XLÎY˜LØÙXMŒØLÌŒYŒŒXÌÎBŽŽØXŽLXŒLŽXXÍÍNYXÙY˜ŒÍÍLÍŒL™ŽŒXØÌYXÙXÍÍØÍLŽMKÍLÓŒÐÌLÍLÓŒÐÌLŒÎXŒÙYXÎØÌÌMÎLÍØÌ˜Ì™ŒÙLŒM˜YX˜ÌŒÎXŒLÎYY™ÍYXX‹ŽKŒŽLŽNÎMÌÍ‹ŽŒLŒÍMMMLNMMËŒLŒÌNLÍŒNLŒŒNNLŽLMÍŽMÍKKŽŒLŽLNMLLŽÍ‹LKÌÍŒÌLLŒNMŒÎNËŒLÌMLLMMÍLŒLLŽŒÌLLMÎNŒËMÎŒÌŒÎŒÍ‹NÎLLLÍMŒÌLLMÎNŒËMÎŒÌŒÎŒÍ‹NÎLLLÍMLÍMŒKMŒKÍMŒÎKLÎKLÎKÎÎKMMK˜[ÙKKKKVT’SQS•SÔÒQÕË˜[ÙKLŽ‹ÎYÌÙLXŒÌÍÍYY˜XŒMÌÌ˜ŽYŒÙ™MÎYMXØN™ŒXMXŽMÌ™LŒÂŽŽØXŽLXŒLŽXXÍÍNYXÙY˜ŒÍÍLÍŒL™ŽŒXØÌYXÙXÍÍØÍLŽM‹ÍLÓŒÐÌMKÍLÓŒÐÌMKŒÎXŒÙYXÎØÌÌMÎLÍØÌ˜Ì™ŒÙLŒM˜YX˜ÌŒÎXŒLÎYY™ÍYXX‹ÌŽMÌŒLMŒÌMKŽŒLŒÌŒŒÍMNÍËNMÎLMŒLLŒÌNNKŽNNNLLLŒNLNLÎMÎÎNLŽLLÌÍNL‹ŒÌÍÌMŒLŽŒLŒMŒNMNMËŒLLŒMÌÌŒŒLÌLŽÎLMLŒŽLL‹NÌŒNMNLŒÍLMËŒLLŒMÌÌŒŒLÌLŽÎLMLŒŽLL‹NÌŒNMNLŒÍLMËÌÌËMŽKMŽKÍMËLÍKLÍKÎËMLML˜[ÙKKKKVT’SQS•SÔÒQÕË˜[ÙKLŽËYY˜XYŒ˜MXLYNYXYLÌŒØMLØŒY™N˜MŽMN™ŒÙŒ˜ÍLM™˜LŒ‚ŽŽØXŽLXŒLŽXXÍÍNYXÙY˜ŒÍÍLÍŒL™ŽŒXØÌYXÙXÍÍØÍLŽMËÍLÓŒÐÌŒÍLÓŒÐÌŒŒÎXŒÙYXÎØÌÌMÎLÍØÌ˜Ì™ŒÙLŒM˜YX˜ÌŒÎXŒLÎYY™ÍYXX‹Ì‹ŒŽNLNNNŒMKŽŒLŒŽÌÎŽNLLËKŒŒMŽNMMÌLNKŽNNMMLNMÍÌÌŒNKNKÌLLMÌŽŒLËÍLLLÌ‹ŒMLÌŒMNLÍÌLKŽLNMÍŒMLŽKLMÎMNLLÎNLŒÎNMLŒŒÍMLŒNM‹ŽLNMÍŒMLŽKLMÎMNLLÎNLŒÎNMLŒŒÍMLŒNM‹LMËMÍ‹MÍËÌÎMLÌ‹LÌ‹ÎLŽKMLKMLK˜[ÙKKKKVT’SQS•SÔÒQÕË˜[ÙKLŽNXÍØÌÍMLŽNŒMÍLÙY˜LŒNXNMŽLXØ˜™ŒLYÍ˜NYXØŒŽXX™NMŽŽØXŽLXŒLŽXXÍÍNYXÙY˜ŒÍÍLÍŒL™ŽŒXØÌYXÙXÍÍØÍLŽNÍLÓŒÐÌKÍLÓŒÐÌKŒÎXŒÙYXÎØÌÌMÎLÍØÌ˜Ì™ŒÙLŒM˜YX˜ÌŒÎXŒLÎYY™ÍYXX‹ÌËŽLŒÍÌNMLMËŽŒLŒMÌÍŒLMLŒÎKKMŽMŒÍŽLŒÍÍÌLËNKŽNNMŒÍLŒLMNKŒÍÍÌMLÍLÍÍKMŒÍŒLŽLÍMŽMMÍKŒMÌÌMÌÌMÌNNNKÌNLÌŒLŒMNMŽMLLÍÍÍMÎŽLNLŒËŒÎŒŒŒLŽÍLÎÌNLÌŒLŒMNMŽMLLÍÍÍMÎŽLNLŒËŒÎŒŒŒLŽÍLÎÌMNËNÌÌMKLŽLŽÎLÍÌËMLËML‹˜[ÙKKKKVT’SQS•SÔÒQÕË˜[ÙKLŽKÌŒŒMNXNXÙŒNY™ŒÌXÌÎÎXÙŽX˜ÙXÌÌØŒ˜ŽL™YLÍÍL™™ŽXXÌ™XNL™‚ŽŽØXŽLXŒLŽXXÍÍNYXÙY˜ŒÍÍLÍŒL™ŽŒXØÌYXÙXÍÍØÍLŽNKÍLÓŒÐÌÌÍLÓŒÐÌÌŒÎXŒÙYXÎØÌÌMÎLÍØÌ˜Ì™ŒÙLŒM˜YX˜ÌŒÎXŒLÎYY™ÍYXX‹ÍKŒLŒÍMŒŽLŽLŽŒLŒLLNLMMLŒ‹ŒŒÍLŒMLNKŽNMÍMÌŽŽMMŽKMŒMMŒLNÌŒKMKŒŒNŒŒÌŒÌŒÍŒMÍLŒLÌÍÍŽNKÍÌÍÍLŽLÌŒMLLŒËMLMŒLÌLÎKŒÍMLŒMLMKÍÌÍÍLŽLÌŒMLLŒËMLMŒLÌLÎKŒÍMLŒMLMKMÎKNLKNLKÌŒLKLÎNM‹MMKMMK˜[ÙKKKKVT’SQS•SÔÒQÕË˜[ÙKLŽLLÍÍM™ŒLŒÙ˜ØXŒÍŒXÍÙLŒLÎMYXÎYLÍXYŒLXXXMXŽLØMYNÙŽŽØXŽLXŒLŽXXÍÍNYXÙY˜ŒÍÍLÍŒL™ŽŒXØÌYXÙXÍÍØÍLŽŒÍLÓŒÐÌÍKÍLÓŒÐÌÍKŒÎXŒÙYXÎØÌÌMÎLÍØÌ˜Ì™ŒÙLŒM˜YX˜ÌŒÎXŒLÎYY™ÍYXX‹Í‹NMÎNLNMNMMŽMŽŒLNMÎMÌŒÌLŽŒK‹MLÌMÍÎLÍMŽNKŽNMŽLÍÌNMÍKÍÍMŽNÍŽËM‹ŒÎLŒÍÌNÌLLKŒŒÍMMŒNLÍŽMŒLŒKÍÍMÍLÎNMŒNMMËÌMLLÎMLÌLNLKŒMÍLÍNNŽLÍKÍÍMÍLÎNMŒNMMËÌMLLÎMLÌLNLKŒMÍLÍNNŽLÍKLÎËNNNMËÌMŒ‹LŒLŒKŒ‹MMËMMË˜[ÙKKKKVT’SQS•SÔÒQÕË˜[ÙKLŽLKŒÍLLØŒÍYYYNÌMXŒØMLŒÍÎXŒÌŒŒNMLÎMÌÎYMÍLYÌŽŽØXŽLXŒLŽXXÍÍNYXÙY˜ŒÍÍLÍŒL™ŽŒXØÌYXÙXÍÍØÍLŽŒKÍLÓŒÐÌÍLÓŒÐÌŒÎXŒÙYXÎØÌÌMÎLÍØÌ˜Ì™ŒÙLŒM˜YX˜ÌŒÎXŒLÎYY™ÍYXX‹ÎŒLLMMŒÍMŽMŒŒMÍŽŒLŒÍMŒ‹ËŒÌŽMÌMÍÌÍ‹NKŽNMÍÍNŒÍMKÎKLÍŒÍÌMMÎM‹ŽMNNLLLÍÌKŒŒMLÍÍÎLLMŽÌ‹ŽNMÎŽÌMŒÌ‹MLÌŒÎLLMŒ‹ŒŒLMMÌŒMMÌÌMLËŽNMÎŽÌMŒÌ‹MLÌŒÎLLMŒ‹ŒŒLMMÌŒMMÌÌMLËLMMKŒŒËŽNŒËLM‹LM‹ÌËMNMN˜[ÙKKKKVT’SQS•SÔÒQÕË˜[ÙKLŽL‹™˜˜˜Ì™LXÌÌŽLXL™ŽÍÌŒØLYLY˜ÎÌNŒLNLÎMNMØ˜ŒØNL˜YŽŽØXŽLXŒLŽXXÍÍNYXÙY˜ŒÍÍLÍŒL™ŽŒXØÌYXÙXÍÍØÍLŽŒ‹ÍLÓŒÐÌKÍLÓŒÐÌKŒÎXŒÙYXÎØÌÌMÎLÍØÌ˜Ì™ŒÙLŒM˜YX˜ÌŒÎXŒLÎYY™ÍYXX‹ÎKLÍŒL‹ŽŒLNÍÎLNNLM‹ËNMÎÌÍMMNKNKŽNMNMMNNÍŒMKŒÌÎMŒÍMLLŒKMËŽLÌLŒÎNÎMNŽŒŒÍÍŽNLMÌÍNNNKŽŽLŽMŒNLÎLKÍŒÌÍÌNMÎNLMŽŒÎLMÍŽNMMËŽŽLŽMŒNLÎLKÍŒÌÍÌNMÎNLMŽŒÎLMÍŽNMMËMŽNŒLKŒLKŽNLKLLKLL‹LMLKMŒMŒ˜[ÙKKKKVT’SQS•SÔÒQÕË˜[ÙKLŽLËÌNMXÎXŒÙ™˜ÌÌŽN˜LXŒØÌ˜ØNLÌŒŒ˜ÍM˜ÍLNXŽŒÌÍY™™XM˜Í˜ÍÂŽŽØXŽLXŒLŽXXÍÍNYXÙY˜ŒÍÍLÍŒL™ŽŒXØÌYXÙXÍÍØÍLŽŒËÍLÓŒÐÌLÍLÓŒÐÌLŒÎXŒÙYXÎØÌÌMÎLÍØÌ˜Ì™ŒÙLŒM˜YX˜ÌŒÎXŒLÎYY™ÍYXX‹KŒŒÌMMMŒÌŽNŒKŽŒLMÌMŒÍŽNMNMMŽŒLMÌŒNMLLMLÍ‹NKŽNMLMŒNŽM‹KŒŽMŒMLMLŒ‹NŽLÍLLŒMŒÌLKŒŽÎLNLLLLŽKŽMÌÎLÌÌMÌÍMKMNLŽLŽNNKŒÍÌMŽNMŽLŽMÌÎLÌÌMÌÍMKMNLŽLŽNNKŒÍÌMŽNMŽLMŒMKŒNŒMËÌLËL‹L‹MNMËMŒ‹MŒ‹˜[ÙKKKKVT’SQS•SÔÒQÕË˜[ÙKLŽMÍÙXLNXLMMÎÍLŽLY™˜ÙXÎXY™MÌÌØÙÌÎY˜™Œ˜NY™™˜Y™BŽŽØXŽLXŒLŽXXÍÍNYXÙY˜ŒÍÍLÍŒL™ŽŒXØÌYXÙXÍÍØÍLŽÍLÓŒÐÌMKÍLÓŒÐÌMKŒÎXŒÙYXÎØÌÌMÎLÍØÌ˜Ì™ŒÙLŒM˜YX˜ÌŒÎXŒLÎYY™ÍYXX‹‹ŽNLMÎMÌÍÌŒÍËŽŒLMÎNLÌŒÌŒÍŽŽŒÌÎMÍÍÍÌLÌKNKŽNMLNLÍÎMMÍÎKMŒNLŒNLMËNKMÌÍŒLLMÎM‹ŒMLMLÌMŒMŒÌMKŽŒŽMLLLÍÎMÌ‹ŒÎLÍMŽLMŒÍÌÌ‹MMÍLŒÌMÌŒLËŽŒŽMLLLÍÎMÌ‹ŒÎLÍMŽLMŒÍÌÌ‹MMÍLŒÌMÌŒLËMÍÌLŒKŒMÎLËLLKŒKMMK˜[ÙKKKKVT’SQS•SÔÒQÕË˜[ÙKLŽMKÌY˜Œ˜LYŒŒÍÍNMÍLÌL™ŒÍYMÍÍØÌÍ˜NXNYXÌMÌŒÙŒÌÎMX˜ŽŽØXŽLXŒLŽXXÍÍNYXÙY˜ŒÍÍLÍŒL™ŽŒXØÌYXÙXÍÍØÍLŽKÍLÓŒÐÌŒÍLÓŒÐÌŒŒÎXŒÙYXÎØÌÌMÎLÍØÌ˜Ì™ŒÙLŒM˜YX˜ÌŒÎXŒLÎYY™ÍYXX‹NŽÌMÌÍŽLMËŽŒLMÌÌLÍŒMÎKŽKŒMŒÍÌÎMNLÌŽKNKŽNMMÌÍMÍNKNKŒLMLMLÍŒNLŒKLLMŽMÍÍÌÌÍKŒÍLÌÌÌMŒL‹ŽLŒMŒÍŒÍÌÍŒMÍMËŒÍŽLŒÍŒNLLMÍÎKŽLLŽMMLÌÎ‹ŽLŒMŒÍŒÍÌÍŒMÍMËŒÍŽLŒÍŒNLLMÍÎKŽLLŽMMLÌÎ‹NLÎKŒÌKŒÌKMÍËMM‹MKM˜[ÙKKKKVT’SQS•SÔÒQÕË˜[ÙKLŽM‹MŽLÎMØLÍÙ™ÍŒMÌNMNY™Ø™ŒŒXMÎXŒŒXXØXLØÎLÙXÙNL˜BŽŽØXŽLXŒLŽXXÍÍNYXÙY˜ŒÍÍLÍŒL™ŽŒXØÌYXÙXÍÍØÍLŽ‹ÍLÓŒÐÌKÍLÓŒÐÌKŒÎXŒÙYXÎØÌÌMÎLÍØÌ˜Ì™ŒÙLŒM˜YX˜ÌŒÎXŒLÎYY™ÍYXX‹‹ŒÌLŒÍÎMŽÌKŽŒLMŒÌÍŒÍLÍÎLMËŽKÌÍÌLMKNKŽNLÍŽMMÍÍÍNŒÍÍLŒŒLÌŒËLLKŒŽLLNLÍŒŽŽMŒŒŒLÌŒÍŒKŽLÌMÍNNMŽMÎNNŒÍLÍMÍMLŒÌÌÍNMLLLMÍÌMMNMËŽLÌMÍNNMŽMÎNNŒÍLÍMÍMLŒÌÌÍNMLLLMÍÌMMNMËŒL‹ŒÎŒÍËŒŒÍÌKËËŽLÌ‹MËM‹˜[ÙKKKKVT’SQS•SÔÒQÕË˜[ÙKLŽMËNLXXLNMMÙLNXXNLMØLŒŽNLLÌ˜ÌÍÙŒYXÍYNÙÌYŒØØMÌMŽŽØXŽLXŒLŽXXÍÍNYXÙY˜ŒÍÍLÍŒL™ŽŒXØÌYXÙXÍÍØÍLŽËÍLÓŒÐÌÌÍLÓŒÐÌÌŒÎXŒÙYXÎØÌÌMÎLÍØÌ˜Ì™ŒÙLŒM˜YX˜ÌŒÎXŒLÎYY™ÍYXX‹ŒÍMÎÌÌÍMŽŒLMÍMLÍŽMÍÌŒÌÎMŒMŒNMÍËNKŽNMÎLÎÌLMKŽŽMŒŽLMÌÌKLL‹ŒMŒLŒÌŽMÎNLÍ‹ŒŽMÍŒNLNLËŽMMÎNMÌLMÌÌÎÍKŒÌLLŽLÎŽLLNNŒNŒMNMÎÌŽLKŽMMÎNMÌLMÌÌÎÍKŒÌLLŽLÎŽLLNNŒNŒMNMÎÌŽLKŒŽËŒÌMËÎKÎKÌÍÍËMŽKMŽK˜[ÙKKKKVT’SQS•SÔÒQÕË˜[ÙKLŽNXXÎXØ™YLMØÍ˜MŽMÌŒÍ˜MØŒ˜Ù™XØÌNLLÍMÍMLŒMÌMYŒ™ŒŒŒŽŽØXŽLXŒLŽXXÍÍNYXÙY˜ŒÍÍLÍŒL™ŽŒXØÌYXÙXÍÍØÍLŽKÍLÓWÐÌKÍLÓWÐÌKŒÎXŒÙYXÎØÌÌMÎLÍØÌ˜Ì™ŒÙLŒM˜YX˜ÌŒÎXŒLÎYY™ÍYXX‹ÍŒŒMMÍŽÍÌÎKÍŒŽNMŒŒMLŒŒÍ‹ŽNMÍÎLŒMÍŒËŽNNNMÎMÌLÍKŽLÌŽNLLNLLÍKLŽMLMLÍÍLŒÌLMKŒMMLLMŒÌÌLŒ‹LMNŽNNMŒÌŽLËŒÌLŒÍMLNMÎÎ‹ŒLŽNMMŒÌ‹LMNŽNNMŒÌŽLËŒÌLŒÍMLNMÎÎ‹ŒLŽNMMŒÌ‹ÌKM‹M‹ÎMÎËMMKMMKMÎMNKMŒ˜[ÙKKKKVT’SQS•SÔÒQÕË˜[ÙKLŽNKŒŒÌYŽYŒØÌY˜™YYLØÍMØÙÙLÍÙXØLŽYŒÌMX™ŒLYMÎYÙLÌÍ‚ŽŽØXŽLXŒLŽXXÍÍNYXÙY˜ŒÍÍLÍŒL™ŽŒXØÌYXÙXÍÍØÍLŽ‹ÍLÓWÐÌLÍLÓWÐÌLŒÎXŒÙYXÎØÌÌMÎLÍØÌ˜Ì™ŒÙLŒM˜YX˜ÌŒÎXŒLÎYY™ÍYXX‹ÍKÍÍÌÍŽLÍNÍŒÌÌMLŒMŒÍÎKŽKŒLÌŽMLLLMÍŒMLŽKKŒLLLÎM‹KŽMÌMŒLÍÌÌNLÌKLKÌÍNMLLŽŒLÍŒŒŽÍÌNNNŽÍLLNMŽNNMÌMÍKNMLMNNŒŒMËŒÌŒŒÎMÌÍMMËŽÍLLNMŽNNMÌMÍKNMLMNNŒŒMËŒÌŒŒÎMÌÍMMËÎMMÍMÍKÎLML‹ML‹MÌKMŒKMŒ‹˜[ÙKKKKVT’SQS•SÔÒQÕË˜[ÙKLŽLÍŽYXÍMXX™MNÌØÍÌØÍLMMLXØ˜L˜YÍŒŒYXLÌLMÙNLÌŒ™ŒÎØÂŽŽØXŽLXŒLŽXXÍÍNYXÙY˜ŒÍÍLÍŒL™ŽŒXØÌYXÙXÍÍØÍLŽËÍLÓWÐÌMKÍLÓWÐÌMKŒÎXŒÙYXÎØÌÌMÎLÍØÌ˜Ì™ŒÙLŒM˜YX˜ÌŒÎXŒLÎYY™ÍYXX‹ÍËŒMÌÎŒŽLÌÌÎKÍŒÌŒMŽLLËŽKÌŽLÌŽMMŒÍÎLŽNNNLÌLMMÎÍLLÌÍÍÍÍM‹L‹ŒÎŽŒNŒŽŒMMMMÌÍMËÌMNMÎŽLLËNLŽÎMMÍÌMŒÍ‹ŒÎLNŽŽLLLNN‹ÌMNMÎŽLLËNLŽÎMMÍÌMŒÍ‹ŒÎLNŽŽLLLNN‹ŽKN‹N‹ÎMÌKMKMNËMŒËM˜[ÙKKKKVT’SQS•SÔÒQÕË˜[ÙKLŽLKY˜ÎMØŽNLŒŒXŽŒÎ˜™ŽNX˜ŒÙLNØŒMÍŽÙLÍ˜ÌÙŒŽÙMŒÎÌŽXBŽŽØXŽLXŒLŽXXÍÍNYXÙY˜ŒÍÍLÍŒL™ŽŒXØÌYXÙXÍÍØÍLŽÍLÓWÐÌŒÍLÓWÐÌŒŒÎXŒÙYXÎØÌÌMÎLÍØÌ˜Ì™ŒÙLŒM˜YX˜ÌŒÎXŒLÎYY™ÍYXX‹ÎŽLÎÌŒM‹ÍŒMLÌÌÍNNLËÌŒŒNMMŒNŽËŽNNNMŽLÍLŽLNNKÌLÎÍÌLŒÍNËLËÍMNLÎLLŽNŒMÍÍŒMÎLÎLLKÍŒÎÌMÎÌKMŽLLÌÌLLÎ‹NNLÎMÍÌŽNMŒÌËÍŒÎÌMÎÌKMŽLLÌÌLLÎ‹NNLÎMÍÌŽNMŒÌËÎMËNLNLKÍÌŽMKMKMKŒÌÍKMKMK˜[ÙKKKKVT’SQS•SÔÒQÕË˜[ÙKLŽL‹˜MMÍLMÍŒØÎXYÙXÙLØÙŽLÌ™YXØÙŽYŽLÍØŽNÎ‚ŽŽØXŽLXŒLŽXXÍÍNYXÙY˜ŒÍÍLÍŒL™ŽŒXØÌYXÙXÍÍØÍLŽKÍLÓWÐÌKÍLÓWÐÌKŒÎXŒÙYXÎØÌÌMÎLÍØÌ˜Ì™ŒÙLŒM˜YX˜ÌŒÎXŒLÎYY™ÍYXX‹ŒŒMÌMÌŒŽLÌNKÍŒÌŽÌÌMŒÌËÌÍÌMLLÍŒŒÌËŽNMÍLÎMLNLLÌŒÍ‹ŒÎNLÍËMŒÍÎÎMÍÌÎM‹ŒNŒMÎLÍŒŒÍŒLMŽNKÍÌÎMÌMÍLMŒÌ‹MMLÌÌÎLŽLŒKLŽÎLÎÌŒÌÍ‹ÍÌÎMÌMÍLMŒÌ‹MMLÌÌÎLŽLŒKLŽÎLÎÌŒÌÍ‹LÌŒ‹NMËNNÍŒÍËM‹MKÎ‹M‹M‹˜[ÙKKKKVT’SQS•SÔÒQÕË˜[ÙKLŽLËNXÌÙXŒÍXMŒÎLX™ÌÌÍŽØØŒXY™ŽLŽMÍÙŒŒŽŒÍÍL˜L˜ÍÂŽŽØXŽLXŒLŽXXÍÍNYXÙY˜ŒÍÍLÍŒL™ŽŒXØÌYXÙXÍÍØÍLŽ‹ÍLÓWÐÌÌÍLÓWÐÌÌŒÎXŒÙYXÎØÌÌMÎLÍØÌ˜Ì™ŒÙLŒM˜YX˜ÌŒÎXŒLÎYY™ÍYXX‹KŽÍLÎNÍLML‹ÍŒŒLLÍMŒÌNMÌKŒÌŽLNMÌÍŽNMÍLÌŽŒÌ‹ŽKMLMMÌMÌMLËMKŒŒÌÍMMLŽMÍËŒŒMŒNMŒŒÎLNL‹ŽÌÌŽMÌÌLËLÎNLŒŒÍM‹NMÍLMÎLMÌLLKŽÌÌŽMÌÌLËLÎNLŒŒÍM‹NMÍLMÎLMÌLLKLŒËŒKŒ‹ÍLÎËLÎLÍËÌŒÍËMŽMŽ˜[ÙKKKKVT’SQS•SÔÒQÕË˜[ÙKLŽLŽØÍMLLØŒL˜ŽNNYY˜ÙÍ™LÌØØŒŒÍŽØØŽMLŽLÌYLYBŽŽØXŽLXŒLŽXXÍÍNYXÙY˜ŒÍÍLÍŒL™ŽŒXØÌYXÙXÍÍØÍLŽËÍLÓWÐÌÍKÍLÓWÐÌÍKŒÎXŒÙYXÎØÌÌMÎLÍØÌ˜Ì™ŒÙLŒM˜YX˜ÌŒÎXŒLÎYY™ÍYXX‹ËLŽÌŒLŒÎKÍŒÎŒNLÌŒÍÍËÌKŽLÎÌÌÍMMLËŽNMÌÍÌŒNLŒÌËÍMLÎLNŽNMLL‹M‹ŒÌŽNMŒMLÌMŽÍËŒNÍMLLÌÍËŽÌÍLÌÎŒ‹LŒÎLMLŽLML‹ŒŽNMÌÌLÍŽÌÍLÌÎŒ‹LŒÎLMLŽLML‹ŒŽNMÌÌLÍML‹ŒL‹ŒLKÍÌÍKLÍLÍÍŽMÌMÌ˜[ÙKKKKVT’SQS•SÔÒQÕË˜[ÙKLŽLKÌØÍM™MLÙXÍMŽ˜ÍŒÍ™MØL˜ÍÙYYYŒM™ÙLNÙ˜NMBŽŽØXŽLXŒLŽXXÍÍNYXÙY˜ŒÍÍLÍŒL™ŽŒXØÌYXÙXÍÍØÍLŽÍLÓWÐÌÍLÓWÐÌŒÎXŒÙYXÎØÌÌMÎLÍØÌ˜Ì™ŒÙLŒM˜YX˜ÌŒÎXŒLÎYY™ÍYXX‹KŒŒŒLÌÍNLÎÌËÍŒŒLMMŽKÌ‹ÌLÌŒÌÌÍKŽNMNLÍMŽÌŒKÎKMMŒÍŒÎLLML‹M‹ŽMÎMŒÍÌÍÎLŒŒÍÍMNNNKŽNMÎNMLMÌËLŽLMÎMÍMÍLÍÌÍMŒÌLÌŽMMLÌÍ‹ŽNMÎNMLMÌËLŽLMÎMÍMÍLÍÌÍMŒÌLÌŽMMLÌÍ‹MŒËŒNKŒNKÌÌŒMLŽKLÌM‹MÌ‹MÌ‹˜[ÙKKKKVT’SQS•SÔÒQÕË˜[ÙKLŽL‹ÍÍŽLÍŒØÌÌÍYMM™ŒLMŒÍØ™YL™YÍMN™˜ŒÎY˜Y˜Ž˜˜BŽŽØXŽLXŒLŽXXÍÍNYXÙY˜ŒÍÍLÍŒL™ŽŒXØÌYXÙXÍÍØÍLŽKÍLÓWÐÌKÍLÓWÐÌKŒÎXŒÙYXÎØÌÌMÎLÍØÌ˜Ì™ŒÙLŒM˜YX˜ÌŒÎXŒLÎYY™ÍYXX‹‹ŽMŽNLNMŽŽLŒKÍŒNÎLŽMMKÌËŒLÌMŽLÌÍÍËŽNMMÍÎLNÍËŒÍŒÌŒMMNLLKMËŽMÎNLNMÌÎŒŒÌNÌMŽLŽNÍÍMÌLÌLKLMŒŽMMÌL‹ŽMŒÎMÍŒÌLËŽNÍÍMÌLÌLKLMŒŽMMÌL‹ŽMŒÎMÍŒÌLËNLËŒ‹Œ‹ÌŒLËLKLKNMMÍMÍ˜[ÙKKKKVT’SQS•SÔÒQÕË˜[ÙKLŽLËØYŒXÌL˜ÙMÌL˜XX™ØLÙYLÙYNLÍNXØMLX˜LLŽM™ŒXÙÌÍX™LBŽŽØXŽLXŒLŽXXÍÍNYXÙY˜ŒÍÍLÍŒL™ŽŒXØÌYXÙXÍÍØÍLŽLÍLÓWÐÌLÍLÓWÐÌLŒÎXŒÙYXÎØÌÌMÎLÍØÌ˜Ì™ŒÙLŒM˜YX˜ÌŒÎXŒLÎYY™ÍYXX‹ÍLÌÌMÎMLÎÍŒMŒÍMŒŒŒLKÌËŒÍMŒLÌMÌÌLÎŽNMMNŽLLÍÌ‹KŒŒŒŒMŒŒMLMËNŽMMŽÌLÍLŒNŒŒŒLLMÌLKŽLLŽÍÍÍMLÍÌÌŽÍŽNŒNMM‹ŽÌÍLLMÍLŒKŽLLŽÍÍÍMLÍÌÌŽÍŽNŒNMM‹ŽÌÍLLMÍLŒKNNLËŒÌËŒÌ‹ÌÌŒKLŒLŒL‹MÍKMÍ‹˜[ÙKKKKVT’SQS•SÔÒQÕË˜[ÙKLŽLLLLÍÌXŒŽNÌÍ˜ÍØ˜ŽYMŒXÌŽYMŒØØ™LÌXÌØMÍÙ™™MÙ™‚ŽŽØXŽLXŒLŽXXÍÍNYXÙY˜ŒÍÍLÍŒL™ŽŒXØÌYXÙXÍÍØÍLŽLKÍLÓWÐÌMKÍLÓWÐÌMKŒÎXŒÙYXÎØÌÌMÎLÍØÌ˜Ì™ŒÙLŒM˜YX˜ÌŒÎXŒLÎYY™ÍYXX‹LNÌŒÌMMNMÎÍŒLŽNLLŒÍÌËÍŒŒŽLLŒŽKŽNMLÌÎMMÍNMËMŒNLLŽMÎMÌŒÍÎNKMŒÎŒŒŒLÌÍËŒŽŽÌMMÌ‹ŽLÎLNLŽMŒMNMËÍÌLÍNŽMŒÍMÌLNÎLKŽLÎLNLŽMŒMNMËÍÌLÍNŽMŒÍMÌLNÎLKŒMMLŒÎKŒÎKŽLÌŒKLMLMMMËMÍËMÎ˜[ÙKKKKVT’SQS•SÔÒQÕË˜[ÙKLŽLKŒŒÎM™˜NNMØNL˜LNYMM˜LÙÍØ˜ÙMXÌŒÌÎLŒM˜XØ™Y™™ŽŽØXŽLXŒLŽXXÍÍNYXÙY˜ŒÍÍLÍŒL™ŽŒXØÌYXÙXÍÍØÍLŽL‹ÍLÓWÐÌŒÍLÓWÐÌŒŒÎXŒÙYXÎØÌÌMÎLÍØÌ˜Ì™ŒÙLŒM˜YX˜ÌŒÎXŒLÎYY™ÍYXX‹L‹MÌŒÌMÌLNMŒŒKÍŒÎMÍLŒÍŽNLÍŽKÍŽŽLÌÍMÍNMŽNLÎŒLÍÌÍLNKNKŒLMÌÌÌÌŒLLŒËLLNLNLMMŒÍÍËŒŽLÎLÌLŽMLÍŽÍMŒMÌMËÌŽÍÌÍŒËÌLMŒLÍNMŒËŽMLÍŽÍMŒMÌMËÌŽÍÌÍŒËÌLMŒLÍNMŒËŒÌK‹‹ÍÎL‹LLNMLKMÎKMÎ˜[ÙKKKKVT’SQS•SÔÒQÕË˜[ÙKLŽLLŒØY™LØÍÎLLÍXŒÌŒXÎÍ™Œ˜ÎŽL™M™MŽLMÍXÎLÙYBŽŽØXŽLXŒLŽXXÍÍNYXÙY˜ŒÍÍLÍŒL™ŽŒXØÌYXÙXÍÍØÍLŽLËÍLÓWÐÌKÍLÓWÐÌKŒÎXŒÙYXÎØÌÌMÎLÍØÌ˜Ì™ŒÙLŒM˜YX˜ÌŒÎXŒLÎYY™ÍYXX‹MŒÎÎLÎŒMŽËÍŒLMŒÌNMÎMKÍKÍÌLŽLÍ‹ŽNMLŒÌNŒÌÌŒKŒLÍÌLŽ‹LLKŒŽLÍÌŒNÎNLÌ‹ŒŽLÍÎNÌÌÍŽMŒKŽNLLŽLLÌÍÌÍÎŒÎNMMLŒLÍKÌÍÎMŒÎNMŒŒÌ‹ŽNLLŽLLÌÍÌÍÎŒÎNMMLŒLÍKÌÍÎMŒÎNMŒŒÌ‹MLËLËŒLLËL‹L‹NKN˜[ÙKKKKVT’SQS•SÔÒQÕË˜[ÙKLŽLLKMŒ™MMMÙ™NLÍÌÍLØLNYXÍLÎÌÍŽŒXŽLLŒLYÍÌMÍYM‚ŽŽØXŽLXŒLŽXXÍÍNYXÙY˜ŒÍÍLÍŒL™ŽŒXØÌYXÙXÍÍØÍLÎLÍLÓÌÐÌKÍLÓÌÐÌKŒÎXŒÙYXÎØÌÌMÎLÍØÌ˜Ì™ŒÙLŒM˜YX˜ÌŒÎXŒLÎYY™ÍYXX‹ŽNLNLŽŽL‹ÍNMŒMŒÌÎMŽMKÍŒNLŒÌMŒÌŒÍËÌŒÎÎLŒLŽLLŽŽLÍMÍÌŒŒÌŒÌŽKLŽÍŒLLÌŒLMMKŒLŽMMÌÌŽ‹ÌŒÌÌNKNLMŽLLÌMŒÌÎMÍÍÍŽŒÌMŽMLKÌŒÌÌNKNLMŽLLÌMŒÌÎMÍÍÍŽŒÌMŽMLKŒMŽKNNKÌŒMŽMŽKNMÌËMÍ˜[ÙKKKKVT’SQS•SÔÒQÕË˜[ÙKLŽLL‹Œ™MYXNÙÌL˜MNXÙXÙ™ŽÌŽXÍXÍÎL™™NŽL™LYXLBŽŽØXŽLXŒLŽXXÍÍNYXÙY˜ŒÍÍLÍŒL™ŽŒXØÌYXÙXÍÍØÍLÎLKÍLÓÌÐÌLÍLÓÌÐÌLŒÎXŒÙYXÎØÌÌMÎLÍØÌ˜Ì™ŒÙLŒM˜YX˜ÌŒÎXŒLÎYY™ÍYXX‹‹LÎLŽŒÌLÍŒÎL‹ÍLŒÍMÌMÌÍMÍÎLMÌÍÍMŒËŽKŽNNNLÌÍŒŽLŒËKŽNNNNŒŒMÎËLKÌÍMMLÌLÍŽNKŒLŒLŽNŒMŽKÌÍÌMLÌŒÍMÎNËÌMLÌŒŒLLÍËŽÍMÌŽNLËÌÍÌMLÌŒÍMÎNËÌMLÌŒŒLLÍËŽÍMÌŽNLËŽNKNNL‹MKMKÍKMÍKMÍK˜[ÙKKKKVT’SQS•SÔÒQÕË˜[ÙKLŽLLËÌYXNY™NMÎŒMØÌNMXŽMNŒMNMÙŒŽYYNÙL˜™˜ŽXMÂŽŽØXŽLXŒLŽXXÍÍNYXÙY˜ŒÍÍLÍŒL™ŽŒXØÌYXÙXÍÍØÍLÎL‹ÍLÓÌÐÌMKÍLÓÌÐÌMKŒÎXŒÙYXÎØÌÌMÎLÍØÌ˜Ì™ŒÙLŒM˜YX˜ÌŒÎXŒLÎYY™ÍYXX‹ŒMNMŒÌÌÌMNL‹ÍMÌŽÌMMLMÍËÍKŽLŽNŒLŒËÌŒŒNNNÍÌMM‹MÎMŒÌÍNMÍLM‹L‹ŒÎLMMMŒÎLŽŒLÍMMÎLŒÍLÌÎNŽNKÍŽMŒŒÌÌMŽLMÌ‹ŒÍLMLLŒÌLÍMMËŽLMÍNÌL‹ÍŽMŒŒÌÌMŽLMÌ‹ŒÍLMLLŒÌLÍMMËŽLMÍNÌL‹LÍŽNM‹NMËMMÎKMŒ‹MŒ‹LÌÍKMÍ‹MÍË˜[ÙKKKKVT’SQS•SÔÒQÕË˜[ÙKLŽLMMXÍM™LÙXŒÎNŒØLÙYØÌMÎ™L˜ØLØŽ™™XÎLL™Ù‚ŽŽØXŽLXŒLŽXXÍÍNYXÙY˜ŒÍÍLÍŒL™ŽŒXØÌYXÙXÍÍØÍLÎLËÍLÓÌÐÌŒÍLÓÌÐÌŒŒÎXŒÙYXÎØÌÌMÎLÍØÌ˜Ì™ŒÙLŒM˜YX˜ÌŒÎXŒLÎYY™ÍYXX‹KŽÎMÌŽMLNKÍÍNÍÌÍÎMŒÍ‹ŒLÍÎNLÍLÌŒŽKŽNNÌMNNMŒÍËNKÌMMMÍÎNLÌL‹LËÌŒÌLÌMÌÎMŒLËŒMÎLMLŒNÌŒŒNKÎNLŽMLÍÎLÍKŒŒLŽŒLNMLL‹ŽNÍLÌÍŒNLŒNMËÎNLŽMLÍÎLÍKŒŒLŽŒLNMLL‹ŽNÍLÌÍŒNLŒNMËLŒÎ‹ŒŒKŽNKMNMNMÎLËMÎMÎ˜[ÙKKKKVT’SQS•SÔÒQÕË˜[ÙKLŽLMKÙLÌ˜LÌ˜ÍYŽLXXXŽLLMÍLY˜ÌÎ™˜Ì™Y˜ÙY˜YYŒÎMÙLÌ™™BŽŽØXŽLXŒLŽXXÍÍNYXÙY˜ŒÍÍLÍŒL™ŽŒXØÌYXÙXÍÍØÍLÎMÍLÓÌÐÌKÍLÓÌÐÌKŒÎXŒÙYXÎØÌÌMÎLÍØÌ˜Ì™ŒÙLŒM˜YX˜ÌŒÎXŒLÎYY™ÍYXX‹ËŒÍŒLLLŒŒÎÎÍŒÍŽLMLÎKÍ‹ŒÍŒNÍNLÌÌMŽKŽNMÍŒMMLÌKŒÎLLÎLÍÎKMŒÍÌÍÌŒMMÌÌŽÎKŒNLŒLÌÍÍNNLLÍMKŽŽLŽMMNLÌLÍŒŽÍÌŽÌMNÎMÍÌMÍNŒMÌLŽMLŒKŽŽLŽMMNLÌLÍŒŽÍÌŽÌMNÎMÍÌMÍNŒMÌLŽMLŒKMÍËŒLKŒL‹ÎMÍÌ‹MMKMMKŒL‹NN˜[ÙKKKKVT’SQS•SÔÒQÕË˜[ÙKLŽLM‹NLÎLŒŒXÎMÍYYNÙ™ŽÌYŽ˜XM˜™Œ™ŽM˜ÌØNNXNÎ˜YXYXLÙNBŽŽØXŽLXŒLŽXXÍÍNYXÙY˜ŒÍÍLÍŒL™ŽŒXØÌYXÙXÍÍØÍLÎMKÍLÓÌÐÌÌÍLÓÌÐÌÌŒÎXŒÙYXÎØÌÌMÎLÍØÌ˜Ì™ŒÙLŒM˜YX˜ÌŒÎXŒLÎYY™ÍYXX‹KÎÎŽMËÍLÍŒÍŽKÍËŒÌLŽNÍLÌKŽKŽNMÎMŒLÎNLËŽKMŒÌLNNLLLÍMMKŒŒLLÍMÍŽÍNŒNLMÌMMŒŒÍ‹ŽNŒÎMLÍLMMKNLNLÌNNNÍÍÍÌLÍLŒŒÎMNŒKŽNŒÎMLÍLMMKNLNLÌNNNÍÍÍÌLÍLŒŒÎMNŒKMŒÌ‹ŒNKŒŒÎÎL‹MLKMLKÌLN‹N‹˜[ÙKKKKVT’SQS•SÔÒQÕË˜[ÙKLŽLMËÍXÙLÍYLXÎŒ˜ÎÙYN˜MŽL˜ŒX˜™XŽLÍ™MXŽM˜NØÍXŽÎYNMBŽŽØXŽLXŒLŽXXÍÍNYXÙY˜ŒÍÍLÍŒL™ŽŒXØÌYXÙXÍÍØÍLÎM‹ÍLÓÌÐÌÍKÍLÓÌÐÌÍKŒÎXŒÙYXÎØÌÌMÎLÍØÌ˜Ì™ŒÙLŒM˜YX˜ÌŒÎXŒLÎYY™ÍYXX‹LKŒŽŒLŒLMMMLLŽMÍLŽŒMŒLLŽMMKÍËŽLÍŒŽŽLLKŽKŽNMÌMMŒŒMÍËÍLÍÎÎÍŒÌML‹M‹ŒÎNLÌMŒÌLÍŽŒŒÍÌÌÎMLŽLKŽÍLÌMMŽMÍŒMŒLMÌËÌNMÍMÍLÍMÌŒÍLËŽÍLÌMMŽMÍŒMŒLMÌËÌNMÍMÍLÍMÌŒÍLËNMŒKŒ‹Œ‹ÍÍÍLËMËMÌMŽKNN˜[ÙKKKKVT’SQS•SÔÒQÕË˜[ÙKLŽLNŒYYÌÌØY˜MÙ˜ÌÌŽX˜Ø™ØÌŒÙŽNYNYMÍÍYLÎXÌMÎ‚ŽŽØXŽLXŒLŽXXÍÍNYXÙY˜ŒÍÍLÍŒL™ŽŒXØÌYXÙXÍÍØÍLÎMËÍLÓÌÐÌÍLÓÌÐÌŒÎXŒÙYXÎØÌÌMÎLÍØÌ˜Ì™ŒÙLŒM˜YX˜ÌŒÎXŒLÎYY™ÍYXX‹LËŒMÍŽMMMÌŒÎLÍÌÌÍMÎLÎNMŽÎMLÍÌLÌÌŒŽKŽNMMÌŒŒÍÌNL‹ÎKMMÍNŒÌÎKM‹ŽMÌLÍLMŒNÌŒŒÎÍMNLÌLŒÍÌ‹ŽLMMÎLMÎŒÍŽËMNLŒLŒŒŒÍŒLŽÌÍLÍŒÍMÌŒÍÍKŽLMMÎLMÎŒÍŽËMNLŒLŒŒŒÍŒLŽÌÍLÍŒÍMÌŒÍÍKŒM‹ŒÍŒÌËÍMËMËÍŒËNKN‹˜[ÙKKKKVT’SQS•SÔÒQÕË˜[ÙKLŽLNK˜˜ŒÍMÌM˜Y˜ŒXÎM™MÍLMMLÍÍÙŒÎMMLLMÍŽLÍLŒM™XLXÍMÍØÌMM˜ÂŽŽØXŽLXŒLŽXXÍÍNYXÙY˜ŒÍÍLÍŒL™ŽŒXØÌYXÙXÍÍØÍLÎNÍLÓÌÐÌKÍLÓÌÐÌKŒÎXŒÙYXÎØÌÌMÎLÍØÌ˜Ì™ŒÙLŒM˜YX˜ÌŒÎXŒLÎYY™ÍYXX‹MKŒLMŽNMÌLLŒËÍÎLÌÍMMLÌKÎKŒNLMŒŒÍNLLŒÌËŽKŽNMŒŒÍLËŒÍÎNÌÍLÌÌLŒKMËŽMÍMÍÌÌLÌ‹ŒÍMŽLÍLÍMŒ‹ŽMÍŽMMŒŒÌKMLÌLÍŒÍŽÍKÌÌÍÍLÍLÎLMÌÎNMKŽMÍŽMMŒŒÌKMLÌLÍŒÍŽÍKÌÌÍÍLÍLÎLMÌÎNMKŒNËKKÍMÌ‹LÎLÎK‹NËN˜[ÙKKKKVT’SQS•SÔÒQÕË˜[ÙKLŽLŒÎLMÙÙ˜ŒLXÙŽYLLÙLÍÙ™ÙØLÙYLMLÙŽ˜MMMÍ™ÍLM™BŽŽØXŽLXŒLŽXXÍÍNYXÙY˜ŒÍÍLÍŒL™ŽŒXØÌYXÙXÍÍØÍLÎNKÍLÓÌÐÌLÍLÓÌÐÌLŒÎXŒÙYXÎØÌÌMÎLÍØÌ˜Ì™ŒÙLŒM˜YX˜ÌŒÎXŒLÎYY™ÍYXX‹MËŒLMÎMMLËÍŒÍŒÎMŒÌNÎKŽÌLÍÍŽMŒMÌŒKŽKŽNMLŒMÌŒÎLMÌÍKKŒÎMÍNMÍNKNŽNLÍÎMLŒŒËŒÎNÍLLLŒŒŒÎLKŽMÌLMÍÎLŒÍKLŒŒÍŽNMŽMLÌKÍÍÍMŒML‹ŽMÌLMÍÎLŒÍKLŒŒÍŽNMŽMLÌKÍÍÍMŒML‹ŒÍÍŒL‹LÌËLÍMNKNL˜[ÙKKKKVT’SQS•SÔÒQÕË˜[ÙKLŽLŒKÎ˜ØYŒÍÌNM™ŽX™˜ÙMM™XÌM™YXÙLLÍŽXÍÍLY˜™XØÙYYLNYXÙŽŽØXŽLXŒLŽXXÍÍNYXÙY˜ŒÍÍLÍŒL™ŽŒXØÌYXÙXÍÍØÍLŽÍLÓÌÐÌMKÍLÓÌÐÌMKŒÎXŒÙYXÎØÌÌMÎLÍØÌ˜Ì™ŒÙLŒM˜YX˜ÌŒÎXŒLÎYY™ÍYXX‹NKŒLÍŽÎŒŽNÎKÍÌLNŒÍÎNMMËLLÎLMÍMÌLŒMŽKŽNMMMLLÍÍLÍËMŒNLÎMÍŽÌŽMÌKNKMLMÍÍNMLÍLŒËŒŽÍMNÌÌÌÌËŽNNÌÌÍŽLÍËLMLLNLÌÍËÍÍÍNMŒMNMMŽNNÌÌÍŽLÍËLMLLNLÌÍËÍÍÍNMŒMNMMMŒKMKMKÌŽŒLŽLŽKLNLKNL‹˜[ÙKKKKVT’SQS•SÔÒQÕË˜[ÙKLŽLŒ‹NYXMŒMÎMLLŽ˜MLÌMÍŒÙ˜ÍMLŽLMŽXÎ™™LXYÍ˜™™˜ÙŒŒ‚ŽŽØXŽLXŒLŽXXÍÍNYXÙY˜ŒÍÍLÍŒL™ŽŒXØÌYXÙXÍÍØÍLÎKÍLÓÍWÐÌKÍLÓÍWÐÌKŒÎXŒÙYXÎØÌÌMÎLÍØÌ˜Ì™ŒÙLŒM˜YX˜ÌŒÎXŒLÎYY™ÍYXX‹ŒÌLNÍŒÍŽLÌŒKŒŽÍÌŒMÌŽKÍŒÌMNMMNLKÍKŒLNMMŽÎNNLËŽLÌMŽLÌMŒÌËLŽŒLÌÌÌÎNMMËŒLLŽMMŒLKÍNLÌŒMMÍÌNŒMŽ‹ÌLŒÎŒLÌÌMŒÍLLMÍLÍKÍNLÌŒMMÍÌNŒMŽ‹ÌLŒÎŒLÌÌMŒÍLLMÍLÍKMŽNLËNLËÍËN‹NKÎLN‹N‹˜[ÙKKKKVT’SQS•SÔÒQÕË˜[ÙKLŽLŒËXLÎÍLÌNÌÍLŒÙÙÌ™ŒL˜ÌŒXLÌŒMMM™XÌLÙLLY™MLMŒŒYYMŽŽØXŽLXŒLŽXXÍÍNYXÙY˜ŒÍÍLÍŒL™ŽŒXØÌYXÙXÍÍØÍLÎ‹ÍLÓÍWÐÌLÍLÓÍWÐÌLŒÎXŒÙYXÎØÌÌMÎLÍØÌ˜Ì™ŒÙLŒM˜YX˜ÌŒÎXŒLÎYY™ÍYXX‹LŒLÌÍLŒŒLMMŒËŒÍÎMŒNÍÌKKŒMŽŒŒMŒ‹ÍŽNNNLNLÌÍÍÌ‹KŽŒŒLLNÎÍNMËLKÌÌÌÍÍŽLÍŒML‹ŒLLŒŒÌÌÌÎNKÎLLNLÌÍNŒLLŒNMËÌNÌLŒÎÎLKÌÎÌLNÎŒÌŒÍÍÎÎLLNLÌÍNŒLLŒNMËÌNÌLŒÎÎLKÌÎÌLNÎŒÌŒÍÍÎLNLKŒ‹Œ‹NÍ‹MÎKMÎÍŽKNNK˜[ÙKKKKVT’SQS•SÔÒQÕË˜[ÙKLŽLÙŽØYY˜YÍXÌL˜™LÎMLY˜ÌMØXŒÍÌNYNLYX˜ŒXMM™˜YØÌY˜ØNÍBŽŽØXŽLXŒLŽXXÍÍNYXÙY˜ŒÍÍLÍŒL™ŽŒXØÌYXÙXÍÍØÍLÎËÍLÓÍWÐÌMKÍLÓÍWÐÌMKŒÎXŒÙYXÎØÌÌMÎLÍØÌ˜Ì™ŒÙLŒM˜YX˜ÌŒÎXŒLÎYY™ÍYXX‹LKŽNMMMMŒL‹ŒÍÍMÎMŒÌÌÌMÍÍËKŽNMŒŒLÎMŒŒLÌ‹ÍŽNNMÌÌMÎLËMÎLLÍÍLLÎNLLËL‹ŒMŒŽLŽŽLŒNŽLËŒLÍLŒÍŒMNŒLMKŽŒÌÌMÌÌÌNLÍLÎËŽÌŒLMÎMÍÍLMNLMÍÎŽMÍŽŒÌÌMÌÌÌNLÍLÎËŽÌŒLMÎMÍÍLMNLMÍÎŽMÍLÎMM‹ŒLŒLLÍ‹MÍKMÍKÍNLNLK˜[ÙKKKKVT’SQS•SÔÒQÕË˜[ÙKLŽLKYMLXLLÎMLNYMŽŽYÍXYXÌXŽM˜YŒX˜MÍYXMÎÂŽŽØXŽLXŒLŽXXÍÍNYXÙY˜ŒÍÍLÍŒL™ŽŒXØÌYXÙXÍÍØÍLÎÍLÓÍWÐÌŒÍLÓÍWÐÌŒŒÎXŒÙYXÎØÌÌMÎLÍØÌ˜Ì™ŒÙLŒM˜YX˜ÌŒÎXŒLÎYY™ÍYXX‹LËŽLÌÎLLLÌMM‹ŒÍLMMLMMLMŒŽM‹‹LMÎNŽMLŽNÍŽNNLÎÎÍŒÌMMM‹NKÌLŽLÌÍŽLÌÍLËÌNÌÎMÌÌŒLËŒMÍŒLNLLKŽMŒÌMLÎLMLŒÍKÌÍÌÍÌMLÌŽÍLŒŒŒLÎNMÌÎKŽMŒÌMLÎLMLŒÍKÌÍÌÍÌMLÌŽÍLŒŒŒLÎNMÌÎKMŒŒNŒNMLËMÌ‹MÌKLŽNKNL‹NL˜[ÙKKKKVT’SQS•SÔÒQÕË˜[ÙKLŽL‹LÌYŒYÍÍMØŒŒMÍÙXÌ˜ØNMÍYYMYMŒÍŒYM™ŒLXLNXŒÎYMŒYNLÙMŽŽØXŽLXŒLŽXXÍÍNYXÙY˜ŒÍÍLÍŒL™ŽŒXØÌYXÙXÍÍØÍLÎKÍLÓÍWÐÌKÍLÓÍWÐÌKŒÎXŒÙYXÎØÌÌMÎLÍØÌ˜Ì™ŒÙLŒM˜YX˜ÌŒÎXŒLÎYY™ÍYXX‹MKŽŒLMÍMÍÌÍÌ‹ŒÍNMNMMMNMMÌKËŒŒÍMÌNLLÍKÍŽNNLMLŽLÍÎKŒÎÌŒŒLÌÎLLÎKMŒÍŒŽMÌMÍÍLKŒNNMLMŽMÍLLÍŽLÎÍŒNMKNMNLMŒÌÍÍM‹ÍNLÍÎÍŒÍÌÌÍKŽLÎÍŒNMKNMNLMŒÌÍÍM‹ÍNLÍÎÍŒÍÌÌÍKNMKŒ‹Œ‹ÌŒ‹MŽMŽMÍKNMNLË˜[ÙKKKKVT’SQS•SÔÒQÕË˜[ÙKLŽLËÌÌMÎXØŒX˜Ù˜Ž˜Í™˜XÌØMÌÌXLÙŒNYŒÙNÙŽMYÌÎBŽŽØXŽLXŒLŽXXÍÍNYXÙY˜ŒÍÍLÍŒL™ŽŒXØÌYXÙXÍÍØÍLÎ‹ÍLÓÍWÐÌÌÍLÓÍWÐÌÌŒÎXŒÙYXÎØÌÌMÎLÍØÌ˜Ì™ŒÙLŒM˜YX˜ÌŒÎXŒLÎYY™ÍYXX‹MËŽLÌLLLMMËŒÍNMÌÌÍÍŒÌMKËŽLLÎMÎMLM‹ÍŽNNÍÎMŒMMŽKMŒÎÎÌMKŒŒÎÍÌLÌÎLLKŒŒŒÌÌMÌNNMMM‹ŽLMLŒÍÌŽLŒÍMLŒ‹ŽLŒËÍMÍLŒÎ‹ŽLMLŒÍÌŽLŒÍMLŒ‹ŽLŒËÍMÍLŒÎ‹NNNŒÌËŒÍŒMMLŒÌNMKNMK˜[ÙKKKKVT’SQS•SÔÒQÕË˜[ÙKLŽLŽXÌØXMÌ™ÍØÍYÌÌNYLŒMM™ŒÍØØŒÎYYLLÍXÎLLÎL˜ÍXML˜ŒMÙ™ŒÂŽŽØXŽLXŒLŽXXÍÍNYXÙY˜ŒÍÍLÍŒL™ŽŒXØÌYXÙXÍÍØÍLÎËÍLÓÍWÐÌÍKÍLÓÍWÐÌÍKŒÎXŒÙYXÎØÌÌMÎLÍØÌ˜Ì™ŒÙLŒM˜YX˜ÌŒÎXŒLÎYY™ÍYXX‹NKŽLLNNMŒŒLËŒÌŒÎNNŒŒÎÎNL‹ŒLMŒNŒÍŽNMMMŽLMŽLKÍLŒŽMMŽM‹ŒÍŒŒÎMLMMÌMNLŒ‹ŒMÍMŽLŒÌNKŽMŽMÍLLÍÌKŒŽLLÍNÌÌKÍÌÍMÌÌÌMŽ‹ŽMŽMÍLLÍÌKŒŽLLÍNÌÌKÍÌÍMÌÌÌMŽ‹ŒNLËKŒÎKLŒM‹MŒMŒLŽMNMËNM‹˜[ÙKKKKVT’SQS•SÔÒQÕË˜[ÙKLŽLŽKÎYLŒXÙN™ÍØMŽ˜LNXØM™M™L˜ÙŒXÍY˜YŒÌŒØŒÎLYL™YÌÍ™ŽÍÌÌBŽŽØXŽLXŒLŽXXÍÍNYXÙY˜ŒÍÍLÍŒL™ŽŒXØÌYXÙXÍÍØÍLÎÍLÓÍWÐÌÍLÓÍWÐÌŒÎXŒÙYXÎØÌÌMÎLÍØÌ˜Ì™ŒÙLŒM˜YX˜ÌŒÎXŒLÎYY™ÍYXX‹Œ‹ŒMLMMŒŽMLËŒÌLÌMÌMÎMLÎMÎKKŒÌŒÍÍŒLÍŒŒLŽÍŽNMMÌÍLMLŒŒMÎKMMMMÍLÌŽËM‹ŽMŒÌÎNÍÍLŒML‹ŒÎMÍÍŒLKŽMÌÍMLŽLLŒÎ‹ŒLŒMÍLÍNLÌLLÍKÎŒÍÍŽLNMÍÍLÍKŽMÌÍMLŽLLŒÎ‹ŒLŒMÍLÍNLÌLLÍKÎŒÍÍŽLNMÍÍLÍKŒÎ‹ËLMM‹MM‹LLMNKNNKNNK˜[ÙKKKKVT’SQS•SÔÒQÕË˜[ÙKLŽLÌÍ˜ŒLÌLŒYØŽM™™LÙL˜™ŒÎLLYØMM˜LŒNXYX˜ÌÎLŒÎÙŽBŽŽØXŽLXŒLŽXXÍÍNYXÙY˜ŒÍÍLÍŒL™ŽŒXØÌYXÙXÍÍØÍLÎKÍLÓÍWÐÌKÍLÓÍWÐÌKŒÎXŒÙYXÎØÌÌMÎLÍØÌ˜Ì™ŒÙLŒM˜YX˜ÌŒÎXŒLÎYY™ÍYXX‹ŒMMÍŽMMŒÌŒMNÍLNMË‹ŒÎLÌÍŽLŽMÎMÍŒKÍŽNMŒLÍMNNLŒŒÍLKŒÍLÍMMMÌKMËŽLMMŒMÍŒÌ‹ŒNLÌLNNKŒŒÍŽLLMÍŽMNMŒŽLŒÌÍMŽMÍŒ‹ÎÍÍLÎMMŽL‹KNMŒŽLŒÌÍMŽMÍŒ‹ÎÍÍLÎMMŽL‹MLÍKMKMKÎMËML‹MLKLMŒKŒKŒKYKKKKVT’SQS•SÔÒQÕË˜[ÙKLŽLÌKM˜Î™LLXNL™LMÌMÙ™XXŒMLŽMLX˜LÍM˜˜ØÌÌÎYYMÙXÙŒØMÎ˜BŽŽØXŽLXŒLŽXXÍÍNYXÙY˜ŒÍÍLÍŒL™ŽŒXØÌYXÙXÍÍØÍLÍÍKÍLÓÐÌKÍLÓÐÌKŒÎXŒÙYXÎØÌÌMÎLÍØÌ˜Ì™ŒÙLŒM˜YX˜ÌŒÎXŒLÎYY™ÍYXX‹M‹ŒLMÌLŒÎŒNL‹M‹ŽÌÍÎNMŒÍLLÌÎËÌÌLMNKŒLMÎMÍŒLŒŽLÍÎMŽLM‹LŽŒMMMMÍÍËŒLŽŽLÌÌLÎNKŽLMÍÎÍÌŒLŒÎKÍNMMŒÍNLÎLMMMÍÌÌŒLÌÌMKŽLMÍÎÍÌŒLŒÎKÍNMMŒÍNLÎLMMMÍÌÌŒLÌÌMKLÌËŒËŒËLNMËNMKNMKLMÎKŒŒ˜[ÙKKKKVT’SQS•SÔÒQÕË˜[ÙKLŽLÌ‹MÌŒ˜ÍÍMNXYXYŒNLÍŒØNÌÍÍÌXÎNŒLMYLŒNXØMŒÍMÎYŽL‚ŽŽØXŽLXŒLŽXXÍÍNYXÙY˜ŒÍÍLÍŒL™ŽŒXØÌYXÙXÍÍØÍLÍÍ‹ÍLÓÐÌLÍLÓÐÌLŒÎXŒÙYXÎØÌÌMÎLÍØÌ˜Ì™ŒÙLŒM˜YX˜ÌŒÎXŒLÎYY™ÍYXX‹NŒÌLMŒŒÍNËM‹ŽNLÍMÌMMŽMÍŒŒNLÌLÍÌMÍKŒÍLŒŽLNŽNKKŽNLŒŽLMÌLKÌÌÍÍŽNMÍLÌKŒLMÍMLLŒNKŽŒŒÍMMÎŒÍËÍLÍŒŒŽÍMÌŒKÎLŒLŒÎLÌÌÎMÌÍŽŒŒÍMMÎŒÍËÍLÍŒŒŽÍMÌŒKÎLŒLŒÎLÌÌÎMÌÍMMËŒM‹ŒM‹LÎKNL‹NL‹LNLL‹Œ‹ŒË˜[ÙKKKKVT’SQS•SÔÒQÕË˜[ÙKLŽLÌËYÙNŒÌXMØŒXXNXLX˜™ŽØYXYMLLŒXÍLÍYŒÍŽMÎMØYŽ™ÌÍX‚ŽŽØXŽLXŒLŽXXÍÍNYXÙY˜ŒÍÍLÍŒL™ŽŒXØÌYXÙXÍÍØÍLÍÍËÍLÓÐÌMKÍLÓÐÌMKŒÎXŒÙYXÎØÌÌMÎLÍØÌ˜Ì™ŒÙLŒM˜YX˜ÌŒÎXŒLÎYY™ÍYXX‹ŒŽNÍÍÎLMMNNM‹ŽLÌMÍNLËŽMŽÍLŒÌŒŽNKÎKŽNNLÍMÌNÎML‹MÎLÌLÍÍMËL‹NMÌŽLÌNÌÎÌŒ‹ŒMMÍÌMŽNKŽÎÍLMÌÎMÌ‹ÍÌMMŽLNŒKÎNLÌÍLNLNMÎÍKŽÎÍLMÌÎMÌ‹ÍÌMMŽLNŒKÎNLÌÍLNLNMÎÍKMÍNŒŒMËNKNKLŒÎŒŒK˜[ÙKKKKVT’SQS•SÔÒQÕË˜[ÙKLŽLÍÎXØØÌ™LØØŒXLNLÍÌŒÌ™˜˜ÙÍXŽL˜LYŽMXŽMÍÎXÍMLMÍYBŽŽØXŽLXŒLŽXXÍÍNYXÙY˜ŒÍÍLÍŒL™ŽŒXØÌYXÙXÍÍØÍLÍÎÍLÓÐÌŒÍLÓÐÌŒŒÎXŒÙYXÎØÌÌMÎLÍØÌ˜Ì™ŒÙLŒM˜YX˜ÌŒÎXŒLÎYY™ÍYXX‹Œ‹ŽMLŒLMMËM‹ÎLÌÎŒMNKÌÌMNLÎMMKÎKŽNNÎŽMNLÎLKNKÌLÍÍMÍLKLËŽMÍLÎMMŽŒMÍŽNMMÍLLKŽLLŒÌÎMLLÌMÎKÌÌNLNNNŒKŽÍŽMŽLÍŒŽMLKŽLLŒÌÎMLLÌMÎKÌÌNLNNNŒKŽÍŽMŽLÍŒŽMLKNMÎŒÌ‹ŒÌËÍMËNKNKLŽL‹Œ‹Œ˜[ÙKKKKVT’SQS•SÔÒQÕË˜[ÙKLŽLÍK˜˜LÌÙLŒŒØŽMÌÌÌYNMNXY™ŒLÌÙLLLXŽ™XMÍÌ˜NŽLØ˜˜ÌÌMMŽBŽŽØXŽLXŒLŽXXÍÍNYXÙY˜ŒÍÍLÍŒL™ŽŒXØÌYXÙXÍÍØÍLÍÎKÍLÓÐÌKÍLÓÐÌKŒÎXŒÙYXÎØÌÌMÎLÍØÌ˜Ì™ŒÙLŒM˜YX˜ÌŒÎXŒLÎYY™ÍYXX‹ŽMÎMÍÌLŒLÍÌLÌ‹M‹ÎÍÍŒŽLÌMËLLMŒŒLM‹ÎKŽNNLMŽMLŒÎLNKŒÍÎLÍÍÌÌMÎNKMŒÌÍÌNMMNMLÌLKŒNŒMNŽMÎNKŽMNÍMNLLŽLÍŒ‹ÌLÌNNMŽÍÍŽÎ‹ŽLÍÎÌNLŽLMKŽMNÍMNLLŽLÍŒ‹ÌLÌNNMŽÍÍŽÎ‹ŽLÍÎÌNLŽLMKŒMÌŒKKÌŽN‹N‹LÌÌŒËŒË˜[ÙKKKKVT’SQS•SÔÒQÕË˜[ÙKLŽLÍ‹ŽNÍ˜ÌØØMY˜M™N˜ŒÙM™LMÍÍ™ÌŒMYXŒ˜˜LMXÌNŽ™˜MNNYMŽŽØXŽLXŒLŽXXÍÍNYXÙY˜ŒÍÍLÍŒL™ŽŒXØÌYXÙXÍÍØÍLÎÍLÓÐÌÌÍLÓÐÌÌŒÎXŒÙYXÎØÌÌMÎLÍØÌ˜Ì™ŒÙLŒM˜YX˜ÌŒÎXŒLÎYY™ÍYXX‹ËŒNMMŽNŽNMÌNKM‹ÎMÌÍÎL‹LKŒŽMÌŒÍÍÌÌËÎKŽNNÍMLÍÍ‹ŽKMÎMLÍMÍL‹MKŒŒÍŒÍÍŒÎNLËŒŒŽNMÍŽNMMÎNKŽMÌŒÍŽLŒÍM‹ŽNLÍŽLÌLLŒÍKŽŒNNMLMŽL‹ŽMÌŒÍŽLŒÍM‹ŽNLÍŽLÌLLŒÍKŽŒNNMLMŽL‹ŒÍÌMÍL‹MÎMÍËLÍÎNŒKŒK˜[ÙKKKKVT’SQS•SÔÒQÕË˜[ÙKLŽLÍË˜ÍYŒX™NM™MÌÍMMŽM˜ÙŒ™ÌMŽÙMÍ˜ÍÍXMØNMÌÌNL˜ÌXYMBŽŽØXŽLXŒLŽXXÍÍNYXÙY˜ŒÍÍLÍŒL™ŽŒXØÌYXÙXÍÍØÍLÍÌKÍLÓWÐÌKÍLÓWÐÌKŒÎXŒÙYXÎØÌÌMÎLÍØÌ˜Ì™ŒÙLŒM˜YX˜ÌŒÎXŒLÎYY™ÍYXX‹KŽNŽÌŽL‹ŒMÎLŽNMLÍL‹MKŒLŽLNMLNKKŒMLŒŒÌLÌNKŽLÌŒÌMMÎÍŒÍ‹LŽŒÍMŽŒÍÍÍLÍÍ‹ŒMŒLNÍÍMŽLŽÍLLŒÍŒÌÌLKŽŒÎLLNMMŽMMKŽÎMNMÌLÎLËŽÍLLŒÍŒÌÌLKŽŒÎLLNMMŽMMKŽÎMNMÌLÎLËMŽL‹ŒŒKŒŒKLÍÍŒKŒKMLŒ‹ŒMŒM˜[ÙKKKKVT’SQS•SÔÒQÕË˜[ÙKLŽLÎ˜Ø˜LLYMNX™™ŽLMMÎYMÎMNNLŽLLŽLYM™XÌMNYÌ˜ØÙŒ˜™˜Œ˜ÍŒÂŽŽØXŽLXŒLŽXXÍÍNYXÙY˜ŒÍÍLÍŒL™ŽŒXØÌYXÙXÍÍØÍLÍÌ‹ÍLÓWÐÌLÍLÓWÐÌLŒÎXŒÙYXÎØÌÌMÎLÍØÌ˜Ì™ŒÙLŒM˜YX˜ÌŒÎXŒLÎYY™ÍYXX‹ŽŒŽMÍMÍÌLLK‹ŒÍÍÍÌÍŽLKM‹ŒŒMMNNLŽKŒLÍÌÎŒÎLLÍËKŽŒÍMÍŽLNLL‹LKÌÌŒÌŒŒÍÌÌLKŒLÌŽLÎLLMÌÎŒKŽLMŒLLLÍÎŽÎLÌÌÌMMMÌLŒŽŽÍÍLNÍKŽLMŒLLLÍÎŽÎLÌÌÌMMMÌLŒŽŽÍÍLNÍKNLËŒÌŒÌLŽMŒ‹Œ‹MMNKŒM‹ŒMË˜[ÙKKKKVT’SQS•SÔÒQÕË˜[ÙKLŽLÎKÎLÙŒØMŒNÎXLLÎXXXÌŒ™XMŒ™˜YN™NL™ØNŒÎLYYXÎXÙLÌÌXÙ‚ŽŽØXŽLXŒLŽXXÍÍNYXÙY˜ŒÍÍLÍŒL™ŽŒXØÌYXÙXÍÍØÍLÍÌËÍLÓWÐÌMKÍLÓWÐÌMKŒÎXŒÙYXÎØÌÌMÎLÍØÌ˜Ì™ŒÙLŒM˜YX˜ÌŒÎXŒLÎYY™ÍYXX‹ÌŒÌŽMLÌMMË‹ŒŒÌNMÍŽËM‹ŽNÍMŒŒLŽNNMMLÎMÍÌËMÎÍÍÎÌÎMKL‹NNMMÍMÍÎMLMŒMLŒMNLNÍÍKŽLÍLÍŽNMLÍËÎMLÌŽLMNLŽÎŽMLÍMÌMMŽMÌËŽLÍLÍŽNMLÍËÎMLÌŽLMNLŽÎŽMLÍMÌMMŽMÌËŒLŒËŒÎŒÎKLŒM‹ŒËŒËMNMÍ‹ŒNŒNK˜[ÙKKKKVT’SQS•SÔÒQÕË˜[ÙKLŽMX˜™XMMYŒLMÎY™ŽMYLL˜ØÙYLÎÙN™MÍLŒŒYŒMLXŒYMŽŽØXŽLXŒLŽXXÍÍNYXÙY˜ŒÍÍLÍŒL™ŽŒXØÌYXÙXÍÍØÍLÍÍÍLÓWÐÌŒÍLÓWÐÌŒŒÎXŒÙYXÎØÌÌMÎLÍØÌ˜Ì™ŒÙLŒM˜YX˜ÌŒÎXŒLÎYY™ÍYXX‹Ì‹NŽMÍMÍŽK‹ŒLLLŽNMŽMNMËÍŒÎNLÍŒÌMKŽNNMÌÌÌÌLMŽLÍKNKÌLÍŒNMÍMŒLŽLËÌÌMMÌNNMŒKŒMÍŒMLŽLŒŽNKŽMÌŒÍMMŒÍ‹ÎLÍLMÍLÍLÌÌ‹ŽŒMÌLÌNÍMNŽMÌŒÍMMŒÍ‹ÎLÍLMÍLÍLÌÌ‹ŽŒMÌLÌNÍMNŒÌÎËLLŒ‹NNKNNKMMŒŒŒNK˜[ÙKKKKVT’SQS•SÔÒQÕË˜[ÙKLŽMKMLÌLLŒÍNNX™ŽMÍØÎ™NYN˜™ŒNYŒŽLMMÌÌÌÎ™NL™Y˜LØÌNŽMÍÂŽŽØXŽLXŒLŽXXÍÍNYXÙY˜ŒÍÍLÍŒL™ŽŒXØÌYXÙXÍÍØÍLÍŽKÍLÓLÐÌKÍLÓLÐÌKŒÎXŒÙYXÎØÌÌMÎLÍØÌ˜Ì™ŒÙLŒM˜YX˜ÌŒÎXŒLÎYY™ÍYXX‹ÍKŽMMNMŒLŒNKÍ‹ŒÌŽLLLÌÌMŒŒ‹ŒËŽLŒÎNMLMKLŒMLÍLŒÍËŽLÌÍŒŽLŒÌŒKLŽŒŒÌÎMÌLÍŒ‹ŒLMŒLÌLÍKŽLŒÌŒMŽNMÍÍMMMŒKŽÍMLLÍŒÍÍÌŽNLKŽMLMLMÌLNM‹ŽLŒÌŒMŽNMÍÍMMMŒKŽÍMLLÍŒÍÍÌŽNLKŽMLMLMÌLNM‹ŒLŒÍKŒÍ‹MÌÍÍ‹ŒŒËŒNŒŽŒŽK˜[ÙKKKKVT’SQS•SÔÒQÕË˜[ÙKLŽM‹Ì™˜ÌYŽMXNXŒŽ˜ŒÙ™™NMŽXÍLLØMŽMÍÍLYYØ™˜™LÌMBŽŽØXŽLXŒLŽXXÍÍNYXÙY˜ŒÍÍLÍŒL™ŽŒXØÌYXÙXÍÍØÍLÍÌÍLÓLÐÌLÍLÓLÐÌLŒÎXŒÙYXÎØÌÌMÎLÍØÌ˜Ì™ŒÙLŒM˜YX˜ÌŒÎXŒLÎYY™ÍYXX‹ÎLMMÍNŒKÍ‹ŒÌLŒLMM‹ÌŒŒMNÍÌMŽKLŒÍŒMŒŽNKŽNLÌÌÍÌÍËLKÌÌŒÌMÎLŒÌÎËŒLŒMMÌŒM‹ŽMMÍÎÎMÍŒŒKŽŒŽLÍŽŒÎŽKŽLŒŽLMŽÍNMŒMMŽMMÍÎÎMÍŒŒKŽŒŽLÍŽŒÎŽKŽLŒŽLMŽÍNMŒMMŒÍŽKKMMLËŒŒŒŒKNLLÌ‹ŒÌŒÌK˜[ÙKKKKVT’SQS•SÔÒQÕË˜[ÙKLŽMËLÍYŒ˜YML˜ÌLXÍŒNØMLYŽYLŒ˜ÍNMNÍÌÌXÍXŒØØXÍÌBŽŽØXŽLXŒLŽXXÍÍNYXÙY˜ŒÍÍLÍŒL™ŽŒXØÌYXÙXÍÍØÍLÌLLËÍMWÓWÐÌKÍMWÓWÐÌKŒÎXŒÙYXÎØÌÌMÎLÍØÌ˜Ì™ŒÙLŒM˜YX˜ÌŒÎXŒLÎYY™ÍYXX‹MŒŒMÌŒŽŒÌÍKMLNŒŒÌÍŒŒÍËÎMÎMMÍŽÎLŽŽNLMÌŽŒÍMMÌ‹ŽNLÌŒMLÌMLLMŒNÎMÌ‹ŒMNÌLÎMÌ‹ŒMLMMMŒLNŒNKŒMNMŒÍÍŒÎL‹ŒŽMÌMŒÎŒÍÍMMËŒMLMMMŒLNŒNKŒMNMŒÍÍŒÎL‹ŒŽMÌMŒÎŒÍÍMMËŒŒÍKÍML‹MLËM‹NMË˜[ÙKT’U‘QT‘ÐŽLK‹KKVT’SQS•SÔÒQÕË˜[ÙKLŽMÌ™M˜MMØMØXÎLÍÍÍLŒÍLÙÙMLYM˜ØXNLYMYYŽLXMMYMØ™MÍŒBŽŽØXŽLXŒLŽXXÍÍNYXÙY˜ŒÍÍLÍŒL™ŽŒXØÌYXÙXÍÍØÍLÌLMÍMWÓWÐÌLÍMWÓWÐÌLŒÎXŒÙYXÎØÌÌMÎLÍØÌ˜Ì™ŒÙLŒM˜YX˜ÌŒÎXŒLÎYY™ÍYXX‹ÎMÌNLÍÌMLNNNNLÎÍÌMŽLLÍLLÍÌŒNKŽNLMŒMLÎLÌÍŽKKŽNLÎŽLLLLŽMÍŒŒM‹LŽŒÌÌNMŽMŽŒÍNMÌMMÎMMŒËŒLNÌŽŒLL‹ŒÌMMŒLÍNNŒÌÌLÌÌÎLMŽNMNMËŒLNÌŽŒLL‹ŒÌMMŒLÍNNŒÌÌLÌÌÎLMŽNMNMËÍÌÍ‹ÌÌ‹LLKÎLËNKNK˜[ÙKKKKVT’SQS•SÔÒQÕË˜[ÙKLŽMK˜ŒÎL˜ØØ™˜˜ŒLÙL˜ÎMNŒÌØ˜LXŽNØM˜Œ™MMXŽYÎMYLŒÙXYMBŽŽØXŽLXŒLŽXXÍÍNYXÙY˜ŒÍÍLÍŒL™ŽŒXØÌYXÙXÍÍØÍLÌLKÍMWÓLÐÌKÍMWÓLÐÌKŒÎXŒÙYXÎØÌÌMÎLÍØÌ˜Ì™ŒÙLŒM˜YX˜ÌŒÎXŒLÎYY™ÍYXX‹KŒŒÍÌMŒMŒLLL‹KŒLŒÍŒÎLMÌMÍÌ‹ŽMMÎMLÍLŒKLŒÌÌŽLMŽNÌÍÌÍŽLÌŒMŒ‹LLÌÌÌÌŒÎLÍLKŒŒÎŽLŒLKŒLÌÎŒÎLLLÍMNKŒNÌLÌÌL‹ŒLLMLMMÍÎMËŒLÌÎŒÎLLLÍMNKŒNÌLÌÌL‹ŒLLMLMMÍÎMËÌ‹ÍÍMKKÌŽŽ˜[ÙKT’U‘QT‘ÐŽL‹‹KKVT’SQS•SÔÒQÕË˜[ÙKLŽM‹ÌØ™XŽY˜™˜˜˜˜ÍMÌÌXLÍÌÌLXLMYLØ™˜ÙŽ™LÍØÌXMLÍ™˜BŽŽØXŽLXŒLŽXXÍÍNYXÙY˜ŒÍÍLÍŒL™ŽŒXØÌYXÙXÍÍØÍLÌLLÍMWÓLÐÌLÍMWÓLÐÌLŒÎXŒÙYXÎØÌÌMÎLÍØÌ˜Ì™ŒÙLŒM˜YX˜ÌŒÎXŒLÎYY™ÍYXX‹KMMÌMÌNLÍÌNKŒLNÌÍLÎMÍNKŽNÌÎMLLLÌÍ‹KŽNNÌMMMLÍKŽMÎÌLŒÌŒNKLŽŽMÍÌLMÌMKŒMŒÌŽLŒMŒLŒËŒMMMMLŽMMŒNKŒÍŒÌÌÎLLLËŒLLÍMÎNÎNMMÌ‹ŒMMMMLŽMMŒNKŒÍŒÌÌÎLLLËŒLLÍMÎNÎNMMÌ‹LNMMÌŽKŒ‹ŒËÍËŽKÌ˜[ÙKKKKVT’SQS•SÔÒQÕË˜[ÙKLŽMËÙÎXŒÍŽNXÙ˜ŒØ˜ÍLXM˜XYNŽLXÍŒÍL˜LLMYM˜ŒÎXLÌ‚ŽŽØXŽLXŒLŽXXÍÍNYXÙY˜ŒÍÍLÍŒL™ŽŒXØÌYXÙXÍÍØÍLÌLLKÍMWÓLÐÌMKÍMWÓLÐÌMKŒÎXŒÙYXÎØÌÌMÎLÍØÌ˜Ì™ŒÙLŒM˜YX˜ÌŒÎXŒLÎYY™ÍYXX‹KMÎNŽMLÍÍÌMÎKKŒLLÍÌLNNKŒLLLÎÎLŒŽNMKŽNMŽMLLMÍMÍŒËMŽMLŒŒL‹LKŒÌÌMMŒŒŽMÌMŒŒÍÌLÍÎMKŒMÍŽLŒÍLLÍÍÌM‹ŒÌÎLMÍMLËŒLMLŒŒMLŒMËŒMÍŽLŒÍLLÍÍÌM‹ŒÌÎLMÍMLËŒLMLŒŒMLŒMËLMNMKK‹KNKNKÍŒÍ‹ÌÌ˜[ÙKKKKVT’SQS•SÔÒQÕË˜[ÙKLŽMYNNØNØŽÎYNXÍ˜Y™ØMNÌØÌLØØLÍÙMYXYŒØM™ØYŒNLÌØ˜™Œ‚ŽŽØXŽLXŒLŽXXÍÍNYXÙY˜ŒÍÍLÍŒL™ŽŒXØÌYXÙXÍÍØÍLÌLL‹ÍMWÓLÐÌŒÍMWÓLÐÌŒŒÎXŒÙYXÎØÌÌMÎLÍØÌ˜Ì™ŒÙLŒM˜YX˜ÌŒÎXŒLÎYY™ÍYXX‹KÍÌÍÍÍLÍŒÌŽLMKŒLMÎLŒÎMÍNMËKŒLÍMNLËKŽNNMŒLÍLL‹NKŽLÎLMLLLŒLŒËLKÌÌLÎÍMŒ‹ŒNLÌMNMŽLÍLKŒNMÌÍMNÍŒÎLKŒMŒŽÌMÍÌLÎNNŒLNMLŽÌÌŒNKŒNMÌÍMNÍŒÎLKŒMŒŽÌMÍÌLÎNNŒLNMLŽÌÌŒNKLŽLÌËLLKÍÌLKMMKÎÌËÌÌ‹˜[ÙKKKKVT’SQS•SÔÒQÕË˜[ÙKLŽMKÙXXŒY˜NØLMØNXÌLÙŽØØÎLÍÍMÌLLLØMŽXŽMÌYYMŽMÎMŽŽØXŽLXŒLŽXXÍÍNYXÙY˜ŒÍÍLÍŒL™ŽŒXØÌYXÙXÍÍØÍLÌLËÍMWÓMWÐÌKÍMWÓMWÐÌKŒÎXŒÙYXÎØÌÌMÎLÍØÌ˜Ì™ŒÙLŒM˜YX˜ÌŒÎXŒLÎYY™ÍYXX‹‹ŒLŽNLMÍŒŒŒ‹KŽLÍÌNÌMLKKŒLNNLŒÌÍMÍÍÍKMŽNNMLMŽLLMÍËŽNLŒÍMMLŒÎKLÌŒMMLLŒŒKŒLNÌÍMÎLMÎNMËŒMÍŒMÌÎÌÌKŒLÎNNÌMŒLŒÌKŒMLÍÍŽŒÌŽŒKŒMÍŒMÌÎÌÌKŒLÎNNÌMŒLŒÌKŒMLÍÍŽŒÌŽŒKLMËLMËÍKÍKNÎKÎÍË˜[ÙKKKKVT’SQS•SÔÒQÕË˜[ÙKLŽMLNYNMŽLÙX˜™Î˜Ù˜ÎXMÌÎX™NLNM˜ŽLMŒ™YMYM™‚ŽŽØXŽLXŒLŽXXÍÍNYXÙY˜ŒÍÍLÍŒL™ŽŒXØÌYXÙXÍÍØÍLÌLÍMWÓMWÐÌLÍMWÓMWÐÌLŒÎXŒÙYXÎØÌÌMÎLÍØÌ˜Ì™ŒÙLŒM˜YX˜ÌŒÎXŒLÎYY™ÍYXX‹‹ŒŽŒÌNŒMNMÍLKKŽLÎÌŒŽLÌŒÍNKLŒLLŒNMÎLMKMŽNMNLÌÍMŒMÌMKKŽMÍÎMÌÍŒMMKLŽÎNÎLÌLÌMLNLKŒMÍLÎLŒLÍLM‹ŒNNÌÎLMÌMNNŒLÌMLMÍMŒKŒMLÎÍŽNLMËŒNNÌÎLMÌMNNŒLÌMLMÍMŒKŒMLÎÍŽNLMËLŽNNLKLÌÌËÌ‹Ì‹LÎKÎK˜[ÙKKKKVT’SQS•SÔÒQÕË˜[ÙKLŽMLKL™˜ŽMYMÎXNY™ÎÎX˜™XÌXÙŽXÌÎNYÙŽLNMØŒY‚ŽŽØXŽLXŒLŽXXÍÍNYXÙY˜ŒÍÍLÍŒL™ŽŒXØÌYXÙXÍÍØÍLÌLKÍMWÓMWÐÌMKÍMWÓMWÐÌMKŒÎXŒÙYXÎØÌÌMÎLÍØÌ˜Ì™ŒÙLŒM˜YX˜ÌŒÎXŒLÎYY™ÍYXX‹‹LŽMMÎLŒLÍLËKŽLLŒÌŒLÎLLÌÌM‹KŽLŒÎLNMMKMKŒÍLLŒÍLÍÎMŽMLÍŒLŒLÍÍÌL‹LKŒÌLÍNLŒÍLŽMŒÍLÌŒNMLMLŽLËŒŒŒLŒÍÍÌNLMLËŒLMÌÎMÍÌŽŽNKŒMMŽNLÌÌLÎNMMLKŒŒŒLŒÍÍÌNLMLËŒLMÌÎMÍÌŽŽNKŒMMŽNLÌÌLÎNMMLKMNKM‹MËÍLKŽKŽKLŽK˜[ÙKKKKVT’SQS•SÔÒQÕË˜[ÙKLŽML‹™NNMLÍØÙ™ØÙ˜™MXLÍÍÙŽYMXLÍÎLÍY˜MÙMNMÌ˜ÙMÍÌYŒÍØŽBŽŽØXŽLXŒLŽXXÍÍNYXÙY˜ŒÍÍLÍŒL™ŽŒXØÌYXÙXÍÍØÍLÌL‹ÍMWÓMWÐÌŒÍMWÓMWÐÌŒŒÎXŒÙYXÎØÌÌMÎLÍØÌ˜Ì™ŒÙLŒM˜YX˜ÌŒÎXŒLÎYY™ÍYXX‹‹ÎLŒŒÍMŒÎM‹KŽLÌÍÌMLŒËKÌÌŒMŒÍMNŒMËMŽNNLÎŒLLŒMŽNKŽMNŒÌÌNÎMKLKÌÎLÌNMÌÎŒMÌŽNMÌLŒÍMÌKŒÌLÍŒŒŽLÍLÎŒNŒLŒMŒMŒKŒMŒÎMMŒÌMÌLKŒÌLÍŒŒŽLÍLÎŒNŒLŒMŒMŒKŒMŒÎMMŒÌMÌLKMNLÌ‹Œ‹Œ‹‹KKLLKKK˜[ÙKKKKVT’SQS•SÔÒQÕË˜[ÙKLŽMLËØMÎLÙLÌ™Y™LMMM˜™Ì™YMMYX˜ŒMŽLÙ™ŒXLLŽYY˜LLŽŽØXŽLXŒLŽXXÍÍNYXÙY˜ŒÍÍLÍŒL™ŽŒXØÌYXÙXÍÍØÍLÌLËÍMWÓMWÐÌKÍMWÓMWÐÌKŒÎXŒÙYXÎØÌÌMÎLÍØÌ˜Ì™ŒÙLŒM˜YX˜ÌŒÎXŒLÎYY™ÍYXX‹ËŒÌMŒÍÎMÍÎLÍŒNKŽLÌŒLŒÎŽLÍLÌËKÍÌÍMŽŒÌLÌŽKMŽNLMLÎŽLÍMÌŒLÍMÌŒÌÎL‹ŒNŒMÍLLÌÍÍËŒÌLNLMLLÌMŒÌËŒNŒÌLŽÌÍ‹ŒÎLNÌÎMNLÌLŒKŒMŒÌLÍÌŒÌÍNNŒNŒÌLŽÌÍ‹ŒÎLNÌÎMNLÌLŒKŒMŒÌLÍÌŒÌÍNNMÌÌLËËŽLMÎŒŒLŽNK‹K˜[ÙKKKKVT’SQS•SÔÒQÕË˜[ÙKLŽMMÙ™LÎÍÎÙY™ŽNYLÎXX™™ŒÌÌLŽLŽXÎLÍÍÙŒMŒMXLBŽŽØXŽLXŒLŽXXÍÍNYXÙY˜ŒÍÍLÍŒL™ŽŒXØÌYXÙXÍÍØÍLÌLÍMWÓMWÐÌÌÍMWÓMWÐÌÌŒÎXŒÙYXÎØÌÌMÎLÍØÌ˜Ì™ŒÙLŒM˜YX˜ÌŒÎXŒLÎYY™ÍYXX‹ËŒÍŽMÍLŒMËKŽLÌMŒNMMÎLMMKKŽMLŒMMKMŽNLŒŒMÎLÍNMËŽKŽLLLMŽMLÌÌÌ‹L‹ŒMÌÎMÍMLÍMŒMMËŒŒŒŽLŽMMLMLÎNKŒŽŽLLÍMÌÌŒKŒLLÍŒNNMMNMËŒMMÌLÎKŒŽŽLLÍMÌÌŒKŒLLÍŒNNMMNMËŒMMÌLÎKNMËÌËÌËÍKLËLËLLK‹Ë˜[ÙKKKKVT’SQS•SÔÒQÕË˜[ÙKLŽMMKÍXÍLLÍŒŽMX™YŒÌ˜XYMLÌ˜ÙMYNYYXÌ™XX˜ÍÍLLÌMÙ˜ŽY˜˜Í‚ŽŽØXŽLXŒLŽXXÍÍNYXÙY˜ŒÍÍLÍŒL™ŽŒXØÌYXÙXÍÍØÍLÌMKÍMWÓŒÐÌKÍMWÓŒÐÌKŒÎXŒÙYXÎØÌÌMÎLÍØÌ˜Ì™ŒÙLŒM˜YX˜ÌŒÎXŒLÎYY™ÍYXX‹ËŒMÍÌŽMÌÍLŒK‹ŽNMÍŽLLÎNK‹LMŽMÌÎMÍMÍ‹ŒŒMŽMLLÌÍŒKŽMÎŒNNÍÌ‹LÌÎMŽLMÎÌMMKŒÍÎŽŽLÌÍL‹ŒŒMŽŒÌŒLNMÍÌËŒMÎMŒÍLMŒMLÌM‹ŒNLMMŽMMLLŽLKŒŒMŽŒÌŒLNMÍÌËŒMÎMŒÍLMŒMLÌM‹ŒNLMMŽMMLLŽLKMŒMMKM‹LMÍÌ‹‹‹LŒNKKK˜[ÙKKKKVT’SQS•SÔÒQÕË˜[ÙKLŽMM‹ØLLXMŒYLMÙLNLÍYXÙŒÌÎXYMMÙ™Œ˜L™M™ŒÙŒ˜ÎX˜LMÂŽŽØXŽLXŒLŽXXÍÍNYXÙY˜ŒÍÍLÍŒL™ŽŒXØÌYXÙXÍÍØÍLÌM‹ÍMWÓŒÐÌLÍMWÓŒÐÌLŒÎXŒÙYXÎØÌÌMÎLÍØÌ˜Ì™ŒÙLŒM˜YX˜ÌŒÎXŒLÎYY™ÍYXX‹ËÌLŒLMŒLMŒÌK‹ŽNÍÍŒŒÎLL‹MÌLÎMÍÌÌŽMKNKŽNMÍMLÎLMŒNLËKŽMŽŒŒLMMMLŽLÌLLLŒŒÌKŒŒNLLÌŒŽMÍNKŒLNLÌLKŒMŽLLŽLŽLLMÌNNKŒNMNMLÌMNLLŽKŒLNLÌLKŒMŽLLŽLŽLLMÌNNKŒNMNMLÌMNLLŽKMN‹Œ‹ŒKLLËË‹LŽÌËLK˜[ÙKKKKVT’SQS•SÔÒQÕË˜[ÙKLŽMMËÍ™Y˜ÍÙŽXNNXYŽØŒŽXÌLYXÍÌÌŒNNY™™L™NÌMŒ˜ÍŒNÌYŽBŽŽØXŽLXŒLŽXXÍÍNYXÙY˜ŒÍÍLÍŒL™ŽŒXØÌYXÙXÍÍØÍLÌMËÍMWÓŒÐÌMKÍMWÓŒÐÌMKŒÎXŒÙYXÎØÌÌMÎLÍØÌ˜Ì™ŒÙLŒM˜YX˜ÌŒÎXŒLÎYY™ÍYXX‹ËÎMLLŒNMÍÍLMŒMŽK‹ŽNÍŽMŒŽÍLÎLNMŒK‹ŒMŒŒŒ‹NKŽNMMMŽLNLLÍŒÍKMŽMLÌNÌŒŒÌŒËLKŒÌLMŒLMMKŒŒÌMŒŒŒNMÌÌŽNKŒŒMLLÌÍMÍÍÌKŒMMNÌÍMMÎLÌÎKŒNNLLŒŒLÌÌÍŒLKŒŒMLLÌÍMÍÍÌKŒMMNÌÍMMÎLÌÎKŒNNLLŒŒLÌÌÍŒLKMÍÌ‹ŽŽLŒLËÎKLÌËLKL˜[ÙKKKKVT’SQS•SÔÒQÕË˜[ÙKLŽMN˜ÌÍÍNMŒŽMÙ™ØÍÙ™˜ŽÌY˜ÎXÍLLŒXÌÍÍMØ™ŒÍMXÎMØL™YXMMÌ‚ŽŽØXŽLXŒLŽXXÍÍNYXÙY˜ŒÍÍLÍŒL™ŽŒXØÌYXÙXÍÍØÍLÌNÍMWÓŒÐÌŒÍMWÓŒÐÌŒŒÎXŒÙYXÎØÌÌMÎLÍØÌ˜Ì™ŒÙLŒM˜YX˜ÌŒÎXŒLÎYY™ÍYXX‹ŒMLNÍÍÌL‹‹ŽNNŒÌMLÍÎK‹ÎLMÍÍMÌMÍŒŒÌMÎMÍM‹NKŽLÍNŒÌÌMMŒËLKÌÍŽŒMÌLLKŒLŽMLŒŽŽLKŒŽNÎNLŒMŽÍËŒMLNMÍÍMLNLLÎKŒŒŒŒNMÍŽLÌMKŒŽNÎNLŒMŽÍËŒMLNMÍÍMLNLLÎKŒŒŒŒNMÍŽLÌMKNNM‹ÍÍLLËÍ‹Í‹LÌL‹L‹L‹˜[ÙKKKKVT’SQS•SÔÒQÕË˜[ÙKLŽMNK™ŒÙXÎYMŒMÙÎXÍÙ˜L˜ÙÙLLŒ˜LÍÌÍŽÙNXÌXŒ‚ŽŽØXŽLXŒLŽXXÍÍNYXÙY˜ŒÍÍLÍŒL™ŽŒXØÌYXÙXÍÍØÍLÌNKÍMWÓŒÐÌKÍMWÓŒÐÌKŒÎXŒÙYXÎØÌÌMÎLÍØÌ˜Ì™ŒÙLŒM˜YX˜ÌŒÎXŒLÎYY™ÍYXX‹LÎÎMÍMŽMK‹ŽNLMŒMÎŽN‹ÌÌÌNNMÎLÌÌMËŒŒÍŒŒNMKŽLNŽMŒÌLÍÌŒËL‹ŒMÍÌÌÍÌÌÌÍÎNŒLÎLŽMŒÎŒÍMËŒÌLŒŒMLMMMNKŒLŒÍŽLŒŒNŒMÍŒŒMÍNLLÌMÌKŒÌLŒŒMLMMMNKŒLŒÍŽLŒŒNŒMÍŒŒMÍNLLÌMÌKŒŒKL‹Ì‹ÌKLÍ‹L‹L‹˜[ÙKKKKVT’SQS•SÔÒQÕË˜[ÙKLŽMŒÎMØÍLMMMŽMXÙMÌÌØ˜ŽL˜NØMÌŽXŒ˜XŽŽNLM˜LMÌØNÍ™MŒÍMŽŽØXŽLXŒLŽXXÍÍNYXÙY˜ŒÍÍLÍŒL™ŽŒXØÌYXÙXÍÍØÍLÌLÍMWÓŒÐÌÌÍMWÓŒÐÌÌŒÎXŒÙYXÎØÌÌMÎLÍØÌ˜Ì™ŒÙLŒM˜YX˜ÌŒÎXŒLÎYY™ÍYXX‹ŽŒMMÍLÍ‹‹ŽNÍÍŒNNLÎLÍË‹ÎNMNŒNNKŽNMÌŽÍMLÌLŒŒËŽKŽMNMÍÌMŽKL‹ŒŒÌŒŒLÌÌŽLŽKŒLÍLNMÍNNMÌËŒÌÌÎLŒÎNMÌMÌL‹ŒLŒMÌŒMLÍMNŒŒÎLÍLNM‹ŒÌÌÎLŒÎNMÌMÌL‹ŒLŒMÌŒMLÍMNŒŒÎLÍLNM‹ŒNËKKŽM‹KLÍŽËLËLË˜[ÙKKKKVT’SQS•SÔÒQÕË˜[ÙKLŽMŒKLMLÍMLØM™XÙLÍXXÍÍMÍØÙMMLÍ˜ØLXNŒŽYLÍØNÙŒX˜YXÌXÎMÙM‚ŽŽØXŽLXŒLŽXXÍÍNYXÙY˜ŒÍÍLÍŒL™ŽŒXØÌYXÙXÍÍØÍLÌLKÍMWÓŒÐÌÍKÍMWÓŒÐÌÍKŒÎXŒÙYXÎØÌÌMÎLÍØÌ˜Ì™ŒÙLŒM˜YX˜ÌŒÎXŒLÎYY™ÍYXX‹KŒŽLŒŒLÎÍLË‹ŽNMÍŒLÌŒŒ‹‹ŽÍŒÌÌLŽLŒËNKŽNNMŽMMÍMNLŒÍŽÍÍMNNLÌŒKLËŒÌŒNLLMNÍKŒNÌŒÎLÌÎNNNKŒÍMLNÍÎMŒNKŒÌÍÍNMÌŒMNÍÌ‹ŒŒLNMŽLLÎMÌLLŒKŒÍMLNÍÎMŒNKŒÌÍÍNMÌŒMNÍÌ‹ŒŒLNMŽLLÎMÌLLŒKŒÌÍËLKLKÍNKNKLÎLKMM˜[ÙKKKKVT’SQS•SÔÒQÕË˜[ÙKLŽMŒ‹ÎMØÌŒØ™XØÍÙ™XMXŽ˜ÍÎLŒYÎLÍM˜XŒÍÌŒØÌÍÌYŒ˜ÌMÍXÙM˜YŽŽØXŽLXŒLŽXXÍÍNYXÙY˜ŒÍÍLÍŒL™ŽŒXØÌYXÙXÍÍØÍLÌL‹ÍMWÓŒÐÌÍMWÓŒÐÌŒÎXŒÙYXÎØÌÌMÎLÍØÌ˜Ì™ŒÙLŒM˜YX˜ÌŒÎXŒLÎYY™ÍYXX‹KÌNLÍŒÍMŽM‹‹ŽNLÍLLÎMÎ‹ŽLLŒÎŒŒŽ‹NKŽNMÎLNLMKÎKŽNÌMMLLLŽLŒ‹LËÌÎLLÎLLÌMNMŒNNMLÎMLŽÌNŒÍÍŒÍMLMÌMŽŒŽLÎÌŒLŒËŒŒMLÌMMNNÌKŒÍÍŒÍMLMÌMŽŒŽLÎÌŒLŒËŒŒMLÌMMNNÌK‹M‹M‹NL‹ËËMLLMKM˜[ÙKKKKVT’SQS•SÔÒQÕË˜[ÙKLŽMŒËNÌÍÍÙMÍXYYNÍØÍÍNNŽLMÌM™XNÌØÙ˜˜ÙY™˜˜ÍLLNMNBŽŽØXŽLXŒLŽXXÍÍNYXÙY˜ŒÍÍLÍŒL™ŽŒXØÌYXÙXÍÍØÍLÌKÍMWÓWÐÌKÍMWÓWÐÌKŒÎXŒÙYXÎØÌÌMÎLÍØÌ˜Ì™ŒÙLŒM˜YX˜ÌŒÎXŒLÎYY™ÍYXX‹ŒÍÌMŒŽMÍMLKMLLÎNLMÎËÌMMLÎLÎMËKŒŽLŽLMMŽKŽMÎNLÎMMŒÌÍLÍÍLÎLŽLMŽKŒÍMMMŒÌŽNŒŽNNKŒŒLLÎMNMÎNLNNŒŒŒLÍMNLÍ‹ŒŒÍNLLLNŒŒŽL‹ŒŒLLÎMNMÎNLNNŒŒŒLÍMNLÍ‹ŒŒÍNLLLNŒŒŽL‹MÌLLKËËMNMËMËMMMŒŒ˜[ÙKKKKVT’SQS•SÔÒQÕË˜[ÙKLŽMN˜ÍMŒM™XÌÙÍYMMÎNYŒÙŒÍÍ˜ÎLYŒMY˜ÎÙMØØÎÍŽX™LMŒBŽŽØXŽLXŒLŽXXÍÍNYXÙY˜ŒÍÍLÍŒL™ŽŒXØÌYXÙXÍÍØÍLÌ‹ÍMWÓWÐÌLÍMWÓWÐÌLŒÎXŒÙYXÎØÌÌMÎLÍØÌ˜Ì™ŒÙLŒM˜YX˜ÌŒÎXŒLÎYY™ÍYXX‹KŒNŽLÌŒÌŒMÎKMŽMÍNÍÌÍLËËÍÍŽMMÍŒÎKŒMMŽÍNKKŽMŽNMŽLŒMÍLMMÍKLŽŒÎMMÎŽÎŒLMŽMNLÌÌŒMËŒŽÎNÌLMLËŒŒLLÍÍNNMNNŒKŒŒÎLLMÍNLŒKŒŽÎNÌLMLËŒŒLLÍÍNNMNNŒKŒŒÎLLMÍNLŒKNKÌËÌËLÎLËMMMMŽKŒKŒK˜[ÙKKKKVT’SQS•SÔÒQÕË˜[ÙKLŽMKYYÙMÙL™™ŒLNÌ˜ÍLXÎÙYÎXÌÍ˜ÍŒÌÍLYNLLLŒŒM™ÌYMÂŽŽØXŽLXŒLŽXXÍÍNYXÙY˜ŒÍÍLÍŒL™ŽŒXØÌYXÙXÍÍØÍLÌËÍMWÓWÐÌMKÍMWÓWÐÌMKŒÎXŒÙYXÎØÌÌMÎLÍØÌ˜Ì™ŒÙLŒM˜YX˜ÌŒÎXŒLÎYY™ÍYXX‹KÌLŒŽLMÌÍLLMNLÍŒMMÌLLÍËŽNÌÎLNÌŒÍ‹ŽNNLMMLÎÍMŽMŒÌŒLÌLMŒLKLKŒÌŒŽLŽMMŒÌMÍÌÎKŒMÌŒÌÍÍMÍLLLKŒÌLÌŒÌÍÌLŒMN‹ŒNNÍŽMŒÌÌÍÌŒŽLKŒŽÌMLNMÎKŒÌLÌŒÌÍÌLŒMN‹ŒNNÍŽMŒÌÌÍÌŒŽLKŒŽÌMLNMÎKŒLËLÌ‹LKLKMN‹Œ‹Œ‹˜[ÙKKKKVT’SQS•SÔÒQÕË˜[ÙKLŽM‹XŒLŽ™LŒŒ™ÎÌØØÌMÎYLØŒÌÌÍÌXØŒLLŽY˜™Œ™LÌYŽYLŒY‚ŽŽØXŽLXŒLŽXXÍÍNYXÙY˜ŒÍÍLÍŒL™ŽŒXØÌYXÙXÍÍØÍLÌÍMWÓWÐÌŒÍMWÓWÐÌŒŒÎXŒÙYXÎØÌÌMÎLÍØÌ˜Ì™ŒÙLŒM˜YX˜ÌŒÎXŒLÎYY™ÍYXX‹KŽÍÌŒÌŒMMŒKMŒÌNMÍÍÍŒLKËŽLMMNÎMÌÌŽLL‹KŒŒLLŽLÌŽNKŽLNMMÎLŽÍŒÍKLKÌÌMŒŒÍÌMÍÌMMÍŒLNLŽŒÌŽLÍÍMËŒÌÍÍLÍMÍLMMÌËŒNŒÍMLÍŒMLÍLKŒMÌLÍÎÍÌMÌKŒÌÍÍLÍMÍLMMÌËŒNŒÍMLÍŒMLÍLKŒMÌLÍÎÍÌMÌKŒŒLŒ‹ËLŒLËËMŒLËŒË˜[ÙKKKKVT’SQS•SÔÒQÕË˜[ÙKLŽMËMŽXŒÙXX˜XXÎLLXÍYÍŒÍ™XÌXÙL™ÌÍÎÙXØLMÙŒ™XŒÎMXLÙBŽŽØXŽLXŒLŽXXÍÍNYXÙY˜ŒÍÍLÍŒL™ŽŒXØÌYXÙXÍÍØÍLÌKÍMWÓWÐÌKÍMWÓWÐÌKŒÎXŒÙYXÎØÌÌMÎLÍØÌ˜Ì™ŒÙLŒM˜YX˜ÌŒÎXŒLÎYY™ÍYXX‹‹ŒÌNMŽMŒÍŒŽLNMÌNLÎÌMNËŽNÍÍÍLLÎ‹ŽNMMLÍÍËŽLMMŒÌMËL‹ŒMÎNLMŒLŒŒMÌ‹ŒLŒMMÌLÌMMKŒÍŒLLLŒLÍÌN‹ŒMŽNNNÍMÎÍKŒLMMNÌŽMŒÌKŒÍŒLLLŒLÍÌN‹ŒMŽNNNÍMÎÍKŒLMMNÌŽMŒÌKŒÍNKL‹L‹LLŒËËËMŒÌŒË˜[ÙKKKKVT’SQS•SÔÒQÕË˜[ÙKLŽMŽMXŽMNLX˜XÌLŒLÍMÍ˜ÍLÎMLLMŒ™ŽXŽMŽXÌÙÙMÌØÌÌLMÌŽŽØXŽLXŒLŽXXÍÍNYXÙY˜ŒÍÍLÍŒL™ŽŒXØÌYXÙXÍÍØÍLÌLÍMWÓWÐÌÌÍMWÓWÐÌÌŒÎXŒÙYXÎØÌÌMÎLÍØÌ˜Ì™ŒÙLŒM˜YX˜ÌŒÎXŒLÎYY™ÍYXX‹‹ŽÎLMŽMÎMÌMNMŒŒŒÍŒM‹ŒNNNLÍÌKŽNMÌÍÌMŽËŽKŽLMÍÎMÌÎLŒM‹L‹ŒŒŒNLMŒŒKŒÌLÍMLŽNMKŒÎÎLLLLMMMÎŒMLLŒMÎÌÌLÌŒKŒLLMÍŽNNLŒÍLËŒÎÎLLLLMMMÎŒMLLŒMÎÌÌLÌŒKŒLLMÍŽNNLŒÍLËLMNNNMÍ‹ÎÎMMK˜[ÙKKKKVT’SQS•SÔÒQÕË˜[ÙKLŽMŽKØX™ŒÎL™N˜NÍÙYNLNXLN˜Í˜ÙŒŒMÙLÎÌMÎL˜Ù™MNMŽBŽŽØXŽLXŒLŽXXÍÍNYXÙY˜ŒÍÍLÍŒL™ŽŒXØÌYXÙXÍÍØÍLÌLKÍMWÓWÐÌÍKÍMWÓWÐÌÍKŒÎXŒÙYXÎØÌÌMÎLÍØÌ˜Ì™ŒÙLŒM˜YX˜ÌŒÎXŒLÎYY™ÍYXX‹ËŒÌÌNLÌNLÎMLKLÌMÍLNLÌÌLMŒLÌŽMÎMŽMÎMLKŽNLŽÎLNLÍÍLKÍŽMŒÍMMŒÍLŒËLËŒÍŒÌNKŒÌÌMÌÍÎLÌLŒÌLNMËŒŽMMÎNŒLMMMMLÍÎKŒMNLMÌNLŽLŽL‹ŒŽMMÎNŒLMMMMLÍÎKŒMNLMÌNLŽLŽL‹Œ‹LLŒÌ‹Ì‹MÍÌ‹KK˜[ÙKKKKVT’SQS•SÔÒQÕË˜[ÙKLŽMÌNÎMÍÎY˜MÙLXÎ™LLLMÎYN™YLØ˜ÍÎŽNÍŽLÍYŒYBŽŽØXŽLXŒLŽXXÍÍNYXÙY˜ŒÍÍLÍŒL™ŽŒXØÌYXÙXÍÍØÍLÌL‹ÍMWÓWÐÌÍMWÓWÐÌŒÎXŒÙYXÎØÌÌMÎLÍØÌ˜Ì™ŒÙLŒM˜YX˜ÌŒÎXŒLÎYY™ÍYXX‹ËŽÌÌŒÍÍŽMÌŽMËMLMÌŒNLMLLÍ‹ŒŒLNNMNMÌKŽNNLŽLÌKÎKŽNMLMÍŽLÌŽËLËÌÌÍÍÍŽMÌMŒLŽLNLÍMÎNLŒKŽŒNLÌÌŒŒNŒMMŽMÎLÍLÍÍMÌKŒNLÍÌMMÌÎÌKŽŒNLÌÌŒŒNŒMMŽMÎLÍLÍÍMÌKŒNLÍÌMMÌÎÌKŽŒËLKLKŒMMŽNL‹‹K˜[ÙKKKKVT’SQS•SÔÒQÕË˜[ÙKLŽMÌKXMÌÙLLŽ˜L˜YYM˜Y˜NLNXNMNŒŽXYMYYMŽXMÎMŒ˜Í™Y‚ŽŽØXŽLXŒLŽXXÍÍNYXÙY˜ŒÍÍLÍŒL™ŽŒXØÌYXÙXÍÍØÍLÌLËÍMWÓWÐÌKÍMWÓWÐÌKŒÎXŒÙYXÎØÌÌMÎLÍØÌ˜Ì™ŒÙLŒM˜YX˜ÌŒÎXŒLÎYY™ÍYXX‹ŒÎLLÍÍMŒNËLÍÌÌŽLÌÌNML‹ŒÎMŽLÌÍKŽNMŒNŽLLŽÍŽLÍÌÍËLËŽLNMÎLŒŽNNLŒLMŒMNMÌŒLŒMÍLKMÍMÍÌNLŒMÌŒLÌËŒNMMŒÍŒŒÌLKŒŒŽLÎLMŒÌMÌ‹MÍMÍÌNLŒMÌŒLÌËŒNMMŒÍŒŒÌLKŒŒŽLÎLMŒÌMÌ‹ŽMÍKLMKLMKÌÍLËLËMÌŒM‹ËË˜[ÙKKKKVT’SQS•SÔÒQÕË˜[ÙKLŽMÌ‹L˜˜˜ÌLÙNXMMÌÍ˜LNMÌ™ŽLØŽLNÌÙMLŒMMŒØLÎÌÍLMYYY˜ÍÍNBŽŽØXŽLXŒLŽXXÍÍNYXÙY˜ŒÍÍLÍŒL™ŽŒXØÌYXÙXÍÍØÍLÌMÍMWÓWÐÌLÍMWÓWÐÌLŒÎXŒÙYXÎØÌÌMÎLÍØÌ˜Ì™ŒÙLŒM˜YX˜ÌŒÎXŒLÎYY™ÍYXX‹ŽMÌÌŽMÌÍMLŒMLÌÎŽŒÍLÍLÎLŒÌMÌÍËŽNNÌMÎÍÎNM‹KŽŒÍŒNNMÎMNKMŒÍÍMÌMÌÌMLMŒNMŒÍLŽMŽNKÌLÍÍLNLLÍŒËLŒŒNLNÎMMÍLNNŒŒLNNÍMLŒLNÌLÍÍLNLLÍŒËŒŒLNNÍMLŒLNÌÌ‹LŒLŒKMÍŽŽYKKKKVT’SQS•SÔÒQÕË˜[ÙKLŽMÌËXÎYŒÍÙLLÌØŒLÎX™˜™Y˜ÙYLLLLX™™NM˜ÍÎLY™ŒÎLLØÎL‚ŽŽØXŽLXŒLŽXXÍÍNYXÙY˜ŒÍÍLÍŒL™ŽŒXØÌYXÙXÍÍØÍLÌÍÍMWÓÌÐÌKÍMWÓÌÐÌKŒÎXŒÙYXÎØÌÌMÎLÍØÌ˜Ì™ŒÙLŒM˜YX˜ÌŒÎXŒLÎYY™ÍYXX‹‹ÍLÍŒÌMÎMŽLLK‹ŒŒÍŒŒÎNMNMKKŒŒÌÌŒÌÍŽLMŒKŽKŽNMLŽÍKKŒMLÌÎMÍÌÌŽMMËLÎLŒMŒÎMMŒÎNŒŒŒÍLMÍÌŒŒNKŒÌMŽNÎŽNMLKŒÍÍMŽMŒŒÌ‹ŒŽÎLÍŒËŒÌMŽNÎŽNMLKŒÍÍMŽMŒŒÌ‹ŒŽÎLÍŒËŒLKÎÎKMÍÍËŽŽNÍÍKÌKÌK˜[ÙKT’U‘QT‘ÐŽLLLË‹KKVT’SQS•SÔÒQÕË˜[ÙKLŽMÍY™MÍXLØ˜˜LÌM˜™LÍÌYŒ˜™™ØNLYLYŒXÙŽŒÙ˜Ì˜XYY™™™‚ŽŽØXŽLXŒLŽXXÍÍNYXÙY˜ŒÍÍLÍŒL™ŽŒXØÌYXÙXÍÍØÍLÌÍKÍMWÓÌÐÌLÍMWÓÌÐÌLŒÎXŒÙYXÎØÌÌMÎLÍØÌ˜Ì™ŒÙLŒM˜YX˜ÌŒÎXŒLÎYY™ÍYXX‹‹ŽMÎÌLN‹ŒŒÍMÌLŽŒÍLÎKKŒÌLŒŒÎLŽMMÍŽKŽNNMLŒMÍÌÎLKKŽMÎLÍŒLŽ‹LŽÌMŒMMÍMMNMÍŒŒKŒMŽNMŽÎLLMKŒÌÍÍŒÍÍŒMŒMMÍÌÌÍÎLŽNŒŽÍÍLLLÌNLLÌ‹ŒÌÍÍŒÍÍŒMŒMMÍÌÌÍÎLŽNŒŽÍÍLLLÌNLLÌ‹ŒNLL‹KKMÍKKNNM‹Ì‹ÌË˜[ÙKKKKVT’SQS•SÔÒQÕË˜[ÙKLŽMÍK™NNXLMÙNNNÍ™ŒŽMŽX™YYNXÍY˜MYL˜Ž˜LÌŒØÌÌLØÙBŽŽØXŽLXŒLŽXXÍÍNYXÙY˜ŒÍÍLÍŒL™ŽŒXØÌYXÙXÍÍØÍLÌÍ‹ÍMWÓÌÐÌMKÍMWÓÌÐÌMKŒÎXŒÙYXÎØÌÌMÎLÍØÌ˜Ì™ŒÙLŒM˜YX˜ÌŒÎXŒLÎYY™ÍYXX‹ËÍMŽLNMMŒŒŒÌLL‹ŒŒÍŒÍMLÌÌËKLLNLLÍÍMËÌŒLLÌKMŽMLLÌŒNNŽŒÍËLKŒÌMÎÌMŒLÎNNKŒÎÍLNŽMNNNL‹ŒÍŒÍNÎMÌMŒMŽŒŽNLÌMMMLÎLKŒŽÌMÌMNÍÍŒÍŒLKŒÍŒÍNÎMÌMŒMŽŒŽNLÌMMMLÎLKŒŽÌMÌMNÍÍŒÍŒLKŒÍ‹L‹LËMNLŒ‹Œ‹NŒÌËÌË˜[ÙKKKKVT’SQS•SÔÒQÕË˜[ÙKLŽMÍ‹˜ŽM™ŽMXÍYŒÙ™˜ŒMÍLXÌŒL™LLYM™ÍYYMMX˜ÌÌÎMLMLYNNYBŽŽØXŽLXŒLŽXXÍÍNYXÙY˜ŒÍÍLÍŒL™ŽŒXØÌYXÙXÍÍØÍLÌÍËÍMWÓÌÐÌŒÍMWÓÌÐÌŒŒÎXŒÙYXÎØÌÌMÎLÍØÌ˜Ì™ŒÙLŒM˜YX˜ÌŒÎXŒLÎYY™ÍYXX‹ŒLNŽMMLŒÎMŒ‹ŒŒÍMÍÍLŒŽÍKKŽLMLÌMÎËŽKŽNMÍÌNÌMŒÍÎL‹NKŽLÎŽLÍNLMŽKLKÍMÍŒÍÍËŒMMŒÌLŒÍÍM‹ŒÎŒMŽÍLÌÎMMÌŒ‹ŒŒŽLÍÍÍÌKŒŽLMŽMÌLÍŒÎŒMŽÍLÌÎMMÌŒ‹ŒŒŽLÍÍÍÌKŒŽLMŽMÌLÍLÌNNKMLKNNKNL‹ÍÍK˜[ÙKKKKVT’SQS•SÔÒQÕË˜[ÙKLŽMÍËŒLÎMŒŽLNØL˜ÌN˜ÙXXLMLÌLNÌ™LÙ˜ÍYLŒØÎÙŒÍYŒ˜Ž‚ŽŽØXŽLXŒLŽXXÍÍNYXÙY˜ŒÍÍLÍŒL™ŽŒXØÌYXÙXÍÍØÍLÌÎÍMWÓÌÐÌKÍMWÓÌÐÌKŒÎXŒÙYXÎØÌÌMÎLÍØÌ˜Ì™ŒÙLŒM˜YX˜ÌŒÎXŒLÎYY™ÍYXX‹MÌMÎMÎÍÍŽÍMM‹‹ŒŒÍÌŒÍLLŒMÍÍMKKMÍÍÎMÍŽLNLÍÌÍ‹ŽKŽNMÌLÌÍÍLÍNKŽLNŒMŒÎMNLÌKL‹ŒNMÌÌMLMŒÍÌMËŒMÌMMNLÍMŒLÌÎLŒLÌLMËŒŒLÌÍLÍŽLÍŽŽKŒŽMÍÍÎMLLÍŽLÌÎLŒLÌLMËŒŒLÌÍLÍŽLÍŽŽKŒŽMÍÍÎMLLÍŽŽLNLKL‹LÎN‹MMKNLÌÍKÍK˜[ÙKKKKVT’SQS•SÔÒQÕË˜[ÙKLŽMÎŒ™YŒÍLŒ™™ŽÌÌÌØ˜˜™™LŒŽXÎYÍ™XNXŽYXŒŽL˜YŽMŒØŒY‚ŽŽØXŽLXŒLŽXXÍÍNYXÙY˜ŒÍÍLÍŒL™ŽŒXØÌYXÙXÍÍØÍLÌÎKÍMWÓÌÐÌÌÍMWÓÌÐÌÌŒÎXŒÙYXÎØÌÌMÎLÍØÌ˜Ì™ŒÙLŒM˜YX˜ÌŒÎXŒLÎYY™ÍYXX‹KŒMNMŽÍÍÎLLNLK‹ŒŒÍMNNMÍLŒÍŽKŽLŽNLÌNMMËŽKŽNNLMŽMÍŽŽKŽLÌÍŒÌŽL‹ŒŒLÍMÎMŽNLŒLŽNLÎNMÎNMNNMKÍŒMŒMŽMÍLKŒNMMMÍMÍÌNLNNKŒŽMÍMNLÌÌÍÌMNKÍŒMŒMŽMÍLKŒNMMMÍMÍÌNLNNKŒŽMÍMNLÌÌÍÌMNKŽKLLKLLKLŽL‹LLNMLÍ‹ÍË˜[ÙKKKKVT’SQS•SÔÒQÕË˜[ÙKLŽMÎKYÍLLÙYŒØÎLÍÎÎ™˜LØMY™Y˜YŒNNYNYLŒYLMÎMLLÙXÙ˜LXÙ‚ŽŽØXŽLXŒLŽXXÍÍNYXÙY˜ŒÍÍLÍŒL™ŽŒXØÌYXÙXÍÍØÍLÌÍMWÓÌÐÌÍKÍMWÓÌÐÌÍKŒÎXŒÙYXÎØÌÌMÎLÍØÌ˜Ì™ŒÙLŒM˜YX˜ÌŒÎXŒLÎYY™ÍYXX‹KÍÌLÎMNÌMŽMMK‹ŒŒÍMŽMÍŽŽLŒMNKKÍMÍMÍNLŽNKŽKŽNMMÌÌMMÌÍÍMMKÍŽLŒLMLŒÍKLËŒLMLÍÌÎLÌËŒNLNNMŒMÍÌÌŒ‹NLÌLÍÌLŽLKŒMÍMÌMŒLLLÎKŒÌMÌÎLLÎLLÌKNLÌLÍÌLŽLKŒMÍMÌMŒLLLÎKŒÌMÌÎLLÎLLÌKÌNLMËLMËLMKNMÌÍËÍË˜[ÙKKKKVT’SQS•SÔÒQÕË˜[ÙKLŽNÍÌ™™ØYLLÍYÍŒYY˜XYÍLÙŒXYNØLØL˜ÌÙXNXØLM™˜ÌNLÎYBŽŽØXŽLXŒLŽXXÍÍNYXÙY˜ŒÍÍLÍŒL™ŽŒXØÌYXÙXÍÍØÍLÌKÍMWÓÌÐÌÍMWÓÌÐÌŒÎXŒÙYXÎØÌÌMÎLÍØÌ˜Ì™ŒÙLŒM˜YX˜ÌŒÎXŒLÎYY™ÍYXX‹LLMÍÎLLÎMMÍ‹‹ŒŒÍLLÎÌŒŽLNKKŽÍLLŽMÌMÎNMËŽKŽNNLLÌÌÍMŒKÎKŽMLÌLÌ‹LËÍÎLÌŒLLÎŒNMNLÌŒŽMŒÎLÍNKNNMÍÍNNNKŒMMMMÍMÍÌLLKŒÌÎMLNMŒÎNNMÍÍNNNKŒMMMMÍMÍÌLLKŒÌÎMLNMŒÎÌMLŒ‹LŒËLNÎÎKNNMLKÎÎ˜[ÙKKKKVT’SQS•SÔÒQÕË˜[ÙKLŽNKM™™ÍLMÍ™XMNÙ˜Y™Œ™ŒYŒMÌÙÙMŒŒMÙ™YM™NL˜ÌŒÎÍÌØL‚ŽŽØXŽLXŒLŽXXÍÍNYXÙY˜ŒÍÍLÍŒL™ŽŒXØÌYXÙXÍÍØÍLÌ‹ÍMWÓÌÐÌKÍMWÓÌÐÌKŒÎXŒÙYXÎØÌÌMÎLÍØÌ˜Ì™ŒÙLŒM˜YX˜ÌŒÎXŒLÎYY™ÍYXX‹LKŒÎLÎMNLÌLÍÍNK‹ŒŒÍMŽŒNLNŒKŽMÌŽMÌŒLŒLÎKŽKŽNMMÌÍÍÌLLÍŒKŽMÍÍLŒŽÎMKLËŽLÌMLLŒŒLMÍL‹ŒNNLLŒNMLŒÌŽNKLÍLLLÍŽKŒLMÍÍLMŒÍNMÌŽLËŒÌŒÍÍÎMŒŽKLÍLLLÍŽKŒLMÍÍLMŒÍNMÌŽLËŒÌŒÍÍÎMŒŽKÌŽNM‹LŽLŽKÍÌMËÌÌKŒNÎK˜[ÙKKKKVT’SQS•SÔÒQÕË˜[ÙKLŽN‹XŽÙÌNXÌNNX˜LMÌÍMŽYŽYMMØÌLØÙ˜ÌÍØNNXØÍLX˜NMX™ŒXMÌÙBŽŽØXŽLXŒLŽXXÍÍNYXÙY˜ŒÍÍLÍŒL™ŽŒXØÌYXÙXÍÍØÍLÌËÍMWÓÌÐÌLÍMWÓÌÐÌLŒÎXŒÙYXÎØÌÌMÎLÍØÌ˜Ì™ŒÙLŒM˜YX˜ÌŒÎXŒLÎYY™ÍYXX‹LKÍÌÌÌNMMLNLÍ‹‹ŒŒÍÎLŒMLML‹‹ŒÍLŽMLMNMŒŽKŽNMLNMŽNLLÌKKŽÍÍÌLÍLÌ‹MŒÍMMÍÍŒÌÎLŒŒÍÎKŒMMLMLÍLMNŽNKLMÌLÍŒŒŒÍÍÍËŒÌŒNLÍMMNLŒLÌËŒÌLMLNLÍÍLÌÌLLŒÎKLMÌLÍŒŒŒÍÍÍËŒÌŒNLÍMMNLŒLÌËŒÌLMLNLÍÍLÌÌLLŒÎKÍL‹LÍLÍKÌÌKNNŒMKÎKÎK˜[ÙKKKKVT’SQS•SÔÒQÕË˜[ÙKLŽNËMÍÌÍMYŒ™NXŽX˜MYMÙŒÍØYNLÌŒÌX˜LNXMØŒNYXX˜YLXX™XÂŽŽØXŽLXŒLŽXXÍÍNYXÙY˜ŒÍÍLÍŒL™ŽŒXØÌYXÙXÍÍØÍLÌÍMWÓÌÐÌMKÍMWÓÌÐÌMKŒÎXŒÙYXÎØÌÌMÎLÍØÌ˜Ì™ŒÙLŒM˜YX˜ÌŒÎXŒLÎYY™ÍYXX‹L‹MÍMÍŽMNMŒK‹ŒŒÍMNNMŒMÌË‹ŒLMÍLÎMNLŽŽKŽNMÍNMÌÎML‹MŽŒÍMMŒMŒËMÍÍLMNŒÎËŒLÌŒŒÍÍŒÍMÌŽNKMÍÎÍMNMNMÌÍËLŒLMMŒŽLKŒÌMNLÍNÌŒMÍÎÍMNMNMÌÍËŒÌMNLÍNÌŒÍNL‹MMŒËKYKKKKVT’SQS•SÔÒQÕË˜[ÙKLŽNŒŽL™˜ŽXÙÌŒ˜ØØL˜MLŒŽØÍ™LXYŒŒ™˜˜ÌØMYYXØYŒÎÍÍBŽŽØXŽLXŒLŽXXÍÍNYXÙY˜ŒÍÍLÍŒL™ŽŒXØÌYXÙXÍÍØÍLÌŒ‹ÍMWÓÍWÐÌKÍMWÓÍWÐÌKŒÎXŒÙYXÎØÌÌMÎLÍØÌ˜Ì™ŒÙLŒM˜YX˜ÌŒÎXŒLÎYY™ÍYXX‹ÍŒÍÎNŒÌÌŒÌËMÍÌÍMLÌŒŒËËŒLLŒLÌLÍŒŽÍMËÍŽNNMÌNŒÍŽ‹ŽNLÍMŽÍNLÌMMËLÎLLŒNŽLŒNLÍÌÎŒMNLŒMÍŒNMLNNMËŒÍLÌÍŒMŒLNÌÌŒÌLŒŒMŒÌÌŽMLËŒÌŒMŽÌMLLN‹ŒÍLÌÍŒMŒLNÌÌŒÌLŒŒMŒÌÌŽMLËŒÌŒMŽÌMLLN‹ŒÌLÎKLLŒŒKÎKŒLÍÍKË‹˜[ÙKKKKVT’SQS•SÔÒQÕË˜[ÙKLŽNKLÎLM™MY™LNNLÎLLÌLMŽLXÙXNLÌÍÍØLÎMŒ˜ÙL™LØÍM‚ŽŽØXŽLXŒLŽXXÍÍNYXÙY˜ŒÍÍLÍŒL™ŽŒXØÌYXÙXÍÍØÍLÌŒËÍMWÓÍWÐÌLÍMWÓÍWÐÌLŒÎXŒÙYXÎØÌÌMÎLÍØÌ˜Ì™ŒÙLŒM˜YX˜ÌŒÎXŒLÎYY™ÍYXX‹KŒÍMŒÍMŒNNÌÌÌ‹MÌÎŽÍÌŽLKËŒŒNNMMMLŽŽMŒ‹ÍŽNNLLMŽMMËKŽMÍÌNMÍLNMKLŽÎMÌÎMLMÌMŽLŒMNÍMÎŒKŒÎNŒÌŽLLÌŽMÎKŒÌÎLÌNÌÍŒŒŒKŒÌŽMŽLMNÌÌÎLKŒÎNŒÌŽLLÌŽMÎKŒÌÎLÌNÌÍŒŒŒKŒÌŽMŽLMNÌÌÎLKLŒËMËMËNMÌL‹ÍËÍ‹ŒMŒKË˜[ÙKKKKVT’SQS•SÔÒQÕË˜[ÙKLŽN‹ÎÎYŽNYX˜M˜ŒÍL™X˜ÙMXŽMÙ™YØXØMLÙŒÎNMÍŽÌ™Y˜XÎŽŽØXŽLXŒLŽXXÍÍNYXÙY˜ŒÍÍLÍŒL™ŽŒXØÌYXÙXÍÍØÍLÌÍMWÓÍWÐÌMKÍMWÓÍWÐÌMKŒÎXŒÙYXÎØÌÌMÎLÍØÌ˜Ì™ŒÙLŒM˜YX˜ÌŒÎXŒLÎYY™ÍYXX‹KŽMÎLNMÎŒLNÍËMÍÌŒLLËŒÌŒÍLNMNÍŽNÌKÍŽNNMŽÌŽÌÍLLKMŽMLÌÍMLÍMÍNLKŒÌŒŒŒŒMÍÍŒLŒMLŽMŽLÍMLŒŒNNNŒŽÌNMÌŽMÍŒNLMËŒÌÌÌLMÍLÍËLŒŒNNNŒŽÌNMÌŽMÍŒNLMËŒÌÌÌLMÍLÍËŽŒKLLNMKÍÌËŒNÌKK˜[ÙKKKKVT’SQS•SÔÒQÕË˜[ÙKLŽNËXŒ˜ÍÙŽM˜ŒÌN™Y˜Ì˜ØŒÍ˜YLÙMØYYLXŒML˜ÙÍYXÍX˜BŽŽØXŽLXŒLŽXXÍÍNYXÙY˜ŒÍÍLÍŒL™ŽŒXØÌYXÙXÍÍØÍLÌKÍMWÓÍWÐÌŒÍMWÓÍWÐÌŒŒÎXŒÙYXÎØÌÌMÎLÍØÌ˜Ì™ŒÙLŒM˜YX˜ÌŒÎXŒLÎYY™ÍYXX‹LŒŽNLŒÍŒÎMMÍÍLŒÌŽMMLŽKËÌÍÌŽLŒÍÍŽNNLÎŒŒÍŒKNKŽLÍÎLÍÌÎMŽMLKÍLŒÌNÍMÌMŒÍŒÍ‹ŒMŽLLÍÌL‹ÍMMMLŒNNLŒŒ‹ŒÍMMNMŒNLËŒÌÍŽLŒŽNNLÎMŒ‹ÍMMMLŒNNLŒŒ‹ŒÍMMNMŒNLËŒÌÍŽLŒŽNNLÎMŒ‹ŽMLKLLKLLKMÎNMÌÌŒŒK‹‹˜[ÙKKKKVT’SQS•SÔÒQÕË˜[ÙKLŽNL™˜ÍŒÎM™ÎLÍ˜ÙMY™™NMŒMÌYÌÎMXÎYNYYMÙLYYŒL‚ŽŽØXŽLXŒLŽXXÍÍNYXÙY˜ŒÍÍLÍŒL™ŽŒXØÌYXÙXÍÍØÍLÌ‹ÍMWÓÍWÐÌKÍMWÓÍWÐÌKŒÎXŒÙYXÎØÌÌMÎLÍØÌ˜Ì™ŒÙLŒM˜YX˜ÌŒÎXŒLÎYY™ÍYXX‹LKŒÌÍÌŒMMMŒÌLÎKMÌÍÍMŽÌÌŽËMNMŒÍMLŒÍÍÍÍKÍŽNMÎMÍŒNLŒÌKŽLŒÌÍÌMMLŒŒM‹L‹ŒNMÍNLŽÎLŽNŒNNÌŒLÌÌŒNNKŒLÌMÍLMŒÌŒKŒNLÌLLLÌŒKŒÍŒLŒMŒ‹ŒLÌMÍLMŒÌŒKŒNLÌLLLÌŒKŒÍŒLŒMŒ‹ÌŒŽKLNLMËMŽNM‹‹ŒŒŽMKË‹˜[ÙKKKKVT’SQS•SÔÒQÕË˜[ÙKLŽNKÎXY˜ØÎ˜ŒLÎL™™MN˜ÍÍYYLLN™MYMNÍYLÍÌXØÙÍØŒMBŽŽØXŽLXŒLŽXXÍÍNYXÙY˜ŒÍÍLÍŒL™ŽŒXØÌYXÙXÍÍØÍLÌËÍMWÓÍWÐÌÌÍMWÓÍWÐÌÌŒÎXŒÙYXÎØÌÌMÎLÍØÌ˜Ì™ŒÙLŒM˜YX˜ÌŒÎXŒLÎYY™ÍYXX‹L‹ŒÎMŒLŽŒÌ‹MÌNÌMŒŽKËLNLLLLŽŒŽÍŽNMÍNLŒNLÌLÌŽKŽLÍLÎMÍLNMMËL‹ŒMÌLNÍŒMÍKŒNLMŒŒŽNNNŒMÍNÍŽMÌÌMKŒŒÌLMŒLŽMMŽKŒÍÍÌŒNŽNM‹ŒMÍNÍŽMÌÌMKŒŒÌLMŒLŽMMŽKŒÍÍÌŒNŽNM‹ÌNŒKLLMNÍKŒ‹ŒKŒL‹˜[ÙKKKKVT’SQS•SÔÒQÕË˜[ÙKLŽNLXMŒMXXŒ™LÌYŒYLÎÙ™ØÙNL˜ÍŒŒ˜LØŽN™LNYXXYNYŒÌ˜YŒYŽŽØXŽLXŒLŽXXÍÍNYXÙY˜ŒÍÍLÍŒL™ŽŒXØÌYXÙXÍÍØÍLÌŽÍMWÓÍWÐÌÍKÍMWÓÍWÐÌÍKŒÎXŒÙYXÎØÌÌMÎLÍØÌ˜Ì™ŒÙLŒM˜YX˜ÌŒÎXŒLÎYY™ÍYXX‹L‹ÍMÍÎNÌNKMÌÍÍŒLÍŒLKËÍŒLÍNMMÍÌNËÍŽNMŽMNLLNÍŒKÍŽMMÍML‹LËŒLŒMÌÍŽÎMÌÌÌŒËŒNMŒMLŒŽMŒKLLMLNLÎÍŒËŒŒŒŽÌŒNLKŒÍÌÌLMÍŒMÌÎLŒ‹LLMLNLÎÍŒËŒŒŒŽÌŒNLKŒÍÌÌLMÍŒMÌÎLŒ‹ÌÍMKLÌLÌMŒËMËM‹ŒÍNK˜[ÙKKKKVT’SQS•SÔÒQÕË˜[ÙKLŽNLK˜LØ˜Ø™Y˜™NNX™NLÌØ™XÍLÙŽMLLÌXŒŽLÙXÌŒŽX˜ŒÎ˜ŒLŽŽØXŽLXŒLŽXXÍÍNYXÙY˜ŒÍÍLÍŒL™ŽŒXØÌYXÙXÍÍØÍLÌŽKÍMWÓÍWÐÌÍMWÓÍWÐÌŒÎXŒÙYXÎØÌÌMÎLÍØÌ˜Ì™ŒÙLŒM˜YX˜ÌŒÎXŒLÎYY™ÍYXX‹LËLMŒÌMÌLÍŽMLÌÎMŒŽLÍÌLŒËËŽÌMLŒÎMËÍŽNLÎLÍLÎËÎKŽŽMŒÎŽMÌMMM‹LËLÌŒLLLMLÍ‹ŒŒÌLLŽLÌŒÎMLL‹LÍÌŽNMNMNÌŒKŒŒÍNNLLÍŽMŽKŒÍLMLÌÍNMLËLÍÌŽNMNMNÌŒKŒŒÍNNLLÍŽMŽKŒÍLMLÌÍNMLËÍLMËLÍ‹LÍ‹LÌLÎLKLŒŽNL‹K˜[ÙKKKKVT’SQS•SÔÒQÕË˜[ÙKLŽNL‹˜ÍÍYYŒXÌÌÍŽYYLLYLNÍYŽXŒÎXÍLŒ˜ÍŽYLÍLØ˜ŒÙNLXYYYBŽŽØXŽLXŒLŽXXÍÍNYXÙY˜ŒÍÍLÍŒL™ŽŒXØÌYXÙXÍÍØÍLÌÌÍMWÓÍWÐÌKÍMWÓÍWÐÌKŒÎXŒÙYXÎØÌÌMÎLÍØÌ˜Ì™ŒÙLŒM˜YX˜ÌŒÎXŒLÎYY™ÍYXX‹MŒŽMMMÎLŒÍŽMÌMÍÌÍÌ‹ËŽNŒŒLŒNL‹ÍŽNMÍÌÍŽÌŒÍLÌKŽMŽÍÍÌËLËŽLMMÌŒÌNKŒŒMŽMLMÎMKMMÎLÌŽMMLÎKŒMÌÎLŒŒÍÌLÎLLLLKŒÍMLÍÍÌŒÌÍMMMÎLÌŽMMLÎKŒMÌÎLŒŒÍÌLÎLLLLKŒÍMLÍÍÌŒÌÍMÍMMËM‹M‹LLÎNŒÌŒËLL˜[ÙKKKKVT’SQS•SÔÒQÕË˜[ÙKLŽNLËMÙX™ÍŒLÍMXØÍ™ŽM™ŽX˜XÌØŽLLŒŒÌXYYŽNMÙLÍXX˜LÍNLYLBŽŽØXŽLXŒLŽXXÍÍNYXÙY˜ŒÍÍLÍŒL™ŽŒXØÌYXÙXÍÍØÍLÌÌKÍMWÓÍWÐÌLÍMWÓÍWÐÌLŒÎXŒÙYXÎØÌÌMÎLÍØÌ˜Ì™ŒÙLŒM˜YX˜ÌŒÎXŒLÎYY™ÍYXX‹MKŒLMLÌMLŒŒNKMŒLMLNMLÌMËŒMÎNÌMÍŽLÌŽLËÍŽNMMMMMŒŒLLM‹KŽMÍŒLÌÎMMÍMKMŒÍLŒÌŒÎLŒNLÌËŒMÍMMLNLŒMÌLÌËNÍŒLÍÌÌËŒMÌŽMÌNMÎNLŒKŒÍNÎMŽMMÍNÍŒLÍÌÌËŒMÌŽMÌNMÎNLŒKŒÍNÎMŽMMÍÎŽMMLŒŒËÍ‹ÍKŒÍŒ‹LKL˜[ÙKKKKVT’SQS•SÔÒQÕË˜[ÙKLŽNMÍŒÍYÎØÍÙ™L™Y˜NNYŽXNÍŒŽMÎNM™˜ŒMÙYÍÙÍŒLÍÍ™Ì˜ÙNLBŽŽØXŽLXŒLŽXXÍÍNYXÙY˜ŒÍÍLÍŒL™ŽŒXØÌYXÙXÍÍØÍLÌÌ‹ÍMWÓÍWÐÌMKÍMWÓÍWÐÌMKŒÎXŒÙYXÎØÌÌMÎLÍØÌ˜Ì™ŒÙLŒM˜YX˜ÌŒÎXŒLÎYY™ÍYXX‹MKŽMŽÍÍMÎNÌMÌËMLMLÌÌÌNNŒËŒŒLÌLŒLLLÍNÍŽNLÍLŽMÍËMŽMŒMÎNM‹MÎLÍÍŽNÌÎLŒËŒÌMLÌÌMŒŽKŒÍŽMÌÎNMNNMËŒMNNŒÎLÌLŽLËŒÍŒMŒÌÌMÎÍLMLŒÍŽMÌÎNMNNMËŒMNNŒÎLÌLŽLËŒÍŒMŒÌÌMÎÍLMLÎMMŒËMMMLËŒŒŒËŒÍÌL‹L‹˜[ÙKKKKVT’SQS•SÔÒQÕË˜[ÙKLŽNMK˜XYØÍ˜ŽLL™XØÙLMLYŽXŽØLÍNXŒX™M™ŽŽÙNLL˜NŒÙYNLBŽŽØXŽLXŒLŽXXÍÍNYXÙY˜ŒÍÍLÍŒL™ŽŒXØÌYXÙXÍÍØÍLÌÌËÍMWÓÍWÐÌŒÍMWÓÍWÐÌŒŒÎXŒÙYXÎØÌÌMÎLÍØÌ˜Ì™ŒÙLŒM˜YX˜ÌŒÎXŒLÎYY™ÍYXX‹M‹ŽLÎMMLMNLŒKMŒŒÌÍÍŒŒÌÍŒMŒLÎNLMMËÍŽNMMŽLLLŒMŽMÌËNKÎNMÌŒÍMLLLL‹MKŒŒLŽLLLLMLNŒLLÌŒÎLŒŒÌMŒŒÍMLLMËŒÎLŽMNNMÌŒNNNKŒÍLŒNŒMLMÎMÌMNKŒŒÍMLLMËŒÎLŽMNNMÌŒNNNKŒÍLŒNŒMLMÎMÌMNKLKMŒMŒLMË‹ŒÎLÍKLËLË˜[ÙKKKKVT’SQS•SÔÒQÕË˜[ÙKLŽNM‹˜NL˜M™LYŒYŽÙNMYMYLLØÎNLNYMYXÙ™NXÍŒÌ˜ÙXMMLBŽŽØXŽLXŒLŽXXÍÍNYXÙY˜ŒÍÍLÍŒL™ŽŒXØÌYXÙXÍÍØÍLÌÍMWÓÐÌKÍMWÓÐÌKŒÎXŒÙYXÎØÌÌMÎLÍØÌ˜Ì™ŒÙLŒM˜YX˜ÌŒÎXŒLÎYY™ÍYXX‹LKLÌMÍŽMLŒKLKŒLŒNMËKŒŽÌÎLÌ‹ŒMÍÌÍÌMNŽNŒÍÍŒLMÍÌŽLÌMÍLÌŒŒŽLŽM‹ŒNNLÍM‹ÍÌÎLÍŒMÌKŒÍNLNÌLÎNÎL‹ŒÍÌÌŒÎLÌLNMLKÍÌÎLÍŒMÌKŒÍNLNÌLÎNÎL‹ŒÍÌÌŒÎLÌLNMLKŒŒËL‹L‹ŒÍLŒL‹LKKMKM˜[ÙKKKKVT’SQS•SÔÒQÕË˜[ÙKLŽNMËÎÍYYMXLMLŒMÙLNŽYXYMLŽYØØLMNLÌXŽNMÍXYMÍŽX™BŽŽØXŽLXŒLŽXXÍÍNYXÙY˜ŒÍÍLÍŒL™ŽŒXØÌYXÙXÍÍØÍLÌKÍMWÓÐÌLÍMWÓÐÌLŒÎXŒÙYXÎØÌÌMÎLÍØÌ˜Ì™ŒÙLŒM˜YX˜ÌŒÎXŒLÎYY™ÍYXX‹L‹ŒÌŒÍŽÎM‹LKŒLŒLLNKKLÌMNMÍÌÍÌL‹ÎKŽNNÌÌÌMMLKKŽMÎMMÎMÍLLMLKLŽÎMMÍÎMŒÎÍËŒNŽNLŒÌŽŒŽNÌÎÌMŒLL‹ŒÍÌŽŒLÍMMKŒÍÍÍLÎMLMËÌÎÌMŒLL‹ŒÍÌŽŒLÍMMKŒÍÍÍLÎMLMËŽŒKLLLKŒÍŒKŽKM‹M‹˜[ÙKKKKVT’SQS•SÔÒQÕË˜[ÙKLŽNNL˜LÌÙ˜ÌXÌ˜ÍŒÙ™M˜MÍÌLNNYMY™™MÌLŒŒ˜ŒLX™ŒÎÎLŒØÌŽ‚ŽŽØXŽLXŒLŽXXÍÍNYXÙY˜ŒÍÍLÍŒL™ŽŒXØÌYXÙXÍÍØÍLÌLÍMWÓÐÌMKÍMWÓÐÌMKŒÎXŒÙYXÎØÌÌMÎLÍØÌ˜Ì™ŒÙLŒM˜YX˜ÌŒÎXŒLÎYY™ÍYXX‹L‹ŽNNMMÎÌŒËLKŒNNMMMMNKNÌMÌŽÍMŽMŒKÎKŽNNÍÍLMŒÌÍËMŽMLÌÍÌLNLŒMËLKŒÌLMŽMŽŒLMËŒLMÍLŒNŒKNŽMŒŽLLLLŒÌÍÎÎLÌŒÌÎLÍŒÌ‹ŒÎŒŒÌÌÌÌLÍŽKNŽMŒŽLLLLŒÌÍÎÎLÌŒÌÎLÍŒÌ‹ŒÎŒŒÌÌÌÌLÍŽKÌŒLMËLMËŒNMKKLNMËM‹˜[ÙKKKKVT’SQS•SÔÒQÕË˜[ÙKLŽNNKYL™MYYXL™MLXŒMØÍÎYLŒŒÍŒÌYŽMÙØX˜ÙN™MŒMÎLX™XMBŽŽØXŽLXŒLŽXXÍÍNYXÙY˜ŒÍÍLÍŒL™ŽŒXØÌYXÙXÍÍØÍLÌLKÍMWÓÐÌŒÍMWÓÐÌŒŒÎXŒÙYXÎØÌÌMÎLÍØÌ˜Ì™ŒÙLŒM˜YX˜ÌŒÎXŒLÎYY™ÍYXX‹LËÍNMMÎLÍŒLMLÌKLKŒLMŒMÎMNKKÎŒMÎLÌKŒÍLŒÍ‹NKŽLÍNMŒÍŒLKLKÍÍŒÍŒÎMÎMŒLŒÎMÎŒÍŒÍLÎKŒMÍNNMLŒŒŽMËŒÌŒLMMMÎMNMŽ‹ŒÎÎNMÌŒNËŒMÍNNMLŒŒŽMËŒÌŒLMMMÎMNMŽ‹ŒÎÎNMÌŒNËÌNMLLŒL‹‹LMMNN˜[ÙKKKKVT’SQS•SÔÒQÕË˜[ÙKLÌLŒ™ŽMMÙMÌXYŒŒLŽMXÌ˜ÌXÌÙMLYNYŽNXMØØMÌŒ˜ÍÂŽŽØXŽLXŒLŽXXÍÍNYXÙY˜ŒÍÍLÍŒL™ŽŒXØÌYXÙXÍÍØÍLÌL‹ÍMWÓÐÌKÍMWÓÐÌKŒÎXŒÙYXÎØÌÌMÎLÍØÌ˜Ì™ŒÙLŒM˜YX˜ÌŒÎXŒLÎYY™ÍYXX‹MMNLÍŽÎLÌŒKLKŒLÎMŒLKŽLMMLLLŒŒŒŒ‹ÎKŽNMÌÍMÎMÍÍÍMÌKŽLNLNÎLŒMKL‹ŒMÍMÌNNLÍŒMMÎMŒLNMŒL‹LLMŒÍŒLNNLNLKŒÌŒNLML‹ŒÎÌÍŒMMÍŒMLÎMMKLLMŒÍŒLNNLNLKŒÌŒNLML‹ŒÎÌÍŒMMÍŒMLÎMMKÌÍNKLÌKLÌKŒ‹ÎÎLÎ‹NKN˜[ÙKKKKVT’SQS•SÔÒQÕË˜[ÙKLÌKŒÙÍÙYXLÙ˜ÙMÍŽY˜XÌMMXØNL˜ŽXNXÙÙLYM™Œ™ŽŽØXŽLXŒLŽXXÍÍNYXÙY˜ŒÍÍLÍŒL™ŽŒXØÌYXÙXÍÍØÍLÌLËÍMWÓÐÌÌÍMWÓÐÌÌŒÎXŒÙYXÎØÌÌMÎLÍØÌ˜Ì™ŒÙLŒM˜YX˜ÌŒÎXŒLÎYY™ÍYXX‹MKŒÎLNLÍLŒŒËLKŒŒLNLÌÌ‹LŒLMÌÍLŒLKÎKŽNMŒÍŒŽMŒÌÎNLËŽKŽLNŽÌÍÌL‹ŒŒÍÌLÍLLMŽŒŒŒÍÌLMŽMLLŒMLÎÍMŒLÎŒŽMLÌÎMÎLŒKŒÎLLNNMNŽLMÍKLÎÍMŒLÎŒŽMLÌÎMÎLŒKŒÎLLNNMNŽLMÍKÍLŽKLÍËLÍËNN‹ÍÌËMŒŽLL˜[ÙKKKKVT’SQS•SÔÒQÕË˜[ÙKLÌ‹Œ˜˜ÌNNYLLŒ˜™˜ÌLMŒŒ™ØLØÌÍŽYŽ™L™X™ÙØLLÎ˜ŽX™LMŽŽØXŽLXŒLŽXXÍÍNYXÙY˜ŒÍÍLÍŒL™ŽŒXØÌYXÙXÍÍØÍLÌMÍMWÓÐÌÍKÍMWÓÐÌÍKŒÎXŒÙYXÎØÌÌMÎLÍØÌ˜Ì™ŒÙLŒM˜YX˜ÌŒÎXŒLÎYY™ÍYXX‹M‹ŒMŒÍÎŒÎLKŒÌNMNLLËLŒNLÌÌŽLÍÎKŽNMŒNMLŒLMÍŒËÍŽNMMŒŽNMŽMKLËŒNNÎNÍÍŽLËŒLMMNŒÍLÎNKMŒÍŒÍÍÌŒÍÌÎM‹ŒÌLÎLŒMÍMMÌMŽKŒÎMŽNNŒNLÍMŒKMŒÍŒÍÍÌŒÍÌÎM‹ŒÌLÎLŒMÍMMÌMŽKŒÎMŽNNŒNLÍMŒKÍŽLÍ‹MMËMÍÍÎŽKŽKNËLKL˜[ÙKKKKVT’SQS•SÔÒQÕË˜[ÙKLÌËÍÙL™ŒŽLN™ŒMLÌÌY˜ÍŒNLÙMŽXMLÙLŒÌYNXLYŒLÍÌÎBŽŽØXŽLXŒLŽXXÍÍNYXÙY˜ŒÍÍLÍŒL™ŽŒXØÌYXÙXÍÍØÍLÌMKÍMWÓÐÌÍMWÓÐÌŒÎXŒÙYXÎØÌÌMÎLÍØÌ˜Ì™ŒÙLŒM˜YX˜ÌŒÎXŒLÎYY™ÍYXX‹MËŒMLNÍŒKLKŒŒNMLNMŒKLŒÌMÎMŒNMÎÍÎKŽNMŒLÍÌŒŒLÌŒM‹ÎKŽŽÌŒNLLÌKLËLLNLMMLLŽKŒŒNNMÌNÍŽNKNÌŒŒÌNLÌÌÍKŒLMNLMMÌŽŒÎNÌŒŽMMMŽKNÌŒŒÌNLÌÌÍKŒLMNLMMÌŽŒÎNÌŒŽMMMŽKÎMM‹MLMLMŒŒLL‹LK˜[ÙKKKKVT’SQS•SÔÒQÕË˜[ÙKLÌMÌNYXÌNÍÙÙ˜™NLŒØÌÍ˜Í™YMÎMŒ˜ØYÎMÌ˜ÍŒMXMÍNXMLNBŽŽØXŽLXŒLŽXXÍÍNYXÙY˜ŒÍÍLÍŒL™ŽŒXØÌYXÙXÍÍØÍLÌM‹ÍMWÓÐÌKÍMWÓÐÌKŒÎXŒÙYXÎØÌÌMÎLÍØÌ˜Ì™ŒÙLŒM˜YX˜ÌŒÎXŒLÎYY™ÍYXX‹NŒÍÍMNNMŒÎÌŒËLKŒMŒŒLLLLÌÍŒKÎKŽNMLLMLŒÍŒNNŽMÌMLMÌMŒLÌ‹LËŽLŒMÌÎMMÌÎŒŒMLÎMŒÎLËŒLŒÍÎŒÍŒŒÌKŒŒÍLŽMÍÍLÎKNMMLLNLÎKŒLŒÍÎŒÍŒŒÌKŒŒÍLŽMÍÍLÎKNMMLLNLÎKMKMM‹MM‹MŒNNŒÍ‹L‹LË˜[ÙKKKKVT’SQS•SÔÒQÕË˜[ÙKLÌKÎØÍYNLŽNLŒÌL˜ŽŒXLXÌŽYNXŽXLNM˜ØXÍÍÙMÙ™MYŒNXNXMØ‚ŽŽØXŽLXŒLŽXXÍÍNYXÙY˜ŒÍÍLÍŒL™ŽŒXØÌYXÙXÍÍØÍLÌMËÍMWÓÐÌLÍMWÓÐÌLŒÎXŒÙYXÎØÌÌMÎLÍØÌ˜Ì™ŒÙLŒM˜YX˜ÌŒÎXŒLÎYY™ÍYXX‹NKŒÎÎŒLMŽKLKŒLLŒM‹LNNMŽLŒÍL‹ÎKŽNMLÍŒÎÌMKKŽÌLÍNMŒMMŒÍŒËMŒÍNÌÍÎMŽMMŒËŒŒÌÌÌŽLÍŽNNÌLKŒÍNLÍLLMMÌLËŒNNÌMÎMÌKMLÍLÌNKŒÍNLÍLLMMÌLËŒNNÌMÎMÌKMLÍLÌNKMÌNKMŒ‹MŒ‹LÌŒËLKLNLËLË˜[ÙKKKKVT’SQS•SÔÒQÕË˜[ÙKLÌ‹N™YNMÌŽXÙYLÍ˜˜MLÎŽMÍNL™MŽ™ŒŽXÎXXÍ˜ÍXXLL™™YŽYŒŽŽØXŽLXŒLŽXXÍÍNYXÙY˜ŒÍÍLÍŒL™ŽŒXØÌYXÙXÍÍØÍLÌNÍMWÓÐÌMKÍMWÓÐÌMKŒÎXŒÙYXÎØÌÌMÎLÍØÌ˜Ì™ŒÙLŒM˜YX˜ÌŒÎXŒLÎYY™ÍYXX‹ŒŒÌNŽMÌÍÌNKLKŒÌŒÍÍLMÌÍÌ‹LÌŒÌLŒŽMM‹ÎKŽNLÍÎMŒLÍMËMŽŒNÌLÍÍMMŽKMÎMÍLŒNŒŽMÎŒÌNNÍÍÍÍÍÍÍŒ‹ŒŒÍLLNMMÌKŒMLŒŒÌÍÍLKLÍLÌMNLMŽKŒŒÍLLNMMÌKŒMLŒŒÌÍÍLKLÍLÌMNLMŽKÌŽKMŽMŽLÍM‹‹KŽËLL˜[ÙKKKKVT’SQS•SÔÒQÕË˜[ÙKLÌËŒYLLÙ™ŒX™˜ØÙ˜ÌÌÙŒLØÙYŒÍÌMMLØÍLLŒÍÌ™ŒÌÎYŽL™ŒÎŒŒBŽŽØXŽLXŒLŽXXÍÍNYXÙY˜ŒÍÍLÍŒL™ŽŒXØÌYXÙXÍÍØÍLÌNKÍMWÓÐÌŒÍMWÓÐÌŒŒÎXŒÙYXÎØÌÌMÎLÍØÌ˜Ì™ŒÙLŒM˜YX˜ÌŒÎXŒLÎYY™ÍYXX‹ŒKŒNLÎLLNLKLKŒÍŒŒLŽLLŽÎMÍMMKÎKŽNMÍÌMÎLŒÍËNKÎMÌÎMÌÎMŽLLMMKŒŒÌLÌMMŽŒKŒŒÍÍÍNÎLÌLÍKŽÍMMLLNÌNNLM‹ŒLMÎLMŒNMMŒÎKLÌMLÎÍLÍÌNŽÍMMLLNÌNNLM‹ŒLMÎLMŒNMMŒÎKLÌMLÎÍLÍÌNÎMËMÍMÍÍÌŒKÌŽKÌŽKLKLK˜[ÙKKKKVT’SQS•SÔÒQÕË˜[ÙKLÌLÍ˜MÎØÙÎMŒXŽNMŒLŽL˜ŽMÌÎXLMYŽMYYXYMÍÍXLMYØÍŒBŽŽØXŽLXŒLŽXXÍÍNYXÙY˜ŒÍÍLÍŒL™ŽŒXØÌYXÙXÍÍØÍLÌŒÍMWÓÐÌKÍMWÓÐÌKŒÎXŒÙYXÎØÌÌMÎLÍØÌ˜Ì™ŒÙLŒM˜YX˜ÌŒÎXŒLÎYY™ÍYXX‹Œ‹ŒLŒÌŒÌMŒLMŽLKŒNLÎËLŽNNÌÌÌMŽLÎKŽNMŽNNLÎMÌÍ‹ÍÌÌÎÎMŒNMKÎŽŽMÌ‹ŒÌÌÎÌNLLÍKÌÌNŒÎMLLÎ‹ŒÍLŒŽLMÎÌLNKMNMÍÍÎŒKÌÌNŒÎMLLÎ‹ŒÍLŒŽLMÎÌLNKMNMÍÍÎŒKŒÌMNNŒŒ‹KËÌÌ‹L‹L‹˜[ÙKKKKVT’SQS•SÔÒQÕË˜[ÙKLÌKYNYXØ™NMLYYLMYŒÙŽLØ˜˜YYLLÍØÙMNMMØYŽ™MØ˜˜L˜ÌLÎŒBŽŽØXŽLXŒLŽXXÍÍNYXÙY˜ŒÍÍLÍŒL™ŽŒXØÌYXÙXÍÍØÍLÌŒKÍMWÓÐÌÌÍMWÓÐÌÌŒÎXŒÙYXÎØÌÌMÎLÍØÌ˜Ì™ŒÙLŒM˜YX˜ÌŒÎXŒLÎYY™ÍYXX‹ŒËŒŒNMÍMŽNMŒL‹LKŒÌŒMÍÌŒML‹LKŒLÍÌÌÌÌÌÌMËÎKŽNMŒÌLLËŽKÍLMÎNMÎMÌËM‹ŒÌNNÍÌŒLLÌŒÍÍÌMÌÎLNŒ‹ÌŽMNŒŒLLKLŒLÍMÎÎLMÍŒËŒÍŒŒÎLŒÍLKÌŽMNŒŒLLKŒÍŒŒÎLŒÍLKÎLËN‹N‹ÍMLËLËYKKKKVT’SQS•SÔÒQÕË˜[ÙKLÌLŽNLYMÌ™YMÙŽNNL˜YMÍXLNNXX˜Í™L˜ÌØÙYYYXØŒNY˜Y™MŽXY˜ÍBŽŽØXŽLXŒLŽXXÍÍNYXÙY˜ŒÍÍLÍŒL™ŽŒXØÌYXÙXÍÍØÍLÌÌËÍMWÓWÐÌKÍMWÓWÐÌKŒÎXŒÙYXÎØÌÌMÎLÍØÌ˜Ì™ŒÙLŒM˜YX˜ÌŒÎXŒLÎYY™ÍYXX‹MŽŽÌÍÍKMMNMÎLMMÌ‹L‹ŒMLLÍMÌNŒËKŒÌLÌŽMÍËŽNNMLÍŽLÍLÌMŽLÎLNŒŒŽLÍLÌ‹ŒŒŒÎMLÎŒMŒKLÎÌÍŒÎŒNMŽMŽÍLNÍÎŒLŒŒNLLLŒLKLÎÌÍŒÎŒNMŽMŽÍLNÍÎŒLŒŒNLLLŒLKŽMLLMKLMKLLÍNM‹LËLË˜[ÙKT’U‘QT‘ÐŽLMMK‹KKVT’SQS•SÔÒQÕË˜[ÙKLÌLKMY˜ÙLYMŒØŒÌÍYMŽLŽXY˜˜MNLÌŽLNŽYNM™˜MÎÍÍÂŽŽØXŽLXŒLŽXXÍÍNYXÙY˜ŒÍÍLÍŒL™ŽŒXØÌYXÙXÍÍØÍLÌÍÍMWÓWÐÌLÍMWÓWÐÌLŒÎXŒÙYXÎØÌÌMÎLÍØÌ˜Ì™ŒÙLŒM˜YX˜ÌŒÎXŒLÎYY™ÍYXX‹MKÌŽNNLÎLÍÌLÌËMMÍŒLÎLMÎLÌKL‹ŒŽLŽMŽMLŽLÎNŽNNÌMÌÍÍ‹KŽMÌLLÎMŒLÎMLŽÌÍÎLÌMNMÌN‹ŒMÌÌÌÎÎNLÎNMŒÍNNŒÎMÍŒÍÍMŒÍŽŽÍMÌÎNMNÎNLÎNMŒÍNNŒÎMÍŒÍÍMŒÍŽŽÍMÌÎNMNÌMLŒ‹LŒËNÎLKLKÎÌ‹LLK˜[ÙKKKKVT’SQS•SÔÒQÕË˜[ÙKLÌL‹ŒŒŽXØYLYÌŒ˜ŽLLL™™Œ˜˜M™X™XÎXŒØLŽYÌŒXXÌ™LM˜Œ˜YŒÍÎMØÂŽŽØXŽLXŒLŽXXÍÍNYXÙY˜ŒÍÍLÍŒL™ŽŒXØÌYXÙXÍÍØÍLÌÍKÍMWÓWÐÌMKÍMWÓWÐÌMKŒÎXŒÙYXÎØÌÌMÎLÍØÌ˜Ì™ŒÙLŒM˜YX˜ÌŒÎXŒLÎYY™ÍYXX‹M‹MMÍŽLÍÎLMLLÍ‹MMLLŽÍ‹L‹ŽMÍÌMMŽŽNNLNLŒLŽËMŽMMŒÌÌÎNNNLKŒÌLŒMÍÍÍKŒLÍMNLÌMŽLÎKLLNÌŒMÎÍËŒÎŒÌŒMLMŒÍKŽÍŽŒÍÌÌLÌKLLNÌŒMÎÍËŒÎŒÌŒMLMŒÍKŽÍŽŒÍÌÌLÌKÌÌÍNKLÌLÌKLMMËNŽÌ‹LKLK˜[ÙKKKKVT’SQS•SÔÒQÕË˜[ÙKLÌLËLLYNXŒYXŒŒŽ˜˜ÎMØÍYÌŽMM™ŒLŒØLNYŒÌÎŽLÍÍØÌÌŽŽØXŽLXŒLŽXXÍÍNYXÙY˜ŒÍÍLÍŒL™ŽŒXØÌYXÙXÍÍØÍLÌÍ‹ÍMWÓWÐÌŒÍMWÓWÐÌŒŒÎXŒÙYXÎØÌÌMÎLÍØÌ˜Ì™ŒÙLŒM˜YX˜ÌŒÎXŒLÎYY™ÍYXX‹MËLLŽLÍÌÍMKMLÎMNLÍŒLÌËL‹NMÎŒNM‹ŽNMÎLNMÍLÎMËNKŽMMMMŒÎLKLKÍŒŒMŽÍLÍKŒMÌÍLMLMŒLÍŒËLÍÌŒMMNÎŽM‹ŒÍŽŽÌÌÍÍŒÌŒËÌNNMŒLŽLÌÌNMÌ‹LÍÌŒMMNÎŽM‹ŒÍŽŽÌÌÍÍŒÌŒËÌNNMŒLŽLÌÌNMÌ‹ÍLŒ‹LÍËLÍËMŒ‹MMŽÌLLLLLK˜[ÙKKKKVT’SQS•SÔÒQÕË˜[ÙKLÌM™NYMÌØÍXŒLYLŒŒLÙŒYÎŒLYLØÍÌÌLÎMYLMXLMÍYMLŒLLMŒŽŽØXŽLXŒLŽXXÍÍNYXÙY˜ŒÍÍLÍŒL™ŽŒXØÌYXÙXÍÍØÍLÌÍËÍMWÓWÐÌKÍMWÓWÐÌKŒÎXŒÙYXÎØÌÌMÎLÍØÌ˜Ì™ŒÙLŒM˜YX˜ÌŒÎXŒLÎYY™ÍYXX‹NŒÎÍMÎÌÎLÍMLÎMLÌŒNLMÎL‹ÍLLMMLMMKŽNMŽMÌÍÌÍ‹ŽLŒÍÌÎLÍL‹ŒNLLÌNŒŒÌÍËŒNNÌŒŒLLNNKMNLŒÍÌŒLLÍKŒÍLÎLŽÌLÍŒŒMŒ‹ÍMŽMÌLŒLLŒÍNŽKMNLŒÍÌŒLLÍKŒÍLÎLŽÌLÍŒŒMŒ‹ÍMŽMÌLŒLLŒÍNŽKÍÌMMŒÌNMKLLŽMLËLLKLLK˜[ÙKKKKVT’SQS•SÔÒQÕË˜[ÙKLÌMKÌÍMÌNXØÌ˜MLŽLØ˜MÌØXÌ™XMŒÎYÎLÙ˜Í˜ØØÍYŽMBŽŽØXŽLXŒLŽXXÍÍNYXÙY˜ŒÍÍLÍŒL™ŽŒXØÌYXÙXÍÍØÍLÌÎÍMWÓWÐÌÌÍMWÓWÐÌÌŒÎXŒÙYXÎØÌÌMÎLÍØÌ˜Ì™ŒÙLŒM˜YX˜ÌŒÎXŒLÎYY™ÍYXX‹NKŒÍŒLMÍMŒŒM‹MMLÎLMMŽMÍÍ‹L‹ŽLŒÎMLŽNNLLMLMŒLŒÎNŽKŽLLLÌÌËL‹ŒMÌŒLÍŒMLŒÍŒŒMNMÎL‹NLLÍÎMÌLÌMLËŒÌÍÎMÌÍNMŒŒMÍŽKÎLÍŽNLNLLMŒŒÌKNLLÍÎMÌLÌMLËŒÌÍÎMÌÍNMŒŒMÍŽKÎLÍŽNLNLLMŒŒÌKÎÍKMLKMLKŒŒMK‹‹ŽÎMLL‹LLË˜[ÙKKKKVT’SQS•SÔÒQÕË˜[ÙKLÌM‹MMNXXÎÍÍYLØÙØÍÙNXL˜XLÎYŒÎLÌMÍÙÍÎŒÌŽY™YŒYXŽXŒÌÙ‚ŽŽØXŽLXŒLŽXXÍÍNYXÙY˜ŒÍÍLÍŒL™ŽŒXØÌYXÙXÍÍØÍLÌÎKÍMWÓWÐÌÍKÍMWÓWÐÌÍKŒÎXŒÙYXÎØÌÌMÎLÍØÌ˜Ì™ŒÙLŒM˜YX˜ÌŒÎXŒLÎYY™ÍYXX‹ŒŒÍLLŽLÎMMLÎMŒÍÌLLŒÎMLËŒNNNÎMMÍÍNKŽNMÌNLMÍÍÍ‹ÍŽMÌMMÍÍLËŒLÌŒÌMÍËŒŒMŒÍŒÍLKŒMÌÍÍMMŒÍLŽLÎŒÌŒLNÍÌLŽLŒŒÌKÌNNŽLÍMMŒ‹ŒMÌÍÍMMŒÍLŽLÎŒÌŒLNÍÌLŽLŒŒÌKÌNNŽLÍMMŒ‹NKMMËMNŒMÎK‹‹ŽLÌËLLËLLË˜[ÙKKKKVT’SQS•SÔÒQÕË˜[ÙKLÌMË™ŒŒÍMØŽXXŒMÎMŒÍYL˜LÌNXLMM˜ÙXLÙÍÌÎØÙŒMÌNLŒXLÍÙÌLÎBŽŽØXŽLXŒLŽXXÍÍNYXÙY˜ŒÍÍLÍŒL™ŽŒXØÌYXÙXÍÍØÍLÌÍMWÓWÐÌÍMWÓWÐÌŒÎXŒÙYXÎØÌÌMÎLÍØÌ˜Ì™ŒÙLŒM˜YX˜ÌŒÎXŒLÎYY™ÍYXX‹ŒKÍÍÍŽŽMMÌMNLLLËŒŒNÎÎLLÍÌ‹ŽNNŽLÍNLŒŒ‹ÎKŽMÌMÎŒÌLKLËÎMÌMNNLLL‹ŒNÍLMNNÍMŒ‹ŽLÍŽLÎLÍŒÌLNÎŽÍŽÍÌŒMNKŽLÍŽLÎLÍŒÌLNÎŽÍŽÍÌŒMNKŒLÍKMMKNMŽMÍËÍËŽLÎLMLM˜[ÙKKKKVT’SQS•SÔÒQÕË˜[ÙKLÌNLLLÙXLÍ™ØÎØÙMXŒØM˜YŒ˜™MÙXŽLMÌLÌ˜ÙŽNXÍŽX‚ŽŽØXŽLXŒLŽXXÍÍNYXÙY˜ŒÍÍLÍŒL™ŽŒXØÌYXÙXÍÍØÍLÌKÍMWÓWÐÌKÍMWÓWÐÌKŒÎXŒÙYXÎØÌÌMÎLÍØÌ˜Ì™ŒÙLŒM˜YX˜ÌŒÎXŒLÎYY™ÍYXX‹Œ‹ÎÍŽNNŒÌŒKMLÎMÍŽMŒÍMÌMKLËŒÍÎLŒŒŒLNN‹ŽNMÌŽÎNLŒŽM‹ŽLNNNMMLÌŒŽNKLËŽLNÌÍŒŒÍÌŽMŒŽNŒŒŒÌÌLÌLNKŽÎMÎLŒŽNLKŒÎÌLŽLLNMÎËLNÍLŽNMLŒŒÌ‹ŽÎMÎLŒŽNLKŒÎÌLŽLLNMÎËLNÍLŽNMLŒŒÌ‹ÍÎ‹MÌMÌKNLÌKÌKŽMLŒËLMKLM‹˜[ÙKKKKVT’SQS•SÔÒQÕË˜[ÙKLÌNKÌXYŒÎMØØÌÍ™L™YÌŒ˜LÍÎMÎLYM™˜Ù™XXYXÌLLØ™™˜YŒÍŽLÌNBŽŽØXŽLXŒLŽXXÍÍNYXÙY˜ŒÍÍLÍŒL™ŽŒXØÌYXÙXÍÍØÍLÌ‹ÍMWÓWÐÌLÍMWÓWÐÌLŒÎXŒÙYXÎØÌÌMÎLÍØÌ˜Ì™ŒÙLŒM˜YX˜ÌŒÎXŒLÎYY™ÍYXX‹ŒËNMMŒLŽL‹MLÍÎNÌÌÌÌLËLÎLÌŒÌŽMMLËŽNMŒLNMMŒLŽ‹KŽÌŒÎŒMŽKMŒÍMMÌÌÎLŽMLMÍŒŒÍÌLÍÎNMŒNMÌNNKŽLÎNŒŒLÌÌÌNKŒLÌÌMÌMŒÌLÌ‹MŒÌMLNÌÍÎŽLÎNŒŒLÌÌÌNKŒLÌÌMÌMŒÌLÌ‹MŒÌMLNÌÍÎMËMÍËMÍËMŒKKŽMÍŽLM‹LMK˜[ÙKKKKVT’SQS•SÔÒQÕË˜[ÙKLÌŒ˜™LŽYŒLÎXNÎMÌXMLY˜ÍØÌ™MÌ™ÍŒŽ™MMŽL™˜XŒMØ˜X™ÍŒŽŽØXŽLXŒLŽXXÍÍNYXÙY˜ŒÍÍLÍŒL™ŽŒXØÌYXÙXÍÍØÍLÌËÍMWÓWÐÌMKÍMWÓWÐÌMKŒÎXŒÙYXÎØÌÌMÎLÍØÌ˜Ì™ŒÙLŒM˜YX˜ÌŒÎXŒLÎYY™ÍYXX‹ÌÌLŒMŒÍÎLKMLÎMMÍLMÌÌÍÌÎLËÌÍMLÌÍŒLÍŽNMÌLLMLLŒÎKMŽLMLÌMLÌÌMŽ‹MÎLÌÍŒLNŒŒŽNKŒŒLLŒÎLŽÍÎNKÌMÌŒÍÍÍNNMŽŒŒŒÎNLÌMÍMŽÍËNÌMMÍÌŒÌNÌMÌŒÍÍÍNNMŽŒŒŒÎNLÌMÍMŽÍËNÌMMÍÌŒÌNÌËNËNMÎKMËMËÌMËLMËLN˜[ÙKKKKVT’SQS•SÔÒQÕË˜[ÙKLÌŒKŽLØÍMÍYMMŒXLØÍXØŒLÍÍÙÌŽY˜L™MLXXMØÍMNYNMÌ™BŽŽØXŽLXŒLŽXXÍÍNYXÙY˜ŒÍÍLÍŒL™ŽŒXØÌYXÙXÍÍØÍLÌÍMWÓWÐÌŒÍMWÓWÐÌŒŒÎXŒÙYXÎØÌÌMÎLÍØÌ˜Ì™ŒÙLŒM˜YX˜ÌŒÎXŒLÎYY™ÍYXX‹KŽLLÌNMÍÎLÌMËMLÎÌÍMMLÌŒNLËLËŽLÌŒÍÌÌNËŽNMNÍÎLŒŒ‹NKÎLÌÍÌLÌŒMMKŒŒNNÍLÌÍ‹ŒŒŒLMŒLNLM‹ÍLÌÎLLÍMKŒNNMŒNMŒŽLŽKŒMÎNLŒLŒÍLËÍLÌÎLLÍMKŒNNMŒNMŒŽLŽKŒMÎNLŒLŒÍLËNNKNLLŒÌÎÌŒËLNLN˜[ÙKKKKVT’SQS•SÔÒQÕË˜[ÙKLÌŒ‹ŒYŒÍŽØX˜ŽYYŒØÙŒL™X™XÍŽLÌNÙY˜ŒL˜YÍ™Ž˜LÌL™Y˜ÍMXBŽŽØXŽLXŒLŽXXÍÍNYXÙY˜ŒÍÍLÍŒL™ŽŒXØÌYXÙXÍÍØÍLÌKÍMWÓWÐÌKÍMWÓWÐÌKŒÎXŒÙYXÎØÌÌMÎLÍØÌ˜Ì™ŒÙLŒM˜YX˜ÌŒÎXŒLÎYY™ÍYXX‹ËŒLÌLÌLMŒÌMKMLÍÌÍMŽLËMŒŽNLÍLMŒÎNKŽNLÎMMŒÎNMKÎNLMÍÌÌLLÍKMKŒMÎMLÌLÍML‹ŒÌÍNLÍÌŽKÍLŒLÌŒLMKŒMLÌNLÍLŽMÎKMMMÎÎLÎNÍLŒLÌŒLMKŒMLÌNLÍLŽMÎKMMMÎÎLÎNLMNMKNMKLŒÍ‹Í‹ÌLLLNKLNK˜[ÙKKKKVT’SQS•SÔÒQÕË˜[ÙKLÌŒËXÎÌM™ŽM™YYXŽNYŒÙMÎÙNYXŽXXMMM™ÍŒ™ŒŽMŒXŒXŒBŽŽØXŽLXŒLŽXXÍÍNYXÙY˜ŒÍÍLÍŒL™ŽŒXØÌYXÙXÍÍØÍLÌ‹ÍMWÓWÐÌÌÍMWÓWÐÌÌŒÎXŒÙYXÎØÌÌMÎLÍØÌ˜Ì™ŒÙLŒM˜YX˜ÌŒÎXŒLÎYY™ÍYXX‹ŽŒÎÌLMŒLLŒÍMLÎLŒLÎMŽMMKMŒNLNLÌŒLMMÎNKŽNMMLÍÌÍÌÍÍŽKÍMÌLÌMÌNNKM‹ŒÌÌMŽMÍÎMÌKŒÌLMÍŒÌŽÌŽNNKÎÍÌŒMŒÍŒNMËŒLŽLÌŽNLŒŒÌŽLÌŒMŽMÍMÍNÎÍÌŒMŒÍŒNMËŒLŽLÌŽNLŒŒÌŽLÌŒMŽMÍMÍNLMŽM‹ŒKŒ‹Í‹MËM‹ÌÍMËLŒLŒ˜[ÙKKKKVT’SQS•SÔÒQÕË˜[ÙKLÌŽÙÎMÍŽNMÌLŽ˜ÌLLÎMXMÌØM™LMØŽ˜MLÍÌÌYXL™ŽŽØXŽLXŒLŽXXÍÍNYXÙY˜ŒÍÍLÍŒL™ŽŒXØÌYXÙXÍÍØÍLÌËÍMWÓWÐÌÍKÍMWÓWÐÌÍKŒÎXŒÙYXÎØÌÌMÎLÍØÌ˜Ì™ŒÙLŒM˜YX˜ÌŒÎXŒLÎYY™ÍYXX‹ŽKŽÌMLLŒŒÌKMLÎMÍŒNLÍÍÌNKMŒÍLÎLLÎNLÌÌNÍ‹ŽNMÌÌÌLNMMÍÍÌÌŽMMMÍÍNKM‹LNNLŒLÍÍÌKŒÍNÎNLÌLM‹ŽLŒŽŽÌÍMMŽMŒL‹LŒLŒŽÍÌMÍŒNMKÌÌMŒMÍLLÎMLËŽLŒŽŽÌÍMMŽMŒL‹ÌÌMŒMÍLLÎMLËLÌŒÌËŒËŒËÌL‹LŒKLŒKYKKKKVT’SQS•SÔÒQÕË˜[ÙKLÌKLYŽØXNLŽMXLY˜MMMŒM™NMØYYLLMŽNŒ™NLØ˜L˜NÙL˜ÙMÌ‚ŽŽØXŽLXŒLŽXXÍÍNYXÙY˜ŒÍÍLÍŒL™ŽŒXØÌYXÙXÍÍØÍLÌMËÍMWÓLÐÌKÍMWÓLÐÌKŒÎXŒÙYXÎØÌÌMÎLÍØÌ˜Ì™ŒÙLŒM˜YX˜ÌŒÎXŒLÎYY™ÍYXX‹NÌÌÍÌŒÌÍÍM‹NNLŒLŽMÍMKŒÍŒŒÌÌLLŒÍKLŒÌÍÌNLMLMŽNLMMMÎNNMŒÎKLÍŒŽÍŽMÌÍŽLŒKŒMÍNNŒÎMLNLMÌLÎMKMLLÌMÎNÌŽNÌMMMÍNLMÌLÎMKMLLÌMÎNÌŽNÌMMMÍÌÌ‹LËLŽŽNÍ‹LM‹LMËÌËLŒLŒ˜[ÙKKKKVT’SQS•SÔÒQÕË˜[ÙKLÌ‹ÍNMØXNYŒ˜ÍXÌØYMMÎNŒXY˜™ŽÍÌLXŒŒLÍ˜ÎYŽMŽŽYŽŽØXŽLXŒLŽXXÍÍNYXÙY˜ŒÍÍLÍŒL™ŽŒXØÌYXÙXÍÍØÍLÌNÍMWÓLÐÌLÍMWÓLÐÌLŒÎXŒÙYXÎØÌÌMÎLÍØÌ˜Ì™ŒÙLŒM˜YX˜ÌŒÎXŒLÎYY™ÍYXX‹NKŽNLŒÌMÍÌÍŽKNNMŒŒÍŒMÎMKMKLÎÌÌMÍMMLŒLMMŽNÌKKŽMŽLÌÍŒLŒLMÌLËLŽŽMŒÍLNNMŽMŒKŒŒÍÌMŽÌNNNLÌMŽNŒÌŒŽNKÍÎNLÌÍÍÌŒŽKÌÍÌÌŒŽMÌMÌÎLÌMŽNŒÌŒŽNKÍÎNLÌÍÍÌŒŽKÌÍÌÌŒŽMÌMÌÎÍÍKLÍKLÍ‹ŽLŒËLLËLMÌL‹LŒKLŒ‹˜[ÙKKKKVT’SQS•SÔÒQÕË˜[ÙKLÌËÍÍXNÌŽLYM˜ŒÎYŒ˜Œ˜ÎØNŒ™YMŒNMÙNLÍML˜M˜ŒÙŒ˜Ž™ŒŽBŽŽØXŽLXŒLŽXXÍÍNYXÙY˜ŒÍÍLÍŒL™ŽŒXØÌYXÙXÍÍØÍLÌNKÍMWÓLÐÌMKÍMWÓLÐÌMKŒÎXŒÙYXÎØÌÌMÎLÍØÌ˜Ì™ŒÙLŒM˜YX˜ÌŒÎXŒLÎYY™ÍYXX‹ŒÌŒÍÍNÍŒŽKNNLMÎLŒÌÌÌKMKÌMLLÎLŒNMÌNLLŒŒŽMMLŒÎŽMŽMLŒMÍLÍMÌLÌËLKŒÌÍMÎÌMLLŒŽŒLLÍNNMŒËMŒMÌÍLLŒŽÎLÎL‹ÌÌMÍÌLLŒKÍÍŽÎLÌËMŒMÌÍLLŒŽÎLÎL‹ÌÌMÍÌLLŒKÍÍŽÎLÌËÍÌLKMËMËŽŒÍKLLLLÌLŽLŒ‹LŒ‹˜[ÙKKKKVT’SQS•SÔÒQÕË˜[ÙKLÌŽÙ™ŒÍNLŒÍÍÌXÙLÙNYŒYNNXYNNNYXÌÎÍÌÍLŽXLÍ™XLÎYLÍYŽNBŽŽØXŽLXŒLŽXXÍÍNYXÙY˜ŒÍÍLÍŒL™ŽŒXØÌYXÙXÍÍØÍLÌŒÍMWÓLÐÌŒÍMWÓLÐÌŒŒÎXŒÙYXÎØÌÌMÎLÍØÌ˜Ì™ŒÙLŒM˜YX˜ÌŒÎXŒLÎYY™ÍYXX‹ŒKÍLLŽLÎNMŽNMÌLÌÍŒLLMËMKŽMMLMŒMM‹KŽNNLÎÎMÍMŒÍŒ‹NKŽLÍÍNLMŒËLKÍÎLŒŒÍÌLŒNMŒLÌLŒÌÌŽKNLMŽLMLLLŒMLKMÌŒÌLÍŽLMŒKLMMNLŽNLMŽLMLLLŒMLKMÌŒÌLÍŽLMŒKLMMNLŽÎŒLKMLMLKÌÍËL‹LËÌMLÌËLŒËL˜[ÙKKKKVT’SQS•SÔÒQÕË˜[ÙKLÌŽKXŒÙÎX˜ØÌÌØ˜ÌÍØŽNÌØØMXØÌÍÎYŒØLŒŽLÙ˜ÎŒ˜LÙ™ŽŽØXŽLXŒLŽXXÍÍNYXÙY˜ŒÍÍLÍŒL™ŽŒXØÌYXÙXÍÍØÍLÌŒKÍMWÓLÐÌKÍMWÓLÐÌKŒÎXŒÙYXÎØÌÌMÎLÍØÌ˜Ì™ŒÙLŒM˜YX˜ÌŒÎXŒLÎYY™ÍYXX‹Œ‹ŽÍÍÍÍÎLŒÌŽŒ‹NMÍÌŒÍŒML‹M‹ŒÌÎŒÎMMÍNKŽNNŒÌLLŒÌKŽLŒŽLLMMÌÌNKL‹ŒMÍŒMLÌÎLLÍËŒNMÌŒÍNLÍÌKŒMÌÎLNNMNNLMÍËŒÍÌNMÍLKMLÌŒÌNNKŒMÌÎLNNMNNLMÍËŒÍÌNMÍLKMLÌŒÌNNKŒKMMËMNŒÎLËLËÌMÍÎLL˜[ÙKKKKVT’SQS•SÔÒQÕË˜[ÙKLÌÌXÎXNN™LŽÌÍÍ˜ÙM˜ÙNŽY˜ÎLXYL™XMLMÍŽL™Y˜Í˜ÌX™YYÙŒ‚ŽŽØXŽLXŒLŽXXÍÍNYXÙY˜ŒÍÍLÍŒL™ŽŒXØÌYXÙXÍÍØÍLÌŒ‹ÍMWÓLÐÌÌÍMWÓLÐÌÌŒÎXŒÙYXÎØÌÌMÎLÍØÌ˜Ì™ŒÙLŒM˜YX˜ÌŒÎXŒLÎYY™ÍYXX‹ŒËŽMMÌNMÌÌŽMLKNMÍÌMŒÌŒËM‹ŒMMŒMÍNÎLÎMKKŽNMÍÌÌÍNMÍËŽKŽLLÍÎMÍŒNMŒÎKL‹ŒLÌŒLÌÌÌMŒMKŒMNMLLMÍLMÌÎNKLMÍNŒÌKŒÎÍÎMMMLÍLKLÍÎLŒÍMMKLMÍNŒÌKŒÎÍÎMMMLÍLKLÍÎLŒÍMMKŒŒMMKLÍNKNKÌŒLKL‹˜[ÙKKKKVT’SQS•SÔÒQÕË˜[ÙKLÌÌKŒØØØÌLØNLØŒN˜ØNLÙŒÍÌ™Ù™L™XÍÌM™˜˜LLMMÍX˜NNYMMŽŽØXŽLXŒLŽXXÍÍNYXÙY˜ŒÍÍLÍŒL™ŽŒXØÌYXÙXÍÍØÍLÌŒËÍMWÓLÐÌÍKÍMWÓLÐÌÍKŒÎXŒÙYXÎØÌÌMÎLÍØÌ˜Ì™ŒÙLŒM˜YX˜ÌŒÎXŒLÎYY™ÍYXX‹KŒLMLŽLÎNÍNËNMNLÌÌÍLÌŽÌKM‹ÎNMLÍÌÌKKŽNMÍMLLÌMÌŽMLLËÍŽÍÎMÌMŽNL‹LËŒŒMŒŒŒÍÎMÍKŒŒNLÍÌNMÍŒ‹ÌMÍNLÍLÎÍÌM‹ŒÍŽMMLMŒLŒLÍŽN‹LŒMMÍNLLMLÌ‹ÌMÍNLÍLÎÍÌM‹ŒÍŽMMLMŒLŒLÍŽN‹LŒMMÍNLLMLÌ‹MÌKMÌ‹ŒNKMMÌŒÌKL‹L‹˜[ÙKKKKVT’SQS•SÔÒQÕË˜[ÙKLÌÌ‹MÌÙŽLMÍ™ŒMŽYŒ™ŒLÌYMYŽ™ŒØLLØÌNÌØM™ŒYMŒLXÍ‚ŽŽØXŽLXŒLŽXXÍÍNYXÙY˜ŒÍÍLÍŒL™ŽŒXØÌYXÙXÍÍØÍLÌÍMWÓLÐÌÍMWÓLÐÌŒÎXŒÙYXÎØÌÌMÎLÍØÌ˜Ì™ŒÙLŒM˜YX˜ÌŒÎXŒLÎYY™ÍYXX‹‹ŒÌÌLNMÍŽLÎNNMMŒŒÌÍÍÌŒLËM‹ŒŒÍLLÎÌLLKŽNMMNLÎMÍÌÌNMËÎKŽÌLŒÍNMLKLËMÍŒLMMŒ‹ŒŒÌMÌMLŒMÌŽNNKŽNLLNMÍŽŒ‹ŒÍLÍŒÍLÍMÌLŽKMŒŒNMÌÍŽLLŒKŽNLLNMÍŽŒ‹ŒÍLÍŒÍLÍMÌLŽKMŒŒNMÌÍŽLLŒKMÍLKMÎMÎŒŽNKKKÌLŒLËL‹˜[ÙKKKKVT’SQS•SÔÒQÕË˜[ÙKLÌÌËY˜X˜LYXŒ™ŽLÌÍÍLMŒXØŽÙLMMÌ˜YXØŽMYNÍLXØ™LXLŽYØÌMLÂŽŽØXŽLXŒLŽXXÍÍNYXÙY˜ŒÍÍLÍŒL™ŽŒXØÌYXÙXÍÍØÍLÌKÍMWÓLÐÌKÍMWÓLÐÌKŒÎXŒÙYXÎØÌÌMÎLÍØÌ˜Ì™ŒÙLŒM˜YX˜ÌŒÎXŒLÎYY™ÍYXX‹ËLÍÌÌNMLLMKNLÎÎLNMŒÍËM‹ŽÌMŽMÍKKŽNMŒLÌÌNMÍËŽLÎLÍNÌŒÌÎKLËŽLNNŽÌÌÌÌ‹ŒNÎLÍMLMÌKÌMNLËŒÌŽNÌÌŒLNNNNMÎMŒÌÌÌMÌÌ‹ÌMNLËŒÌŽNÌÌŒLNNNNMÎMŒÌÌÌMÌÌ‹ÍKNKNKŒMŒMKÌÍ‹LËLŽ˜[ÙKKKKVT’SQS•SÔÒQÕË˜[ÙKLÌÍLÌNX™˜ÍÙYLŽXÌ™NMMÍÌMXÌŽYYØXÍM˜ÙLMÙŒLŽŽØXŽLXŒLŽXXÍÍNYXÙY˜ŒÍÍLÍŒL™ŽŒXØÌYXÙXÍÍØÍLÌ‹ÍMWÓLÐÌLÍMWÓLÐÌLŒÎXŒÙYXÎØÌÌMÎLÍØÌ˜Ì™ŒÙLŒM˜YX˜ÌŒÎXŒLÎYY™ÍYXX‹ŽŽLŒŒŒÌÎÍKNLÌÌŽNMŒMÍÌËM‹ŽNMLMÍÍŒMKKŽNLÍÌŒMÍKKŽÍÌÎLMMMŒŒ‹MŒÍMŽMNMÌÌÍMÍM‹ŒÍLŒNLŽMŒMŒKÍMLÎLMMÌÍÎNKŒÌMŒLÍÍNLÎMŒ‹LÍÎMÍLNŒÎNMÍËÍMLÎLMMÌÍÎNKŒÌMŒLÍÍNLÎMŒ‹LÍÎMÍLNŒÎNMÍËLLŒKNLKNL‹ŒLÎÎKÌÌM‹LŽLŽK˜[ÙKKKKVT’SQS•SÔÒQÕË˜[ÙKLÌÍKNMÙŒ˜ÌXMÍYMY˜ÎÍMNÌMÍ™NXX˜˜LXÎÙŽŽ™™™ØÌMXŒŒXÍŽŽØXŽLXŒLŽXXÍÍNYXÙY˜ŒÍÍLÍŒL™ŽŒXØÌYXÙXÍÍØÍLÌËÍMWÓLÐÌMKÍMWÓLÐÌMKŒÎXŒÙYXÎØÌÌMÎLÍØÌ˜Ì™ŒÙLŒM˜YX˜ÌŒÎXŒLÎYY™ÍYXX‹ÌŒLLÍLNMÌÎMËNMÍLÌÌ‹MËŒNÍLÌNNŒMÍKKŽNMMÎMŒLŒKMŽMÎLNMMÎLÌLNKMÎLLŽLMNÍ‹ŒMÌMNŒLKÍÍÌLŒŒŒMÍNÍ‹ŒŽŒLŒÍMMÍNLÍËLÍŒÌÍÎLÍ‹ÍÍÌLŒŒŒMÍNÍ‹ŒŽŒLŒÍMMÍNLÍËLÍŒÌÍÎLÍ‹LÍÌKNNNNNÍÌKÌ‹ÌÌŽLŽKLÌ˜[ÙKKKKVT’SQS•SÔÒQÕË˜[ÙKLÌÍ‹™ŽYLÎX™Y˜ÌŽMØŽŒÍXMÎNÌØÍXŒX™ŒY˜ØLX™YŽLMXX™˜LÌŽŽØXŽLXŒLŽXXÍÍNYXÙY˜ŒÍÍLÍŒL™ŽŒXØÌYXÙXÍÍØÍLÌŽÍMWÓLÐÌŒÍMWÓLÐÌŒŒÎXŒÙYXÎØÌÌMÎLÍØÌ˜Ì™ŒÙLŒM˜YX˜ÌŒÎXŒLÎYY™ÍYXX‹ÌKNMLMÍÌLKNMŒŽLŒLMLKMËŒÍÌŒLMNNLLMKKŽNMÌMÌMŽLÌÍËNKÎNLÍNNLÌNLÎKMKŒŒMŒÌLÌÍLMŒMKŒŽMÌŒÎŽLLŒKÎNMNÌMMLÎÌNLKŒMMNÍMŒÌÍKLLMMLŒÍŒŽMÎNMNÌMMLÎÌNLKŒMMNÍMŒÌÍKLLMMLŒÍŒŽMLKŒŒKMŒÍMKÌÍLNLÌLÌK˜[ÙKKKKVT’SQS•SÔÒQÕË˜[ÙKLÌÍËŒL™Í™™LXÍÙYÌŽŽM˜™LNX™NÌX™ŒÙŒ™NÍL˜XNÌŽŽØXŽLXŒLŽXXÍÍNYXÙY˜ŒÍÍLÍŒL™ŽŒXØÌYXÙXÍÍØÍLÌŽKÍMWÓLÐÌKÍMWÓLÐÌKŒÎXŒÙYXÎØÌÌMÎLÍØÌ˜Ì™ŒÙLŒM˜YX˜ÌŒÎXŒLÎYY™ÍYXX‹Ì‹ŽLŒÍLÌLKNMŽNLÌNM‹MËMŒŽLÍÌLŽKKŽNMÎLLMMÍÍÎNLÍLÎÌMMÎMKNŒÌÍÍNMKŒŽLÍŒÍÎLÌLLMŽNŽMŒÌÌLLLÍ‹ŒŒLÌMŒŽLMŒŽKLMLŽNŒLŒÌËŽMŒÌÌLLLÍ‹ŒŒLÌMŒŽLMŒŽKLMLŽNŒLŒÌËML‹ŒLŒLKLÎMMMÌÍÍÌLÌKLÌ‹˜[ÙKKKKVT’SQS•SÔÒQÕË˜[ÙKLÌÎLM˜M˜ØØ™˜ÎMXMLÌMMŒŽXŽ˜ŒÍÌÎYL™NXÙYMLXXYÂŽŽØXŽLXŒLŽXXÍÍNYXÙY˜ŒÍÍLÍŒL™ŽŒXØÌYXÙXÍÍØÍLÌÌÍMWÓLÐÌÌÍMWÓLÐÌÌŒÎXŒÙYXÎØÌÌMÎLÍØÌ˜Ì™ŒÙLŒM˜YX˜ÌŒÎXŒLÎYY™ÍYXX‹ÍŒŽLLÍŽMŒM‹NMŒÎMŒÍLM‹MËÍLÎMÌMŒŒÌMLNNËKŽNMÌÎNMNMMKŽKÍMÍÎLLŒNNKM‹ŒLŒMŒŒÎLŒÌÍ‹ŒŒMÌMNNKŽLŒŒMNŒKŒMMLMMLÎKLNLMÎLÎMLLMËŽLŒŒMNŒKŒMMLMMLÎKLNLMÎLÎMLLMËMMŒ‹ŒM‹ŒMËL‹‹ÍŒ‹LÌ‹LÌË˜[ÙKKKKVT’SQS•SÔÒQÕË˜[ÙKLÌÎKMÍÌMŒYMX˜M˜ÎNLMØLM™YŒXÍLŒØÎMŒÌ™XXŒØLÍL™XŒØ™XNBŽŽØXŽLXŒLŽXXÍÍNYXÙY˜ŒÍÍLÍŒL™ŽŒXØÌYXÙXÍÍØÍLÌÌKÍMWÓLÐÌÍKÍMWÓLÐÌÍKŒÎXŒÙYXÎØÌÌMÎLÍØÌ˜Ì™ŒÙLŒM˜YX˜ÌŒÎXŒLÎYY™ÍYXX‹ÍKÌÍÌŽMŒÍKNLŽŽŒÌMËŽMŒMŒNMKKŽNLŒLÍLŒÎMËÍÍLŒKM‹LÎMÎLÍMŽŒÌŒMÍŽNŽNŽÌŒMÌŒMÌŒÎŒLÌÍÌŽLLÌMŒÌMNM‹LŒÌLŒÍŽLÌ‹ŽÌŒMÌŒMÌŒÎŒLÌÍÌŽLLÌMŒÌMNM‹LŒÌLŒÍŽLÌ‹MÌNËŒŒËŒŒËŒLNKÍÍKLÌËLÍK˜[ÙKKKKVT’SQS•SÔÒQÕË˜[ÙKLÌNMMÌŽY˜™™LÍŽYLØXÙLØM™YMÎM˜Ø˜N™XÍ™YÎYL‚ŽŽØXŽLXŒLŽXXÍÍNYXÙY˜ŒÍÍLÍŒL™ŽŒXØÌYXÙXÍÍØÍLÌÌ‹ÍMWÓLÐÌÍMWÓLÐÌŒÎXŒÙYXÎØÌÌMÎLÍØÌ˜Ì™ŒÙLŒM˜YX˜ÌŒÎXŒLÎYY™ÍYXX‹ÍËŒŒŒÌŽKNLÍLŽMÌŽÎŒ‹NŒLÎMMÍÍLŒÍËKŽNLÎLÌÌMLŒŽMKÎKÌŒŽMŒŽÎLMNM‹ŽMLÌÌÎLLMÍËŒÌÎLŽÍMMÎNMÌKŽMMMŒŽŽŒÍMLŒÌŽNMÍÌNMÌMÌMŒŒ‹LŽMLÎŽM‹ŽMMMŒŽŽŒÍMLŽMLÎŽM‹NÍM‹ŒŽKŒŽKÍLŽLÍLÍKYKKKKVT’SQS•SÔÒQÕË˜[ÙKLÌK™˜MYLMMLL™MÙØŒÙYÙNMÙŒÍXŒXMLÍ˜NÌŽ™ŽX™YLØÙL™YŽŽØXŽLXŒLŽXXÍÍNYXÙY˜ŒÍÍLÍŒL™ŽŒXØÌYXÙXÍÍØÍLÌKÍMWÓMWÐÌKÍMWÓMWÐÌKŒÎXŒÙYXÎØÌÌMÎLÍØÌ˜Ì™ŒÙLŒM˜YX˜ÌŒÎXŒLÎYY™ÍYXX‹ŒËŒŒÎLŽÎLNNLÍKŒ‹ŽLÌMNMLMÎÎL‹NKŒLMMÍMMŒLŒMMKŒNNMLŒÍNŽNŒŒNLŽMLMÎLÌÎLÍMNNÎKŒNNNLMŒÌMÌÍŽNNKMMÍÌÍÌÎMLÌÍKLLÍŒMÎLMÎLNMËLNNLNLÎNLÍÌÌÍÎNMMMÍÌÍÌÎMLÌÍKLLÍŒMÎLMÎLNMËLNNLNLÎNLÍÌÌÍÎNMÍŒLKMMÌÌLKLŽKLŽÍÌËLÌËLÌK˜[ÙKT’U‘QT‘ÐŽLNK‹KKVT’SQS•SÔÒQÕË˜[ÙKLÌ‹ØØXŒL˜ØÙŒØXÌLÍÎÍYŒŒ˜ÍÎXMØÎX˜LÙŒLŒ˜LÙLŒÌXØXØÂŽŽØXŽLXŒLŽXXÍÍNYXÙY˜ŒÍÍLÍŒL™ŽŒXØÌYXÙXÍÍØÍLÌ‹ÍMWÓMWÐÌLÍMWÓMWÐÌLŒÎXŒÙYXÎØÌÌMÎLÍØÌ˜Ì™ŒÙLŒM˜YX˜ÌŒÎXŒLÎYY™ÍYXX‹ŒÌÍÍÍŽMÎLŽLŒÎKŒ‹ŽLÌŒÎŒNMÌŒKNKŒÌMMŽLMÍŽKMKŒLÌMÎLMËKŽMÎÌÎMŽÌÎÍMŽLŽÌÌMÌLMMŒNŒMLÍMÌŒNMÍNNMŒŽLNMMMŒLŽMŒMÍLŽŒŽLŒÍÌMÌÌÎMŒ‹NMŒŽLNMMMŒLŽMŒMÍLŽŒŽLŒÍÌMÌÌÎMŒ‹ÎLMMÌŒÌËL‹L‹ÍÌŒKLÍLÍ˜[ÙKKKKVT’SQS•SÔÒQÕË˜[ÙKLÌËXØØLLØŒXÙÍ˜YNØ™˜ÌMÌNŒÙL™ŒÌ˜MÎMØ˜YYY™MMMÍØŒXL™™ŽŽØXŽLXŒLŽXXÍÍNYXÙY˜ŒÍÍLÍŒL™ŽŒXØÌYXÙXÍÍØÍLÌËÍMWÓMWÐÌMKÍMWÓMWÐÌMKŒÎXŒÙYXÎØÌÌMÎLÍØÌ˜Ì™ŒÙLŒM˜YX˜ÌŒÎXŒLÎYY™ÍYXX‹KLLNNMLÌÍŽŒ‹ŽLŽÌÍMNLMŽMÌ‹NKLNMŒLÍMŒLŽËMŽNNMŒŒÎLKMŽMMMÌMÍÌLŒNKLKŒÌLMÎÌLŒŒÍŒLÍŒÌŽMŽŒLŒLLLMŒŽNÌMÍNÌÍŒÌMŒËLÍÍŒLÎNÎÌŒËŒLŒLLLMŒŽNÌMÍNÌÍŒÌMŒËLÍÍŒLÎNÎÌŒËLMKMM‹MM‹ÌMÌËLŒ‹LŒ‹ÍMŽLÍKLÌË˜[ÙKKKKVT’SQS•SÔÒQÕË˜[ÙKLÌŽŒŒÌXMÍÌMLØ™™MŒLXÎNLXÎŒÍYXŒM˜MÙŒXŽYMŒ˜MÍM˜‚ŽŽØXŽLXŒLŽXXÍÍNYXÙY˜ŒÍÍLÍŒL™ŽŒXØÌYXÙXÍÍØÍLÌÍMWÓMWÐÌŒÍMWÓMWÐÌŒŒÎXŒÙYXÎØÌÌMÎLÍØÌ˜Ì™ŒÙLŒM˜YX˜ÌŒÎXŒLÎYY™ÍYXX‹‹ÌÌÍŒÌÍMŒÍŒKŒ‹ŽLŽMÎMÎÍLNKNKÌŒNLLL‹MŽNNNLÍMÌMÍÍŒL‹NKŽLÍMŒÍŒÌNLKÍMŽLŒÌMLMŒËŒLÍNLŒÎŒŒÌKNNMMMNNÌKŽMÌÍÍMŒKLÌLŒLÍÍÌÌÌKNNMMMNNÌKŽMÌÍÍMŒKLÌLŒLÍÍÌÌÌKŒËMMŒËÌNLNKLNÍM‹LÍKLÍK˜[ÙKKKKVT’SQS•SÔÒQÕË˜[ÙKLÌKMÍMØL˜ÙMLY™™LYÍ˜ÌØMLYMXNLMMY™NMÍXÙŒŒÍMŒ™˜YBŽŽØXŽLXŒLŽXXÍÍNYXÙY˜ŒÍÍLÍŒL™ŽŒXØÌYXÙXÍÍØÍLÌKÍMWÓMWÐÌKÍMWÓMWÐÌKŒÎXŒÙYXÎØÌÌMÎLÍØÌ˜Ì™ŒÙLŒM˜YX˜ÌŒÎXŒLÎYY™ÍYXX‹ËŽMMŽLŒMNMNŒ‹ŽLŽŒLNLMKNKŽLÌŒÍÌŒMÌM‹MŽNMŽLŒŒÍÍLŒŒLMŽLÌÍÌLŒNLMËL‹ŒNÌÍÍÎNNMÍMMŒ‹ŒŒÍMLLÌŒÍÌÍÎLÎNKÌÌÌMŒNMLŒLÌŽMÍKLÍLMÌLŽMŒMÎMKÌÌÌMŒNMLŒLÌŽMÍKLÍLMÌLŽMŒMÎMKÎM‹MÌKMÌKŽMŒŽLMKLMKÍL‹LÍ‹LÍ‹˜[ÙKKKKVT’SQS•SÔÒQÕË˜[ÙKLÌ‹ØNY˜XLŒNŽMLÙLÎŽLLÍØMÍ˜ŒŽØ™˜ŒÍYXÍÙŽØL™ŽÍXXÂŽŽØXŽLXŒLŽXXÍÍNYXÙY˜ŒÍÍLÍŒL™ŽŒXØÌYXÙXÍÍØÍLÌ‹ÍMWÓMWÐÌÌÍMWÓMWÐÌÌŒÎXŒÙYXÎØÌÌMÎLÍØÌ˜Ì™ŒÙLŒM˜YX˜ÌŒÎXŒLÎYY™ÍYXX‹ŽKŒŒÌÍMMÎMÎMLŒ‹ŽLÌNMMŒÌÌKŒŒMŽLNLMMŽNMÌMNÍÍNÍMÌKŽKŽLNLÎLLÍMÎ‹L‹ŒMÌÍŒÎNNMKŒŒLLLÌÌŒÌÎNLŒKŽNLLLŒÌŒÌŒÌ‹ÍMMÍÎNŒËLÎMÌÍÍLLÎLNŽNLLLŒÌŒÌŒÌ‹ÍMMÍÎNŒËLÎMÌÍÍLLÎLNNM‹MÎMÎŽŒKLLKLLKÍLÌMËLÍËLÍË˜[ÙKKKKVT’SQS•SÔÒQÕË˜[ÙKLÌËXÌMÍ™™˜ÍØ™X™ÍÎLÌÌÌÌX™XÙŒŒLMÌŒÙMÙNXNNXŒMNXÍÍ™NX‚ŽŽØXŽLXŒLŽXXÍÍNYXÙY˜ŒÍÍLÍŒL™ŽŒXØÌYXÙXÍÍØÍLÌËÍMWÓMWÐÌÍKÍMWÓMWÐÌÍKŒÎXŒÙYXÎØÌÌMÎLÍØÌ˜Ì™ŒÙLŒM˜YX˜ÌŒÎXŒLÎYY™ÍYXX‹ÌMLLŒMÍÎNLMËŒ‹ŽLŒNŒŒMÌÎKŒŒÍMÍÎMŒLÍ‹MŽNMŒŒMŒNNMMKÍŽLMLMÌÎLNNLMMKLËŒMLŒŽMÌÍNNŒLÌMÍLÍÌKÌÍÌÍNMŒMLLNMŒLÍÌMMMŒKMÌÍŒÍŒŒNKÌÍÌÍNMŒMLLNMŒLÍÌMMMŒKMÌÍŒÍŒŒNKÍŒŽKNKNKÍNKLËLËÍMMŽLÎLÎ˜[ÙKKKKVT’SQS•SÔÒQÕË˜[ÙKLÌYM˜ÎXNXŽMLÍŒÌŒMXÍŒMŒ˜™™LÎLŒÍÌÍÎNYŽMMÍYX‚ŽŽØXŽLXŒLŽXXÍÍNYXÙY˜ŒÍÍLÍŒL™ŽŒXØÌYXÙXÍÍØÍLÌÍMWÓMWÐÌÍMWÓMWÐÌŒÎXŒÙYXÎØÌÌMÎLÍØÌ˜Ì™ŒÙLŒM˜YX˜ÌŒÎXŒLÎYY™ÍYXX‹ÌKŽLÍNMÎÍŽMËŒ‹ŽLNÍMÍÌMŒMŒŒŒÍÌÌMKMŽNMNÌLŒÎÌËÎKŽÌÍÎNŽL‹LËMNLNNÌMLÍŒMLLÌMŒÍŒKÍLÎMŽMŒÌÍŒÍLNLÌŒMLÌŒ‹MMÍŒŒMÎKÍLÎMŽMŒÌÍŒÍLNLÌŒMLÌŒ‹MMÍŒŒMÎKMËNL‹NL‹ŒÌKL‹L‹ÍNŒLÎKLÎ˜[ÙKKKKVT’SQS•SÔÒQÕË˜[ÙKLÌKMØ˜ÎLÙ™ØŒÌØ˜˜LÍÙXÍŒLÙLYMML™XŽMNML™˜ØŒÙ˜MÍØÎLM˜ŽBŽŽØXŽLXŒLŽXXÍÍNYXÙY˜ŒÍÍLÍŒL™ŽŒXØÌYXÙXÍÍØÍLÌKÍMWÓMWÐÌKÍMWÓMWÐÌKŒÎXŒÙYXÎØÌÌMÎLÍØÌ˜Ì™ŒÙLŒM˜YX˜ÌŒÎXŒLÎYY™ÍYXX‹ÌËŒÌNŽMÌÍMÌŒKŒ‹ŽLÍNLMŒŒMLKŒÎMŽMÌÎMKMŽNMNÎÍÌMKŽMNNMÌŒMÌÍ‹LËŽLÍMŒÌMMËŒŽÍLÍLÌÎMÌÍÌKÎMMŽMLMŒÍŒÎLÍMMŽNMLÎLLŒMÍMÍKÎMMŽMLMŒÍŒÎLÍMMŽNMLÎLLŒMÍMÍKLLMLËNNKNNKNL‹MËMËÍŒÌËMM˜[ÙKKKKVT’SQS•SÔÒQÕË˜[ÙKLÌLÙMYYŒØLYMÎYLÎXÍŽLÍÎLXÎM˜ÎYLÙŒYŒÌÌŒÍY™MÎXLLXÍØÂŽŽØXŽLXŒLŽXXÍÍNYXÙY˜ŒÍÍLÍŒL™ŽŒXØÌYXÙXÍÍØÍLÌLÍMWÓMWÐÌLÍMWÓMWÐÌLŒÎXŒÙYXÎØÌÌMÎLÍØÌ˜Ì™ŒÙLŒM˜YX˜ÌŒÎXŒLÎYY™ÍYXX‹ÍÍMŒÍŽMÌÎKŒ‹ŽLLŒMLÎLÍKŒŽNMÍŒÎMÌÎKMŽNMLŒLÌŒÌÍNKKŽÍÎLŽLLÍNLËMŒÍNŽLŒLŒMÍÌŒ‹ŒÍLMÍŒNÍL‹ŽŽNLLÍNMŒLËŒÍNLÎMÎŒŽMÌLŒÌKMMŽÍŽNÎMMLÍ‹ŽŽNLLÍNMŒLËŒÍNLÎMÎŒŽMÌLŒÌKMMŽÍŽNÎMMLÍ‹LŽÍŒ‹ŒKŒÍMLËL‹LKÍŒÌKMKM˜[ÙKKKKVT’SQS•SÔÒQÕË˜[ÙKLÌLKYMØÍ™MMXMN™LŒÌMÌÎMŽNMMÌÎML˜™™LMÙÙŒØX˜MÎLMXØØLØXÍÌŽŽŽØXŽLXŒLŽXXÍÍNYXÙY˜ŒÍÍLÍŒL™ŽŒXØÌYXÙXÍÍØÍLÌLKÍMWÓMWÐÌMKÍMWÓMWÐÌMKŒÎXŒÙYXÎØÌÌMÎLÍØÌ˜Ì™ŒÙLŒM˜YX˜ÌŒÎXŒLÎYY™ÍYXX‹Í‹ŒŒNÍLŽ‹Œ‹ŽLLNMLLÎMŽMŒKŒŒLŒŽMŽNLËMŽNMLÌÌLLMKMŽMNLÌŒÌŒMŽLŽMKMÎMLÍLŽL‹ŒNÍÍŒŒMMŒLÍKŽÌÍÍŒMÍŽL‹ŒÌÍMÍŒÍMÍMÌŒŒKMNNLŽÍÌLLŒŒ‹ŽÌÍÍŒMÍŽL‹ŒÌÍMÍŒÍMÍMÌŒŒKMNNLŽÍÌLLŒŒ‹MMÌŒL‹ŒL‹ŒNMLËKÍNKM‹M‹˜[ÙKKKKVT’SQS•SÔÒQÕË˜[ÙKLÌL‹XŽŒXÍMŒ™ÙYÍMÎY™ŒØYXÎMŒNNM˜ÙLŒMLÎ™XLÙ˜˜YYM˜‚ŽŽØXŽLXŒLŽXXÍÍNYXÙY˜ŒÍÍLÍŒL™ŽŒXØÌYXÙXÍÍØÍLÌL‹ÍMWÓMWÐÌŒÍMWÓMWÐÌŒŒÎXŒÙYXÎØÌÌMÎLÍØÌ˜Ì™ŒÙLŒM˜YX˜ÌŒÎXŒLÎYY™ÍYXX‹ÍËÍLMŒÌÎÍËŒ‹ŽLÍÌÎŒMŒŒÎKŒKÌÌLMŽKMŽNMÍÍÌÍÎMLKNKÎMÎMŒÌMNNÎKMKŒŒMLÎÌLÎKŒÌŒÎLMÌMLŒMÌÎKŽNMŽÍMÍÌŒÌÌÎÎŒŽNŒKMŒŒMÌNMŽMŽNM‹ŽNMŽÍMÍÌŒÌÌÎÎŒŽNŒKMŒŒMÌNMŽMŽNM‹MŒ‹ŒNKŒNKŒMKÎÎÍŽÌËMËMË˜[ÙKKKKVT’SQS•SÔÒQÕË˜[ÙKLÌLËYÎÍYŒŒMXÌÌYŽMŒLÍLXÎÌÌŒ˜Œ™LXÌL˜YŒÌNY˜Ì˜Y˜‚ŽŽØXŽLXŒLŽXXÍÍNYXÙY˜ŒÍÍLÍŒL™ŽŒXØÌYXÙXÍÍØÍLÌLËÍMWÓMWÐÌKÍMWÓMWÐÌKŒÎXŒÙYXÎØÌÌMÎLÍØÌ˜Ì™ŒÙLŒM˜YX˜ÌŒÎXŒLÎYY™ÍYXX‹ÎKŒÌÍMNMÍLŒËŒ‹ŽLLŒLLÍNMŒKNLMMÍŒLLËMŽNMÍMNLÍËÍÎLLŽËMKMÍLMMŽNLMLÍËŒÍŒLÌŽMNŒKŽÍLÌÌÎÎM‹ŒÍMNÎŒÌKMNLÍMÎLLMMKŽÍLÌÌÎÎM‹ŒÍMNÎŒÌKMNLÍMÎLLMMKMÎL‹ŒKŒKNŒKÌŽKÍÌKMMK˜[ÙKKKKVT’SQS•SÔÒQÕË˜[ÙKLÌMYMLÙXLÌXÌÍLXŒÌYÍÙ™™˜ÍÍNYÌÌÎNÍŒÍLŒÍÙŽM˜LMÍÍŽŽØXŽLXŒLŽXXÍÍNYXÙY˜ŒÍÍLÍŒL™ŽŒXØÌYXÙXÍÍØÍLÌMÍMWÓMWÐÌÌÍMWÓMWÐÌÌŒÎXŒÙYXÎØÌÌMÎLÍØÌ˜Ì™ŒÙLŒM˜YX˜ÌŒÎXŒLÎYY™ÍYXX‹ŽLLŒLMLŒNNŒ‹ŽLŒNMÌMÌŒËŒKŽŽLÌLNLÌÍ‹MŽNLLŽNNNMKŽKÍLMLMŒNÎ‹M‹ŒMÍMÌÍÍÍŽNNKŒÌŒLŽMŒŽLÍŒŒ‹ŽLMMŒLLÍŒŒŒKŒŒÍÍŒÌMÎNNMMKMŽNÍMŽÍMÌÎËŽLMMŒLLÍŒŒŒKŒŒÍÍŒÌMÎNNMMKMŽNÍMŽÍMÌÎËNMM‹ŒÌ‹ŒÌ‹MMMÌËŒKŒÍÌÍËMKMK˜[ÙKKKKVT’SQS•SÔÒQÕË˜[ÙKLÌMKÙ™ŽXÍÌYXŽŽXÌMYÎÎLŽŒYŽNLŒ˜ÌÍÍØÌŒ˜LNLMLÙÌÙ˜ÙBŽŽØXŽLXŒLŽXXÍÍNYXÙY˜ŒÍÍLÍŒL™ŽŒXØÌYXÙXÍÍØÍLÌMKÍMWÓMWÐÌÍKÍMWÓMWÐÌÍKŒÎXŒÙYXÎØÌÌMÎLÍØÌ˜Ì™ŒÙLŒM˜YX˜ÌŒÎXŒLÎYY™ÍYXX‹‹MŒNMLÎMÎM‹Œ‹ŽLŒLLMÌÍËŒ‹ŒLMŒNÌËMŽNLÎNMŒÍŒŒNLMKÍÍÍLÍŽLMM‹M‹LŒMNÍÌŒMŒÌLÎÌÌÎËŽLÌÌÍŒMMLŒLÌMŒŒKŒNNNŒLÎMLŒMÍLKMÌÍÎŒŒMMÌLMÌ‹ŽLÌÌÍŒMMLŒLÌMŒŒKŒNNNŒLÎMLŒMÍLKMÌÍÎŒŒMMÌLMÌ‹ŒLMŽŒÎŒÎLËÍÍŒËM‹MË˜[ÙKKKKVT’SQS•SÔÒQÕË˜[ÙKLÌM‹NÍŒ˜LØÌÍÍÎMÙÌ˜ŽÍYM˜YYNNÍLY˜MXLLLÙYŒØŒÎNÎ˜ÂŽŽØXŽLXŒLŽXXÍÍNYXÙY˜ŒÍÍLÍŒL™ŽŒXØÌYXÙXÍÍØÍLÌM‹ÍMWÓMWÐÌÍMWÓMWÐÌŒÎXŒÙYXÎØÌÌMÎLÍØÌ˜Ì™ŒÙLŒM˜YX˜ÌŒÎXŒLÎYY™ÍYXX‹ŒMÍMÍMŒŒKŒ‹ŽLLÎNNMÌŒ‹ŒÌLNMÍŒÌŽLLKMŽNMLLÌÎMÍŽNKÎKÌLŽLÌÌÍÍLM‹ŽMNŒŒNNLÌŒÍKŒÌÍMÌÎŒMÍÌM‹ŽMMÎMMNMMÎŒŽËŒLŒLÌMŽLŽLNMŒKMÍÍÌMLLŽMÌLŽŽMMÎMMNMMÎŒŽËŒLŒLÌMŽLŽLNMŒKMÍÍÌMLLŽMÌLŽŒÎÎLËÌKŽÍÎŒKMËMË˜[ÙKKKKVT’SQS•SÔÒQÕË˜[ÙKLÌMËNXXMLÙLM™YM™MMLÙLXM™NY™MY™ÍÌÍYNYYŽYY™˜ÍÎÌ‚ŽŽØXŽLXŒLŽXXÍÍNYXÙY˜ŒÍÍLÍŒL™ŽŒXØÌYXÙXÍÍØÍLŽNËÍMWÓŒÐÌKÍMWÓŒÐÌKŒÎXŒÙYXÎØÌÌMÎLÍØÌ˜Ì™ŒÙLŒM˜YX˜ÌŒÎXŒLÎYY™ÍYXX‹ŽŒÍÎMLÌMŽKŽŒLŒÍŒÌMÎLÍÍËŒËŒŒÌŒÌNKŒŒŒLMŒÌLL‹ŽNLÍÌLLŒÍMÎKLÍNÍLNÌÎŒMÍLLNMÍLLŽL‹ŒÌÍNÌÍÎMMÍKMMMLÎÎÌÍLMKMÌŽLMÎNËŒÌÍNÌÍÎMMÍKMMMLÎÎÌÍLMKMÌŽLMÎNËÎLÍÍ‹MLËMMÍ‹M‹M‹ÍÍM‹MK˜[ÙKT’U‘QT‘ÐŽLNMK‹KKVT’SQS•SÔÒQÕË˜[ÙKLÌNYXMÍ™YNLY™˜XÍÍØÌXMXYŒXLŒ™LM˜™ŒMÌÍXLXÌMŒÙX™M˜ÍÍÌÌYŽŽØXŽLXŒLŽXXÍÍNYXÙY˜ŒÍÍLÍŒL™ŽŒXØÌYXÙXÍÍØÍLŽNÍMWÓŒÐÌLÍMWÓŒÐÌLŒÎXŒÙYXÎØÌÌMÎLÍØÌ˜Ì™ŒÙLŒM˜YX˜ÌŒÎXŒLÎYY™ÍYXX‹ŽKMÎŒNNŒÍŒKŽŒLŒÍLMMÍÎMMŽŒËLÎŽÌNLNL‹ŒŒLŽLÍÌŒÎMŒ‹KŽMÌLMNMMMÌŒLŒËLŽÌÌŒÌŒLÌKŒLÍÍÎNNŒÌÌÎÌLÍÍÍMÌÎLÍNŽËMÍLŒLÎLÎMLÍÍ‹ŒÌÌÎÌLÍÍÍMÌÎLÍNŽËMÍLŒLÎLÎMLÍÍ‹MLKMŒ‹MŒKÍMŒLKLÎKLÎÍÍLKMËM‹˜[ÙKKKKVT’SQS•SÔÒQÕË˜[ÙKLÌNKXLØYXMŽLÍYMY™YXXLŒXÍNLÍŒÙMLÎÎLLÍNŽØØÌ‚ŽŽØXŽLXŒLŽXXÍÍNYXÙY˜ŒÍÍLÍŒL™ŽŒXØÌYXÙXÍÍØÍLŽNKÍMWÓŒÐÌMKÍMWÓŒÐÌMKŒÎXŒÙYXÎØÌÌMÎLÍØÌ˜Ì™ŒÙLŒM˜YX˜ÌŒÎXŒLÎYY™ÍYXX‹ÌŽNMMÍÌŒKŽŒLŒŒMÌLNMNNKŒËŽÍMÍMÍMÍŒÍÌËNKŽNNMLŒLMÍŒMÍ‹MŽMMMLMÍÌLŒÎÎËLKŒÌMÌÍÌLMËŒLNLMÌNÍÌŒKLMLNMNŽKLÌNÌLNÍMÎËMÎÍLŒŒÍÌLLMKLMLNMNŽKLÌNÌLNÍMÎËMÎÍLŒŒÍÌLLMKÍMŽKMÌMÌÍÍÌ‹LÍKLÍ‹ÍÎL‹MËMË˜[ÙKKKKVT’SQS•SÔÒQÕË˜[ÙKLÌŒXÌNLÍŒŒØYM™Œ˜XÙÎLX™™™NNNŽ™ŽNMLŒMLÙLŒÍNMÙÍŽXŒŒBŽŽØXŽLXŒLŽXXÍÍNYXÙY˜ŒÍÍLÍŒL™ŽŒXØÌYXÙXÍÍØÍLŽNLÍMWÓŒÐÌŒÍMWÓŒÐÌŒŒÎXŒÙYXÎØÌÌMÎLÍØÌ˜Ì™ŒÙLŒM˜YX˜ÌŒÎXŒLÎYY™ÍYXX‹Ì‹ŒÍŒLÍÍÎÍLŽŒLNNMÍÍMLLMKŒLŒNLŒNNLMNL‹NKŽNMŽMÍŒMMŒŒKNKŽMÎÎLÌMŒŒÍLKÍLLÍÌÌMŒŒÍMLŒNNNNMNŽMLÌÍLÍÌM‹LMŽMŽMŒÍÌLÎKNŒÎÌNLKŽMLÌÍLÍÌM‹LMŽMŽMŒÍÌLÎKNŒÎÌNLKMMŽKMÍËMÎÌÎÎLÌ‹LÌ‹ÎMMËMMK˜[ÙKKKKVT’SQS•SÔÒQÕË˜[ÙKLÌŒKYNYLX˜MŽYLŽLØXMYL˜ŽL˜ÍNL™™ÙLLMŒXNNMÍL™NXXÍYMÌBŽŽØXŽLXŒLŽXXÍÍNYXÙY˜ŒÍÍLÍŒL™ŽŒXØÌYXÙXÍÍØÍLŽNLKÍMWÓŒÐÌKÍMWÓŒÐÌKŒÎXŒÙYXÎØÌÌMÎLÍØÌ˜Ì™ŒÙLŒM˜YX˜ÌŒÎXŒLÎYY™ÍYXX‹ÌËÍÌÍLÌLLŒÍL‹ŽŒLŒÍŽLNLNNŒÍŒÌNMÌÍÎLNÎL‹NKŽNMÍÎŒÍLÎÌËŽLLMÌMÌÌÍŒŒNMËL‹ŒMÎNMŽŒŒŽMŒŒKŒNMÍÌMÍMNLLNÌLÌMNLÎMÍÍNMËLÌLŒÍLLMKNŒMLŒMLŒLŒÎMLÎÌLÌMNLÎMÍÍNMËLÌLŒÍLLMKNŒMLŒMLŒLŒÎMLÎÍLMKNKNKÌŽLŽKLŽLŽÎLMKMK˜[ÙKKKKVT’SQS•SÔÒQÕË˜[ÙKLÌŒ‹XÎÎXÍ™N˜L™™LLÙÍÌÍŒY˜ÙŒÌY™ÌL˜MXNMÙLYØÍXÌŽŽØXŽLXŒLŽXXÍÍNYXÙY˜ŒÍÍLÍŒL™ŽŒXØÌYXÙXÍÍØÍLŽNL‹ÍMWÓŒÐÌÌÍMWÓŒÐÌÌŒÎXŒÙYXÎØÌÌMÎLÍØÌ˜Ì™ŒÙLŒM˜YX˜ÌŒÎXŒLÎYY™ÍYXX‹ÍKŒŒMŒÍNLŒËŽŒLŒLLŒŽLMLŽŒLÍNNŒLÎNKNKŽNNLÍLLMLKŽKŽLLNLÌŒŒNLKL‹ŒLŒLÍŽNNLËŒMMÌMÍÎÌŽLMŒKÍLÎNMMÎMMÎÍËÌMÌÍŒLÍLNNMMÍÎMŽLNNLÍMMKÍLÎNMMÎMMÎÍËÌMÌÍŒLÍLNNMMÍÎMŽLNNLÍMMKMLËNL‹NL‹ÌNLMËLLÎŒËMLMLK˜[ÙKKKKVT’SQS•SÔÒQÕË˜[ÙKLÌŒË™™LŽXÙ™˜ÍÍ™LNLMÌŒLÙ˜ŒYŒÍÌMXLÙŽ˜X™XØ™ÙMLBŽŽØXŽLXŒLŽXXÍÍNYXÙY˜ŒÍÍLÍŒL™ŽŒXØÌYXÙXÍÍØÍLŽNLËÍMWÓŒÐÌÍKÍMWÓŒÐÌÍKŒÎXŒÙYXÎØÌÌMÎLÍØÌ˜Ì™ŒÙLŒM˜YX˜ÌŒÎXŒLÎYY™ÍYXX‹Í‹ÌMÎMMMŒNLÍÍÍŽŒLNLLLÍŽNŽÎLŽMŒÎKNKŽNMŒMÌŒNLŒMŽMLËÍŽLLÎMŽŒŒLMÌËLËŒLÌÎÍÍÍMŒÌMNKŒMÍNÌMÌÌNŽNÎŒÎLŒÍNNMLM‹ÌÎLŒŒÌMNLÎÌŒÍNLÍMÎ‹ÎŒÎLŒÍNNMLM‹ÌÎLŒŒÌMNLÎÌŒÍNLÍMÎ‹LLÍŒŒÌËLŒLŒÎLNKMLKMLK˜[ÙKKKKVT’SQS•SÔÒQÕË˜[ÙKLÌÌŒMLØŒÌÎXÌXX™˜MLŒMÌMÍÌXÍØ™MMŽXLLXÎYYÎXŒ˜˜ÌŒÍÍÂŽŽØXŽLXŒLŽXXÍÍNYXÙY˜ŒÍÍLÍŒL™ŽŒXØÌYXÙXÍÍØÍLŽNMÍMWÓŒÐÌÍMWÓŒÐÌŒÎXŒÙYXÎØÌÌMÎLÍØÌ˜Ì™ŒÙLŒM˜YX˜ÌŒÎXŒLÎYY™ÍYXX‹ÎŒLNMÍÎŒÍÌLÌŒËŽŒLNLŒŒLMKKŒŽLLŒŽNNLŒ‹NKŽNMMMLŒKÎKŽÌŒNŽLËLËNNLÌÌLÍMŒÍŒLÎÌÍŒÎNLLKŽLŒŽMŒLÍNLLÌÍÎLÌŒMÎMŒÎKNMÍÎŽLÌÎŽL‹ŽLŒŽMŒLÍNLLÌÍÎLÌŒMÎMŒÎKNMÍÎŽLÌÎŽL‹LÌNŒËŒ‹ŽMMËLMKLMKÎLMÍ‹ML‹MLK˜[ÙKKKKVT’SQS•SÔÒQÕË˜[ÙKLÌKLÙŽYŒŽÌYØØXÌYLLÍLXLNXŒLMÎŒL™NYYXŒØ˜ŒÌXÙBŽŽØXŽLXŒLŽXXÍÍNYXÙY˜ŒÍÍLÍŒL™ŽŒXØÌYXÙXÍÍØÍLŽNMKÍMWÓŒÐÌKÍMWÓŒÐÌKŒÎXŒÙYXÎØÌÌMÎLÍØÌ˜Ì™ŒÙLŒM˜YX˜ÌŒÎXŒLÎYY™ÍYXX‹ÎKŽÎLÍÌŒŽŽMKŽŒLNÌÌÌÍŒÍŒËKŒÌÌÍÌLŒÎNKŽNMMŽŒNL‹ŽLMŒÍÌMÎNLÌËLËŽLŒÌŽLÌŽLÍÍÌÎNKŒŒÌÌNŽM‹ŽÍÍNMMŒŒŒŒKÌÌŒÌÍLÍMÌMŒŒËŒMŽŽÍLLMNKŽÍÍNMMŒŒŒŒKÌÌŒÌÍLÍMÌMŒŒËŒMŽŽÍLLMNKMLKŒMŒLËŽÎL‹LLLLÎMÌ‹MLËMLË˜[ÙKKKKVT’SQS•SÔÒQÕË˜[ÙKLÌ‹™ŽX˜ÎXŒÌLLŒXÌØØ™ÙŽYNMY™Œ™YL˜YYL˜ŽLXØÎŽÍŽŽØXŽLXŒLŽXXÍÍNYXÙY˜ŒÍÍLÍŒL™ŽŒXØÌYXÙXÍÍØÍLŽNM‹ÍMWÓŒÐÌLÍMWÓŒÐÌLŒÎXŒÙYXÎØÌÌMÎLÍØÌ˜Ì™ŒÙLŒM˜YX˜ÌŒÎXŒLÎYY™ÍYXX‹KÎÌÎÍŒKŽŒLMÌNÎLÍLÌËKMÍLŽŒMÌÌÍŽKNKŽNMNLÍMLŒÌÍKŽÎNNNLLLŽNMŒÍNLLÍŽLÎLÍŽMÍŒŽLŽNLMŒLŽNKŽMŒLLNŒŒŒNKLŒNÌÌÌLŒMŒLŒŒLNMÍLŽKŽMŒLLNŒŒŒNKLŒNÌÌÌLŒMŒLŒŒLNMÍLŽKMNKŒŒŒŒKÌLËLKLKÎMŽKMMMM˜[ÙKKKKVT’SQS•SÔÒQÕË˜[ÙKLÌËŒÍ™MÙŒŒNL™MNŒYMYNXLLLYLLŒNÍLÙ™LŽLLÌXNXLMÎNŽŽØXŽLXŒLŽXXÍÍNYXÙY˜ŒÍÍLÍŒL™ŽŒXØÌYXÙXÍÍØÍLŽNMËÍMWÓŒÐÌMKÍMWÓŒÐÌMKŒÎXŒÙYXÎØÌÌMÎLÍØÌ˜Ì™ŒÙLŒM˜YX˜ÌŒÎXŒLÎYY™ÍYXX‹ËŒLLMNKŽŒLMÎMMLMÎMŽKŽŒMŽMŒÍŽKNKŽNMLMMÍÎŒÌKMŽNMÎLNÌLŒËMÎMÌMŒÍŒÌÌÎLËŒŽÍLMNMMLNLLLËŽLLMLÍLŽÌŒLMÌ‹ŒÎLMNLÎÌNLLËŒMLŒÌÍŒMÌKŽLLMLÍLŽÌŒLMÌ‹ŒÎLMNLÎÌNLLËŒMLŒÌÍŒMÌKN‹ŒËŒËMLËNKNÎNMKMMKMMK˜[ÙKKKKVT’SQS•SÔÒQÕË˜[ÙKLÌŽYM™ŽØŒXØÍXMXYNMÎYY˜ØMY™˜ÙX˜YXÎ™ÌMYÙYLNÎŒNMØ‚ŽŽØXŽLXŒLŽXXÍÍNYXÙY˜ŒÍÍLÍŒL™ŽŒXØÌYXÙXÍÍØÍLŽNNÍMWÓŒÐÌŒÍMWÓŒÐÌŒŒÎXŒÙYXÎØÌÌMÎLÍØÌ˜Ì™ŒÙLŒM˜YX˜ÌŒÎXŒLÎYY™ÍYXX‹ŽMÌŒŒÎMMÍMNMKŽŒLMÌLÍÍŒMÍÌK‹ŒÌÌLÌLÌKNKŽNMÍŒÌLÌËNKÎNLÍMŽMNLŒ‹MKŒŒÌŒÌLMLŒ‹ŒŽÌMÌŒMÌÌŒÎLÍŒ‹ŽLMÌÎLLLNLÍÌKŒÍŒÍNÍÎNM‹ŒLÍLÌÌŒNŒÎKŽLMÌÎLLLNLÍÌKŒÍŒÍNÍÎNM‹ŒLÍLÌÌŒNŒÎKŒLŒKŒÍŒÍŒÎŽLËL‹ŒKMM‹MM‹˜[ÙKKKKVT’SQS•SÔÒQÕË˜[ÙKLÌŽKYŒMLLLÌŽXMÌ˜ÍL™ÍXŒØŽŒÎNYLÍØÎÎM˜ÌÍ™XM™XÙØŒYXYM‚ŽŽØXŽLXŒLŽXXÍÍNYXÙY˜ŒÍÍLÍŒL™ŽŒXØÌYXÙXÍÍØÍLŽNNKÍMWÓŒÐÌKÍMWÓŒÐÌKŒÎXŒÙYXÎØÌÌMÎLÍØÌ˜Ì™ŒÙLŒM˜YX˜ÌŒÎXŒLÎYY™ÍYXX‹‹MŽMMŽŒMÌŽKŽŒLNŒLÌNLŽMŽMË‹ŒÌNLÎÌLMŒÍÌÍMËNKŽNMMÍÌMLLÍNÍÎÌLŒÎMŽMMŒËMKMÌÎMLÍMMMŒÌŒMÌLÌŽNKŽMÌÍLÌÍŒÌÍŒLNMKŒÌÍLÌMNŒ‹ŒMÍMNMÌŒÍLŒŒŽMÌÍLÌÍŒÌÍŒLNMKŒÌÍLÌMNŒ‹ŒMÍMNMÌŒÍLŒŒŒNŒËKKŒNMKKMMËMN˜[ÙKKKKVT’SQS•SÔÒQÕË˜[ÙKLÌÌNYYÌÌŒ˜MY˜ÍYŒÍ™ÙMMLÎNŒ˜ÍŽÎML˜ÎYMÍYMÌMML˜LLÂŽŽØXŽLXŒLŽXXÍÍNYXÙY˜ŒÍÍLÍŒL™ŽŒXØÌYXÙXÍÍØÍLÌÍMWÓŒÐÌÌÍMWÓŒÐÌÌŒÎXŒÙYXÎØÌÌMÎLÍØÌ˜Ì™ŒÙLŒM˜YX˜ÌŒÎXŒLÎYY™ÍYXX‹ŒÍLÍÎLNMŽÎŽŒLMNÌÎLŽNLLÍK‹MÌMLNMÍŽNKŽNLÌÌLNÍÌÌ‹ŽKÍŒŽÎLLŒMMËM‹ŒMMNLŒÌMÍKŒÌÍMŒŽLÍLŽLŽNKŽMŽLÍÍMÌMLÌLÎM‹ŒÌNLMÎMMŒŽŒÌKŒŒMŒÍMŽÎŽMŽLÍÍMÌMLÌLÎM‹ŒÌNLMÎMMŒŽŒÌKŒŒMŒÍMŽÎŒÍL‹ËNMÎ‹ÍËÍËÌKMNMNK˜[ÙKKKKVT’SQS•SÔÒQÕË˜[ÙKLÌÌKÎYNMMLÌLYÙMNYŒMMXÙLMÍŒMŒLÙ˜˜™˜Œ˜™MXY˜ØŒÙŽŽØXŽLXŒLŽXXÍÍNYXÙY˜ŒÍÍLÍŒL™ŽŒXØÌYXÙXÍÍØÍLŽMÍKÍMWÓWÐÌKÍMWÓWÐÌKŒÎXŒÙYXÎØÌÌMÎLÍØÌ˜Ì™ŒÙLŒM˜YX˜ÌŒÎXŒLÎYY™ÍYXX‹ÍŒÌÍŽŒLÍŒÌMÍÌMÎL‹ŽŒÌÍÌMLÎNŒKKŒMMÎLÎKŽNLMÌŽŽÌËLÍÌÎMLÌÎMËŒLLLLÌÎKLŽMÍNLÎNÍLÌÍKŒŽÍNNMŽLLŒËŒŒŒÌLÌMÌLLKLŽMÍNLÎNÍLÌÍKŒŽÍNNMŽLLŒËŒŒŒÌLÌMÌLLKÎL‹MËMËÎMÍŽKMMKMMKÎËMNKMN˜[ÙKKKKVT’SQS•SÔÒQÕË˜[ÙKLÌÌ‹MØX˜ÙŒMØYØYXNMŒÎLX˜˜ÍY™Œ˜ØMXLLLXXÌÍYYN™MY™ŽŽN™‚ŽŽØXŽLXŒLŽXXÍÍNYXÙY˜ŒÍÍLÍŒL™ŽŒXØÌYXÙXÍÍØÍLŽMÍ‹ÍMWÓWÐÌLÍMWÓWÐÌLŒÎXŒÙYXÎØÌÌMÎLÍØÌ˜Ì™ŒÙLŒM˜YX˜ÌŒÎXŒLÎYY™ÍYXX‹ÍKÌŽÎNMMÌMNNÍŒŒŽMLLLÎMËŽNNLŒÌLŒÌÍŽNNLÌLÍÍÎMŒKKŽMÍMŒŒÌÌÍÍNLŽŽÍÌÍMMNŽŒLŽLŒÌMLNKŽŒNLÎNŽËNMŒÍÍMÍŽNŒMŒÍËŒŒMÍLLNNŽŒNLÎNŽËNMŒÍÍMÍŽNŒMŒÍËŒŒMÍLLNNMŽKMÍKMÍKÎMÌML‹ML‹LÍ‹MŒMŒ˜[ÙKKKKVT’SQS•SÔÒQÕË˜[ÙKLÌÌËØYŒØÎ˜LMÍŒØ˜ØŽÙLØMY˜ÎY˜ØNY˜ŽL˜XØØÎL™LØØ™NYYØŽL™‚ŽŽØXŽLXŒLŽXXÍÍNYXÙY˜ŒÍÍLÍŒL™ŽŒXØÌYXÙXÍÍØÍLŽMÍËÍMWÓWÐÌMKÍMWÓWÐÌMKŒÎXŒÙYXÎØÌÌMÎLÍØÌ˜Ì™ŒÙLŒM˜YX˜ÌŒÎXŒLÎYY™ÍYXX‹ÍËŒŒMÌLÌLÍÍÍMÌÍLËÍŒÎÍMMÌMÎŽŽŽŒMLÍŽNNMŽLŒÎNMÌÎMŽMNMMÍLM‹LKŒÌŽLÌŽLLÌŒMÍŽNKŒMMÌLÌNLŽNKÌNÌLŒÍLMMŒËNMÍLŒŒLÌÌÌŒLKŒÌLNLÍÍŽMŒÎËÌNÌLŒÍLMMŒËNMÍLŒŒLÌÌÌŒLKŒÌLNLÍÍŽMŒÎËÌÍKNËNËÎLKMMLŽMMŒKMŒ˜[ÙKKKKVT’SQS•SÔÒQÕË˜[ÙKLÌÍŽÍÍÌXÎYLYŒÌØÌŒ˜LMØLÌÌ™Œ˜˜ØLŒÙ˜ŒÙXØÍ˜YØØØMBŽŽØXŽLXŒLŽXXÍÍNYXÙY˜ŒÍÍLÍŒL™ŽŒXØÌYXÙXÍÍØÍLŽMÎÍMWÓWÐÌŒÍMWÓWÐÌŒŒÎXŒÙYXÎØÌÌMÎLÍØÌ˜Ì™ŒÙLŒM˜YX˜ÌŒÎXŒLÎYY™ÍYXX‹ÎÍÌÌÎLÍŒMÎLÎMMMÌËŽKŒLÍLMLŒÍMLŒŒKŽNNNNMÍŒÌKNKŽMLÌLNMŽLKÍMLÌÎNÌŒŒÍNŒMÍŒMMMÌŒKÍMÍŽNMŽKMŽLLÎMŒ‹ŒÍŽMÌŽLNLÍKÍMÍŽNMŽKMŽLLÎMŒ‹ŒÍŽMÌŽLNLÍKLLMËNLKNLKÍÌŒÌKMKMKMMKMŒ‹MŒË˜[ÙKKKKVT’SQS•SÔÒQÕË˜[ÙKLÌÍKXYLŒÍÍYŒÙLXØÙL˜ÎÍÎLÙLLXMÍY™ŒMÍLØ™XÌXÙÌÍLÎŽMŽŽØXŽLXŒLŽXXÍÍNYXÙY˜ŒÍÍLÍŒL™ŽŒXØÌYXÙXÍÍØÍLŽMÎKÍMWÓWÐÌKÍMWÓWÐÌKŒÎXŒÙYXÎØÌÌMÎLÍØÌ˜Ì™ŒÙLŒM˜YX˜ÌŒÎXŒLÎYY™ÍYXX‹ŒÍLÌMÍÎLŒÌËÍŒŒNNM‹ŽKŒÌÍÌNŽÌÍÍ‹ŽNMŒÎLMLÌMNŽLNNNNMLÎMŽKL‹ŒNÌLŽMÍLÌNMÌËŒŒMŒLŽŽMNÍÎNÍŒMKMLÍŒŒÌNLŽLŒŒËŒÍÎMMŒÍLŒÎLŽNM‹ÍÎNÍŒMKMLÍŒŒÌNLŽLŒŒËŒÍÎMMŒÍLŒÎLŽNM‹LLLËNNKŒÍŒŽ‹MKM‹NMŒËMŒË˜[ÙKKKKVT’SQS•SÔÒQÕË˜[ÙKLÌÍ‹XXÍYÍŒXÍØÍÙXÙMÍŒYŽMÌŽNXXÎY™LŒMÍŒÌÌØLMYNMXÌLŽŽØXŽLXŒLŽXXÍÍNYXÙY˜ŒÍÍLÍŒL™ŽŒXØÌYXÙXÍÍØÍLŽNÍMWÓWÐÌÌÍMWÓWÐÌÌŒÎXŒÙYXÎØÌÌMÎLÍØÌ˜Ì™ŒÙLŒM˜YX˜ÌŒÎXŒLÎYY™ÍYXX‹KŽNÍÍŒNÍŒÎËÍŒÌNŒŒŒŒKŽKÍMŒŽŽMÎLÍMLKŽNMŽÌÍŒŽLKŽKŽLÎÍŒŒÍÌÍL‹ŒLÎNMMÌLÌ‹ŒŒŒŒNMLÌŒMLKŽMLÎMÍÍLŒÌÌMLÎNMŒŒLŽLÍÎMÍKNŽNLNÎŒÍLËŽMLÎMÍÍLŒÌÌMLÎNMŒŒLŽLÍÎMÍKNŽNLNÎŒÍLËLÌLËŒ‹ŒËÍLÍKLÍËLÍËŒKMM˜[ÙKKKKVT’SQS•SÔÒQÕË˜[ÙKLÌÍËÌŒŒ™XÍØLXLMŒNÎNLMŒÙLMØNØØYXMÙ™™ŒXXLÍLØÍL™ŒX˜™Y˜ŽNØ‚ŽŽØXŽLXŒLŽXXÍÍNYXÙY˜ŒÍÍLÍŒL™ŽŒXØÌYXÙXÍÍØÍLŽNKÍMWÓWÐÌÍKÍMWÓWÐÌÍKŒÎXŒÙYXÎØÌÌMÎLÍØÌ˜Ì™ŒÙLŒM˜YX˜ÌŒÎXŒLÎYY™ÍYXX‹ËLLMNLMÌÍKÍŒÍÍLÍŒÎÎŽKŽMLLNMMM‹ŽNMŒÍŽŽLL‹ÍŽLMÍMMÌÌML‹LËŒLÎMMÌNMÌLÌKŒMŒŒLNMLKŽÎŒLMMNÍŒÍ‹LŒNÌÍLŒMMËNMMÌLŒMNMŽÎŒLMMNÍŒÍ‹LŒNÌÍLŒMMËNMMÌLŒMNMMMNŒMŒMÍŒKLÌËLÌËŒÌ‹MKMK˜[ÙKKKKVT’SQS•SÔÒQÕË˜[ÙKLÌÎNÌØLYXNYNXÙŽMYMØ™ŒLÍÍÍÙŽYM™ÌLMMÌÍÎ™L˜LŒXLBŽŽØXŽLXŒLŽXXÍÍNYXÙY˜ŒÍÍLÍŒL™ŽŒXØÌYXÙXÍÍØÍLŽN‹ÍMWÓWÐÌÍMWÓWÐÌŒÎXŒÙYXÎØÌÌMÎLÍØÌ˜Ì™ŒÙLŒM˜YX˜ÌŒÎXŒLÎYY™ÍYXX‹KŒÎŒLŒŒLŽÌËÍŒŒŽLÌŒŽNMLÍŽKÌŒŒŒÌÍÎLNLÎMKŽNMŒLŽLLŽÌËÎKŽÌMNLNNLLKLËÌLÎŒŒLMÍLŽKŒLLLŽLŒLNNËŽÌMŒÍÎLËLÍLÎLŽLNLKMÍÎMŽÍŽMËŽÌMŒÍÎLËLÍLÎLŽLNLKMÍÎMŽÍŽMËMŽŽŒŒKŒŒ‹ÌÌLËLŽKLŽKNËM‹M‹˜[ÙKKKKVT’SQS•SÔÒQÕË˜[ÙKLÌÎKYMÎÙX™ŽŒ˜ÍXLÙYÙX™ÙØ™LŽŒÌÎYÎMÍXÍØÍMYLMÎBŽŽØXŽLXŒLŽXXÍÍNYXÙY˜ŒÍÍLÍŒL™ŽŒXØÌYXÙXÍÍØÍLŽNËÍMWÓWÐÌKÍMWÓWÐÌKŒÎXŒÙYXÎØÌÌMÎLÍØÌ˜Ì™ŒÙLŒM˜YX˜ÌŒÎXŒLÎYY™ÍYXX‹ËŒMLLÍÍÌNLÍÌKÍŒLNNŒLLNKÌLŽMÎŽMNLËŽNMLNLÌËŽMMŒÌLMMÌMÍMLËLËŽLLŒŒÎLÌMÍÍÍËŒÍŒMMŒŒŽNKŽMLNLNNMLÎMËMLŒÎLÍÍLÍÎMÍÌNLNLŒ‹ŽMLNLNNMLÎMËMLŒÎLÍÍLÍÎMÍÌNLNLŒ‹N‹ŒŽŒŽÌNNKLLŒËŽ‹MËM‹˜[ÙKKKKVT’SQS•SÔÒQÕË˜[ÙKLÌØŒYŒMÌYLŒ™NMMLŒ˜L˜ÍÍLÌØÌŽLÍNYŒ˜LŒŽL™YMÌMÍÍYMÂŽŽØXŽLXŒLŽXXÍÍNYXÙY˜ŒÍÍLÍŒL™ŽŒXØÌYXÙXÍÍØÍLŽNÍMWÓWÐÌLÍMWÓWÐÌLŒÎXŒÙYXÎØÌÌMÎLÍØÌ˜Ì™ŒÙLŒM˜YX˜ÌŒÎXŒLÎYY™ÍYXX‹ŽMŒÌÌMMLLÍLÌ‹ÍŒMLLLLNMŒÍNNÌÍÍÎMÎŒMÍÍŒÌKŽNMMLÎLMMKKŽÍÍÎLŒMLMNLËMŒÍMMMŽLMÍLÌ‹ŒŽLLÍNŽŒNKŽLŒŽÍŽLÍŒÎLMÍLŒŒÎMMŒLNNNL‹MÍÍŒÍÍÍŒLŒŽMKŽLŒŽÍŽLÍŒÎLMÍLŒŒÎMMŒLNNNL‹MÍÍŒÍÍÍŒLŒŽMKŒÎŒÍKŒÍ‹ÌLNKLNKÌLKMŽMË˜[ÙKKKKVT’SQS•SÔÒQÕË˜[ÙKLÌKÍÍÙŒL™Œ™ŒÙ™˜MYÍY˜LÌÌ˜YML™™YYXY™YYŒ™LÙLØÂŽŽØXŽLXŒLŽXXÍÍNYXÙY˜ŒÍÍLÍŒL™ŽŒXØÌYXÙXÍÍØÍLŽNKÍMWÓWÐÌMKÍMWÓWÐÌMKŒÎXŒÙYXÎØÌÌMÎLÍØÌ˜Ì™ŒÙLŒM˜YX˜ÌŒÎXŒLÎYY™ÍYXX‹LŽNLLŒÌÎMMËÍŒMŒLLŒÌÌÍNMKÌKŒMŒŽNMMÌËŽNMMNÌŒLMÍ‹MŽMMMÎNŒŒÍËMÎMNLŽLMÌÍÎŒMNŒŒÍKŽMLÌMÌÍMLŒÍËÌŒŽLMÌMKŒMÌMÌÌËŽMLÌMÌÍMLŒÍËÌŒŽLMÌMKŒMÌMÌÌËŒŒŒË‹ËŽL‹LLËLLËÌÍ‹MŽKMÌ˜[ÙKKKKVT’SQS•SÔÒQÕË˜[ÙKLÌ‹ŒL™MÙ˜LYYX™ÌMM˜XŒXÍMYMŒL˜ØÌNÌÌNLØLØÙLŽYYŒÙY˜ÍÍLÍÎBŽŽØXŽLXŒLŽXXÍÍNYXÙY˜ŒÍÍLÍŒL™ŽŒXØÌYXÙXÍÍØÍLŽN‹ÍMWÓWÐÌŒÍMWÓWÐÌŒŒÎXŒÙYXÎØÌÌMÎLÍØÌ˜Ì™ŒÙLŒM˜YX˜ÌŒÎXŒLÎYY™ÍYXX‹L‹ÌŒŒŽŽNÍNNMÍŒLMÌŒÌLKÌKŒÌÎÍMÍLNMŽŽNMLLÍMN‹NKŽMÍMŒNNMKŒŒÍLÍŒÎMÌŽŒÍÌKŒÌNNLMNŒKŽMÍŽNLÍÌNŒNÍKNLÌNLŒÍLKMÍMÍNMŒLÌÌËŽMÍŽNLÍÌNŒNÍKNLÌNLŒÍLKMÍMÍNMŒLÌÌËËKLÍLËLËÍŒÌMÌMÌ˜[ÙKKKKVT’SQS•SÔÒQÕË˜[ÙKLÌËÍM˜ÌYLØNNYLŒÍÌMML˜MŒMÍLYŒ˜ÌNXÍMÙŒŒŽXØ˜™Í˜ÎŽY‚ŽŽØXŽLXŒLŽXXÍÍNYXÙY˜ŒÍÍLÍŒL™ŽŒXØÌYXÙXÍÍØÍLŽMKÍMWÓÌÐÌKÍMWÓÌÐÌKŒÎXŒÙYXÎØÌÌMÎLÍØÌ˜Ì™ŒÙLŒM˜YX˜ÌŒÎXŒLÎYY™ÍYXX‹ŽLMŽMÌNLÌÌ‹ÍLMNŽŽLKÌËŽMMÎŒŒNÍKÌŒÌÌMÌÍŒLÌËŽNLŒNMŽLŒÌÌMKLÍÌÍÌÌŽMMÌŒŒËŒLLLÌLŽMMMLKÌNLLŽÎLŒÌŽNËNLNMÌÎMLMMÍKÍÌŒMŽLŽLMMÍŽLKÌNLLŽÎLŒÌŽNËNLNMÌÎMLMMÍKÍÌŒMŽLŽLMMÍŽLKŒŒ‹NNÌNLKMŽMŽŒNMÌ‹MÌK˜[ÙKKKKVT’SQS•SÔÒQÕË˜[ÙKLÌN™XŽÍØÌŒXLÎNLY™ŒY˜ŽÌÙŽÍ˜LÌLNY™ŽYYŽNMŽNLLŒL™MMYLŒ‚ŽŽØXŽLXŒLŽXXÍÍNYXÙY˜ŒÍÍLÍŒL™ŽŒXØÌYXÙXÍÍØÍLŽM‹ÍMWÓÌÐÌLÍMWÓÌÐÌLŒÎXŒÙYXÎØÌÌMÎLÍØÌ˜Ì™ŒÙLŒM˜YX˜ÌŒÎXŒLÎYY™ÍYXX‹‹LÌŽŒNMÍÍÌŒËÍLÍÍMLÎÍŒNMLMŒMÎMNLÍLKÌŒLÍŽNMŽLËKŽMÌMŒŒÍŽLNMNLŽŽNLÌŒŽNLŽNNÌKŒMÌÌŽŒÍNLLËÌÎMÌŒŒLMŒËÌÍŒŽÌLMËÎÍLÌMLNÌŽ‹ÌÎMÌŒŒLMŒËÌÍŒŽÌLMËÎÍLÌMLNÌŽ‹Í‹NKNKŒÎMKMKÍËMÌËMÌË˜[ÙKKKKVT’SQS•SÔÒQÕË˜[ÙKLÌKYYYX™˜ØM™ŽYMÙ™MÌÙXX˜Ø˜MÙ˜ÍYXŒŒM™ŒŒÎY™ÙÌLÍNYŒÍÌÙBŽŽØXŽLXŒLŽXXÍÍNYXÙY˜ŒÍÍLÍŒL™ŽŒXØÌYXÙXÍÍØÍLŽMËÍMWÓÌÐÌMKÍMWÓÌÐÌMKŒÎXŒÙYXÎØÌÌMÎLÍØÌ˜Ì™ŒÙLŒM˜YX˜ÌŒÎXŒLÎYY™ÍYXX‹ŒŒÍÍŒMÎMÌKÍMÍMÌÌÌÍL‹ÍMÌÍLŽMÌŒÍÌÎŽMMËMŽMMLÍÌLŒÍŒ‹LKŒÌŽŒMÍMŽMŽ‹ŒLÎLÍÍŒŒÍŒÎKÍÌŒMŽŽNÍMËŒÌÍÍLMŒMNLKŽŒMÍLŒÌŒŒÎ‹ÍÌŒMŽŽNÍMËŒÌÍÍLMŒMNLKŽŒMÍLŒÌŒŒÎ‹LŒŒËNMËNNMLÌËMŒ‹MŒ‹ÌÍ‹MÍMÍ˜[ÙKKKKVT’SQS•SÔÒQÕË˜[ÙKLÌ‹˜ŒŒ˜MNM™ŽLÙÙLŒXÌXÌ˜™ÍÌY™NØLMMYMÎMXÍÌØÙŽNM˜ÎLXÙ˜ÂŽŽØXŽLXŒLŽXXÍÍNYXÙY˜ŒÍÍLÍŒL™ŽŒXØÌYXÙXÍÍØÍLŽMŽÍMWÓÌÐÌŒÍMWÓÌÐÌŒŒÎXŒÙYXÎØÌÌMÎLÍØÌ˜Ì™ŒÙLŒM˜YX˜ÌŒÎXŒLÎYY™ÍYXX‹KŽMŒMÎÍŒLMËÍÎNÌŒLLŒLÌÍÎÍÎMNMÌŒLŒNLŒ‹ŽKŽNNNMLLLÍŽLÌ‹NKŽMMÌÎMÌŒLŒKLKÍMÌLÌLÍŒÌŒÍŒLËŒMÎLŒNMŽŒÌKŽŽMÌNNML‹ŒŒLLŒLLÍËŽNNMÌŒÍŽMLKŽŽMÌNNML‹ŒŒLLŒLLÍËŽNNMÌŒÍŽMLKLÌLŒKŒKŒÍKMNMNNM‹MÍKMÍ‹˜[ÙKKKKVT’SQS•SÔÒQÕË˜[ÙKLÌËYŒÙLLŒ˜˜NØÎXLYLŒY™˜ØØÌŽLXM˜Œ˜ÌŒ˜LŒÍÍÙ™ŽN™MBŽŽØXŽLXŒLŽXXÍÍNYXÙY˜ŒÍÍLÍŒL™ŽŒXØÌYXÙXÍÍØÍLŽMŽKÍMWÓÌÐÌKÍMWÓÌÐÌKŒÎXŒÙYXÎØÌÌMÎLÍØÌ˜Ì™ŒÙLŒM˜YX˜ÌŒÎXŒLÎYY™ÍYXX‹ËÍLŒŽLLLMÍŽKÍŽMÎÌNKÍKŒLÎMLÌÍŽMLKŽKŽNNLLMLNLÌŽLŒÎMŽLÎMÎKL‹ŒMÎLMÍŽÍÌKŒNLÍMLÍLŒLŒKŽÍLÌŒLMNMÍÍKŒMNMÍMÍŒLŒŒMŒ‹ŽLNLÌMÍŽ‹ŽÍLÌŒLMNMÍÍKŒMNMÍMÍŒLŒŒMŒ‹ŽLNLÌMÍŽ‹MÍËŒLËŒMÎMŽMMMMKLNMÍ‹MÍ‹˜[ÙKKKKVT’SQS•SÔÒQÕË˜[ÙKLÌ˜ŒŽ˜ÍÍMÍÙLÙÙY˜ØMÌÍ™ML™˜˜LY™MYØŽÙŒØŒXÌ˜NØØM˜ØÍBŽŽØXŽLXŒLŽXXÍÍNYXÙY˜ŒÍÍLÍŒL™ŽŒXØÌYXÙXÍÍØÍLŽMÌÍMWÓÌÐÌÌÍMWÓÌÐÌÌŒÎXŒÙYXÎØÌÌMÎLÍØÌ˜Ì™ŒÙLŒM˜YX˜ÌŒÎXŒLÎYY™ÍYXX‹KMŒMMÎLMLŒKÍÌLÌŒÌMLMÍKNMÍÍMMMÎÎŽKŽNNÎLÍŒMÎLÎL‹ŽKŽLLMKL‹ŒMŽÌMÎÌŽŒNÍMÍLŒÍŽMŒMMŒKŽMLŒÎMNÎMËNLÌLLÌMLLNLÍ‹ŽMNMLLÌÎMŒKŽMLŒÎMNÎMËNLÌLLÌMLLNLÍ‹ŽMNMLLÌÎMŒKMÌÌKŒŒKŒŒKÎŽ‹MLKMLKMLŒMÍËMÎ˜[ÙKKKKVT’SQS•SÔÒQÕË˜[ÙKLÌKÙNMØÎNYLŽMÙLMXÍ˜L™LLÎŒ˜ØXLLLNMŒŒÙŒ˜ÙŒØŽXLYLÙŒLÎM˜M™ŒYBŽŽØXŽLXŒLŽXXÍÍNYXÙY˜ŒÍÍLÍŒL™ŽŒXØÌYXÙXÍÍØÍLŽMÌKÍMWÓÌÐÌÍKÍMWÓÌÐÌÍKŒÎXŒÙYXÎØÌÌMÎLÍØÌ˜Ì™ŒÙLŒM˜YX˜ÌŒÎXŒLÎYY™ÍYXX‹LKÎÌŽŒLKÍNLÍŒÍÍŽLÍ‹ÍKÌLÌMLMLŒŒÍÍÌKŽKŽNMÍLŽLŒŒŒLÍŽLÌNMLLMLKLËŒLLLMNÍLŽËŒŒLÌÌÌNMŽŽMMNLMŒŒÌŽMÌKMÍŽÍÌŒNLMKŽNNLÌMŒŽMÎMŽLËŽMMNLMŒŒÌŽMÌKMÍŽÍÌŒNLMKŽNNLÌMŒŽMÎMŽLËNŽKŒŽŒŽKÍÍŒŒ‹M‹M‹MÎ‹MÎMÎ˜[ÙKKKKVT’SQS•SÔÒQÕË˜[ÙKLÌLMÙŽÍÍ˜LÎM™™™LMÍX™ÍÌYYÌ™LÌMLYY™ŽXYYÙYXLŽNYŽŽØXŽLXŒLŽXXÍÍNYXÙY˜ŒÍÍLÍŒL™ŽŒXØÌYXÙXÍÍØÍLŽMÌ‹ÍMWÓÌÐÌÍMWÓÌÐÌŒÎXŒÙYXÎØÌÌMÎLÍØÌ˜Ì™ŒÙLŒM˜YX˜ÌŒÎXŒLÎYY™ÍYXX‹LËŒÍMMMÌÍMKÍŽÍŒMNLËÍ‹ŒŒÌÌÌMNLÎKŽKŽNMŒŒÎLLÌÎKŽÌŒÍŒMLŒŽNLŒËLËLLŽŒLMMŽÌŽMKŽLNLŽNMLŒKMMÎLÌÌLÍÌÍËÌŒMÍŽMMNMÌŒŽMÍKŽLNLŽNMLŒKMMÎLÌÌLÍÌÍËÌŒMÍŽMMNMÌŒŽMÍKŒNLËŒÍ‹ŒÍËÍKM‹MËŒ‹MÎKMÎK˜[ÙKKKKVT’SQS•SÔÒQÕË˜[ÙKLÌLKMLŒLL™ØXÎXLÍŒX˜ÍŒÌÌX™˜LÙLŒ˜˜ÌÍY™YŒMNÌÌÍŒŽŽØXŽLXŒLŽXXÍÍNYXÙY˜ŒÍÍLÍŒL™ŽŒXØÌYXÙXÍÍØÍLŽMÌËÍMWÓÌÐÌKÍMWÓÌÐÌKŒÎXŒÙYXÎØÌÌMÎLÍØÌ˜Ì™ŒÙLŒM˜YX˜ÌŒÎXŒLÎYY™ÍYXX‹MKŒÌŒMLÍÌÌÌÍLMLŒËÍŽMŒŽLÎMŽËÍ‹ŒÌÌMLŒLŒLŒŒŒŒKŽKŽNMMŒÌMNMMM‹ŽMŒMLLÎMŽ‹LËŽLŒŽÌÌLMÍŒÎKŒÍŒÍÍŽÌŒKŽMLÌÌLNÌÍLMÌÎLÎÍLMÍLŒÌNM‹ÌŒŽÌÍÍÌLÌŽNMËŽMLÌÌLNÌÍLMÌÎLÎÍLMÍLŒÌNM‹ÌŒŽÌÍÍÌLÌŽNMËŒÍKËËÍLŽKLÍËLÍËŒÌKNN˜[ÙKKKKVT’SQS•SÔÒQÕË˜[ÙKLÌL‹ÍY™LNNMØLÍXÙ™M˜ŽYMXÙ™ÌLX™LLMYNÎÙYÙYŒYYMÍÙM˜ÂŽŽØXŽLXŒLŽXXÍÍNYXÙY˜ŒÍÍLÍŒL™ŽŒXØÌYXÙXÍÍØÍLŽMÍÍMWÓÌÐÌLÍMWÓÌÐÌLŒÎXŒÙYXÎØÌÌMÎLÍØÌ˜Ì™ŒÙLŒM˜YX˜ÌŒÎXŒLÎYY™ÍYXX‹MËŒÌÍLŽŒLLÍÍŽMÌKÍ‹ŒLÍÍNMÌNMËŽKŽNMNMŽÎËKŽÍÌMMÍŒLLNMMKMŒÍMÍÌÎMLÍÍËŒÎMMMÍŒMNLKŽNMŒMÌÌŽLŒKLNŒLÍNNMMŒŒÌŒKÌLÍŽMŒÍŽNMŒMÌÌŽLŒKLNŒLÍNNMMŒŒÌŒKÌLÍŽMŒÍÌŽKLLKÌÎNËLÌ‹LÌ‹MÌ‹NKNK˜[ÙKKKKVT’SQS•SÔÒQÕË˜[ÙKLÌLËÌLLÍMMÎÎÍ™ŽXLÌM™MYNXÍŒXŒYLØÌØNX™™YLÙNMLNXLÂŽŽØXŽLXŒLŽXXÍÍNYXÙY˜ŒÍÍLÍŒL™ŽŒXØÌYXÙXÍÍØÍLŽMM‹ÍMWÓÍWÐÌKÍMWÓÍWÐÌKŒÎXŒÙYXÎØÌÌMÎLÍØÌ˜Ì™ŒÙLŒM˜YX˜ÌŒÎXŒLÎYY™ÍYXX‹ŒÌÌÌLNMMŽMÍÍÍKŒÎNMÌÍÌÌŽKŒLÎLLÌŒMŽNKÍKŒLŽMŒÌM‹ŽNLLÌŒÎLNMŒLKLÌÍŒÌŽMÍMLŽKŒLŒÎLLNMÌ‹ÍNMMÍÍNNMÍŒÍÌLŒŒÎMNLÎNMÌÎMMNLLÎŒ‹ÍNMMÍÍNNMÍŒÍÌLŒŒÎMNLÎNMÌÎMMNLLÎŒ‹MÍÎKNMNLËŒ‹N‹NKÍÌËN‹N˜[ÙKKKKVT’SQS•SÔÒQÕË˜[ÙKLÌM˜MÎÍL™YNÌXŽY™LŽXØÍ˜MNNŒŽMY˜ŒŒXYŒÙLXØŒLŒ™YLXŒMNŽŽØXŽLXŒLŽXXÍÍNYXÙY˜ŒÍÍLÍŒL™ŽŒXØÌYXÙXÍÍØÍLŽMMËÍMWÓÍWÐÌLÍMWÓÍWÐÌLŒÎXŒÙYXÎØÌÌMÎLÍØÌ˜Ì™ŒÙLŒM˜YX˜ÌŒÎXŒLÎYY™ÍYXX‹LŒMÌÌNMÍMÌLKŒÍÎÍÍNLNNËÌMLÌŽNLLŽÍŽNNNÍMŽLÍLÍÍËKŽMÍNÍŒÌNL‹LŽÍÌÍNNNMKŒLÍÌŒÍŒÌÍŒLŽNÎLÎMMÌMŒÍMLÍÌËŽNMMLLŽLŒLÍÌÌNÎMÌÎNNÎMŒKÎLÎMMÌMŒÍMLÍÌËŽNMMLLŽLŒLÍÌÌNÎMÌÎNNÎMŒKLŒÌ‹Œ‹Œ‹N‹MÎMÎÎMNËN‹˜[ÙKKKKVT’SQS•SÔÒQÕË˜[ÙKLÌMKYYL˜MÍØ˜ŒÍLMMÌLXMY™XYXNMXŽXŒŒ™˜ØÍY™™YLLL˜ŒÍÍLXMY™‚ŽŽØXŽLXŒLŽXXÍÍNYXÙY˜ŒÍÍLÍŒL™ŽŒXØÌYXÙXÍÍØÍLŽMNÍMWÓÍWÐÌMKÍMWÓÍWÐÌMKŒÎXŒÙYXÎØÌÌMÎLÍØÌ˜Ì™ŒÙLŒM˜YX˜ÌŒÎXŒLÎYY™ÍYXX‹L‹ŒŒÍÌÎKŒÍNMNLÍMËŽÍŒMŒLÍLËÍŽNNLLLÎÌLMÍÍËMŽMNLÍMMLŽLKŒÌMNNNLŒŒÎNMÍ‹ŒMMMÌŒŒKŽÌÌMLMÎLÎLKŽLMÎLMLÍÍÍMMÌÍNLMLŽÍÍLMÌŒKŽÌÌMLMÎLÎLKŽLMÎLMLÍÍÍMMÌÍNLMLŽÍÍLMÌŒKMŒMËŒLKŒLNKMÍKMÍŒŽNN‹˜[ÙKKKKVT’SQS•SÔÒQÕË˜[ÙKLÌM‹ŒNÎYLLÍ˜ÍYLÍNÍŒŽMÎÍŒMX™MÌÍØÙ˜ÍŒÌLLÍØÙNMXYL‚ŽŽØXŽLXŒLŽXXÍÍNYXÙY˜ŒÍÍLÍŒL™ŽŒXØÌYXÙXÍÍØÍLŽMNKÍMWÓÍWÐÌŒÍMWÓÍWÐÌŒŒÎXŒÙYXÎØÌÌMÎLÍØÌ˜Ì™ŒÙLŒM˜YX˜ÌŒÎXŒLÎYY™ÍYXX‹LËŽNMLLMŒÌNŒŒMŒÍÌLŽŒÎMNNLËKŒMMŒÍNNÍNÍŽNNLÍÌÍÌÍKNKŽMLNMÍÍÍŒLŒŒËLKÌÎÍŒLÌMMÍMKŒMÍÌŒLNM‹ŽNMÍŒÌMÌLŒLMŒÌËÌÍNÎMÍŒÍËÌÎNLMÌMÎÌLLLËŽNMÍŒÌMÌLŒLMŒÌËÌÍNÎMÍŒÍËÌÎNLMÌMÎÌLLLËMŒÍKŒNKŒNKLMÌ‹MÌKLKNKNK˜[ÙKKKKVT’SQS•SÔÒQÕË˜[ÙKLÌMËŒÙ™XLLXLLYMYŒMÌL˜NMŒÌY˜ØÌÍØÌÙÍLXŽMMYLXL™ÍBŽŽØXŽLXŒLŽXXÍÍNYXÙY˜ŒÍÍLÍŒL™ŽŒXØÌYXÙXÍÍØÍLŽMŒÍMWÓÍWÐÌKÍMWÓÍWÐÌKŒÎXŒÙYXÎØÌÌMÎLÍØÌ˜Ì™ŒÙLŒM˜YX˜ÌŒÎXŒLÎYY™ÍYXX‹MKŽMÍNMÌŒÍŒÌÎËŒÍNLLÍMÌ‹KMÎŒÎLÍÍŽNMÎŽMLNLŒ‹ŽLLŒLŽML‹L‹ŒMÎLŒÍMŽNLMËŒŒÎLÍNMÌÌLNNŽLMŒNLMNMÍËNŽLLLMMŽMÎËÍÎMÍMLÌLÎLÍKŽLMŒNLMNMÍËNŽLLLMMŽMÎËÍÎMÍMLÌLÎLÍKNNKŒËŒËÌMKMŽMËÍM‹NLNK˜[ÙKKKKVT’SQS•SÔÒQÕË˜[ÙKLÌNXMNX˜MŽMMÍMÌ™ŒM™˜ÍY™ÍÎŒ™YYXÍLØLYMÌÙLÍÍÌLŒØXÙLŽMÎŽŽØXŽLXŒLŽXXÍÍNYXÙY˜ŒÍÍLÍŒL™ŽŒXØÌYXÙXÍÍØÍLŽMŒKÍMWÓÍWÐÌÌÍMWÓÍWÐÌÌŒÎXŒÙYXÎØÌÌMÎLÍØÌ˜Ì™ŒÙLŒM˜YX˜ÌŒÎXŒLÎYY™ÍYXX‹NŒÌMLÌM‹ŒÍMŽLÍÎMLMKKŽÌÌMÎLŒMLKÍŽNNŽNMLNLŒËŽKŽLŒŽÍÎŒNLKL‹ŒMMMŒŒMËŒŒÍÍŒÍÍÍLŒÍLNKŽLŒŒÎMŽNNMÍÌMLŒÌŒMŽMMÌ‹ÍÌMŒMLŽMLMŽLŒŒÎMŽNNMÍÌMLŒÌŒMŽMMÌ‹ÍÌMŒMLŽMLMŒKŒÍKŒÍKŒMËMMŒËLŒ‹NLKNLK˜[ÙKKKKVT’SQS•SÔÒQÕË˜[ÙKLÌNKÌÍY™YXXMMÍX™XLÍLØNÙ™NYYÍNÙØŽMLÙNŒŒÎL˜ØMNXØMÎXØ˜‚ŽŽØXŽLXŒLŽXXÍÍNYXÙY˜ŒÍÍLÍŒL™ŽŒXØÌYXÙXÍÍØÍLŽMŒ‹ÍMWÓÍWÐÌÍKÍMWÓÍWÐÌÍKŒÎXŒÙYXÎØÌÌMÎLÍØÌ˜Ì™ŒÙLŒM˜YX˜ÌŒÎXŒLÎYY™ÍYXX‹ŒŒŽÌŒÍMKŒÌLŽLÌÍÌÎ‹ŒMÌŽÎNMŒLMÍŒKÍŽNMMÍÌÌŽMÌÎKÍŽÎÌMÎKLËŒÍÍÌÌÌMNNKŒŒŒLŽLŽMNKŽMLÍŒLÌÌŒNMÎM‹ŒŽLÌLÌMŒMNËÍLŒŒÎLŽLÌLMŽLËŽMLÍŒLÌÌŒNMÎM‹ŒŽLÌLÌMŒMNËÍLŒŒÎLŽLÌLMŽLËŒÎKË‹L‹MŒMNKLŽËNL‹NLK˜[ÙKKKKVT’SQS•SÔÒQÕË˜[ÙKLÌLŒ˜˜XYM™™MŒML˜ØNMMÍÌŒ˜ØMXÌÎMŒŒÍ™ŒÙNYMYŽŽØXŽLXŒLŽXXÍÍNYXÙY˜ŒÍÍLÍŒL™ŽŒXØÌYXÙXÍÍØÍLŽMŒËÍMWÓÍWÐÌÍMWÓÍWÐÌŒÎXŒÙYXÎØÌÌMÎLÍØÌ˜Ì™ŒÙLŒM˜YX˜ÌŒÎXŒLÎYY™ÍYXX‹Œ‹ŒŒÌNŒŒLŽLÌÌNKŒÌNMŽÍÍŒ‹‹LLÎÎLLÍNL‹ÍŽNMŒMÎMLNLKÎKŽÌŽLÍÌMLÍÍMËLËMŽLŒÌŽMM‹ŒMÌÎNÌÍNNKŽNNMLŽLNMLLMKŒNŒŒMŒŒL‹ÍMŒMÍNNMÎLŽMKŽNNMLŽLNMLLMKŒNŒŒMŒŒL‹ÍMŒMÍNNMÎLŽMKÎMLKLKÎNMËMM‹MMKMMMNLËNL‹˜[ÙKKKKVT’SQS•SÔÒQÕË˜[ÙKLÌLKÎXØLXØMM˜ÎŒŒLŒLYÌLŒŒXMMÍYLYMŽMXNLNYYØÙŒY˜‚ŽŽØXŽLXŒLŽXXÍÍNYXÙY˜ŒÍÍLÍŒL™ŽŒXØÌYXÙXÍÍØÍLŽMÍMWÓÍWÐÌKÍMWÓÍWÐÌKŒÎXŒÙYXÎØÌÌMÎLÍØÌ˜Ì™ŒÙLŒM˜YX˜ÌŒÎXŒLÎYY™ÍYXX‹ŒÎÍLLŒLMLÍŒKŒÌLNMMÍLK‹ŽŒŒÌÍÎŒŽLŒÎKÍŽNMMŽNLLNMÎŽMŒNMÌÌLŒNLÍËLËŽLŒNMÍŒÌLÍŒ‹ŒÍÍŽŽÎÎKKŒLNMMMÌLNLŒ‹NLMÌÌŽLÍŽMKÍŒŒŒŽMLÍÌÍŒÌMKNLMÌÌŽLÍŽMKÍŒŒŒŽMLÍÌÍŒÌMMLÍKMKMKÎÍÎKMLKMLNŒKNMNMYKKKKVT’SQS•SÔÒQÕË˜[ÙKLÌL‹MÍŒYLLÌMLŒÙMYŒØ˜ÙYŽLÍÍYØÙÙY™ŒY˜ŒØMY™X™™BŽŽØXŽLXŒLŽXXÍÍNYXÙY˜ŒÍÍLÍŒL™ŽŒXØÌYXÙXÍÍØÍLŽMLÍMWÓÐÌKÍMWÓÐÌKŒÎXŒÙYXÎØÌÌMÎLÍØÌ˜Ì™ŒÙLŒM˜YX˜ÌŒÎXŒLÎYY™ÍYXX‹M‹ŒÍÎMÌÍÍLLÌÍ‹M‹ŽÌÍŽMŒLNLMŽËŒLÌMMÍŒL‹ŒLMÌÌŒŽLÌNŽNLMÍÍÍLÍÍÎLÍŒ‹LÌŒMÍLNLÎÎLKŒLMÌMMŒŒŽŒËŽLÎMMLÍÍÌÌLÎÍMÌÍÌNMMŒNÎMÎNLŽLLMLLÎMŽLÎMMLÍÍÌÌLÎÍMÌÍÌNMMŒNÎMÎNLŽLLMLLÎMLÌÍ‹ŒŒLNËNMKNMKLLŒÍKNNKNNK˜[ÙKT’U‘QT‘ÐŽL‹KKVT’SQS•SÔÒQÕË˜[ÙKLÌLËYMŒ™YÍÌMÍL˜ÎXYÎNMMMLLÌ˜™MØXMŒÙYY™˜Ù˜ŒNYL˜ÌŽŽØXŽLXŒLŽXXÍÍNYXÙY˜ŒÍÍLÍŒL™ŽŒXØÌYXÙXÍÍØÍLŽMLKÍMWÓÐÌLÍMWÓÐÌLŒÎXŒÙYXÎØÌÌMÎLÍØÌ˜Ì™ŒÙLŒM˜YX˜ÌŒÎXŒLÎYY™ÍYXX‹NÍÍÍÎÍLLNMŽM‹ŽMLÌÎLÌLÌLL‹ËÍÍÌÎÍÍŒM‹ŒLÍLÍMÍ‹KŽMÌLLŒŒÍÎLLŒKLŽÌÌLŒÍÎLŽMËŒLMŽLLŒŒËŽÌŽMŒŽMÌLÍ‹ÍLÌMÍÍÎLLLLLMÍ‹ÎNŒMNNÌŒÌKŽÌŽMŒŽMÌLÍ‹ÍLÌMÍÍÎLLLLLMÍ‹ÎNŒMNNÌŒÌKMMŒÌŒM‹ŒM‹LÍNKNL‹NL‹LMLŒŒ˜[ÙKKKKVT’SQS•SÔÒQÕË˜[ÙKLÌLÌŒL™LYXÙL˜Ø™MNM™ÌY™MÍLŒLMYLÍXÎXY˜XLÌMLŽBŽŽØXŽLXŒLŽXXÍÍNYXÙY˜ŒÍÍLÍŒL™ŽŒXØÌYXÙXÍÍØÍLŽML‹ÍMWÓÐÌMKÍMWÓÐÌMKŒÎXŒÙYXÎØÌÌMÎLÍØÌ˜Ì™ŒÙLŒM˜YX˜ÌŒÎXŒLÎYY™ÍYXX‹ŒÍÌLLÎLNLÍM‹ÎLÍÌÎMLMÎ‹ËŽLLŒŽŒMŒËÎKŽNNNLÌŒŒKMŽMNÌŒMNLÌLMËLKŒÌÌÌÌÌŒLÌLL‹ŒMNMŒNMNÎÍÍÍLKŽŽMMÌŒÍNLL‹ÌÎNNLŽMMŽLÌÌMKÎNLNÍLŽMÍŽŽMMÌŒÍNLL‹ÌÎNNLŽMMŽLÌÌMKÎNLNÍLŽMÍMÎMŒKŒ‹MKNKNKLMÍËŒKŒK˜[ÙKKKKVT’SQS•SÔÒQÕË˜[ÙKLÌLKXØ˜ÌX˜™Ì™XÙØ˜M˜N˜˜˜LÌXMÌ™ÎMÍ™M™XÎÌ˜™Œ˜ŒÌÙÌNXŒMNŽŽØXŽLXŒLŽXXÍÍNYXÙY˜ŒÍÍLÍŒL™ŽŒXØÌYXÙXÍÍØÍLŽMLËÍMWÓÐÌŒÍMWÓÐÌŒŒÎXŒÙYXÎØÌÌMÎLÍØÌ˜Ì™ŒÙLŒM˜YX˜ÌŒÎXŒLÎYY™ÍYXX‹Œ‹ŽLLÌŒŒMMŽMÌÍ‹M‹ÎLÎMŽMLKŒŒŒÌÌLŒMÌ‹ÎKŽNNNLMLŒKNKŽLÎMLŒMNLKLKÍÌÍÌNLLÌMKŒMMÍÌŽLÌÌMŒKŽLMNÌÍNLLLÎËÌŒŒMMLMÌÌŒÌËÎLÎNMÎMNÎMÍLŒ‹ŽLMNÌÍNLLLÎËÌŒŒMMLMÌÌŒÌËÎLÎNMÎMNÎMÍLŒ‹ŒNKŒÍŒÍÍNL‹NKNKLŒÍKŒ‹ŒË˜[ÙKKKKVT’SQS•SÔÒQÕË˜[ÙKLÌL‹LÎNÌMÍØÙŒ™YMÙÌ˜YŒÙŒÌŽLMLØ™ŒŒÌ˜ÍÎLØŒ™XXBŽŽØXŽLXŒLŽXXÍÍNYXÙY˜ŒÍÍLÍŒL™ŽŒXØÌYXÙXÍÍØÍLŽMMÍMWÓÐÌKÍMWÓÐÌKŒÎXŒÙYXÎØÌÌMÎLÍØÌ˜Ì™ŒÙLŒM˜YX˜ÌŒÎXŒLÎYY™ÍYXX‹KŒLŒŽNÍLÌÎM‹ÎLŒÌÌÌMŒKNNNLÌÍÍMLÍÍÎLLKÎKŽNNMÌMŽŒŽÍŒ‹ŽLŒMŽÌŒÍÍ‹L‹ŒMÍMÎLÎLÍMMÍŒKŒNMÍMLMMÎÌNM‹ŽMLLŒLŒNÎÍ‹ÌLMÌŽMŒŒLMLNÎNMLLLÌMÌNKŽMLLŒLŒNÎÍ‹ÌLMÌŽMŒŒLMLNÎNMLLLÌMÌNKŒŒLÍ‹‹ËNKNKLŒÌ‹ŒŒË˜[ÙKKKKVT’SQS•SÔÒQÕË˜[ÙKLÌLËÎMÌÌÙLŒÎLŒÌ™XÍMÍÍXŒÌŒÎÌÍ˜X™ÌŽŒML™ŒÎNXÙMLYØŒÂŽŽØXŽLXŒLŽXXÍÍNYXÙY˜ŒÍÍLÍŒL™ŽŒXØÌYXÙXÍÍØÍLŽMMKÍMWÓÐÌÌÍMWÓÐÌÌŒÎXŒÙYXÎØÌÌMÎLÍØÌ˜Ì™ŒÙLŒM˜YX˜ÌŒÎXŒLÎYY™ÍYXX‹ËŒÍLLÍLŽNÍ‹M‹ÍŒÎNNÌŽKŽMÎMÍÎÌŽMŽLËÎKŽNMÌŒÎÌŽMMKŽKŽLÍNLËL‹ŒLŽÎLŒŒÍMKŒŒŽLÍMLNŽNKŽMÎMÌÌÎŒMÍMÍKŽMNLLMMŒKŽŒNÌŒŽNLLŒ‹ŽMÎMÌÌÎŒMÍMÍKŽMNLLMMŒKŽŒNÌŒŽNLLŒ‹ŒKLLMKMÎMÎLMÌKŒKŒ‹˜[ÙKKKKVT’SQS•SÔÒQÕË˜[ÙKLÌLŒNØÍÎMLXÎXNMX˜ŒÌNMNØÎŒÌLXŒM™MÍŒØYŒLLÌ˜YMÌMN™‚ŽŽØXŽLXŒLŽXXÍÍNYXÙY˜ŒÍÍLÍŒL™ŽŒXØÌYXÙXÍÍØÍLŽM‹ÍMWÓWÐÌKÍMWÓWÐÌKŒÎXŒÙYXÎØÌÌMÎLÍØÌ˜Ì™ŒÙLŒM˜YX˜ÌŒÎXŒLÎYY™ÍYXX‹KŽÍŒMLÌŽÎ‹ŒLNMLŽŒKMŽŽNMŒŽMÌÍÍKKŒMŒMÌÎŒŒNLŽKŽNNMÎLMLŽLMKLÎNMMÌLMLNMŽŒLŒMŒMLMŒŽNKŽŽLLÎMÍNÍŒÌËŽŒMÌŒÍLÌŒMMŒËŽÍŒÎLLMNŒŽŽLLÎMÍNÍŒÌËŽŒMÌŒÍLÌŒMMŒËŽÍŒÎLLMNŒMŽMLKŒŒ‹ŒŒ‹LÍÍLŒKŒLMLËŒLËŒLË˜[ÙKKKKVT’SQS•SÔÒQÕË˜[ÙKLÌLKYŒŽYXÙLŒŒNLÌÌÎNYXŒÙŽMYYØŒØŒÎX˜ÎXØØÎMMŒYŒLÂŽŽØXŽLXŒLŽXXÍÍNYXÙY˜ŒÍÍLÍŒL™ŽŒXØÌYXÙXÍÍØÍLŽMËÍMWÓWÐÌLÍMWÓWÐÌLŒÎXŒÙYXÎØÌÌMÎLÍØÌ˜Ì™ŒÙLŒM˜YX˜ÌŒÎXŒLÎYY™ÍYXX‹ŽŒMLÌŽMLÌÎNM‹ŒÍÌMÍMÍMKŒLLÍNÍÍM‹KŒÍLÌŒLLŽËKŽMÍMŽNMÍMNMÍŒMËLŽŽMŒNMÌLŒÍŽLÌŽMKŒLÎMLŒÌÍMÍNNKŽLÌNMÎLÌŽŒ‹ŽÍŽLLMMÍ‹ŽLÌŽNMMÍÍÎMŽLÌNMÎLÌŽŒ‹ŽÍŽLLMMÍ‹ŽLÌŽNMMÍÍÎMNLÍKŒÌKŒÌKLŽLMËŒ‹Œ‹MLŒMŒMK˜[ÙKKKKVT’SQS•SÔÒQÕË˜[ÙKLÌLLMY™Ù˜ŒMÙLYNŽM˜ŒÍLØÍ˜N™ŽMŒMÍÌÎLYNÍ˜MÙÌÂŽŽØXŽLXŒLŽXXÍÍNYXÙY˜ŒÍÍLÍŒL™ŽŒXØÌYXÙXÍÍØÍLŽMÍMWÓWÐÌMKÍMWÓWÐÌMKŒÎXŒÙYXÎØÌÌMÎLÍØÌ˜Ì™ŒÙLŒM˜YX˜ÌŒÎXŒLÎYY™ÍYXX‹ÌMÍŒNLÌŽK‹ŒŒÍLÍŽLËMKMŒLMÍMNLÍÌŒKŽNNMÎMŒÍML‹MŽMMÌMÌŒLÌLŒŒMLËLKŒÌÍŒLMŽÌŒ‹ŒMŒMÎLÍLÎMKŽLÎLÍLLŽÌÎMŒÎÎMŒMÍÍMÎLÍÌKŽŒÎMMÍÌŒKŽLÎLÍLLŽÌÎMŒÎÎMŒMÍÍMÎLÍÌKŽŒÎMMÍÌŒKŒMLÌËŒÎKLŒKŒËŒ‹MLÍLËŒMKŒMK˜[ÙKKKKVT’SQS•SÔÒQÕË˜[ÙKLÌLLK˜ÌMLÌŒYLXL˜˜ØL˜XØŒ™ÍÙÙ™XXMŽLÌ˜Œ™YLÍŒÙÙ˜ÙNNX‚ŽŽØXŽLXŒLŽXXÍÍNYXÙY˜ŒÍÍLÍŒL™ŽŒXØÌYXÙXÍÍØÍLŽMKÍMWÓWÐÌŒÍMWÓWÐÌŒŒÎXŒÙYXÎØÌÌMÎLÍØÌ˜Ì™ŒÙLŒM˜YX˜ÌŒÎXŒLÎYY™ÍYXX‹Ì‹ÍÌÌŒŒÎÍ‹ŒÌÍŽLLMŽKM‹ŒÌNMÎÍLÌŒNÍ‹ŽNNÌÌÍMLÎÌLËNKŽMMŒŒMLLMLKÍLŒLÎMËŒMÎÍMÌŽNLŽMÌMLÌNMÌŒŽLÍÍKÎÍMÍÎLNMÌŒÍKŽÍÍLMÌMMÌËŽMÌMLÌNMÌŒŽLÍÍKÎÍMÍÎLNMÌŒÍKŽÍÍLMÌMMÌËŒÍÌÍ‹LLMKNNKNNKMMŒŒM‹ŒMË˜[ÙKKKKVT’SQS•SÔÒQÕË˜[ÙKLÌLL‹ÍŒÙ™YŒÎLŒŒŒ˜ŒÙŒ™XXXYX˜ÍÙLÌY™NMŽ˜NM™X˜˜ÌØŒNL‚ŽŽØXŽLXŒLŽXXÍÍNYXÙY˜ŒÍÍLÍŒL™ŽŒXØÌYXÙXÍÍØÍLŽMÍMWÓLÐÌKÍMWÓLÐÌKŒÎXŒÙYXÎØÌÌMÎLÍØÌ˜Ì™ŒÙLŒM˜YX˜ÌŒÎXŒLÎYY™ÍYXX‹ÍKŽNÍÍÍMŽŒ‹Í‹ŒÌÍÍŒŽLMŒËŒËŒÍŒMMŒMMÌKLŒMNÎÌMÍKŽNLŒMÌŒÌLŒMKLŽÍMNÌÌLKŒLLMMLŽLŒÎNŽLÌÍÎLLLNNKŽÍLÍŒNLÌM‹ŽLMŽMŒÎNMÍM‹ŽLÌÍÎLLLNNKŽÍLÍŒNLÌM‹ŽLMŽMŒÎNMÍM‹ŒŒËŒÍ‹ŒÍ‹MÌÍŒKŒŒËŒŒËNÍËŒËŒË˜[ÙKT’U‘QT‘ÐŽLÌK‹KKVT’SQS•SÔÒQÕË˜[ÙKLÌLLËŽYYXLÍŒXŒLŽXŒNXÌÌMNNXŒLŒLŒMNŽY™ŒMMŒ˜ÎŒŽLÍ˜ÎYBŽŽØXŽLXŒLŽXXÍÍNYXÙY˜ŒÍÍLÍŒL™ŽŒXØÌYXÙXÍÍØÍLŽMKÍMWÓLÐÌLÍMWÓLÐÌLŒÎXŒÙYXÎØÌÌMÎLÍØÌ˜Ì™ŒÙLŒM˜YX˜ÌŒÎXŒLÎYY™ÍYXX‹ÎÎNLÌÍŒLKÍ‹ŒÌMÍŒÌÌMÌÍÍËŒËŽMMLLÌÍMÎ‹LŒÍMŒMÌLL‹KŽMÍMMÌÌLÍNLÌMLŽÍŒMŒŒŒLŒÍŽLÍKŒMMMMLÌNMKŽMŒŽNMÍÌNMMLŒŽŒŒÍÍNMŒŒKŽMNŒLÌÌNÌL‹ŽMŒŽNMÍÌNMMLŒŽŒŒÍÍNMŒŒKŽMNŒLÌÌNÌL‹ŒŽMNKKKMLŒ‹ŒŒŒŒNÌLŒŽŒŽK˜[ÙKKKKVT’SQS•SÔÒQÕË˜[ÙKLÌLMLÍØÌXÌNMMÎNY™MÌÍŒÙŽMLØŒØMN™LYLX˜MÌMX™NXŽÎLŒŽŽØXŽLXŒLŽXXÍÍNYXÙY˜ŒÍÍLÍŒL™ŽŒXØÌYXÙXÍÍØÍLÌŽKÍŒÓWÐÌKÍŒÓWÐÌKŒÎXŒÙYXÎØÌÌMÎLÍØÌ˜Ì™ŒÙLŒM˜YX˜ÌŒÎXŒLÎYY™ÍYXX‹MÌÍÌÎMLKMLŒÍŽNMÎÎMKMMŽMŒÌMÎLÌKŽNLÌŽNMLŒÌŽKŒÎLŒÎMŒMŒŒMŽNÌŒÎMNMŒLNMLŒLŒNM‹ŒMŒMMLMÍNNMÎMKŒLÎMÌNMNMNLÌNŽMËŒÎLÌÎŒÍŒËŒMŒMMLMÍNNMÎMKŒLÎMÌNMNMNLÌNŽMËŒÎLÌÎŒÍŒËŒÌKKÍLÍËMMÍÌMËMË˜[ÙKKKKVT’SQS•SÔÒQÕË˜[ÙKLÌLMKØÌÌŒÎÍÌMÍYŒLYL™XYYLÙ˜Ù˜LÍŒØŽXXŽXLLÎXØMŒNŽYMÍMM˜ÂŽŽØXŽLXŒLŽXXÍÍNYXÙY˜ŒÍÍLÍŒL™ŽŒXØÌYXÙXÍÍØÍLÌŽ‹ÍŒÓWÐÌLÍŒÓWÐÌLŒÎXŒÙYXÎØÌÌMÎLÍØÌ˜Ì™ŒÙLŒM˜YX˜ÌŒÎXŒLÎYY™ÍYXX‹ÍÎNMLŒMŒÍŽLÌËMLMÎLÎNÌLÎMŒKMŒÎMLŒŒŒNÌÌKŽNÌÍŒLLŽMKLŒŒŽMMÍNLËLŒŽÍMMLMŒËŒÎLÍŒŒNÌMÍŒLNLÌNNNÍLŒÌLNMŒÎNLŽNMMÌNŒÍNLÍÌŒLÍÍNM‹ŒLNLÌNNNÍLŒÌLNMŒÎNLŽNMMÌNŒÍNLÍÌŒLÍÍNM‹ÎŒÌÌŒMËLLÍMËMË˜[ÙKKKKVT’SQS•SÔÒQÕË˜[ÙKLÌLM‹MMLXŒ™ŽMLÙ˜ŽLÌÍÙ˜Ì™LLØŒLŽÌÎLXÙNYŒM™ŽM™BŽŽØXŽLXŒLŽXXÍÍNYXÙY˜ŒÍÍLÍŒL™ŽŒXØÌYXÙXÍÍØÍLÌÍËÍŒÓLÐÌKÍŒÓLÐÌKŒÎXŒÙYXÎØÌÌMÎLÍØÌ˜Ì™ŒÙLŒM˜YX˜ÌŒÎXŒLÎYY™ÍYXX‹KŒŒÍÌMÎLÍÌŽMŒM‹KŒLLMÍÎŒÎLŒKŽLŽMŒŒŒŽMŒŒM‹LŒÍÌÎLLÎLÍ‹ŽNLMNNÌŒMŒÌÎLÎNÍLMÌŽMŒKŒMŒŒÌMNÍŽNKŒLÌÍMÍÎÌŽLÎKŒNLŒLNŒNKŒLÍŒMÎLÌÌÍLŒLÌÍMÍÎÌŽLÎKŒNLŒLNŒNKŒLÍŒMÎLÌÌÍLÍËÍÍKL‹K‹ÌLKŽŽ˜[ÙKT’U‘QT‘ÐŽL‹‹KKVT’SQS•SÔÒQÕË˜[ÙKLÌLMËMMÍXÍÌØÌÍM˜ÍLŽLYXLÍXLŽNŽXŒ˜MÍØM™YMÙ™ŒMŽÍYŽŽØXŽLXŒLŽXXÍÍNYXÙY˜ŒÍÍLÍŒL™ŽŒXØÌYXÙXÍÍØÍLÌÎÍŒÓLÐÌLÍŒÓLÐÌLŒÎXŒÙYXÎØÌÌMÎLÍØÌ˜Ì™ŒÙLŒM˜YX˜ÌŒÎXŒLÎYY™ÍYXX‹KÌÍMLÍMNNLMKKŒLÍŒÌÍMMÍKŽLŽÌMŒMNLLMŒKLŒMÌŒÍŒŽMMLKKŽNNMÎŽLNMÍL‹ŒMLLÍÎNLÍŒNNMËŒÎMMŽŽMÍÎL‹ŒMMŽMÌÍÍÍLÌÌËŒÌŽÍMÍÌÎMNMŒLLMÌNMMLKŒMMŽMÌÍÍÍLÌÌËŒÌŽÍMÍÌÎMNMŒLLMÌNMMLKLÎKMÌŒŒ‹Œ‹ÌMKŽŽ˜[ÙKKKKVT’SQS•SÔÒQÕË˜[ÙKLÌLNNÙXÌØ˜LLLYXXMMX™ÙM˜YÌØLÌÌLXMÍØØL˜ØMYYLÎMŽLM˜XÍØÙŽŽØXŽLXŒLŽXXÍÍNYXÙY˜ŒÍÍLÍŒL™ŽŒXØÌYXÙXÍÍØÍLÌÎKÍŒÓLÐÌMKÍŒÓLÐÌMKŒÎXŒÙYXÎØÌÌMÎLÍØÌ˜Ì™ŒÙLŒM˜YX˜ÌŒÎXŒLÎYY™ÍYXX‹KNŒÎÍMMŒ‹KŒLLLÌMŒMÍÍKŽLŽÎLMLNLÍKKŽNLÌMŒLMLNÎŒÌËMKŒŽMLLÌÌÍ‹LŒMÍNÌÎNMLÌLNLKŒÍLŒÌÌLLMÎŒËŒMÎNLŒNMÎMN‹ŒÌÍŽMŒÍMŒŽMŽM‹ŒLNÍÌMÎLÍŽMŒLKŒMÎNLŒNMÎMN‹ŒÌÍŽMŒÍMŒŽMŽM‹ŒLNÍÌMÎLÍŽMŒLKLMÌ‹KL‹NKNÌŒKŽŽ˜[ÙKKKKVT’SQS•SÔÒQÕË˜[ÙKLÌLNKŒ™™™™ÙNLLÍÎØ˜ÌM™ŒŒ˜ØYYXÍMMNMLŒMÎÌÌMŒŒXNLŽBŽŽØXŽLXŒLŽXXÍÍNYXÙY˜ŒÍÍLÍŒL™ŽŒXØÌYXÙXÍÍØÍLÌŽÍŒÓLÐÌŒÍŒÓLÐÌŒŒÎXŒÙYXÎØÌÌMÎLÍØÌ˜Ì™ŒÙLŒM˜YX˜ÌŒÎXŒLÎYY™ÍYXX‹KÍÍŽMÌÎLŒŒMKKŒLÍLŽŽMÎLKŽLŽŽMÍŒMLŽ‹LŒMŒŽMÍÌŒÍŒNKŽNLÎÍÎLLŽNLŒM‹ŒLŒLÍŒÌLMŒÍKŒMÌLLÎLLŒKŒNNMMMÍÍLÌÌMŒMŒLÍLMÌÍÎKŒLLŽŽLÌÌËŒNNMMMÍÍLÌÌMŒMŒLÍLMÌÍÎKŒLLŽŽLÌÌËLÌŽKLKL‹ÍÍ‹MMKÌLKŽŽK˜[ÙKKKKVT’SQS•SÔÒQÕË˜[ÙKLÌLŒ™YLÌ˜ØL™XMŒ˜™LÙ™ŽÌLÎLYÎŽMLLÌÎ˜ŒMŒMÙNÌLLÎ™Y‚ŽŽØXŽLXŒLŽXXÍÍNYXÙY˜ŒÍÍLÍŒL™ŽŒXØÌYXÙXÍÍØÍLÌÌKÍŒÓMWÐÌKÍŒÓMWÐÌKŒÎXŒÙYXÎØÌÌMÎLÍØÌ˜Ì™ŒÙLŒM˜YX˜ÌŒÎXŒLÎYY™ÍYXX‹‹ŒMÌÌÍLLMMMËKŽLŒLÍÌNMŒËKMÌÌÌMNNMÍÍÌËMKŒLÎLNMÎMÍÌÍ‹KŒNNŒÌÌMLÍÌÍÍKŒLÌLÍÌNLÍŒLLMNÍÎNKŒMÍLÍÌÌŒÎLÍNKŒLÎMÌMNMŽNLMÍNKŒMÍÌŒŽNMŒÎMÍÌKŒMÍLÍÌÌŒÎLÍNKŒLÎMÌMNMŽNLMÍNKŒMÍÌŒŽNMŒÎMÍÌKLMŒËKLLÍKÍKMÌÎÍË˜[ÙKKKKVT’SQS•SÔÒQÕË˜[ÙKLÌLŒKNYLYLL™ÍLLŒ™LMÍÍXÌMÎÌÍNXÎMÌMŽYMÎM˜NL˜ÎÍÍYÎÌØM‚ŽŽØXŽLXŒLŽXXÍÍNYXÙY˜ŒÍÍLÍŒL™ŽŒXØÌYXÙXÍÍØÍLÌÌ‹ÍŒÓMWÐÌLÍŒÓMWÐÌLŒÎXŒÙYXÎØÌÌMÎLÍØÌ˜Ì™ŒÙLŒM˜YX˜ÌŒÎXŒLÎYY™ÍYXX‹‹ŒŽÎÍÌÍM‹KŽLLNNMŽÎLËKMÌŽNLŒŒŽMLŒÌÍ‹MKŒŒMÌÍL‹KŽNLLÌMMMÍŒL‹ŒLŒÍÌMLŒLKŒMLÌÍÎMNLÌMÎLKŒNNMÌÍMŽÌÌÎMŒLÌÌÌLÍÌÍMŽŒMLÍLÍLŒÎMNMÎKŒNNMÌÍMŽÌÌÎMŒLÌÌÌLÍÌÍMŽŒMLÍLÍLŒÎMNMÎKLÌLLKLKÌKÌ‹Ì‹MÍÌÎÎ˜[ÙKKKKVT’SQS•SÔÒQÕË˜[ÙKLÌLŒ‹YMÙXŒÙŒYMØ˜˜ØLÙMÙY™XYŒŒ˜Ž™ÎMŒXŽM˜˜˜ÌÍÙ™Ž™™L‚ŽŽØXŽLXŒLŽXXÍÍNYXÙY˜ŒÍÍLÍŒL™ŽŒXØÌYXÙXÍÍØÍLÌÌËÍŒÓMWÐÌMKÍŒÓMWÐÌMKŒÎXŒÙYXÎØÌÌMÎLÍØÌ˜Ì™ŒÙLŒM˜YX˜ÌŒÎXŒLÎYY™ÍYXX‹‹LÌŒMMMÌLÌ‹KŽLLMÎMŽNLKMÍLNNÎNMŒŽËMKŒNLMNMMËMKŒLMÌMÌLŽMŽLŒLÎMÍMMNNNL‹ŒMÌÍÎNLÌÌŒÍMNKŒŒŒÌMÍÌÌÍMŒŒMKŒLLÎNÍLŒŽÍKŒMNNLMÎLLNLÌLÌKŒŒŒÌMÍÌÌÍMŒŒMKŒLLÎNÍLŒŽÍKŒMNNLMÎLLNLÌLÌKMŒMËMËÍŽKŽKNÌÎÎ˜[ÙKKKKVT’SQS•SÔÒQÕË˜[ÙKLÌLŒËÌXÍYMX™MÍØŒÍ˜ÌŒÍMXØÌXŽŒ™XM™L™ÍLØMÙLÌŽLL™MY˜MŽŽØXŽLXŒLŽXXÍÍNYXÙY˜ŒÍÍLÍŒL™ŽŒXØÌYXÙXÍÍØÍLÌÍÍŒÓMWÐÌŒÍŒÓMWÐÌŒŒÎXŒÙYXÎØÌÌMÎLÍØÌ˜Ì™ŒÙLŒM˜YX˜ÌŒÎXŒLÎYY™ÍYXX‹‹ÎMŒŒŒLŒÍKŽLMLMŒÍÎNNËKMÌÍÍMŒŒŒÌMÌNMKŒLLNÌÍÎËNKŽNLÌŽNMŒŒËŒLLNŒŽMŒŽMŽNMËŒMÍNNMMLÍMÎŒLÍÎNMÍÌNKŒNNLNLŒLÍŽNMËŒMLÌŒŒÌLŒNÌKŒLÍÎNMÍÌNKŒNNLNLŒLÍŽNMËŒMLÌŒŒÌLŒNÌKMŒKŒËŒ‹ÍKKKNÎÎÎ˜[ÙKKKKVT’SQS•SÔÒQÕË˜[ÙKLÌLNXLXLÙŽÌLL˜ÍÌÙL™ÍNNLXŒMNMŽMØNÙŽNNLLÍ™ÌL˜Ù™ÂŽŽØXŽLXŒLŽXXÍÍNYXÙY˜ŒÍÍLÍŒL™ŽŒXØÌYXÙXÍÍØÍLÌÍKÍŒÓMWÐÌKÍŒÓMWÐÌKŒÎXŒÙYXÎØÌÌMÎLÍØÌ˜Ì™ŒÙLŒM˜YX˜ÌŒÎXŒLÎYY™ÍYXX‹ËŒÎLNMLËKŽLÍMMMŒŽLŒKKMÍÌÌNLŒMÍŒ‹MKŒÍÎMMML‹KŒLŽMML‹LŒMLMŒÎNLMŒËŒLÎÍMÌÌMMŒLNNKŒŽÎÌÍNNLNŒÎŒŒŽMŽMÍÌMNNŒMLMLLÌMÍŽKŒŽÎÌÍNNLNŒÎŒŒŽMŽMÍÌMNNŒMLMLLÌMÍŽKMÍLŽŽLL‹ŒŒNLÎÎKÎK˜[ÙKKKKVT’SQS•SÔÒQÕË˜[ÙKLÌLKŽNMMÍLLÎYŒ™˜M˜YMÍLLÌÌÌXLÍLML˜™ŽŽL˜M™˜NŒ™BŽŽØXŽLXŒLŽXXÍÍNYXÙY˜ŒÍÍLÍŒL™ŽŒXØÌYXÙXÍÍØÍLÌÍ‹ÍŒÓMWÐÌÌÍŒÓMWÐÌÌŒÎXŒÙYXÎØÌÌMÎLÍØÌ˜Ì™ŒÙLŒM˜YX˜ÌŒÎXŒLÎYY™ÍYXX‹ËŒÍÍŽÎNŒÌŽŽN‹KŽLÍNNÎNNLÎKKMÌLLŒÎLÍÌÎKMŽNLÍMMÎŒÌŒMMÍLMNËŒŒŒLÍMÍÌLŒLÎNNŒMMÎLŽNLLŒKŒŽÍŽÎNLÍÌNMŽNLÎKŒLLŒÍŽÌŒÌNŒMLÌLLÎNNÎKŒŽÍŽÎNLÍÌNMŽNLÎKŒLLŒÍŽÌŒÌNŒMLÌLLÎNNÎKNMÌËÌËÌÌÍËLËL‹NNL‹ÎKÎ˜[ÙKKKKVT’SQS•SÔÒQÕË˜[ÙKLÌL‹ÎLØY™MYØ˜ŒŽMÌŽM˜XÍLÙMNLXMÙX™MØÍXŒÍÌŽYL˜ŒLLM‚ŽŽØXŽLXŒLŽXXÍÍNYXÙY˜ŒÍÍLÍŒL™ŽŒXØÌYXÙXÍÍØÍLÌŒËÍŒÓŒÐÌKÍŒÓŒÐÌKŒÎXŒÙYXÎØÌÌMÎLÍØÌ˜Ì™ŒÙLŒM˜YX˜ÌŒÎXŒLÎYY™ÍYXX‹ËŒMŽLŽÌŒLË‹ŽNLNNNLMLŽË‹MNNÌÎŽŒËŒŒNÌŒM‹KŒLMÍLÎŽMLÌLËLŒÍLÎMMÌNNNMËŒLÍÍÍÍÍÌÌŽNKŒŒMÍÎMLÌÌLMŒMŽKŒMÎMMÌMMNLMÎKŒNLLŽMÌLŽŒÍLKŒŒMÍÎMLÌÌLMŒMŽKŒMÎMMÌMMNLMÎKŒNLLŽMÌLŽŒÍLKMÌËM‹M‹LMÍŒË‹‹LŒK˜[ÙKT’U‘QT‘ÐŽLK‹KKVT’SQS•SÔÒQÕË˜[ÙKLÌLË™ŒÙ˜™™™YXYLŒXÙX˜ÌXØÍÍYŽLMMØMNM™LYYYŒ˜˜ŒÌLÎMBŽŽØXŽLXŒLŽXXÍÍNYXÙY˜ŒÍÍLÍŒL™ŽŒXØÌYXÙXÍÍØÍLÌÍŒÓŒÐÌLÍŒÓŒÐÌLŒÎXŒÙYXÎØÌÌMÎLÍØÌ˜Ì™ŒÙLŒM˜YX˜ÌŒÎXŒLÎYY™ÍYXX‹ËÍMŽLMÍÎMÍK‹ŽNLNLŽÌŒLŽMË‹MÍŒÌLÌMN‹ŒŒMŒÎMNNLËLŒMNMŽLÍMKLŒLMÍŒLŒMŽMÌLNLLKŒÍMŽLÌMÎÌKŒMŽÌMMŽMMÎL‹ŒNLÌÌÍÍŒŒMKŒÍMŽLÌMÎÌKŒMŽÌMMŽMMÎL‹ŒNLÌÌÍÍŒŒMKMNNLËŒ‹Œ‹LLÌËËLLLKK˜[ÙKKKKVT’SQS•SÔÒQÕË˜[ÙKLÌLŽÌYNÙMX˜ÙŒL˜™X™™MÎ˜Ù™ŒØØXŽX™LMNMŽMØM™L˜MÌMÙLŽBŽŽØXŽLXŒLŽXXÍÍNYXÙY˜ŒÍÍLÍŒL™ŽŒXØÌYXÙXÍÍØÍLÌKÍŒÓŒÐÌMKÍŒÓŒÐÌMKŒÎXŒÙYXÎØÌÌMÎLÍØÌ˜Ì™ŒÙLŒM˜YX˜ÌŒÎXŒLÎYY™ÍYXX‹ËŽŒNÌÌM‹‹ŽNNLLŒÎMN‹MLLÌÍŽLMMNKNKŽNNLŒMNNMNKMKŒLMLŒÌÌNŒ‹LŒMLÎMÌÍÎÍLNNL‹ŒLÎLŒMMŒÌKŒŽÌÌLÍŒŒÍÌKŒMMMLLLMNMÍLKŒNLMŒMMNMŽŽKŒŽÌÌLÍŒŒÍÌKŒMMMLLLMNMÍLKŒNLMŒMMNMŽŽKMÍŒLKŽKŽLNLÎKLMŒKK˜[ÙKKKKVT’SQS•SÔÒQÕË˜[ÙKLÌLŽKŽLØXØNMXXØN˜ŒLÎMÍLXÎYYXÌÎXLÙXÎLØMLÍXYÙLØLŒÍÙMMM‚ŽŽØXŽLXŒLŽXXÍÍNYXÙY˜ŒÍÍLÍŒL™ŽŒXØÌYXÙXÍÍØÍLÌ‹ÍŒÓŒÐÌŒÍŒÓŒÐÌŒŒÎXŒÙYXÎØÌÌMÎLÍØÌ˜Ì™ŒÙLŒM˜YX˜ÌŒÎXŒLÎYY™ÍYXX‹ŒMNMÎÌÌŒÎMLK‹ŽNŽMÎNNLÎNLÌK‹MÍÍLÍŒMŒMËNKŽNLMLNLÌÌÍMËŒŒŽMÌLÍÍÍLŒÍMÌMMMLKŒÎMLÍŽLÍNNMNMËŒŽLŒÍLÌNÌÌLML‹ŒMÎMÍŒNNLKŒNLLNŒÍŽNLKŒŽLŒÍLÌNÌÌLML‹ŒMÎMÍŒNNLKŒNLLNŒÍŽNLKNLMNKÍKÍKLŒKÍ‹Í‹LŒMËKK˜[ÙKKKKVT’SQS•SÔÒQÕË˜[ÙKLÌLÌÎ˜MÙY˜ŒÍ™ŽLŒMNYŒÌYXXXŽYLØMÍØÎMXŽXØ˜ÍMÎLÙNMNXLŒ˜M‚ŽŽØXŽLXŒLŽXXÍÍNYXÙY˜ŒÍÍLÍŒL™ŽŒXØÌYXÙXÍÍØÍLÌËÍŒÓŒÐÌKÍŒÓŒÐÌKŒÎXŒÙYXÎØÌÌMÎLÍØÌ˜Ì™ŒÙLŒM˜YX˜ÌŒÎXŒLÎYY™ÍYXX‹LLŒLÌŽLŒŒLK‹ŽNLÍÌÎŒŽNLK‹ŒŽLÍLLMÍMÌNKNKŽNMÎLNNÍÎÎKKŒMLÎLÎÌLÍÌËŒLMMÍÍÌKŒMÍMMNMŒÍÍŒÌMLMMÍNÌÍMÎLKŒLŒŽŒMÌÍÌKŒNLÌLŒÌÎNLÎNLŒKŒÌMLMMÍNÌÍMÎLKŒLŒŽŒMÌÍÌKŒNLÌLŒÌÎNLÎNLŒKŒMKÌKÌ‹LKKK˜[ÙKKKKVT’SQS•SÔÒQÕË˜[ÙKLÌLÌKŽÌN˜ŽŒLØY˜ÌXÎXŽNXMØÙXÙÌÙXLYMÎNMŽL™˜Œ˜ÌÍÌÍÙ™MŽŽØXŽLXŒLŽXXÍÍNYXÙY˜ŒÍÍLÍŒL™ŽŒXØÌYXÙXÍÍØÍLÌŽÍŒÓŒÐÌÌÍŒÓŒÐÌÌŒÎXŒÙYXÎØÌÌMÎLÍØÌ˜Ì™ŒÙLŒM˜YX˜ÌŒÎXŒLÎYY™ÍYXX‹ŽMLMŒNNLŒLML‹‹ŽNLMÍNLÌMÌÍ‹‹ŒÎÎMŒÎNMÍËNKŽNMÎLNNLŒÎÌŒLLÎMLÌÍ‹ŒŒLMŒÌLÎNNŒÌMNMMÌÌMŒÍ‹ŒÌÍÌŒŒÍMMNMŽNKŒLMŽÌŽKŒNMŒMÍŒŒMÎÌKŒÌÍÌŒŒÍMMNMŽNKŒLMŽÌŽKŒNMŒMÍŒŒMÎÌKŒŒNK‹‹ŒMK‹‹LÌŽLL˜[ÙKKKKVT’SQS•SÔÒQÕË˜[ÙKLÌLÌ‹™MMŒ™ŒNNŒÍ™˜M˜ŽXÌÙÍXØYX™ØÌÍ˜ÍLNLŽLLÍŒØØŽŽŽØXŽLXŒLŽXXÍÍNYXÙY˜ŒÍÍLÍŒL™ŽŒXØÌYXÙXÍÍØÍLÌŽKÍŒÓŒÐÌÍKÍŒÓŒÐÌÍKŒÎXŒÙYXÎØÌÌMÎLÍØÌ˜Ì™ŒÙLŒM˜YX˜ÌŒÎXŒLÎYY™ÍYXX‹KŒÌLNMMŒLÍ‹ŽNÍMÎNÌŒŒŒNNK‹ŒŽLLÍMŽNMNŒKNKŽNLÍLÌÌMLKÍKŒNMLLÌMŒLËŒÍLÌNLÎMLÎNNKŒNNÍÌMLLLŒMKŒÍNŒŒLMNLÌKŒÌMMÌÍMÌMNÎNKŒNMLMMÌÍNÍŒÍNŒŒLMNLÌKŒÌMMÌÍMÌMNÎNKŒNMLMMÌÍNÍŒÍLMKLKL‹ŽLKNNKLÎKLL˜[ÙKKKKVT’SQS•SÔÒQÕË˜[ÙKLÌLÌË˜ÌYXY˜ÌMŒŽNXLÙMØNŒÍM™MÙM™ØŒXŒÙXŒ™NÙLYŒÍŒÍÌÍBŽŽØXŽLXŒLŽXXÍÍNYXÙY˜ŒÍÍLÍŒL™ŽŒXØÌYXÙXÍÍØÍLÌÌÍŒÓŒÐÌÍŒÓŒÐÌŒÎXŒÙYXÎØÌÌMÎLÍØÌ˜Ì™ŒÙLŒM˜YX˜ÌŒÎXŒLÎYY™ÍYXX‹KÌÌLÎLŒÌLÍÍÍË‹ŽNÎMMNLMLŒŽ‹ŒŽLLŽMÌÌËNKŽNLMLLŒMËŒŒŒŽŒMMMËLŒMÎLLÎLÎLÌNLÌKŒMŒŒÍLÍÍŽLNKŒÍÎNMÌÍNÌÌŒÍNŒLŽMÌÍÎLLŒÌŽNKŒNMŒMŽÎMŽŒÍŽÎKŒÍÎNMÌÍNÌÌŒÍNŒLŽMÌÍÎLLŒÌŽNKŒNMŒMŽÎMŽŒÍŽÎKLKMËMËMM‹‹‹LŽM‹LL˜[ÙKKKKVT’SQS•SÔÒQÕË˜[ÙKLÌLÍÌMŒ™ŒMNÍÎYYŒÎYMYLMŒŒNYX˜ÍÎŽLØNYØ™LLNMM˜NMÎYLLYM˜MØLØ‚ŽŽØXŽLXŒLŽXXÍÍNYXÙY˜ŒÍÍLÍŒL™ŽŒXØÌYXÙXÍÍØÍLÌMÍŒÓWÐÌKÍŒÓWÐÌKŒÎXŒÙYXÎØÌÌMÎLÍØÌ˜Ì™ŒÙLŒM˜YX˜ÌŒÎXŒLÎYY™ÍYXX‹ŒÍMŒÌNNLLMÍMLMLÍNËŒÎNMNMÍŽŒŒLËŽNMŽŒLÎMŒMŒËKŒMŒŒÌÎMMŒN‹LŒÍMMŽÍLŽNNNNKŒMMMMŒÍNMMNMLKŒŒŒŽMNLÌLMÍLŒKŒŒŒŒÍÍŒŒMLKŒŒÌÌŒMÌŒÎMŽLŽŒŒŒŽMNLÌLMÍLŒKŒŒŒŒÍÍŒŒMLKŒŒÌÌŒMÌŒÎMŽLŽMÌMÌ‹ËËMMÌKMËMËMLŽNKŒ˜[ÙKT’U‘QT‘ÐŽLLK‹KKVT’SQS•SÔÒQÕË˜[ÙKLÌLÍKÌÎLY˜XŒ™MLÍY™Ì˜ØŒŽNLM˜ØÍÍÎNÍŽM™XY™™ÎMNY™LXÍNLLX‚ŽŽØXŽLXŒLŽXXÍÍNYXÙY˜ŒÍÍLÍŒL™ŽŒXØÌYXÙXÍÍØÍLÌMKÍŒÓWÐÌLÍŒÓWÐÌLŒÎXŒÙYXÎØÌÌMÎLÍØÌ˜Ì™ŒÙLŒM˜YX˜ÌŒÎXŒLÎYY™ÍYXX‹KŒŒNÌLLÎŒNKMMŽŽMÌÌLËLÎŒLLLMÎKŒŒÌLNÍMÌÌKLŒMMÍŒMŒMŒÌÎŒŽMLŽŒÎŽLKŒÍŒMLMÌNÌLÌKŒŽMNLŒÍLLŽKŒŒLLLŒLÎÎKŒŒÌÎNMŒÎMLŒ‹ŒŽMNLŒÍLLŽKŒŒLLLŒLÎÎKŒŒÌÎNMŒÎMLŒ‹NMËÍÍLÎÍ‹MMMLÌÍKŒŒ˜[ÙKKKKVT’SQS•SÔÒQÕË˜[ÙKLÌLÍ‹ŒMLÍYXØÌÍÍYLMÌÌŒMÍÍŒLØØMØŒLŽŒLÌŒ™˜ŽYYØLMNNNBŽŽØXŽLXŒLŽXXÍÍNYXÙY˜ŒÍÍLÍŒL™ŽŒXØÌYXÙXÍÍØÍLÌM‹ÍŒÓWÐÌMKÍŒÓWÐÌMKŒÎXŒÙYXÎØÌÌMÎLÍØÌ˜Ì™ŒÙLŒM˜YX˜ÌŒÎXŒLÎYY™ÍYXX‹KÍNLÌÌNMLLÌLMŒNMMÌMLŒŽËLÎMÌÍNLŒKKŒŒŒNŒŽKMKŒLŒÌLÍŽNMËLŒNLŒŒÍŽMŒLLŒŒMÌMÍMÎNNKŒÌMMMLŽMLLÎŒNNÎNLŽLÌÍKŒŒÍÎÎML‹ŒÌMMMLŽMLLÎŒNNÎNLŽLÌÍKŒŒÍÎÎML‹ŒÌËKLÌKLKLKMLÎKŒŒ˜[ÙKKKKVT’SQS•SÔÒQÕË˜[ÙKLÌLÍË˜ÙLÍXŒÙ˜XYLŒYMÎXNXØÌÎLÍÎÙN˜™MŒÌÎ™˜XÎÍMÌL‚ŽŽØXŽLXŒLŽXXÍÍNYXÙY˜ŒÍÍLÍŒL™ŽŒXØÌYXÙXÍÍØÍLÌMËÍŒÓWÐÌŒÍŒÓWÐÌŒŒÎXŒÙYXÎØÌÌMÎLÍØÌ˜Ì™ŒÙLŒM˜YX˜ÌŒÎXŒLÎYY™ÍYXX‹KŽÌMLÍNLNNÌM‹MLŒMŽÌÌŽËNMLNŒŒËŽNNLMÌÌÍNNMLŒKŒŒMLNÍŒLMÌŒ‹LŒÍŽLŽMMÍNNNKŒMLNMŽLÎMŽNKŒÍŽÌÌLŒŽMKŒNLMÌÍÌMÍÌNKŒŒÍMŽMÍÌNLÎLŒŒKŒÍŽÌÌLŒŽMKŒNLMÌÍÌMÍÌNKŒŒÍMŽMÍÌNLÎLŒŒKŒŒÌKËËLŒNKËËMMËŒŒ˜[ÙKKKKVT’SQS•SÔÒQÕË˜[ÙKLÌLÎNLÍMMÌÌŽNŽÌŒŒÎLXX˜ÙYXŒ™NL˜ÙŒÍYYYŽMYŒØÍMXX™ŽŽØXŽLXŒLŽXXÍÍNYXÙY˜ŒÍÍLÍŒL™ŽŒXØÌYXÙXÍÍØÍLÌNÍŒÓWÐÌKÍŒÓWÐÌKŒÎXŒÙYXÎØÌÌMÎLÍØÌ˜Ì™ŒÙLŒM˜YX˜ÌŒÎXŒLÎYY™ÍYXX‹‹ŒÌÌLNŒLÎNL‹MLLÍŒŽNËËNLÌŒNMLLÌ‹ŽNNLŽMLÍ‹KŒMNMÌŒMÌÎKLŒNMMÌŽLÌÎMÍÍLŒNMÌŒLŒŒÍMŒŽNKŒÍLMMÌÍLŒ‹ŒMÍNÍMMLÍËŒŒÍMÍŽMMLŽMLËŒÍLMMÌÍLŒ‹ŒMÍNÍMMLÍËŒŒÍMÍŽMMLŽMLËŒÎÌKLËLËLMÌ‹Ë‹MMLŒŒ˜[ÙKKKKVT’SQS•SÔÒQÕË˜[ÙKLÌLÎKŒNNX™Y™YLÙÎÙXÙMÙMÌÌÙMMÌÌÌŽXNXLÍ™ŒØYMÎMŽŽŽØXŽLXŒLŽXXÍÍNYXÙY˜ŒÍÍLÍŒL™ŽŒXØÌYXÙXÍÍØÍLÌNKÍŒÓWÐÌÌÍŒÓWÐÌÌŒÎXŒÙYXÎØÌÌMÎLÍØÌ˜Ì™ŒÙLŒM˜YX˜ÌŒÎXŒLÎYY™ÍYXX‹‹ŽLMLÍŽNLLŽL‹MÎLNLÍŒLŽNM‹ËŒÎNMŒÍÎLM‹ŽNMNLNMÌÍMËÌŒLÍŽNLLÌLNMÌËŒŒLÍNLLÍÌNNNKŒLŽŒLÌÍMÍ‹ŒÎÍLŽMLÍŒÍLÌËŒMÎMMÍÍMÌÍŽKŒŒÍÌÎÍÌŒÍŽKŒÎÍLŽMLÍŒÍLÌËŒMÎMMÍÍMÌÍŽKŒŒÍÌÎÍÌŒÍŽKLÎMKNKNKMŽLKÎÎMMMMËŒKŒK˜[ÙKKKKVT’SQS•SÔÒQÕË˜[ÙKLÌM™LÙŽYŒMÍÌŽM˜ÙŒYØÍŒŽNNYXŒ˜MÍLLNNXØ˜˜LØXÌ™ŽÙŒŒŒ˜ÙMØÂŽŽØXŽLXŒLŽXXÍÍNYXÙY˜ŒÍÍLÍŒL™ŽŒXØÌYXÙXÍÍØÍLÌŒÍŒÓWÐÌÍKÍŒÓWÐÌÍKŒÎXŒÙYXÎØÌÌMÎLÍØÌ˜Ì™ŒÙLŒM˜YX˜ÌŒÎXŒLÎYY™ÍYXX‹ËŒÌNLÌÎLŽŽMLMÍÌÎMNM‹ËŒÎMŒMNMLMLŒÎŽNNNLÌLNÎËÍKŒLÌÍNNNMKŒÎLÍMŒÍNŽNNNŒMMŒÍŽÌÌMŽNKLLMMÍLLÌÎMŒKŒLLÌNLÍŒŽLNKŒŒÎÍÌÍÍŒLŒÌÌÎLLKLLMMÍLLÌÎMŒKŒLLÌNLÍŒŽLNKŒŒÎÍÌÍÍŒLŒÌÌÎLLKŽ‹LKLKLÌÌ‹Ì‹MMŒŒ‹ŒKŒK˜[ÙKKKKVT’SQS•SÔÒQÕË˜[ÙKLÌMKÍÍÙ™˜XLMŒŽ™ŽXNLØXNMŒ˜YÍM˜XÌŒÌ™NMŒM™˜ÍMÍŽYŽŒØÙŽLLÌØ‚ŽŽØXŽLXŒLŽXXÍÍNYXÙY˜ŒÍÍLÍŒL™ŽŒXØÌYXÙXÍÍØÍLÌŒKÍŒÓWÐÌÍŒÓWÐÌŒÎXŒÙYXÎØÌÌMÎLÍØÌ˜Ì™ŒÙLŒM˜YX˜ÌŒÎXŒLÎYY™ÍYXX‹ËŽMŒÌÍÌÎMLNÌËMMŒÌÍŒŒÍL‹ËMŒLÌŒNŽNNNMNMÌNMÌLKŒMÎÎŽLÍŒLŽŒÍMLŒMLNNNKŒNŒŒLÎNMŒÍNNKÌLÌMŒMÌŒÍÌŽNKŒLÌLLÍNÍLÌŽMËŒŒÎMÎÌÍÌÎÌLÌMŒMÌŒÍÌŽNKŒLÌLLÍNÍLÌŽMËŒŒÎMÎÌÍÌÎŽÍËLLLLŒL‹MMŽLŒKŒK˜[ÙKKKKVT’SQS•SÔÒQÕË˜[ÙKLÌM‹Ù™LÎÍÎMØLŒÌŒMÍXÌŽÌÌXÍLÙØÙXŒŒ˜ØÍÌŒLY™X™MLMYX‚ŽŽØXŽLXŒLŽXXÍÍNYXÙY˜ŒÍÍLÍŒL™ŽŒXØÌYXÙXÍÍØÍLÌŒ‹ÍŒÓWÐÌKÍŒÓWÐÌKŒÎXŒÙYXÎØÌÌMÎLÍØÌ˜Ì™ŒÙLŒM˜YX˜ÌŒÎXŒLÎYY™ÍYXX‹NŽMLLMMÍÍMÌLÍM‹ËŒÎÍÌNLLÌÍŽMKŽNMÌŒMŒÌÍMÍÌNKŒLMÌLNMNLNKŒLŽMMLÎMMÌŒÌŽNKŒMÎŽLÍŽMŒŒMNKMÎMÌŒŒŒLKŒLÎŒÎMÌŽŒLNNNKŒÎMÌŒÍMÎMÍMËMÎMÌŒŒŒLKŒLÎŒÎMÌŽŒLNNNKŒÎMÌŒÍMÎMÍMËŽMÍÎLM‹LM‹ŽMÍKL‹LKMMÍLËŒKŒK˜[ÙKKKKVT’SQS•SÔÒQÕË˜[ÙKLÌMËX˜Ù™ÌÌÎMÍŽ™YLØÌL™ŒÍL™ÎNLÍØYÙYXXÍÎXMNLÌLÌŒNŽŽØXŽLXŒLŽXXÍÍNYXÙY˜ŒÍÍLÍŒL™ŽŒXØÌYXÙXÍÍØÍLÌËÍŒÓÌÐÌKÍŒÓÌÐÌKŒÎXŒÙYXÎØÌÌMÎLÍØÌ˜Ì™ŒÙLŒM˜YX˜ÌŒÎXŒLÎYY™ÍYXX‹‹ÎLÍMLÌÎLLLÌÎK‹ŒŒÍÌLŽMMÌNMMM‹KŒMÌÌÎLLLMÌŒÌÌLŽLNMÎ‹KŒNLLMÍŽMŒKŒLŒŒÍŒÍLŽLMNNKŒLÌŒÌLŒŽNMMŒÌÍNMLLLŽŒÌLŒŒMŒŒMLŒNŒÍÍŽLLLLŒMŒML‹ŒÌÍNMLLLŽŒÌLŒŒMŒŒMLŒNŒÍÍŽLLLLŒMŒML‹ŒMLKÎÎKMÍÍ‹ŽŽNNNÌKÌK˜[ÙKT’U‘QT‘ÐŽLLLË‹KKVT’SQS•SÔÒQÕË˜[ÙKLÌMŒŒY˜ŒNMYÍÍÌØÙMMMNMŒMM˜™ÙXØÍÎÌÌMMŒÌYXLÍYÙÌØBŽŽØXŽLXŒLŽXXÍÍNYXÙY˜ŒÍÍLÍŒL™ŽŒXØÌYXÙXÍÍØÍLÌÍŒÓÌÐÌLÍŒÓÌÐÌLŒÎXŒÙYXÎØÌÌMÎLÍØÌ˜Ì™ŒÙLŒM˜YX˜ÌŒÎXŒLÎYY™ÍYXX‹‹ŽMÌLŽLÌMŒË‹ŒŒÍNLÌÌMÌLÍMŽËKŒMLÍÌŒMÌŒÌMËŽKŽNNNÌMŒLMŒÌMMKLŒÌMLNÍNL‹ŒÎÌMÍMÍŒÎMÎNNŒLÌMŒŒNMËŒÌÍNNLMÍËŒMLLNLÍŽÍNŒÎLLÍÎNÍŒŽŒÌÍNNLMÍËŒMLLNLÍŽÍNŒÎLLÍÎNÍŒŽŒŒNK‹‹MÌËKKNLKÌKÌK˜[ÙKKKKVT’SQS•SÔÒQÕË˜[ÙKLÌMKØÙLY™Ì™MŽLMŒÙLMÎLÎØYL˜˜ÍMMÍØØNMXÙÙÎXÂŽŽØXŽLXŒLŽXXÍÍNYXÙY˜ŒÍÍLÍŒL™ŽŒXØÌYXÙXÍÍØÍLÌKÍŒÓÌÐÌMKÍŒÓÌÐÌMKŒÎXŒÙYXÎØÌÌMÎLÍØÌ˜Ì™ŒÙLŒM˜YX˜ÌŒÎXŒLÎYY™ÍYXX‹ËLMLÍLÍŽ‹‹ŒŒÍLMÌMÌÍLËKŒMMNLÌÌŒÎM‹ŽKŽNNMŒÌMMŽKMKŒMÌÌŒŒMMLKLŒMNLNMLŒŒKŒMLMÍLŽNNKŒÍŒÌLLLLŒÎ‹ŒMÍMMMNMÌLKŒÎLÌŒÎMŽLLÌŽKŒÍŒÌLLLLŒÎ‹ŒMÍMMMNMÌLKŒÎLÌŒÎMŽLLÌŽKŒÍÎM‹LËLËMNMËŒ‹Œ‹NÌKÌKÌ‹˜[ÙKKKKVT’SQS•SÔÒQÕË˜[ÙKLÌM‹Î™ÙNMXY™MŒ˜™YŒMMÍØ™MÙÍÍ˜ÍXLÍŽYŒLÙLÌNYŽŽŽØXŽLXŒLŽXXÍÍNYXÙY˜ŒÍÍLÍŒL™ŽŒXØÌYXÙXÍÍØÍLÌ‹ÍŒÓÌÐÌŒÍŒÓÌÐÌŒŒÎXŒÙYXÎØÌÌMÎLÍØÌ˜Ì™ŒÙLŒM˜YX˜ÌŒÎXŒLÎYY™ÍYXX‹ŒNŒMLŒŒK‹ŒŒÍMÎMLNLÌMÍ‹KŒMLÍÌŒÍNŽKŽNMLNÌLLŒŒKŒŒLŽNMÌÎŒÌÌKLŒÎLNŒÌMNNKŒLÍÎNLŒMMÌŒÎMŽLKŒÎLLÍŽŽLLÌŽKŒŒŽÍLÎMÎNMLKŒŽMÌŒMŽLŒÎLÎŒÎLLÍŽŽLLÌŽKŒŒŽÍLÎMÎNMLKŒŽMÌŒMŽLŒÎLÎMM‹NKLMMÌËNNKNÍŒKÌKÌ‹˜[ÙKKKKVT’SQS•SÔÒQÕË˜[ÙKLÌMËÍÎLLMMNŒLÍŒÌXŒÍMLÌŒÙXÙŒ™LMØXMNÎYŽY™NYŽNŽŽØXŽLXŒLŽXXÍÍNYXÙY˜ŒÍÍLÍŒL™ŽŒXØÌYXÙXÍÍØÍLÌËÍŒÓÌÐÌKÍŒÓÌÐÌKŒÎXŒÙYXÎØÌÌMÎLÍØÌ˜Ì™ŒÙLŒM˜YX˜ÌŒÎXŒLÎYY™ÍYXX‹NŽÍLÌLNM‹ŒŒÍMLÍMNL‹KŒMLLMÌÎNMLÍÌKŽKŽNMŒÌLLÎMÍÌÍMÍ‹KŒMÎÎMMÎÍ‹LŒÌÍLÌLŒLMŒLNLKŒNLŒÎLMŒŒÍŒKMMNLÌÎNMÍMŽMŽŒŒLMŽLNMMÍŒKŒŽLLÌÌÍÍŽNËMMNLÌÎNMÍMŽMŽŒŒLMŽLNMMÍŒKŒŽLLÌÌÍÍŽNËÌM‹L‹L‹LÎLÌKMMNNKÌ‹Ì‹˜[ÙKKKKVT’SQS•SÔÒQÕË˜[ÙKLÌM™ÌŒÌÍLÌ™YŒY™XØLLØÙY˜ÍÌXYLŽYL™MMÌÍNŒLÙÂŽŽØXŽLXŒLŽXXÍÍNYXÙY˜ŒÍÍLÍŒL™ŽŒXØÌYXÙXÍÍØÍLÌÍŒÓÌÐÌÌÍŒÓÌÐÌÌŒÎXŒÙYXÎØÌÌMÎLÍØÌ˜Ì™ŒÙLŒM˜YX˜ÌŒÎXŒLÎYY™ÍYXX‹KŒMÌŒÌMMLÍÌÍÌ‹ŒŒÍLÎMÌNLNÌŒÎ‹KŒMLŒÌÍÌMMNŽKŽNMMMÍÌÌMLKÌŒNMMLŒŽLLLÍKLŒLÌLŽÌNNNNKŒŒMMŽNKÎLÌLÎMÌLÌKŒNMÎÍNŒŒLÌŒLKŒŽNMMŒLMNMÍÎKÎLÌLÎMÌLÌKŒNMÎÍNŒŒLÌŒLKŒŽNMMŒLMNMÍÎKŽÌÎKLL‹LLËLÌÎKLLNÎÌ‹ÌË˜[ÙKKKKVT’SQS•SÔÒQÕË˜[ÙKLÌMKŒÙYM˜ÌYYNMŒÌÙYMØY™LNMNØØÎYŒLX˜M˜LLÌY˜XNYMŒŽLŽŽØXŽLXŒLŽXXÍÍNYXÙY˜ŒÍÍLÍŒL™ŽŒXØÌYXÙXÍÍØÍLÌKÍŒÓÌÐÌÍKÍŒÓÌÐÌÍKŒÎXŒÙYXÎØÌÌMÎLÍØÌ˜Ì™ŒÙLŒM˜YX˜ÌŒÎXŒLÎYY™ÍYXX‹KÎMLMNNNÍ‹ŒŒÍMNMÍMŽËKŒMMMÎLŒLKŽKŽNMŽÍŒŒÌLÍÍ‹ÍKŒŒÍNÌLLÌMLŒLŽMŒÌLNLMNNKŒŒÎLMLLŽLŒL‹ŒŒÌÎÎMMLL‹ŒMÌÌMÌLMNLÎNLÍKŒŽŽLÌÍMÍÎMÌÌKŒŒÌÎÎMMLL‹ŒMÌÌMÌLMNLÎNLÍKŒŽŽLÌÍMÍÎMÌÌKÌŽNKLNLNLLÍKKNM‹Ì‹Ì‹˜[ÙKKKKVT’SQS•SÔÒQÕË˜[ÙKLÌMLØÍÌÎÍM˜MØXÍŒ™MYYY™Œ˜Y™˜LÍÙØŒ™LÍLNLYMYXŒŒÍŒÍÍÙŽBŽŽØXŽLXŒLŽXXÍÍNYXÙY˜ŒÍÍLÍŒL™ŽŒXØÌYXÙXÍÍØÍLÌLÍŒÓÌÐÌÍŒÓÌÐÌŒÎXŒÙYXÎØÌÌMÎLÍØÌ˜Ì™ŒÙLŒM˜YX˜ÌŒÎXŒLÎYY™ÍYXX‹LŽNLÌŒŒÌÍNM‹‹ŒŒÌŒÎNMŽNËKŒMLÌŒŒMŽÍLÎŽKŽNLLÍMÍŒÍÍËŒÍLŒŒŒÍN‹LŒLŒMÍÌLL‹ŒÌNMÍLMNLÍËMMÍÍMMLMŒLÎKŒMÍLŒNLMLMËŒŽÎLÌLÍÍÍLLŒËMMÍÍMMLMŒLÎKŒMÍLŒNLMLMËŒŽÎLÌLÍÍÍLLŒËÌNŒ‹LLMŽÎÎNŒËÌ‹Ì‹˜[ÙKKKKVT’SQS•SÔÒQÕË˜[ÙKLÌMLKÍØÌM˜NLŒÌØ˜Y˜ØMŽ™LYÍÌLÙMÎYXÌYYXYXŒYYŽÙ™YMÌXBŽŽØXŽLXŒLŽXXÍÍNYXÙY˜ŒÍÍLÍŒL™ŽŒXØÌYXÙXÍÍØÍLÌLKÍŒÓÌÐÌKÍŒÓÌÐÌKŒÎXŒÙYXÎØÌÌMÎLÍØÌ˜Ì™ŒÙLŒM˜YX˜ÌŒÎXŒLÎYY™ÍYXX‹LKŒLLLLLŽ‹ŒŒÌÎLMŽLŽNMLÍ‹KŒMNLLŒŒÍŒÌ‹ŽKŽNMLŒLMLMÎLŒKKŒŒLŒŒŽÎLŒŒŽÍŽMŽLÍ‹ŒÌMNLŽLLÍÌŒÌKLMLMÌÍKŒLMMŒMŒÎKŒŽMNMŒÍÍÌMËLMLMÌÍKŒLMMŒMŒÎKŒŽMNMŒÍÍÌMËÌÌÌLÌLÌÍLŽKŽKÌNÍKÌËÌË˜[ÙKKKKVT’SQS•SÔÒQÕË˜[ÙKLÌML‹MÌÍÍŽLY˜ÙLÍMXYŒXÌ˜ÎÌM˜˜ØÙMÍÍÍÌÌÎL˜˜Ù™NMLÎÌÌÍŽŒBŽŽØXŽLXŒLŽXXÍÍNYXÙY˜ŒÍÍLÍŒL™ŽŒXØÌYXÙXÍÍØÍLÌL‹ÍŒÓÌÐÌLÍŒÓÌÐÌLŒÎXŒÙYXÎØÌÌMÎLÍØÌ˜Ì™ŒÙLŒM˜YX˜ÌŒÎXŒLÎYY™ÍYXX‹LKŽMMNŽLŒÌŒË‹ŒŒÍMŒÍÌÍNNMKŒLÎÌŽLNÍŽLKŽKŽNMŒÌÍÎMÍÌŽMKLŒŒŒŒÎŒMNLKŒÍMMNŽNLKŒÍMNMÍÌŒNŽLKLÌLŽLNLMMÌËŒÌMNMÍŒÌÎÎMŒŽNNLÌMMŒŒLÌLŽLNLMMÌËŒÌMNMÍŒÌÎÎMŒŽNNLÌMMŒŒÍKLÍKLÍ‹KMËNNÍ‹ÌËÌË˜[ÙKKKKVT’SQS•SÔÒQÕË˜[ÙKLÌMLËXÍXÍYY˜M˜XØØÎMX™NM™MLÍÍŒLÌ™™™LMM˜YXMXLŽBŽŽØXŽLXŒLŽXXÍÍNYXÙY˜ŒÍÍLÍŒL™ŽŒXØÌYXÙXÍÍØÍLÌLËÍŒÓÌÐÌMKÍŒÓÌÐÌMKŒÎXŒÙYXÎØÌÌMÎLÍØÌ˜Ì™ŒÙLŒM˜YX˜ÌŒÎXŒLÎYY™ÍYXX‹L‹LŽLŒMMMÍÍ‹ŒŒÍMŒŒLÌŽÍLÍŽKŒLÍŒÌÌŽ‹ŽKŽNNLÌLMÌMËMKŒLŒÍÍMÌŒÍÍKŒÍÌLÍÍMNKŒŽMNNŒLŒÎMÌÎKMLÌÎLMÌÍKLŒNŒLÍKŒŽÌNÍMŒMÌ‹MLÌÎLMÌÍKŒŽÌNÍMŒMÌ‹ÍŒNMKM‹NLÌËÍYKKKKVT’SQS•SÔÒQÕË˜[ÙKLÌMMX˜™˜ØYŒÌÎNMÙNNNLÎXXØÙMŒÌØŒ™MÙØLÌYYØØXÎYLÌLÙ˜‚ŽŽØXŽLXŒLŽXXÍÍNYXÙY˜ŒÍÍLÍŒL™ŽŒXØÌYXÙXÍÍØÍLÌŒÌKÍŒÓÍWÐÌKÍŒÓÍWÐÌKŒÎXŒÙYXÎØÌÌMÎLÍØÌ˜Ì™ŒÙLŒM˜YX˜ÌŒÎXŒLÎYY™ÍYXX‹ÍŒÎLÍÍÍÌÌÍËNÍÍNÌŒÍKËŒÍŽÍŽNLÎM‹ÍŽNNLÎLLÎMÌÌMËKŒLŒŒLÍÍMÌKLŒÌLŽLMÍMLÎNNKŒLŒÍŒMŒŽMÎŒKŒÍMLLŒŽMMÌËŒÌLŒMÍÌMÍNŒÌŒÍÌÍMLŒÌNMMËŒÍMLLŒŽMMÌËŒÌLŒMÍÌMÍNŒÌŒÍÌÍMLŒÌNMMËŒÌŒ‹LLŒLËŒLNNK‹‹˜[ÙKT’U‘QT‘ÐŽLLÌ‹KKVT’SQS•SÔÒQÕË˜[ÙKLÌMMKŽÍMÎLØ™ŽY˜ÎŒLØÍÍŽMŒLMØMÙŒØÍÌMMNÌLŽYŒÎXX˜˜ÍŒŽŽŽØXŽLXŒLŽXXÍÍNYXÙY˜ŒÍÍLÍŒL™ŽŒXØÌYXÙXÍÍØÍLÌŒÌ‹ÍŒÓÍWÐÌLÍŒÓÍWÐÌLŒÎXŒÙYXÎØÌÌMÎLÍØÌ˜Ì™ŒÙLŒM˜YX˜ÌŒÎXŒLÎYY™ÍYXX‹KŒÍŒMLMLŒÍŒMÌLËNÍÌNÌÌKËŒÍMÌNLŒËÍŽNNNMÍMMŒMËLŒÌMŒŽLLŒMMŒNNMÎNNNKŒŒMŒNMŽLNLŒÌKŒÎÍŒÎÍŒÎNÍLKŒÌNÌMÌÎŽKŒÌŒLŽLÎLÍMŽKŒÎÍŒÎÍŒÎNÍLKŒÌNÌMÌÎŽKŒÌŒLŽLÎLÍMŽKLLÎKNMËNMŽNKÍËÍ‹ŒLLË‹˜[ÙKKKKVT’SQS•SÔÒQÕË˜[ÙKLÌMM‹ÍŒÙM˜ØŒÌŒ˜ŽLÍ™XÌÌMMNMÌÌ˜ÌÌ™YYY˜MŽXÙXÍÎÙMLMŽNŽŽØXŽLXŒLŽXXÍÍNYXÙY˜ŒÍÍLÍŒL™ŽŒXØÌYXÙXÍÍØÍLÌŒÌËÍŒÓÍWÐÌMKÍŒÓÍWÐÌMKŒÎXŒÙYXÎØÌÌMÎLÍØÌ˜Ì™ŒÙLŒM˜YX˜ÌŒÎXŒLÎYY™ÍYXX‹KŽNŒÌLÌMMÍMŒÌËNÌNMNMËËŒÎMÎMNMÌÌLKÍKŒMNLNLÎMNKMKŒÌŒLLŒÌŽLÌ‹LŒMŒŽMLÍMÌLKŒÍMŽNMLNMNNNKLMÌÎÎŒŒMÌŽŒŽÎMÍLÌMŒÌLNL‹ŒÌLMMŒŽLŽL‹LMÌÎÎŒŒMÌŽŒŽÎMÍLÌMŒÌLNL‹ŒÌLMMŒŽLŽL‹ŽNËLKLKNÌ‹ÌËÌËŒLÌKËË˜[ÙKKKKVT’SQS•SÔÒQÕË˜[ÙKLÌMMËŒØŒ˜Y™Ì™˜ÍÙNYŽMŽ˜Y˜ÌØ˜MLLÌXŒŽYMLYMYÎŒ˜™˜MŽŽØXŽLXŒLŽXXÍÍNYXÙY˜ŒÍÍLÍŒL™ŽŒXØÌYXÙXÍÍØÍLÌŒÍÍŒÓÍWÐÌŒÍŒÓÍWÐÌŒŒÎXŒÙYXÎØÌÌMÎLÍØÌ˜Ì™ŒÙLŒM˜YX˜ÌŒÎXŒLÎYY™ÍYXX‹LŒÍŽNMŽMÍLÎNLŒKËŒŒÌŒÍËÍŽNNÌÌNLÍÍL‹ŒŒLLÌMŒÍŽM‹LŒÌÎNNLMMN‹ŒLÍNMÌNMÎLÌŒŽNKÎÌÍNLŒMMNLËŒÍÍNLMŽLŒL‹ŒÌNMÍŒÎLŽLŒKÎÌÍNLŒMMNLËŒÍÍNLMŽLŒL‹ŒÌNMÍŒÎLŽLŒKŽÍL‹LL‹LL‹MÎMNKÌÌŒLÍŒ‹ËË˜[ÙKKKKVT’SQS•SÔÒQÕË˜[ÙKLÌMNØÍŒNNÎLŒ˜LÌÎXŽYÎŽÙ˜ÌÍŒ˜XÍMŒÍÌLLÌXÌYMŒL˜ŒLÌ˜ÍÎÎŽŽØXŽLXŒLŽXXÍÍNYXÙY˜ŒÍÍLÍŒL™ŽŒXØÌYXÙXÍÍØÍLÌŒÍKÍŒÓÍWÐÌKÍŒÓÍWÐÌKŒÎXŒÙYXÎØÌÌMÎLÍØÌ˜Ì™ŒÙLŒM˜YX˜ÌŒÎXŒLÎYY™ÍYXX‹LKŒÌMŒÍLÍMŒÎÌLKMÍÍMÌÍÌÍËËŒMŒŒLÌÍLMÍËÍŽNNNLŒMNMËKŒMMŒMLMŽŒÍLŽLÍÎNLÍNNŒMŒLŽLÍŒÍÎL‹ŒMNLLÎNMLKŒNNNLÍNL‹ŒÌÎLÍLŒŒÌÍŒÌËŒMNLLÎNMLKŒNNNLÍNL‹ŒÌÎLÍLŒŒÌÍŒÌËÌ‹LNKLNMŽM‹‹KŒMM‹ËË˜[ÙKKKKVT’SQS•SÔÒQÕË˜[ÙKLÌMNKŒŽL™ŒÙ™N™™L˜XŽÙÍŒÎØÌŒNÌYXÌÍY˜ÎNY˜LNXÎXŒYŒÍÙ™‚ŽŽØXŽLXŒLŽXXÍÍNYXÙY˜ŒÍÍLÍŒL™ŽŒXØÌYXÙXÍÍØÍLÌŒÍ‹ÍŒÓÍWÐÌÌÍŒÓÍWÐÌÌŒÎXŒÙYXÎØÌÌMÎLÍØÌ˜Ì™ŒÙLŒM˜YX˜ÌŒÎXŒLÎYY™ÍYXX‹L‹ŒLÍMŽLÍLMÎMÍÌLNÍMÍKËŒŒMLÍLMÍL‹ÍŽNMÍŒLKÌŒŒLŒÌŒÍLÌÍNKLŒNNNMŒÎMÍMÎNNMKŒŒMLMÌNNNKLÌNÍÍLMÍMËŒLMLÌŒÌÎLÌKŒÌÍÌÍMÎMŒŒŽÎMMÎLÌNÍÍLMÍMËŒLMLÌŒÌÎLÌKŒÌÍÌÍMÎMŒŒŽÎMMÎÌŒLÌLKLKMNLŒ‹ŒKŒMÎ˜[ÙKKKKVT’SQS•SÔÒQÕË˜[ÙKLÌMŒYŽLÙLLXMØÌŒÙM™XLÙÎYÌÍLMØÍMÌØŽXÍÍ™M˜ÙŽNMLÍŒŒŒÂŽŽØXŽLXŒLŽXXÍÍNYXÙY˜ŒÍÍLÍŒL™ŽŒXØÌYXÙXÍÍØÍLÌŒÍËÍŒÓÍWÐÌÍKÍŒÓÍWÐÌÍKŒÎXŒÙYXÎØÌÌMÎLÍØÌ˜Ì™ŒÙLŒM˜YX˜ÌŒÎXŒLÎYY™ÍYXX‹L‹ÍNMÍLŒLŒLŽKMÌNMŒÌMNNËËŒÌÍMŒŽMÎËÍŽNMŒŽLLÌÌŒKÍKŒMŽŒÎÌKLŒLMMŒMÌMMÎNM‹ŒMLÍÍŽLÌNNMKLMLÌNŽŒŒŒMŒŒÍŒŒŒÌŽÌŒÎNŒÌMLÌ‹LMLÌNŽŒŒŒMŒŒÍŒŒŒÌŽÌŒÎNŒÌMLÌ‹ÌÍÍLKLÌKLÌKMLMËM‹ŒMMËË˜[ÙKKKKVT’SQS•SÔÒQÕË˜[ÙKLÌMŒKXMNŒLÍÌŽY˜ÌMŒÌÌMLŒ™LŽLNÍÍMÍMXYNXÍMMŒYNXLYYŒØŒ™˜ŒŽŽØXŽLXŒLŽXXÍÍNYXÙY˜ŒÍÍLÍŒL™ŽŒXØÌYXÙXÍÍØÍLÌŒÎÍŒÓÍWÐÌÍŒÓÍWÐÌŒÎXŒÙYXÎØÌÌMÎLÍØÌ˜Ì™ŒÙLŒM˜YX˜ÌŒÎXŒLÎYY™ÍYXX‹LËLMŽMÎMÍNMÍKMŽLNMŽNKËŒMMÌMŒ‹ÍŽNMŒLŒÌLÍ‹ŒNÌŒŒŒŒLMËŒÍŒÍÎMNNM‹ŒNLMŒÌÎMMLLÎNKLÎLŽÌÍÌÍŽLÍ‹ŒNNÌŽŽLŒŒLÌNLKŒÌŽMÍŽLÎMMÎMLËLÎLŽÌÍÌÍŽLÍ‹ŒNNÌŽŽLŒŒLÌNLKŒÌŽMÍŽLÎMMÎMLËÍLÍ‹LÎLÍËLÌÌKLKLŒMŒK˜[ÙKKKKVT’SQS•SÔÒQÕË˜[ÙKLÌMŒ‹ŒMNXXŒÙXXLLMÍYMŒXÌLXØMŒÍÍÌÌXÌYLŽMŒYLYBŽŽØXŽLXŒLŽXXÍÍNYXÙY˜ŒÍÍLÍŒL™ŽŒXØÌYXÙXÍÍØÍLÌŒÎKÍŒÓÍWÐÌKÍŒÓÍWÐÌKŒÎXŒÙYXÎØÌÌMÎLÍØÌ˜Ì™ŒÙLŒM˜YX˜ÌŒÎXŒLÎYY™ÍYXX‹MŒÌŒMMMNNMMŒ‹MLÎÌŒŒŽMËŒMŒLMŒÍŽMÌŽÍŽNLÍÍMÍŒMMÎMMMKKŒÍLÌNMMŽKLŒMÎNÍLNNŒŽLÌNMŽŽÍMNKMŒÌLLÌÎMMŒÍŒMÌMNLLÌLŒLNMKŒÌÌÌNÎNMMÌŒNMŒÌLLÌÎMMŒÍŒMÌMNLLÌLŒLNMKŒÌÌÌNÎNMMÌŒNÍŽLËMMËLLKËŒMÍ˜[ÙKKKKVT’SQS•SÔÒQÕË˜[ÙKLÌMŒËLØLŽXØXŒLØXXNYLŽYLØÙÙØLÌLXÍ˜YMØÍM˜Y˜˜ÌY˜˜YYŒL‚ŽŽØXŽLXŒLŽXXÍÍNYXÙY˜ŒÍÍLÍŒL™ŽŒXØÌYXÙXÍÍØÍLÌÍŒÓÍWÐÌLÍŒÓÍWÐÌLŒÎXŒÙYXÎØÌÌMÎLÍØÌ˜Ì™ŒÙLŒM˜YX˜ÌŒÎXŒLÎYY™ÍYXX‹MKŒMLÌNÍÌMŒ‹MŽŒŒÍÎÌKËŒŒMLÍMMÌMŒKÍŽNMNNLÍÌLLŒÎLKLŒŒÎNMNÎŒÍŽKŒMÎMNLÎŒŒÍMÍŒLMNKNMÍMŒNŒŒÍÎLŒL‹ŒLÍÍNNLÍÍLKŒÌÌMÍMŽMÍÎÍMÌŽLŽNMÍMŒNŒŒÍÎLŒL‹ŒLÍÍNNLÍÍLKŒÌÌMÍMŽMÍÎÍMÌŽLŽÎKMLMKLLKÍKÍŒMÍ‹K˜[ÙKKKKVT’SQS•SÔÒQÕË˜[ÙKLÌM˜MXYÍŒLÌL˜ÙLŽNXÌØY˜ÍŒMYN™˜MYM™™ŽXÍXXLNNŽNÎÌÙLÍ‚ŽŽØXŽLXŒLŽXXÍÍNYXÙY˜ŒÍÍLÍŒL™ŽŒXØÌYXÙXÍÍØÍLÌKÍŒÓÍWÐÌMKÍŒÓÍWÐÌMKŒÎXŒÙYXÎØÌÌMÎLÍØÌ˜Ì™ŒÙLŒM˜YX˜ÌŒÎXŒLÎYY™ÍYXX‹M‹ŒŒNMÍÌMÌNLMMŒŽLŽŒ‹ËŒÍMÎNŽLMÍ‹ÍŽNMMÍŒLŒŽNLMMËMKŒŒLÌLŒMŒŒÍLLMLŒÍÌ‹ŒŒŒLLÎÍLÍÎŒMŽMNMÎLÌLÍÍŒŒ‹ŒMLŒNMÍÌÎŽM‹ŒÌÌŽÍÌÌMÌLÌÎMÌËŒMŽMNMÎLÌLÍÍŒŒ‹ŒMLŒNMÍÌÎŽM‹ŒÌÌŽÍÌÌMÌLÌÎMÌËÎNMM‹MMKMMKNŒËŒËŒ‹ŒNL‹K˜[ÙKKKKVT’SQS•SÔÒQÕË˜[ÙKLÌMKNÙLMXÎXØNÍMŽM˜ŒY™Ø™YXYMÌŒØNX™XØY™™™™LNŽMMØ˜ÍÍ™™‚ŽŽØXŽLXŒLŽXXÍÍNYXÙY˜ŒÍÍLÍŒL™ŽŒXØÌYXÙXÍÍØÍLÌ‹ÍŒÓÍWÐÌŒÍŒÓÍWÐÌŒŒÎXŒÙYXÎØÌÌMÎLÍØÌ˜Ì™ŒÙLŒM˜YX˜ÌŒÎXŒLÎYY™ÍYXX‹M‹ŽMŒÌŒMMMMKMLÎMŒÌMKËŒMÍMLMÌLÌ‹ÍŽNMLÍÌÌKŒŒÌLÍŽÍÍNNNLËŒLMŒŽMŒÍLKŒÍŽŒŒÍÍŽNNNŒÌMLÎMŽMÌËLŒÌÎNNLŒLÎMÍËŒÌÌÎLÌÍÌŒŽŽKŒÌMLÎMŽMÌËŒÌÌÎLÌÍÌŒŽŽKMMKMŒKMŒKŒNKKYKKKKVT’SQS•SÔÒQÕË˜[ÙKLÌM‹ÍN˜ŽY™LXÌÙL˜XM™ŒÙ˜LØLÌÍÙYYM˜YMØÍÎ™XL™YÍLŒBŽŽØXŽLXŒLŽXXÍÍNYXÙY˜ŒÍÍLÍŒL™ŽŒXØÌYXÙXÍÍØÍLÌŒMËÍŒÓÐÌKÍŒÓÐÌKŒÎXŒÙYXÎØÌÌMÎLÍØÌ˜Ì™ŒÙLŒM˜YX˜ÌŒÎXŒLÎYY™ÍYXX‹LKLÌÌMÎMLŽÌŒ‹LKŒLLÌŽŒÍÌL‹KŒÎŒÌMNMÍNMKÎKŽNNNLÌŒŒÌËKŒÎLLMMM‹LŒMÎLÍMÌŒLNNNKŒNNLÎÍNLŒNNLËMÍÎMMÌMŽËŒÍNÍÎMMÌÎNNMMKŒÍÌÍLLÌÌÌKMÍÎMMÌMŽËŒÍNÍÎMMÌÎNNMMKŒÍÌÍLLÌÌÌKŒÌŽKL‹L‹ŒÍLLLKLKÌKMM˜[ÙKKKKVT’SQS•SÔÒQÕË˜[ÙKLÌMËL˜˜MMNYM˜ÍXLMÎLÌŽÍYM™NYŽLLLXLŒØ˜ÎØMØŒNLŽŽØXŽLXŒLŽXXÍÍNYXÙY˜ŒÍÍLÍŒL™ŽŒXØÌYXÙXÍÍØÍLÌŒNÍŒÓÐÌLÍŒÓÐÌLŒÎXŒÙYXÎØÌÌMÎLÍØÌ˜Ì™ŒÙLŒM˜YX˜ÌŒÎXŒLÎYY™ÍYXX‹L‹ŒLMMLMÌÎLKŒLÍÍÌLLÍÍLÍKKŒÍLMMNMMŒÌÎKŽNNLLLMMMLŒNLÌŽMÎŒËŒŒNÍŒLŒNMŽÎNMËŒLŒÌMŒŒLMŒÍÌKÌŒŒMÌŽÌÎÌKŒÍÌÍŒÌŽMÌŒÍÌLÍŒLŽMMMLÎKÌŒŒMÌŽÌÎÌKŒÍÌÍŒÌŽMÌŒÍÌLÍŒLŽMMMLÎKŽÌLLLLŒÍ‹KÌNMKM˜[ÙKKKKVT’SQS•SÔÒQÕË˜[ÙKLÌMŽÍ™LXÍÙYLMØL˜ŽMXÌØÙ˜ÌMÍ˜Ù˜ÙLŽÙYMÙXÎŽLÌN˜XÍLXNBŽŽØXŽLXŒLŽXXÍÍNYXÙY˜ŒÍÍLÍŒL™ŽŒXØÌYXÙXÍÍØÍLÌŒNKÍŒÓÐÌMKÍŒÓÐÌMKŒÎXŒÙYXÎØÌÌMÎLÍØÌ˜Ì™ŒÙLŒM˜YX˜ÌŒÎXŒLÎYY™ÍYXX‹L‹ŽNMMÎNLNLKŒLLÌMŽLLKKŒÍMLÍŒNLMÌŒÎKŽNNMÎMLÌNMÍLLMËMKŒŽMLÍMMLMMNKŒÎNLLŒÍÎMŒÌÌŒŒNŽMMŒŒŒLŽŽMŽNŒÌ‹ŒÌÍÌMNLÍÌLNKŒÍÌNLÌÍŒÌÎMMŒŒL‹ŒLŽŽMŽNŒÌ‹ŒÌÍÌMNLÍÌLNKŒÍÌNLÌÍŒÌÎMMŒŒL‹ÌŒŽKLNLNŒNLMËKKÍÍKMKMK˜[ÙKKKKVT’SQS•SÔÒQÕË˜[ÙKLÌMŽKÙŒXLY™X™M˜ÎŽMÌŒŽXMŒÎ™XLMÎNØ˜ŒXNMÙYYŒ˜ŽYXÍÍØMÍÙŒÂŽŽØXŽLXŒLŽXXÍÍNYXÙY˜ŒÍÍLÍŒL™ŽŒXØÌYXÙXÍÍØÍLÌŒŒÍŒÓÐÌŒÍŒÓÐÌŒŒÎXŒÙYXÎØÌÌMÎLÍØÌ˜Ì™ŒÙLŒM˜YX˜ÌŒÎXŒLÎYY™ÍYXX‹LËÍÌÍŒÍLLLKLKŒLLMMŒKKŒÍÌMŽNÍMŒNL‹ÎKŽNNÍŒÍLNNŒŒMÌÍLŒÌMËLŒŒŽMÍLLNNNŒMÌŽMÌŒMMÍŒÍLÌÌMMLLÌKŒÌŒNLŒÎMLŽMLŒKŒÍÌŽMÎNMÌNNMŽKLÌÌMMLLÌKŒÌŒNLŒÎMLŽMLŒKŒÍÌŽMÎNMÌNNMŽKÌŒKLKLŒLL‹KÍMKMK˜[ÙKKKKVT’SQS•SÔÒQÕË˜[ÙKLÌMÌŒL˜ŽYLŒYŒMÙÎŒ™YŒXYMXŽMMÌ˜ÌŒŒÍ™XYŽLYÙYNÎYXÂŽŽØXŽLXŒLŽXXÍÍNYXÙY˜ŒÍÍLÍŒL™ŽŒXØÌYXÙXÍÍØÍLÌŒŒKÍŒÓÐÌKÍŒÓÐÌKŒÎXŒÙYXÎØÌÌMÎLÍØÌ˜Ì™ŒÙLŒM˜YX˜ÌŒÎXŒLÎYY™ÍYXX‹MMÍMÌMÍŒÍÎM‹LKŒNŒÌÌMMÎKŒÍŒLÌNÌŒ‹ÎKŽNNLLÌŒLKKŒMLÍÍÍLNLËLŒLMNLNNMÎMML‹ŒMLŒÎLÍÌMMMLËLMŒÍNMŽMŒÍLÎŒÌMNMÌÌNM‹ŒÍÌÍÌNMMMŒÌ‹LMŒÍNMŽMŒÍLÎŒÌMNMÌÌNM‹ŒÍÌÍÌNMMMŒÌ‹ÌÎÎKLÌ‹LÌKŒNÎÎL‹MKMK˜[ÙKKKKVT’SQS•SÔÒQÕË˜[ÙKLÌMÌKÌŒ˜ÍL˜Ø™YMÍÍÌÎMÌ™ØÙÙXØLÍÍÌMXMLLÙ˜ØM˜ÌŒÌÎYMŽŽØXŽLXŒLŽXXÍÍNYXÙY˜ŒÍÍLÍŒL™ŽŒXØÌYXÙXÍÍØÍLÌŒŒ‹ÍŒÓÐÌÌÍŒÓÐÌÌŒÎXŒÙYXÎØÌÌMÎLÍØÌ˜Ì™ŒÙLŒM˜YX˜ÌŒÎXŒLÎYY™ÍYXX‹MKLMLNMÎÌLKŒMÎMÎMMÎKKŒÍŒŒŒŒMŽNKÎKŽNMÍŒMŽÍMNÌŒMLMŒŒLMŒLÌLŒŒÍLŒMMŒŒKŒMMMLÌÌMÍLŒÍŒKMÌŒŽÌŒÍÍËŒŽÌÍLÎLMÌŽLŽŒÍÍLÎÌŒŒLÍŽMÌŒŽÌŒÍÍËŒŽÌÍLÎLMÌŽLŽŒÍÍLÎÌŒŒLÍŽÍMMLÎLÎKNLŒ‹ÍÍMLËM‹M‹˜[ÙKKKKVT’SQS•SÔÒQÕË˜[ÙKLÌMÌ‹˜MLÍYXÍLÍØLLYÌX˜ØYMMMÎŒÌMÎÙLØÌYŽÍM™LM˜ŽMLÍMÙMŽBŽŽØXŽLXŒLŽXXÍÍNYXÙY˜ŒÍÍLÍŒL™ŽŒXØÌYXÙXÍÍØÍLÌŒŒËÍŒÓÐÌÍKÍŒÓÐÌÍKŒÎXŒÙYXÎØÌÌMÎLÍØÌ˜Ì™ŒÙLŒM˜YX˜ÌŒÎXŒLÎYY™ÍYXX‹M‹ŒÎMŒŽLMŽËLKŒMLMNLLKŒÍÌÌLLŽMNLËÎKŽNMÍMŒŽLMÍLLKÍKŒMÌÎMŒÍŒLÍŽMLŒNNMMMÌÍMÌ‹ŒNMŒLŒÌNNÌÌŽNKMŽÎŒNLMŒÌÍÌÍNNŒÍÍMNLŒMŽMÍÎKMŽÎŒNLMŒÌÍÌÍNNŒÍÍMNLŒMŽMÍÎKÍÌKMKMKMÍÌŽKŽKŒNM‹M‹˜[ÙKKKKVT’SQS•SÔÒQÕË˜[ÙKLÌMÌËLÍLÌŒØÌXÌŒ˜ŒY˜ÌY™ÍŒÙ˜Y˜ÙYÌNŒM™LMŽØŒNM™ŽLÙBŽŽØXŽLXŒLŽXXÍÍNYXÙY˜ŒÍÍLÍŒL™ŽŒXØÌYXÙXÍÍØÍLÌŒÍŒÓÐÌÍŒÓÐÌŒÎXŒÙYXÎØÌÌMÎLÍØÌ˜Ì™ŒÙLŒM˜YX˜ÌŒÎXŒLÎYY™ÍYXX‹MËŒMÍÌMÍLŒÍNMŒ‹LKŒÌŒÌÌLMLÌÌŒŒŽKKŒÍMŒÍMMÎKŽNLÍÎLÌMŒÍŒŒŒÍÍŽLÎÌÌL‹LŒÍÌMÌŒLÍMLKŒŒÍŒŽLÍÍŒLŒL‹NLÍMŽLLNLÎKŒMÎMLÍŒÍËŒÍÍNLÌNLŽMLÍÎÎKNLÍMŽLLNLÎKŒMÎMLÍŒÍËŒÍÍNLÌNLŽMLÍÎÎKÎNMLKML‹MŒÌM‹ŒËŽM‹M‹˜[ÙKKKKVT’SQS•SÔÒQÕË˜[ÙKLÌMÍÌ™˜ÌÌLÙMNLÙ™NÙLMÌ˜™˜LŒY™™LMÙŒ˜ÎMÙŒLŒÙY˜ÍBŽŽØXŽLXŒLŽXXÍÍNYXÙY˜ŒÍÍLÍŒL™ŽŒXØÌYXÙXÍÍØÍLÌŒKÍŒÓÐÌKÍŒÓÐÌKŒÎXŒÙYXÎØÌÌMÎLÍØÌ˜Ì™ŒÙLŒM˜YX˜ÌŒÎXŒLÎYY™ÍYXX‹NŒLLLÍNÎLÌËLKŒÎLÎŒÍÌÍ‹KŒÍLÌÍÍMÍÌLÍËÎKŽNMMŒŽÍÍLLÍÍMKŒNÎMÎMÌËLŒNNÌLÍMNKŒMLŒÍÎŒLMMNLKŒNŽLÍMLŒŒÌÌŽLMÌÍÎKŒÍÍÍŒŒŽLÌMŽNL‹ŒNŽLÍMLŒŒÌÌŽLMÌÍÎKŒÍÍÍŒŒŽLÌMŽNL‹LŒMNMNMÌŽMËNÍM‹M‹˜[ÙKKKKVT’SQS•SÔÒQÕË˜[ÙKLÌMÍK™ŽXÎÎYYÌÍÌYLÎ˜ŽNXÍÍÌMÙŽMÙXÌŒYŽŒLYNNŒŽŽØXŽLXŒLŽXXÍÍNYXÙY˜ŒÍÍLÍŒL™ŽŒXØÌYXÙXÍÍØÍLÌŒ‹ÍŒÓÐÌLÍŒÓÐÌLŒÎXŒÙYXÎØÌÌMÎLÍØÌ˜Ì™ŒÙLŒM˜YX˜ÌŒÎXŒLÎYY™ÍYXX‹NKŒÍÍMÎLÍÌŒŒL‹LKŒŽNLÍÍÌ‹KŒÍMÌLŒÍÍLÍMÎKŽNLÌÎLŒLLLŽKLŒNMÌŒ‹LŒÌLŽLŒÎLÎNM‹ŒÍÌMÎLÍŒKNÍŒLLMŒŽL‹ŒNMŒMÎNMŒŒÎMKŒÍÎŽMLMÍLÌÍÎMŒËNÍŒLLMŒŽL‹ŒNMŒMÎNMŒŒÎMKŒÍÎŽMLMÍLÌÍÎMŒËŒLL‹MMLŽKLLNMËM‹˜[ÙKKKKVT’SQS•SÔÒQÕË˜[ÙKLÌMÍ‹YŽMŒ™ŒMLL˜˜ŒÌŒM™Œ™MÙŽY˜ŽNMXXŽL˜ÙŒŒNLYXØŒŒYXLŽØ‚ŽŽØXŽLXŒLŽXXÍÍNYXÙY˜ŒÍÍLÍŒL™ŽŒXØÌYXÙXÍÍØÍLÌŒËÍŒÓÐÌMKÍŒÓÐÌMKŒÎXŒÙYXÎØÌÌMÎLÍØÌ˜Ì™ŒÙLŒM˜YX˜ÌŒÎXŒLÎYY™ÍYXX‹ŒŒÍMLÍŽLM‹LKŒÍÌŒMËKŒÌÍŽŽNNLÍNÍÎKŽNMNLŒMÍMKŒŽŒÍLLÌÎNMËŒMLLŒMLNMKŒŽÎŒŽLÍMŒÌKNMLÍÎNÍMŒËŒMŒLÌMŒMLÌŽNŒÍÎMÍÎLLÌÌNNNMLÍÎNÍMŒËŒMŒLÌMŒMLÌŽNŒÍÎMÍÎLLÌÌNNÍŽKMÌMÌLLŒKKËMËM‹˜[ÙKKKKVT’SQS•SÔÒQÕË˜[ÙKLÌMÍËØÌM™˜YYØMMXNXYXÙŽXŒNLYMLŒÍYYÙL˜MŽÎLÌ™˜YM‚ŽŽØXŽLXŒLŽXXÍÍNYXÙY˜ŒÍÍLÍŒL™ŽŒXØÌYXÙXÍÍØÍLÌŒŽÍŒÓÐÌŒÍŒÓÐÌŒŒÎXŒÙYXÎØÌÌMÎLÍØÌ˜Ì™ŒÙLŒM˜YX˜ÌŒÎXŒLÎYY™ÍYXX‹ŒKŒLMÌMNŒMËLKŒÍŒMÌMLŒÌËKŒÌÌÌÍLNÌ‹ÎKŽNMNMŒÌŽL‹ŒŒÌŒNLÌŽLÎL‹ŒLÍŒŒŒÌÌKŒÎLÍÍŒÌŽMNKŽLÍNNLÎÍLÎMKŒLLŒMMŒLLÎMLŒKŒÎŒMŒLÍLŒ‹ŽLÍNNLÎÍLÎMKŒLLŒMMŒLLÎMLŒKŒÎŒMŒLÍLŒ‹LŒÍËMÍ‹MÍ‹ÌÍ‹ŽKŽKMŒMËMË˜[ÙKKKKVT’SQS•SÔÒQÕË˜[ÙKLÌMÎŒŒNXNŒMŒÌYXMÌ™˜Í˜ÌÌÍ™LÌNŒLY˜ŒŽLLXŒÍŒÌØÌÌÍ™˜ÌÂŽŽØXŽLXŒLŽXXÍÍNYXÙY˜ŒÍÍLÍŒL™ŽŒXØÌYXÙXÍÍØÍLÌŒŽKÍŒÓÐÌKÍŒÓÐÌKŒÎXŒÙYXÎØÌÌMÎLÍØÌ˜Ì™ŒÙLŒM˜YX˜ÌŒÎXŒLÎYY™ÍYXX‹Œ‹ŒMÍMÎMLŒLÌLËLKŒÍŒŒÍÎNMŒMKŒÌÌŽLÎÍLËÎKŽNMLLÌŒLÍMMKŒÎLMŽMŽ‹ŒLŒŒÌLÎLŽMËŒÌÍÍMNNLMKÌLÍŽNŽMLMNKŒŒÌŽNÎÌMÎNKŒÎNMÌŒÍMÌÍÍÌÌLÍŽNŽMLMNKŒŒÌŽNÎÌMÎNKŒÎNMÌŒÍMÌÍÍÌÍÌ‹N‹N‹LÌLËKKLÌËMËN˜[ÙKKKKVT’SQS•SÔÒQÕË˜[ÙKLÌMÎKXÍ™LŽMMYYÍÌŒLLLMYXŒÙLŒÌL˜ÌLMX˜ŒLÙM˜ŽYŒMÌŒLÍÍÂŽŽØXŽLXŒLŽXXÍÍNYXÙY˜ŒÍÍLÍŒL™ŽŒXØÌYXÙXÍÍØÍLÌŒÌÍŒÓÐÌÌÍŒÓÐÌÌŒÎXŒÙYXÎØÌÌMÎLÍØÌ˜Ì™ŒÙLŒM˜YX˜ÌŒÎXŒLÎYY™ÍYXX‹ŒËŒÎMÍÎLLÎMËLKŒÍÎNNNŽLŽKKŒÎLÍÌMLÌLÎÎKŽNMÌMMMLŒÍÌËÌŒŒÍNMMLLŒËŒŒMÌŒLŽLMŒÌNKŒÌNLNNLLMÍLÌMËÌÍŽMŽLÌ‹LŒLNLÍŽMÍNMÍŒLLŒÎÌLMŒÌŒLŒ‹ÌÍŽMŽLÌ‹ŒÎÌLMŒÌŒLŒ‹ŽL‹NNLLNNYKKKKVT’SQS•SÔÒQÕË˜[ÙKLÌNXŒÌ˜XNM™YŒÌXÎXŒLÙŒŽ™ŽN™LÌŒM˜™˜ØŒŒ˜Ì™ŽL™˜ŒÂŽŽØXŽLXŒLŽXXÍÍNYXÙY˜ŒÍÍLÍŒL™ŽŒXØÌYXÙXÍÍØÍLÌŒ‹ÍŒÓWÐÌKÍŒÓWÐÌKŒÎXŒÙYXÎØÌÌMÎLÍØÌ˜Ì™ŒÙLŒM˜YX˜ÌŒÎXŒLÎYY™ÍYXX‹MŽÌLLLNÍŒ‹MMŒNÌÎMŒŒŒ‹LKŽNLÎMŽMMMÍÍÌKKŒÎMÍÎM‹KŒÍNMLÌÎKŒÌNNÌNLŒM‹ŒÍŒÌNLLMN‹LŒÌÌÍNKLMŽNMMŒŒŒLŒ‹NŒÌÍÍÌÎŽNKLŒÌÌÍNKLMŽNMMŒŒŒLŒ‹NŒÌÍÍÌÎŽNKŽMLŒLMKLM‹ŒÍËLLÍKLËLË˜[ÙKT’U‘QT‘ÐŽLMMK‹KKVT’SQS•SÔÒQÕË˜[ÙKLÌNKM˜ÙÙNNŽYMØX˜ÌXŒÍLYLÎYÍXNÙ˜™ŒLØÌÙÌXŒXMÌL˜ÌMMYBŽŽØXŽLXŒLŽXXÍÍNYXÙY˜ŒÍÍLÍŒL™ŽŒXØÌYXÙXÍÍØÍLÌŒËÍŒÓWÐÌLÍŒÓWÐÌLŒÎXŒÙYXÎØÌÌMÎLÍØÌ˜Ì™ŒÙLŒM˜YX˜ÌŒÎXŒLÎYY™ÍYXX‹MKÍÎŽNÌÌŒÎËMMLŒÌŒMÌMLKŽNLNLMÌŽŒ‹ŽNNLŽLÍNMLMÍKLŒLLŒÍËLŒLNNMÍÌÍŒÎKŒLMÍNMLÌMŒKMÌLLMN‹ŒÎMLLŒMŒÌLKNLLNLÌÌŽLLÎMÌLLMN‹ŒÎMLLŒMŒÌLKNLLNLÌÌŽLLÎÌMMÌLŒËLŒËNŒËLKLKÍŒËLËLË˜[ÙKKKKVT’SQS•SÔÒQÕË˜[ÙKLÌN‹ØÙŽÙMNŒŽN˜™™LÍÌŒ˜Œ˜LY˜ŽÌLŒ˜NL™NNLÙ˜ØNŽŽØXŽLXŒLŽXXÍÍNYXÙY˜ŒÍÍLÍŒL™ŽŒXØÌYXÙXÍÍØÍLÌŒÍŒÓWÐÌMKÍŒÓWÐÌMKŒÎXŒÙYXÎØÌÌMÎLÍØÌ˜Ì™ŒÙLŒM˜YX˜ÌŒÎXŒLÎYY™ÍYXX‹M‹MMLMÌLMLLÎMMNMLMNL‹LKŽNNŒNMŒŽNNNKŽNNÍŽLMLMM‹MKŒLÌLLÌLLÌLMLŒNMÍŽMŒNLËŒLÌÍLÍÌŒL‹LLMŽLMÍÍÌMMMŒKŒÎNLMÌMÌÌLLÍŽMÌ‹NNNLÌMŽLŒNLL‹LLMŽLMÍÍÌMMMŒKŒÎNLMÌMÌÌLLÍŽMÌ‹NNNLÌMŽLŒNLL‹ÌÍLÍLÌLÌKLŽKMËNÍLNLËL˜[ÙKKKKVT’SQS•SÔÒQÕË˜[ÙKLÌNË™™™L™YŒX™™MÙØLŒÍÌY˜™˜MXŽÌÙ™˜™XÙ˜LŽÙNÙM˜˜ŽNLXÍMŽŽØXŽLXŒLŽXXÍÍNYXÙY˜ŒÍÍLÍŒL™ŽŒXØÌYXÙXÍÍØÍLÌŒKÍŒÓWÐÌŒÍŒÓWÐÌŒŒÎXŒÙYXÎØÌÌMÎLÍØÌ˜Ì™ŒÙLŒM˜YX˜ÌŒÎXŒLÎYY™ÍYXX‹MËLÌŒNLŽMMÍÌ‹MMMLŒÍÍM‹LKŽNLÌÎMMNŽNNLÌŽLNŒKŒŒLÌÌÎLŽŒLNKLŒŽMŽÌMLKŒLÍMÌÍÌNNNNMKMMÍLÍŽLÍÍL‹ŒÍŽMÍŽNÍŒŒNLÌKŒÎLÌÍNLÎLÍL‹MMÍLÍŽLÍÍL‹ŒÍŽMÍŽNÍŒŒNLÌKŒÎLÌÍNLÎLÍL‹ÍMËLÎLÎLŽMMÍMÍ‹LËLË˜[ÙKKKKVT’SQS•SÔÒQÕË˜[ÙKLÌN˜™ŒYÌÙØÍMŒMXY™˜MÎLYÌŒÎYM™MŒ™˜N™LLXXÎXBŽŽØXŽLXŒLŽXXÍÍNYXÙY˜ŒÍÍLÍŒL™ŽŒXØÌYXÙXÍÍØÍLÌŒ‹ÍŒÓWÐÌKÍŒÓWÐÌKŒÎXŒÙYXÎØÌÌMÎLÍØÌ˜Ì™ŒÙLŒM˜YX˜ÌŒÎXŒLÎYY™ÍYXX‹NLLÍÌÍŒMÍËMMÌÍNML‹LKŽNLMMŒLNŽNNNLNLŽNKKŒNLŒŒMÌNKLŒŒÎÍÌÌLÎNNŒNLŒÍÎNÌÌŒKMŽNMÍMLÍŽŒŽKŒÍLÌŒŒÌŒŒNËŒMŽNLÍÍNLL‹MŽNMÍMLÍŽŒŽKŒÍLÌŒŒÌŒŒNËŒMŽNLÍÍNLL‹ÍÌŒ‹MKMKŒÌMKLLÍŒÍKLL˜[ÙKKKKVT’SQS•SÔÒQÕË˜[ÙKLÌNK˜YY˜ÍMØXÍMÍÎNYX˜LŒ™Œ™ÌŒ™˜™ŒØŒÌÎ™XÍØNLÌÍÍNNLÎYÌ˜M‚ŽŽØXŽLXŒLŽXXÍÍNYXÙY˜ŒÍÍLÍŒL™ŽŒXØÌYXÙXÍÍØÍLÌŒËÍŒÓWÐÌÌÍŒÓWÐÌÌŒÎXŒÙYXÎØÌÌMÎLÍØÌ˜Ì™ŒÙLŒM˜YX˜ÌŒÎXŒLÎYY™ÍYXX‹NKŒÎÌÍÍÌŒÍÍŒMLÎLÎLÍÍŒŒÎLËLKŽNNLLNLÌKŽNMÍLŒNMMLÍLLKÌŒŒNLLŒÎLLKLŒLNMMŒÌÌÎNNNKŒŒÌŒŽMÌŒMMÍNNKNMNMMMÌLNKŒÌÍŽÍŒNLŽL‹ŒŒÌÌNMÌŒKNMNMMMÌLNKŒÌÍŽÍŒNLŽL‹ŒŒÌÌNMÌŒKÎL‹ML‹ML‹ŒŒÎ‹‹ÍŽMËLL˜[ÙKKKKVT’SQS•SÔÒQÕË˜[ÙKLÌN‹MÌ˜MLÍŒMYXØÎYNLÎYÙŒ™˜LŒØÍÍŽNÙXLŒMÎYÂŽŽØXŽLXŒLŽXXÍÍNYXÙY˜ŒÍÍLÍŒL™ŽŒXØÌYXÙXÍÍØÍLÌŒÍŒÓWÐÌÍKÍŒÓWÐÌÍKŒÎXŒÙYXÎØÌÌMÎLÍØÌ˜Ì™ŒÙLŒM˜YX˜ÌŒÎXŒLÎYY™ÍYXX‹ŒŒÎLÌLÍÍŽLMÍLKMLÎLÍLNMMM‹LKŽNLÍMŽŽNMŽNMŽLÌÌNŒÍKŒŒÌLMLÎLMMËLŒŒÍÍŽNÍMMŒŒNNÌMNŒÍÎL‹ŒŒŒÎMLMLÌŒLLËŒÌNMNLŒÍŒŽNŒŒÎŽNMËŒŒŒÎMLMLÌŒLLËŒÌNMNLŒÍŒŽNŒŒÎŽNMËÎMNKMNKŒL‹KKÍÍŒKLL˜[ÙKKKKVT’SQS•SÔÒQÕË˜[ÙKLÌNËÙLNLÌNLÍÍÌLŒŒÍLÙ˜ÍXMŽÌŽMŽMŽMŒMÎØŒŽLÍÙNYX™LÍ˜ÂŽŽØXŽLXŒLŽXXÍÍNYXÙY˜ŒÍÍLÍŒL™ŽŒXØÌYXÙXÍÍØÍLÌŒKÍŒÓWÐÌÍŒÓWÐÌŒÎXŒÙYXÎØÌÌMÎLÍØÌ˜Ì™ŒÙLŒM˜YX˜ÌŒÎXŒLÎYY™ÍYXX‹ŒKÍLNMMŒŒMÌŽÍ‹MLÎLLŽNÍŒLNLKŽNÌMLLŽNLÌLMËŽNMŒÎLÍLNKŒMNLÍŒŒÌNMËŒMÍMŽLŒLÎLÌLKŒMÍŽMŒMMMËNÌMÍKŒŽNLÍŒŽLLÌÌ‹MLÌŒÍMNÍNÌMÍKŒŽNLÍŒŽLLÌÌ‹MLÌŒÍMNÍMMKM‹NMNMËÍ‹ÍËÎŒ‹LLK˜[ÙKKKKVT’SQS•SÔÒQÕË˜[ÙKLÌNÌØMÌŒMÙÍ™ML™Ù˜™ŽNYŒXXMLLY™LM˜ØÌLŽØYMLÙŽ™ÌXŒÙŒBŽŽØXŽLXŒLŽXXÍÍNYXÙY˜ŒÍÍLÍŒL™ŽŒXØÌYXÙXÍÍØÍLÌŒLÍŒÓWÐÌKÍŒÓWÐÌKŒÎXŒÙYXÎØÌÌMÎLÍØÌ˜Ì™ŒÙLŒM˜YX˜ÌŒÎXŒLÎYY™ÍYXX‹Œ‹LLÍLŒÌÌŒÍMŒ‹MLÍÍLÍÍŽMNMŒNLKŽNÍŒMÍŒMÎMŽNMŒMMLÌNMKŒŒŽÎLŒML‹LŒLLÍLŽMML‹ŒMMŒŒLÎLNNKÌÎMÍLNLMÎMNŒÍNLMÎMÌNMÌKMNMLÎMÍŒÎKÌÎMÍLNLMÎMNŒÍNLMÎMÌNMÌKMNMLÎMÍŒÎKMŽKMÌ‹MÌ‹NL‹ÌKÌKÎLKLKLK˜[ÙKKKKVT’SQS•SÔÒQÕË˜[ÙKLÌNKYM™ŒXNYYYLXMŒÙMNYYŒÌNXL™LY˜ŽX˜MÎNLML™XYYMÌXLLÙYML˜NŽŽØXŽLXŒLŽXXÍÍNYXÙY˜ŒÍÍLÍŒL™ŽŒXØÌYXÙXÍÍØÍLÌŒLKÍŒÓWÐÌLÍŒÓWÐÌLŒÎXŒÙYXÎØÌÌMÎLÍØÌ˜Ì™ŒÙLŒM˜YX˜ÌŒÎXŒLÎYY™ÍYXX‹ŒËŒÌMMŒMŒLÌŒLKMLÎMLÌNMŒLKŽNÎNMMÌNNMLÍŽNMÎLÍNMMMNNLŒŒŽNLÍÌ‹LŒMÌNMLMÍÌMKŒMLÍŒMÌLÌŽKŽNLNÌŽMÎNLÍËŒLNMLÌMÍŒ‹NMŒŽNÍLÎËŽNLNÌŽMÎNLÍËŒLNMLÌMÍŒ‹NMŒŽNÍLÎËNŒKMÎMÎKMKKÎMŒKLKLK˜[ÙKKKKVT’SQS•SÔÒQÕË˜[ÙKLÌNLNM™™ÙŽMXLL™ŒŒNNNNÍ˜YØMÌÍÌØÌŒŒ™ŒŒÎŽXYLLØXÎŽŽØXŽLXŒLŽXXÍÍNYXÙY˜ŒÍÍLÍŒL™ŽŒXØÌYXÙXÍÍØÍLÌŒL‹ÍŒÓWÐÌMKÍŒÓWÐÌMKŒÎXŒÙYXÎØÌÌMÎLÍØÌ˜Ì™ŒÙLŒM˜YX˜ÌŒÎXŒLÎYY™ÍYXX‹ÎNMŒ‹MLÍÌMLÎMLÍ‹LKŽNŽMMÎLËŽNLÍŒNNNMMËMKŒÌŒNMLLÍMLŒËLŒMÌLÎLŒMŽNNNNNM‹ŒÌNÍMÌÍLŽNÌŒÎMŒLÌLÎÎŒŒŒLLMMNLKÍÌMLNÌMÍÍÍËÌŒÎMŒLÌLÎÎŒŒŒLLMMNLKÍÌMLNÌMÍÍÍËÍKNKNKMÍ‹M‹M‹ŽÌLKLK˜[ÙKKKKVT’SQS•SÔÒQÕË˜[ÙKLÌNLKM™YXÌY˜Ì™ÌÌMXØÍÌÙÎYM˜™NYÍL™X™LÍ™ŽMNLÙÍLØŒÌÂŽŽØXŽLXŒLŽXXÍÍNYXÙY˜ŒÍÍLÍŒL™ŽŒXØÌYXÙXÍÍØÍLÌŒLËÍŒÓWÐÌŒÍŒÓWÐÌŒŒÎXŒÙYXÎØÌÌMÎLÍØÌ˜Ì™ŒÙLŒM˜YX˜ÌŒÎXŒLÎYY™ÍYXX‹KŽMÍÌÎLLNMŒ‹MLÍŽÎŒÍMŽMKLKŽNMŽLMÍÌNŒËŽNLŽMŽLŽNŽËŒŒÌŽMÎLMŒ‹ŒÎLÌŽNÌŒL‹ŒÌÍMMŒŽÍÌLŽNKÍMŒNLÍÍLMÍMLKŒNÍMMMŽKŽNŽNL‹ÍMŒNLÍÍLMÍMLKŒNÍMMMŽKŽNŽNL‹LKNLKNLKLŒËËŽLËLKLK˜[ÙKKKKVT’SQS•SÔÒQÕË˜[ÙKLÌNL‹ÍÙŽYYXÌŽ™LLY™MÌMÍLŽMLLŽLÌØY˜MÌÎXÎŒYMXMNL™LMM™M‚ŽŽØXŽLXŒLŽXXÍÍNYXÙY˜ŒÍÍLÍŒL™ŽŒXØÌYXÙXÍÍØÍLÌŒMÍŒÓWÐÌKÍŒÓWÐÌKŒÎXŒÙYXÎØÌÌMÎLÍØÌ˜Ì™ŒÙLŒM˜YX˜ÌŒÎXŒLÎYY™ÍYXX‹ËŒNLMÌLŒM‹MLÍÍŽMÍŽMÍÌŽLÌËLKŽNŽNÍŽÌMŽMKŽNMÍÍLLMMËKŒNŽMÎNNKŒLLÍÍMÌÍMÍLÌKŒŽÌMŒÍÌMŒŒNKÍÌŒÍÎNÍŽMŒMŒLÍLÌMÍMNNKŽNLMÍMMMŽNLMNÍÌŒÍÎNÍŽMŒMŒLÍLÌMÍMNNKŽNLMÍMMMŽNLMNLŒÍKNMËNNKÍÍKŽMÍKLLLL˜[ÙKKKKVT’SQS•SÔÒQÕË˜[ÙKLÌNLËLLÎÙNY˜LÌN˜YÍM™X™MÎLÌÌL˜ÌLMÍXÙØØÌŽ™NLYLÎNYXŽBŽŽØXŽLXŒLŽXXÍÍNYXÙY˜ŒÍÍLÍŒL™ŽŒXØÌYXÙXÍÍØÍLÌŒMKÍŒÓWÐÌÌÍŒÓWÐÌÌŒÎXŒÙYXÎØÌÌMÎLÍØÌ˜Ì™ŒÙLŒM˜YX˜ÌŒÎXŒLÎYY™ÍYXX‹ŽMŒÍÍÍNNKMLÎLÍÍLÍÌÍÌËLKŽNÌŒÍÍŽMKŽNMÌŒMŽŒŽÍŒ‹ÌŒŒŒÍLNKŒMNMMLMŒŒMNLÌ‹ŒŒŽMÍŒÌÌÎËÎMNNLNLMLKŒLLÌNMMÎLMÌLLÌŒLÍÍÌŽÎMNNLNLMLKŒLLÌNMMÎLMÌLLÌŒLÍÍÌŽLŒŒKŒËŒÌÍŒËLËMŽL‹LLLL˜[ÙKKKKVT’SQS•SÔÒQÕË˜[ÙKLÌNMNNY˜ÍLØMMÍYLÎMÙLÍLX™Ì™LMÌLÙ˜Ì™Y˜LÙ™ŽXŽ˜MŽØYBŽŽØXŽLXŒLŽXXÍÍNYXÙY˜ŒÍÍLÍŒL™ŽŒXØÌYXÙXÍÍØÍLÌŒM‹ÍŒÓWÐÌÍKÍŒÓWÐÌÍKŒÎXŒÙYXÎØÌÌMÎLÍØÌ˜Ì™ŒÙLŒM˜YX˜ÌŒÎXŒLÎYY™ÍYXX‹ŽKÍNNÎŒMÍÌÌÍËMLÎNÎŽLÌŒNMKLKŽMÍÎLÌLÎLM‹ŽNMÌÎMÌMLKÍKŒNNLÍÌNNMŽÍÍËŒÌLMNNLÎMN‹ŒÍÌŒMŒLÍMŽMËŽŒÍLNNŒMKLŒLLŒLMÍŽLLNMŽÌŒŒŒMÌMLÍŽKŽŒÍLNNŒMKÌŒŒŒMÌMLÍŽKLÍÍŒ‹ŒKŒKŽÌ‹LLLLYKKKKVT’SQS•SÔÒQÕË˜[ÙKLÌNMK™ŒÍ˜MŽYLÌŽ˜ÍMNMÌN˜ÌÍØŽYL˜LL˜ŒÌ˜ÙNYMYLNXLŽŒÙNBŽŽØXŽLXŒLŽXXÍÍNYXÙY˜ŒÍÍLÍŒL™ŽŒXØÌYXÙXÍÍØÍLÌN‹ÍŒÓLÐÌKÍŒÓLÐÌKŒÎXŒÙYXÎØÌÌMÎLÍØÌ˜Ì™ŒÙLŒM˜YX˜ÌŒÎXŒLÎYY™ÍYXX‹NÌŽÌŽNMLÌLŒKNNŒÌŒÌMNŒÌKMKŒNÎLLLMÍLŽMŒKŽNNNMÍÎÍNKŒMÎMÎÌLÎMÌ‹LŒŽMLLÍÎNNŽNNŒLNLŒŒŒÌÎLŽNL‹LMŒMÌÌŽMËMLMŽLMNNLÌLNNKÌMMNMÎLLŒKLMŒMÌÌŽMËMLMŽLMNNLÌLNNKÌMMNMÎLLŒKÌÍÌKLŽLŽŽNŽLM‹LMËÌŒMKLNKLŒ˜[ÙKKKKVT’SQS•SÔÒQÕË˜[ÙKLÌNM‹MØ™™LNM™M˜˜ŽLMLÍLMMYMÌÌŒÍØŽNMÌÙLLLMØÍ™™ŒNLMM˜ŽŒŽŽØXŽLXŒLŽXXÍÍNYXÙY˜ŒÍÍLÍŒL™ŽŒXØÌYXÙXÍÍØÍLÌNËÍŒÓLÐÌLÍŒÓLÐÌLŒÎXŒÙYXÎØÌÌMÎLÍØÌ˜Ì™ŒÙLŒM˜YX˜ÌŒÎXŒLÎYY™ÍYXX‹NKŽLNNÌÌÌMMNKNMÌÌŒMLNNL‹MKŒNÍNŒÌÍKKŽNNLÌMŽLM‹LŒLŽLLLŽLÍÎŒŒÌŽMMMÎNNŒLLNMÍLÎŒ‹LÌŒLÎMÎNLÌKÌNNMŽNMLLÍNKÎLÍLÍÎŽMŒL‹LÌŒLÎMÎNLÌKÌNNMŽNMLLÍNKÎLÍLÍÎŽMŒL‹ÍÍLÍ‹LÍ‹ŽLKLLËLMÌ‹LNKLŒ˜[ÙKKKKVT’SQS•SÔÒQÕË˜[ÙKLÌNMË˜LMØNMÌMŽX™YYŽ˜ŒŒÙMMÎŒØMNŽYŒÌÌŒYMÍL™XŒLYŽLBŽŽØXŽLXŒLŽXXÍÍNYXÙY˜ŒÍÍLÍŒL™ŽŒXØÌYXÙXÍÍØÍLÌNÍŒÓLÐÌMKÍŒÓLÐÌMKŒÎXŒÙYXÎØÌÌMÎLÍØÌ˜Ì™ŒÙLŒM˜YX˜ÌŒÎXŒLÎYY™ÍYXX‹ŒÌLÌNÎMÌŒŽËNNÎMŽMÌMËMKŒNMLÎMLÎMŒLŒKKŽNNLMÎNMÎMŒÌNKMKŒLNLNLMÌLL‹ŒMÎÌÌŽŒÍŒKŒLŒÍÍNMŒŽMMLÌLÌŒŽKÌŽNŒÍŒM‹ŽLMLŒŒNMMŒŽMMLÌLÌŒŽKÌŽNŒÍŒM‹ŽLMLŒŒNMÍŽL‹MMŽŒLLLLÌÌLŒLŒ˜[ÙKKKKVT’SQS•SÔÒQÕË˜[ÙKLÌNNØY˜LNMŽØNYYŒÍÍLÙMÍÍÙŒŽLLŒYLMXØŽY˜ÌL™ÍÎMLÍ‚ŽŽØXŽLXŒLŽXXÍÍNYXÙY˜ŒÍÍLÍŒL™ŽŒXØÌYXÙXÍÍØÍLÌNKÍŒÓLÐÌŒÍŒÓLÐÌŒŒÎXŒÙYXÎØÌÌMÎLÍØÌ˜Ì™ŒÙLŒM˜YX˜ÌŒÎXŒLÎYY™ÍYXX‹ŒKÍŽÎLNÍŒÌËNNNLÍLŒÌMMŒ‹MKŒNNÌŒMÍŒŽNKKŽNNMŽLMÌÍÍŒŒMŽLŽÎMÍÌŒKŒMÎLŽMÍÍLÌÍKŒMLLMNMÎMLÍÌNKNLÎNMÍÍŒNLÌKMÌMÌŽMLMNMNŽMÌLÍŒLÍŒËNLÎNMÍÍŒNLÌKMÌMÌŽMLMNMNŽMÌLÍŒLÍŒËÎKMLKMLKÌÌKL‹L‹ÌÎ‹LŒLŒ˜[ÙKKKKVT’SQS•SÔÒQÕË˜[ÙKLÌNNKLLLÍYŒMXMÌ˜ŽLYÙ˜XØ˜˜ŒŽMŽLŽLM˜LÌLÎÎMÍÙMÍÎLÙXŒÌBŽŽØXŽLXŒLŽXXÍÍNYXÙY˜ŒÍÍLÍŒL™ŽŒXØÌYXÙXÍÍØÍLÌNLÍŒÓLÐÌKÍŒÓLÐÌKŒÎXŒÙYXÎØÌÌMÎLÍØÌ˜Ì™ŒÙLŒM˜YX˜ÌŒÎXŒLÎYY™ÍYXX‹Œ‹ŽMŒMŒŽŒNËNMNLNÍLŒM‹MKŒNMÍMÎNKŽNMÌÍLŽNŒËKŒMÌŒÎÎNMLŒŒÌÌÍÌÌMNNŒMNŒLŒÎMÎNKŒŒMÍLÌMŽMŽM‹NLMMÍNNÌŒNLNÌŽMMÍÌKŒŒMÍLÌMŽMŽM‹NLMMÍNNÌŒNLNÌŽMMÍÌKÌŽMNMNKŒÌÍËL‹LËÌ‹LŒLŒK˜[ÙKKKKVT’SQS•SÔÒQÕË˜[ÙKLÌŒLMÌÌ™NÌ˜ÍØŒÙŽLÍŽX™L™ÌLØŽX˜ÌLÍØÌÙÍØMÙÌŽBŽŽØXŽLXŒLŽXXÍÍNYXÙY˜ŒÍÍLÍŒL™ŽŒXØÌYXÙXÍÍØÍLÌNLKÍŒÓLÐÌÌÍŒÓLÐÌÌŒÎXŒÙYXÎØÌÌMÎLÍØÌ˜Ì™ŒÙLŒM˜YX˜ÌŒÎXŒLÎYY™ÍYXX‹ŒËŽNŒÎÎNLLL‹NMŒÍLÎMŒËMKŒNŒÍÌŒM‹KŽNMÌMŒÌNLÍKÌŒŒLŽMÌÎMŒNÍMËLŒMŽNÍMÎNLLËŒŒNMŒŒŒLŒŒMNLKMNLÍMÌÍËŒÎNLÍÍMÌÍÌÌMNÌÌŽLÌŒŒ‹MNLÍMÌÍËŒÎNLÍÍMÌÍÌÌMNÌÌŽLÌŒŒ‹MÌKM‹M‹LŽ‹NNKÌLKLŒLŒ˜[ÙKKKKVT’SQS•SÔÒQÕË˜[ÙKLÌŒK™˜ÙŒÙ˜ØX™L™˜˜LŒÌÌX™XÌÍLÌNXØL™MÙYLÍÌMÌÌ˜NMMŽM™˜˜ÂŽŽØXŽLXŒLŽXXÍÍNYXÙY˜ŒÍÍLÍŒL™ŽŒXØÌYXÙXÍÍØÍLÌNL‹ÍŒÓLÐÌÍKÍŒÓLÐÌÍKŒÎXŒÙYXÎØÌÌMÎLÍØÌ˜Ì™ŒÙLŒM˜YX˜ÌŒÎXŒLÎYY™ÍYXX‹KŒMMLÎNNLL‹NMLMLÌŽNŽMMKMKŒNMÍŒMNÌŽKŽNMNŒŒMLNLŽ‹ÍKŒŒÌÎMŒMÍŽŒÌ‹LŒLÎMÌŒLMÎNNŒLÍÎMÌÌNNNKÍÌLŒÎMŒŒŒŒÍŽÍÎÍMÍNL‹ÌLÍÍLŒÍÌÌŒŒKÍÌLŒÎMŒŒŒŒÍŽÍÎÍMÍNL‹ÌLÍÍLŒÍÌÌŒŒKÍŽMÌËMÌËM‹MMÌMŽLŒLŒK˜[ÙKKKKVT’SQS•SÔÒQÕË˜[ÙKLÌŒ‹˜™MÌÌLL˜YYÍŽLÍ™Y˜ÎMØØLMØŒÙŒ™˜ÍM™Œ˜Ù™Œ™™LNŽBŽŽØXŽLXŒLŽXXÍÍNYXÙY˜ŒÍÍLÍŒL™ŽŒXØÌYXÙXÍÍØÍLÌNLËÍŒÓLÐÌÍŒÓLÐÌŒÎXŒÙYXÎØÌÌMÎLÍØÌ˜Ì™ŒÙLŒM˜YX˜ÌŒÎXŒLÎYY™ÍYXX‹‹ŒÍMÍŽLÍKNMŒŒÎLLMÍŽMKŒNMNKKŽNMÌLŽNLÍÍÍ‹ŒNLŒLNÌLŒËŒMÎNÍÌMMMMŒKŒNLŒŒLNNMŒŽMÌKÌÎÍNLLLMMŒŒMËŒÍLŽÌÌLMÌŽLKÌÍLLMŒMKÌÎÍNLLLMMŒŒMËŒÍLŽÌÌLMÌŽLKÌÍLLMŒMKŒLŽKMÎKNŒŽLKKKÌLÌ‹LŒKLŒK˜[ÙKKKKVT’SQS•SÔÒQÕË˜[ÙKLÌŒËM˜˜YY™ÌŽMMŽNÙYNNY™M™YMÍY˜ÍŽY™MŒÍMXŽMNLÙŒL˜YBŽŽØXŽLXŒLŽXXÍÍNYXÙY˜ŒÍÍLÍŒL™ŽŒXØÌYXÙXÍÍØÍLÌNMÍŒÓLÐÌKÍŒÓLÐÌKŒÎXŒÙYXÎØÌÌMÎLÍØÌ˜Ì™ŒÙLŒM˜YX˜ÌŒÎXŒLÎYY™ÍYXX‹ËNMŽMÌŽLMLËNMŽNMŒÍKMKŒNÍNŽLLÌÌŽKŽNMLÎÌNLNMËKŒMÎMŒŒŒÎKŒŒMŽÌŒŽMMNNNKŒLŽNMÍŒNNKÌÌŒMŒŒMŒÍËŒÌŽLÎMLLÎMKÍLÌÌŒLMNÌMLËÌÌŒMŒŒMŒÍËŒÌŽLÎMLLÎMKÍLÌÌŒLMNÌMLËÎNN‹NËŒML‹ÌLNKLŒKLŒK˜[ÙKKKKVT’SQS•SÔÒQÕË˜[ÙKLÌŒ™ŒYÌÌNNXX™™ÙMÌÎYXMŒ™˜ÍŒNMLŒÍ™XMNMÙLYÌØØMYŽŽØXŽLXŒLŽXXÍÍNYXÙY˜ŒÍÍLÍŒL™ŽŒXØÌYXÙXÍÍØÍLÌNMKÍŒÓLÐÌLÍŒÓLÐÌLŒÎXŒÙYXÎØÌÌMÎLÍØÌ˜Ì™ŒÙLŒM˜YX˜ÌŒÎXŒLÎYY™ÍYXX‹ŽŽMNMMMŽÍËNMLŒŽÌÌŽMÌMKMKŒNÌNLLNN‹KŽNMNLLLÌMLLLËLŒLÎMM‹ŒNLLŒÍLLŽNNNKŒMMNLNMKÍMŒŒŒÌŒÎLLÍÌŒÍKŒÌÎLÍŒÌNÍMNMŒÌÍNLŒKÍMŒŒŒÌŒÎLLÍÌŒÍKŒÌÎLÍŒÌNÍMNMŒÌÍNLŒKMMNKNLËNLËNNML‹ÎÎÌLMŽLŒKLŒ‹˜[ÙKKKKVT’SQS•SÔÒQÕË˜[ÙKLÌŒKM™ŒMŒNØÌÍNXÙŽ˜XŽNÍ™Œ˜ØLLML˜Ì™ÙÌŒŒMØMYŽNÎÎM™‚ŽŽØXŽLXŒLŽXXÍÍNYXÙY˜ŒÍÍLÍŒL™ŽŒXØÌYXÙXÍÍØÍLÌNM‹ÍŒÓLÐÌMKÍŒÓLÐÌMKŒÎXŒÙYXÎØÌÌMÎLÍØÌ˜Ì™ŒÙLŒM˜YX˜ÌŒÎXŒLÎYY™ÍYXX‹ÌŒMŽNNMŒÎLÌÌËNMMÌÍÍÎLLKMKŒNÍMLMÎŽŒÌKKŽNMLLMMŒÍKMKŒÌÎÌŒÎÌKLŒMÌŒMÍMŽŽNNKŒÌLÌLLNMÍÌÍŒKÎNÌNMÌLÎÌMÍËŒÍÍLLŒMMMÎÍÎÍŽÌÎMÌÌŒÍÎNÎNÌNMÌLÎÌMÍËŒÍÍLLŒMMMÎÍÎÍŽÌÎMÌÌŒÍÎNLLŒÍ‹NNKNNKNNKÌKÌKÌLŒÎKLŒ‹LŒ‹˜[ÙKKKKVT’SQS•SÔÒQÕË˜[ÙKLÌŒ‹ŽYÌŽXÎLYXÎNÙXÙMXÌXÙLLYNNXÌŒØÌY™˜ÎNYMMXYYLØXÍÍØØŽŽØXŽLXŒLŽXXÍÍNYXÙY˜ŒÍÍLÍŒL™ŽŒXØÌYXÙXÍÍØÍLÌNMËÍŒÓLÐÌŒÍŒÓLÐÌŒŒÎXŒÙYXÎØÌÌMÎLÍØÌ˜Ì™ŒÙLŒM˜YX˜ÌŒÎXŒLÎYY™ÍYXX‹ÌKLŒLMNÌMLËNLŽNLÍÌLÌËMKŒNLŒŒŒŒËKŽNLÌLLLMÍÌÎKŒŒÌMÌŒLMŒÍÍŒNKLŒLÍMÌNMNKŒÌMÍÌLLÍMŒNNŽMËŽÌÍLÎŒŒŽLMKŒŒLLLÌÍÎŒKÍÍÎÎÌLŒNŽÌÍLÎŒŒŽLMKŒŒLLLÌÍÎŒKÍÍÎÎÌLŒNLŽKŒ‹Œ‹MŒLÌŒËŒËÌLÌLKLŒ‹LŒ‹˜[ÙKKKKVT’SQS•SÔÒQÕË˜[ÙKLÌŒËLMÙŽM˜XÌXMYŒ˜ŽŒÎNYMÍ˜˜™ŒÍ˜LNŽXÎMÙXÎXLŒYÎLŽYŽ™ŽŽØXŽLXŒLŽXXÍÍNYXÙY˜ŒÍÍLÍŒL™ŽŒXØÌYXÙXÍÍØÍLÌNNÍŒÓLÐÌKÍŒÓLÐÌKŒÎXŒÙYXÎØÌÌMÎLÍØÌ˜Ì™ŒÙLŒM˜YX˜ÌŒÎXŒLÎYY™ÍYXX‹Ì‹ŽLMLLLNLŒMŒNKNMÌLÎMNMŽKMKŒNÍŒMŒÌÍLNÌ‹KŽNMLŽÌÍŒMKŒŒÌŒŽLÎMŒÌÎMÍŒMÌMNM‹ŒÎMNNÍLÌLŽMÎNKŽÌNNMÍMÍÍÌŒŒÍÌÎLN‹ÎLŽNÌMLÎKŽÌNNMÍMÍÍÌŒŒÍÌÎLN‹ÎLŽNÌMLÎKMLKŒL‹ŒL‹LÍËLËLËÌLÎLŒ‹LŒ‹˜[ÙKKKKVT’SQS•SÔÒQÕË˜[ÙKLÌŒ˜ŒØÍMÌX˜ÙLÌLNMÍ™™˜ŒÙNXÙMÌMÎXÙ˜MLŽŒÙYLLÌ™YLÂŽŽØXŽLXŒLŽXXÍÍNYXÙY˜ŒÍÍLÍŒL™ŽŒXØÌYXÙXÍÍØÍLÌNNKÍŒÓLÐÌÌÍŒÓLÐÌÌŒÎXŒÙYXÎØÌÌMÎLÍØÌ˜Ì™ŒÙLŒM˜YX˜ÌŒÎXŒLÎYY™ÍYXX‹ÍŒÍÍÌŽKNLÍÌLMÌLËMKŒMÎLÌÎŒŒŒŒLÌËKŽNMLÍMLŒËÌŒÌMÌÌÎLŒMÍKŒMŒNMÌÍŒMÎNL‹ŒÌÌŒLLÍÌÎNMLMLNŽMŽMŽMLNMMMÍŒMNÍÍNNMÌÍLKÌNÎŽMŽMŽMLNMMMÍŒMNÍÍNNMÌÍLKÌNÎMŒMËŒNŒNKLË‹ÌMŒLŒ‹LŒË˜[ÙKKKKVT’SQS•SÔÒQÕË˜[ÙKLÌŒKXXØYŒMMÎXŒÍX™ŒNÌLLÙÍ™˜XÙX™N™˜ÙÍYY™YXÍ‚ŽŽØXŽLXŒLŽXXÍÍNYXÙY˜ŒÍÍLÍŒL™ŽŒXØÌYXÙXÍÍØÍLÌŒÍŒÓLÐÌÍKÍŒÓLÐÌÍKŒÎXŒÙYXÎØÌÌMÎLÍØÌ˜Ì™ŒÙLŒM˜YX˜ÌŒÎXŒLÎYY™ÍYXX‹ÍKŽŒLŒŽÍLÍÌÍM‹NLÍÍŒMŒLÎM‹MKŒMÍŒNLMMMMËKŽNMMŒŒMŽŒLKÍKŒŽŽÌLŽLKŒMŒNLŒÌLÌLLNŽNKŒÌÍMÍŒLLÎLNLKŽLMLMÌLÌMKŒŒLMÌŒMÎMLL‹LŒŒŒÌLLŽMKŽLMLMÌLÌMKŒŒLMÌŒMÎMLL‹LŒŒŒÌLLŽMKMÍÍ‹ŒKŒKLŽ‹ŒKŒKÌMLÍ‹LŒËLŒË˜[ÙKKKKVT’SQS•SÔÒQÕË˜[ÙKLÌŒL˜ŒY˜ÍXXØÙŒÌÎML˜LNYŒÎM™LLÍÌÍŒL˜LŒML™NL™NLÎŒÎNÙYŒXMBŽŽØXŽLXŒLŽXXÍÍNYXÙY˜ŒÍÍLÍŒL™ŽŒXØÌYXÙXÍÍØÍLÌŒKÍŒÓLÐÌÍŒÓLÐÌŒÎXŒÙYXÎØÌÌMÎLÍØÌ˜Ì™ŒÙLŒM˜YX˜ÌŒÎXŒLÎYY™ÍYXX‹ÍËŒÌÍÌMLMŽŒLŒËNMNLŒMÍÍLŒŒKMKŒMÍŒÎMÍÍMNNKŽNMLLÎLLLMKŒÍÎMNMÍÍMÎKŒŒLŽNMÍÍÌŽNKŒÍMÍŽLNLÍNMËŽLLÎLŒŒÌÍ‹LŒMÍŒMŽMŒÍLNLÌÌMÎŽLLÎLŒŒÌÍ‹NLÌÌMÎNLÌÍKŒÌKŒÌKÌMŒMKLŒËLŒËYKKKKVT’SQS•SÔÒQÕË˜[ÙKLÌŒLK™Y™˜™MŒ˜ÎŒŽXYØMÌŒŽMŽMY™MÎLMŽŒL˜YLŒÙMYŽ™ŒŽBŽŽØXŽLXŒLŽXXÍÍNYXÙY˜ŒÍÍLÍŒL™ŽŒXØÌYXÙXÍÍØÍLÌMÌKÍŒÓMWÐÌKÍŒÓMWÐÌKŒÎXŒÙYXÎØÌÌMÎLÍØÌ˜Ì™ŒÙLŒM˜YX˜ÌŒÎXŒLÎYY™ÍYXX‹ŒËŒŒÍÌMÍNMŽÌKŒ‹ŽLŽŒLÌÎMÍ‹NŽLŽLÍÍLLÎMŽNNÎMÍÍÌŽŒM‹KŒNLŒÍÌ‹LŒÌŒLŒÌŒNNLLKŒLÎLÌÌNÎNNKMLMMÌÍŽËLÍÎLLŒLÍKLMŽNŒŽŽLÌŒŒKMLMMÌÍŽËLÍÎLLŒLÍKLMŽNŒŽŽLÌŒŒKÍŒKMMÌÌKLŽKLŽKÌÎKLÌ‹LÌ‹˜[ÙKKKKVT’SQS•SÔÒQÕË˜[ÙKLÌŒL‹XLŒŒNLÌ™ÌLŒMLL™˜˜ÍYLÍÙMŽMLŒ˜YL˜ÎÎY™NLÍMYLMÍŽŽØXŽLXŒLŽXXÍÍNYXÙY˜ŒÍÍLÍŒL™ŽŒXØÌYXÙXÍÍØÍLÌMÌ‹ÍŒÓMWÐÌLÍŒÓMWÐÌLŒÎXŒÙYXÎØÌÌMÎLÍØÌ˜Ì™ŒÙLŒM˜YX˜ÌŒÎXŒLÎYY™ÍYXX‹ŒÍNÍŒLNMÍŒLŽKŒ‹ŽLŽNNLÍMÍŽLKNŽLÍNLÌMMÎLKMKŒMÌÍŽLŽLKLŒLÌMÌÌÍÌLÍŽŒŒÍŒNMNŽÌ‹ŒLÍLÍŽÍÍNNMÍŽNÍŽMMMŒŽLÌÌ‹LÌLÍLLÍÎLMÍÎMÌÍŽÌÍLMMKNÍŽMMMŒŽLÌÌ‹LÌLÍLLÍÎLMÍÎMÌÍŽÌÍLMMKÎŒÍKMKMKÌŒŽLKL‹L‹ÌÎLÍLÌ‹LÌ‹˜[ÙKKKKVT’SQS•SÔÒQÕË˜[ÙKLÌŒLËXLXÌÌNMÍ™LMØ™ŒLMŒ™MXÍLNNÍ˜ÙYY™XŒØÎMÍŒXNYŒÎYŽXMÌMÂŽŽØXŽLXŒLŽXXÍÍNYXÙY˜ŒÍÍLÍŒL™ŽŒXØÌYXÙXÍÍØÍLÌMÌËÍŒÓMWÐÌMKÍŒÓMWÐÌMKŒÎXŒÙYXÎØÌÌMÎLÍØÌ˜Ì™ŒÙLŒM˜YX˜ÌŒÎXŒLÎYY™ÍYXX‹KLMLLÌŒLŒÌMŒKŒ‹ŽLŽLNMNMÎËNŽLLMŒÍÍÌÌMÍŽMŽNNLÌÌÌÍMŽNKMKŒMÌMŒMLLMÌŽNKŒMMLŽMÍÎMMÍMNNKŒMNLŒÍLMLÍÌLËÎNŒMŒLŽÌÍŒMŒŽLNÎMÎNLLÍLMMMËŒMNLŒÍLMLÍÌLËÎNŒMŒLŽÌÍŒMŒŽLNÎMÎNLLÍLMMMËÌMMËMM‹ÌMLŒ‹LŒ‹ÌÎNL‹LÌ‹LÌ‹˜[ÙKKKKVT’SQS•SÔÒQÕË˜[ÙKLÌŒMMXLŽYÌLLÍŽLŒMŒ˜LÍ™LXÙXÌÙÍLŒXŒÌYNMØMY™XYØŽŒÌXMMÙŽŽØXŽLXŒLŽXXÍÍNYXÙY˜ŒÍÍLÍŒL™ŽŒXØÌYXÙXÍÍØÍLÌMÍÍŒÓMWÐÌŒÍŒÓMWÐÌŒŒÎXŒÙYXÎØÌÌMÎLÍØÌ˜Ì™ŒÙLŒM˜YX˜ÌŒÎXŒLÎYY™ÍYXX‹‹ÌLÍÎÌÍÎËŒ‹ŽLŽÌMŒÍMNNŽLÌÌLŒÎNLŒM‹MŽNNMMLÎLŽŒMŒ‹ŒŒMÍÌŒŒLLËŒŒÍÌÎLÍMNLÌ‹ŒMÌÌNŽLLLNNKMLŒÌLÍÍLMMÍKŒLÍÍMÎNLMŒLŒKLNMMNMŽLÍÍMMMLŒÌLÍÍLMMÍKŒLÍÍMÎNLMŒLŒKLNMMNMŽLÍÍMMŒÌËMKMKÌMLNKLNKÍLLÌ‹LÌ‹˜[ÙKKKKVT’SQS•SÔÒQÕË˜[ÙKLÌŒMKYLXYYL™NMYLÍ™ŽLY˜ŒØMØÎÙÍLYLÍ™XÌŒX˜M˜ÙÌLÍØ™LXNL‚ŽŽØXŽLXŒLŽXXÍÍNYXÙY˜ŒÍÍLÍŒL™ŽŒXØÌYXÙXÍÍØÍLÌMÍKÍŒÓMWÐÌKÍŒÓMWÐÌKŒÎXŒÙYXÎØÌÌMÎLÍØÌ˜Ì™ŒÙLŒM˜YX˜ÌŒÎXŒLÎYY™ÍYXX‹ËŽMÌÎNLÍNNMŒ‹Œ‹ŽLŽÌMLÍŒŽKNŽLŒNNNÍL‹MŽNNÍÍÌLÌŽÎLÌKKŒMÍŒŽLÍËŒMÎLÎLÍLKŒMLMŒMLNNÍLMLÍŽÌŒNMLMMLLLLKLŒLÌŽMÌLÎKÍLMLÍŽÌŒNMLMMLLLLKLŒLÌŽMÌLÎK‹MÌ‹MÌKŽMNËLMKLMÍLLLÌËLÌ‹˜[ÙKKKKVT’SQS•SÔÒQÕË˜[ÙKLÌŒM‹ŒÙMXXŽYL™LXŽNNYXÙ™XÍÙÙ˜ÍÙŒØYÌŒØÍŽXM˜ŒØÍÎMŒÍÍØMÍBŽŽØXŽLXŒLŽXXÍÍNYXÙY˜ŒÍÍLÍŒL™ŽŒXØÌYXÙXÍÍØÍLÌMÍ‹ÍŒÓMWÐÌÌÍŒÓMWÐÌÌŒÎXŒÙYXÎØÌÌMÎLÍØÌ˜Ì™ŒÙLŒM˜YX˜ÌŒÎXŒLÎYY™ÍYXX‹ŽKŒŒÌÎMÌLÎ‹Œ‹ŽLÎLŒMÌLÌ‹NŽLNMÎŒŒKMŽNMŽLMÎMÎMŒNKÌŒŒŒNNMÍMLNNLŒMÍŒLÌMÎNLŒŒÌŒMŒLMÌŒKÌÍMÎLMMKÍMMŽNNMLŒÌŽLŒMMMÌÌMMÌÍMÎLMMKÍMMŽNNMLŒÌŽLŒMMMÌÌMMŒLÎNNŽMKLLKLLKÍMÍLÌËLÌË˜[ÙKKKKVT’SQS•SÔÒQÕË˜[ÙKLÌŒMËNYŒÍYXØÎÙXÌLXMÍ™ŒÌ˜NMÍLXŒŽXŽØM˜ÎÙØŒLNYŽBŽŽØXŽLXŒLŽXXÍÍNYXÙY˜ŒÍÍLÍŒL™ŽŒXØÌYXÙXÍÍØÍLÌMÍËÍŒÓMWÐÌÍKÍŒÓMWÐÌÍKŒÎXŒÙYXÎØÌÌMÎLÍØÌ˜Ì™ŒÙLŒM˜YX˜ÌŒÎXŒLÎYY™ÍYXX‹ÌNÍNNLMMÌÍËŒ‹ŽLŽLŒLNÌŽNŽLLÌÍLÎLLLÌÌMŽNNŒNÌLÌNËÍKŒŒŒÍLMKLŒLŽMLLÎLŒKŒŒMŒÍÎŒŒÎNMÍŒKÌÌŒŒNMMÍNMMM‹NLŒMŒLLÌÍKLŒÌŒLMLÌÍ‹ÌÌŒŒNMMÍNMMM‹NLŒMŒLLÌÍKLŒÌŒLMLÌÍ‹ÎNKNËNËÍŽLËLËÍŒÎLÌËLÌË˜[ÙKKKKVT’SQS•SÔÒQÕË˜[ÙKLÌŒNLÍNXMÌLŽ˜MÙŽNX™™L™ÙÙ˜™Œ˜Œ™Y˜ÌÍLYŒNÌØ™ŽLMÌ™NÌBŽŽØXŽLXŒLŽXXÍÍNYXÙY˜ŒÍÍLÍŒL™ŽŒXØÌYXÙXÍÍØÍLÌMÎÍŒÓMWÐÌÍŒÓMWÐÌŒÎXŒÙYXÎØÌÌMÎLÍØÌ˜Ì™ŒÙLŒM˜YX˜ÌŒÎXŒLÎYY™ÍYXX‹ÌKŽMLNŒLMÌÎLÍËŒ‹ŽLŽNNÍÌŽMÍNŽNŽLLŽMLÌÌŒKMŽNMÌÌNMKŒÎŽKLŒNMNŒLL‹ŒÌÌLMÌL‹ÍNNLLLLMÌÌMKŒÎNNMŒŽMLLMNLŒ‹LŒÍÍÌMŒLLËÍNNLLLLMÌÌMKŒÎNNMŒŽMLLMNLŒ‹LŒÍÍÌMŒLLËNKNMNLËŒŒL‹L‹L‹ÍÌËLÌËLÌË˜[ÙKKKKVT’SQS•SÔÒQÕË˜[ÙKLÌŒNKÙM™ÎLÙN˜LÍŽ™YMŒŽÍLŒØ˜LŒXŒŽŒØŒYBŽŽØXŽLXŒLŽXXÍÍNYXÙY˜ŒÍÍLÍŒL™ŽŒXØÌYXÙXÍÍØÍLÌMÎKÍŒÓMWÐÌKÍŒÓMWÐÌKŒÎXŒÙYXÎØÌÌMÎLÍØÌ˜Ì™ŒÙLŒM˜YX˜ÌŒÎXŒLÎYY™ÍYXX‹ÌËŒÍMLÌLÌŽLLMÎKŒ‹ŽLMŒÌNLÍ‹NŽLÌÍMNMŽNMMLLÍÎÌLÌKKŒLMÎNNÍŒM‹LŒMÌMNLÍŒŒËŒMLŽMŽŽMLÌÎNKÎÌLÍÍLÎLÌŒLMKŒÍÎMŽLÌÍÍÌLLÎLÍÍÌMÎMLNNMÎÌLÍÍLÎLÌŒLMKŒÍÎMŽLÌÍÍÌLLÎLÍÍÌMÎMLNNMLMNŒKŒËMËM‹ÍÍŽKLÍLÌË˜[ÙKKKKVT’SQS•SÔÒQÕË˜[ÙKLÌŒŒNYNMYL˜ŽŒÌMŽXŒLXM™YŽÍMXMÍ™XMØÙÙ˜YMLLNNX˜NMX˜LLLÎ‚ŽŽØXŽLXŒLŽXXÍÍNYXÙY˜ŒÍÍLÍŒL™ŽŒXØÌYXÙXÍÍØÍLÌNÍŒÓMWÐÌLÍŒÓMWÐÌLŒÎXŒÙYXÎØÌÌMÎLÍØÌ˜Ì™ŒÙLŒM˜YX˜ÌŒÎXŒLÎYY™ÍYXX‹ÍŽLŽLŒÍLŒ‹ŽLLLÍÌŽ‹NŽLÌMŽLNMŒŒŽMŽNMLLLŒŽLÎMÌLÎLŒÍÍLŒLŒÎLMLŒMÍÌŒMNLLÍÌNNKŒŽŒMÎLÍLÌNÌ‹ŽLÍÍÍMÌÍÎMKŒÍMÌÍŒNMLÍŽŽKLMMÌŒMŽÌMÍ‹ŽLÍÍÍMÌÍÎMKŒÍMÌÍŒNMLÍŽŽKLMMÌŒMŽÌMÍ‹LÌÌÌKŒŒËŒÍŒLKLKÍÎLÍLÍ˜[ÙKKKKVT’SQS•SÔÒQÕË˜[ÙKLÌŒŒKÍŒMMXÌYŒØŒXLŽM™XŒNØXŒYØ˜YY˜ÎMŒXØÙMLMMLÌÙŒÎLÍX‚ŽŽØXŽLXŒLŽXXÍÍNYXÙY˜ŒÍÍLÍŒL™ŽŒXØÌYXÙXÍÍØÍLÌNKÍŒÓMWÐÌMKÍŒÓMWÐÌMKŒÎXŒÙYXÎØÌÌMÎLÍØÌ˜Ì™ŒÙLŒM˜YX˜ÌŒÎXŒLÎYY™ÍYXX‹Í‹ŒŽÍŽLMÎLLNKŒ‹ŽLŒÎNÌNMÌÍŽËNŽLMÌŒÎLNLÌKMŽNLÎMMMMKŒŽÍLÍÍMMLÍKLŒÌMÌŒŒŽÌKŒŽŽLMLMÍËŽMŒŒMNMMÍ‹ŒÌÌÎLLNŒÌŽKLMŒŒMÍMÍÍÌM‹ŽMŒŒMNMMÍ‹ŒÌÌÎLLNŒÌŽKLMŒŒMÍMÍÍÌM‹MLMKŒMŒMŒMÎKKÍLLÍLÍ˜[ÙKKKKVT’SQS•SÔÒQÕË˜[ÙKLÌŒŒ‹ØÎLMYYLYXÙLŒ˜ÌØØLYÎŽL™ŽLÌN™Œ™X™YŽYL˜YŒ˜˜ÍMŽŽØXŽLXŒLŽXXÍÍNYXÙY˜ŒÍÍLÍŒL™ŽŒXØÌYXÙXÍÍØÍLÌN‹ÍŒÓMWÐÌŒÍŒÓMWÐÌŒŒÎXŒÙYXÎØÌÌMÎLÍØÌ˜Ì™ŒÙLŒM˜YX˜ÌŒÎXŒLÎYY™ÍYXX‹ÍËŽMMMÌŒMÎNŒ‹ŽLŒÌLLÌLŒKNŽLŒMNLÌM‹MŽNLŒÎLMLÌMŒ‹ŒŒÌÍŒÌMŒËŒŒMŽNMLŒŒŒNNNKŒÍNLÍÌLŒLŽNKŽŒÎÍÎLLLŒÌLËŒÌŽÎŒÍLNL‹LÍMŒLLÍŒMLÌËŽŒÎÍÎLLLŒÌLËŒÌŽÎŒÍLNL‹LÍMŒLLÍŒMLÌËMÍNŒŒKŒŒKNNMKÎÍËÍNLÍKLÍ˜[ÙKKKKVT’SQS•SÔÒQÕË˜[ÙKLÌŒŒËÍŒMLYŽLÎŒØNLY™NXMLÌÎXNMYLÌMLÌÌMŒ˜MÎÙŒXXMÍØBŽŽØXŽLXŒLŽXXÍÍNYXÙY˜ŒÍÍLÍŒL™ŽŒXØÌYXÙXÍÍØÍLÌNËÍŒÓMWÐÌKÍŒÓMWÐÌKŒÎXŒÙYXÎØÌÌMÎLÍØÌ˜Ì™ŒÙLŒM˜YX˜ÌŒÎXŒLÎYY™ÍYXX‹ÎKŒÎÍÍÍMLŒËŒ‹ŽLMLÍMM‹NŽNMÍŒMŒÍŒKMŽNMMÌMMNËKŒŽÌÍNÎL‹ŒMŒÍÌÍŽLŽMNNKŒŽMŽMÌÍŒÌŽNŒNKŽLMÍNLLLÌŽM‹ŒÌMÍÍMŒÍŒMÍLNLŽÎÍLÍMMLÍKŽLMÍNLLLÌŽM‹ŒÌMÍÍMŒÍŒMÍLNLŽÎÍLÍMMLÍKNKŒËŒËMÎLKŽKŽKÍMLÍKLÍK˜[ÙKKKKVT’SQS•SÔÒQÕË˜[ÙKLÌŒMLŽŽXYÍÍ™˜LMX™ŽMØLNŒÍÌÍLØYŒÌY˜™L˜ÙLYNLYL˜Ù‚ŽŽØXŽLXŒLŽXXÍÍNYXÙY˜ŒÍÍLÍŒL™ŽŒXØÌYXÙXÍÍØÍLÌNÍŒÓMWÐÌÌÍŒÓMWÐÌÌŒÎXŒÙYXÎØÌÌMÎLÍØÌ˜Ì™ŒÙLŒM˜YX˜ÌŒÎXŒLÎYY™ÍYXX‹KŒLÌMÌÎMŒMÌNŒ‹ŽLŒÍŒMÌLŒÎLKNŽNNMÍÍŒÌÍ‹MŽNLÍŒNÎMÌÍÌLŽKÌŒÌÌÌŒŒÍKŒÌŒÍÌMÌÌŒKŒÍŒŽLÎŒMLÍŽLËŽLMÌMNŽÍŒÍŽKŒŒÌŽLMÎLNÍNKLŽNMMMŒŒŒMMÌÍKŽLMÌMNŽÍŒÍŽKŒŒÌŽLMÎLNÍNKLŽNMMMŒŒŒMMÌÍKŒL‹ŒÍŒÌËMLKNKNKÍÌÌKLÍKLÍK˜[ÙKKKKVT’SQS•SÔÒQÕË˜[ÙKLÌŒKÌŽÍXÎ˜ÙYŒ™LŒŽMMMYŒ™˜Ì˜XÍÌÙŽLÙXXŒÍ˜Í™YLÙÍ™˜MÙMÙ‚ŽŽØXŽLXŒLŽXXÍÍNYXÙY˜ŒÍÍLÍŒL™ŽŒXØÌYXÙXÍÍØÍLÌNKÍŒÓMWÐÌÍKÍŒÓMWÐÌÍKŒÎXŒÙYXÎØÌÌMÎLÍØÌ˜Ì™ŒÙLŒM˜YX˜ÌŒÎXŒLÎYY™ÍYXX‹‹MÎŒLLLMŒ‹Œ‹ŽLŒÌŒMÍMNŽMÌÎMMÌÌMŽNLÌMŽÎLMŒÍLKÍKŒÌŒÍLÍÌÍÌŽKŒMÍMMMŒN‹ŒÍÎLMÌŒŒMMMÍL‹ŽMŒÌNMMŒNLÌÍÍËŒNŽMLŒÍMÍÌÍŒÌKLÌLLLNMŽLLÌNËŽMŒÌNMMŒNLÌÍÍËŒNŽMLŒÍMÍÌÍŒÌKLÌLLLNMŽLLÌNËŒMÍMLNNKË‹Í‹LÍKLÍ‹˜[ÙKKKKVT’SQS•SÔÒQÕË˜[ÙKLÌŒ‹LŒ˜Ù˜LMÎMÎM˜NŒYLMÙMÙM™NMLMÌÍÌŽÍØMX™ŒØŽYLNLÌØÌ‚ŽŽØXŽLXŒLŽXXÍÍNYXÙY˜ŒÍÍLÍŒL™ŽŒXØÌYXÙXÍÍØÍLÌMMËÍŒÓŒÐÌKÍŒÓŒÐÌKŒÎXŒÙYXÎØÌÌMÎLÍØÌ˜Ì™ŒÙLŒM˜YX˜ÌŒÎXŒLÎYY™ÍYXX‹ŽŒÍŽŒŒÎŒŒÍ‹ŽŒLŒÍMÌÌLÌLËŒËŒNÍŒMŒM‹ŒŒŒMLLLMŽÍKŒŒÎLMÌÍŒËŒÍMLMLNNNŒMŒŒÎMMŽNNKŒNLLÍMNLŒM‹MMLÍŒNŒLMÌËMÍÌLMÌÌŒÍ‹ŒNLLÍMNLŒM‹MMLÍŒNŒLMÌËMÍÌLMÌÌŒÍ‹ÎM‹MLËMLËÍŒÎMM‹MKÍÌŒMKM˜[ÙKKKKVT’SQS•SÔÒQÕË˜[ÙKLÌŒËÙXYLÎLLLMØÌ˜MÍŒÌÍMÍLÙYÌ˜™™NŽXXMXLÍÍ™™NLLÙ‚ŽŽØXŽLXŒLŽXXÍÍNYXÙY˜ŒÍÍLÍŒL™ŽŒXØÌYXÙXÍÍØÍLÌMNÍŒÓŒÐÌLÍŒÓŒÐÌLŒÎXŒÙYXÎØÌÌMÎLÍØÌ˜Ì™ŒÙLŒM˜YX˜ÌŒÎXŒLÎYY™ÍYXX‹ŽKŽŒÍŒÍÍÍMLÍLÍŽŒLŒÌLMŒÌŽŒËŒNÎŽNÍÌÍLÍMKNKŽNNMÍMLŽNLÌÎKLŒLŒŒÌLLLMMMŒNŽNLŒÌŽLÎLKŒLŒÌÍMŽMŽLÎKŒÍMÍMÎÍKMÌLÌŒÍLÌŽMLËMŽMLLMLŒKŒÍMÍMÎÍKMÌLÌŒÍLÌŽMLËMŽMLLMLŒKM‹MŒ‹MŒ‹ÍMNMLÎLÎKÍÌŒMKMK˜[ÙKKKKVT’SQS•SÔÒQÕË˜[ÙKLÌŒŽ˜MØØÎ˜ŒXÌM™ÎXŒ™YLLL™LŒXÌMXL˜™ŒYXŒÎŒYYYYMLXÂŽŽØXŽLXŒLŽXXÍÍNYXÙY˜ŒÍÍLÍŒL™ŽŒXØÌYXÙXÍÍØÍLÌMNKÍŒÓŒÐÌMKÍŒÓŒÐÌMKŒÎXŒÙYXÎØÌÌMÎLÍØÌ˜Ì™ŒÙLŒM˜YX˜ÌŒÎXŒLÎYY™ÍYXX‹ÌKŒNMLÍMÎMÎËŽŒLŒŒMMÌLNMKŒËŒNŒÌMÍLÌNMËNKŽNNLMÌLLÎMMKŒMLÌÌÎŽLMÌÍ‹LŒNNLMÍŒŒLÍÎNNNŒMMNNNLLÍÎKÍÎÌÎŒÌŽLÌNÎLŒMNLÎMŽMÎLLLLŒŒÌ‹ÍÎÌÎŒÌŽLÌNÎLŒMNLÎMŽMÎLLLLŒŒÌ‹ÍÍŒËMÌMÌÍÍ‹LÍKLÍ‹ÍÌÌNKMKMK˜[ÙKKKKVT’SQS•SÔÒQÕË˜[ÙKLÌŒŽKNNÌLMŽMÎ™YŒLXLYM™ŽXYŒÙMXXXNMŽXØNLLØŽYŽMÍMÍ™NÂŽŽØXŽLXŒLŽXXÍÍNYXÙY˜ŒÍÍLÍŒL™ŽŒXØÌYXÙXÍÍØÍLÌMŒÍŒÓŒÐÌŒÍŒÓŒÐÌŒŒÎXŒÙYXÎØÌÌMÎLÍØÌ˜Ì™ŒÙLŒM˜YX˜ÌŒÎXŒLÎYY™ÍYXX‹Ì‹ŒÎÌŒMÌÎLMÌŽŒLŒLŒÌÍMÍÍM‹ŒËŒNLÎLÍLÍMÍŒKNKŽNNLLLŽNÌÍŒŒNMÌÍNMLŒÎMMM‹LŒÌÌÌÍÍMŽNNKŒNLŒŒMÍŒŒŒNNKŽNLNMLÌŽMMŒLMNNLÍËMÌÍMŽLŒÍLNŽNLNMLÌŽMMŒLMNNLÍËMÌÍMŽLŒÍLNNLËMÎMÎÌÎLÌ‹LÌKÍÌÍÎMKMK˜[ÙKKKKVT’SQS•SÔÒQÕË˜[ÙKLÌŒÌXÙXÎNÌÌÍMYYYXMM™MM˜NX™LYÎLŽŽLÙLÌÍ˜XY˜ÌØL˜˜L™ŽŽØXŽLXŒLŽXXÍÍNYXÙY˜ŒÍÍLÍŒL™ŽŒXØÌYXÙXÍÍØÍLÌMŒKÍŒÓŒÐÌKÍŒÓŒÐÌKŒÎXŒÙYXÎØÌÌMÎLÍØÌ˜Ì™ŒÙLŒM˜YX˜ÌŒÎXŒLÎYY™ÍYXX‹ÌËŽMŽNLÍÎNNÌÎËŽŒLŒŒŽÌÍÍŒËŒNÌKNKŽNNNÌÍËKŒNLÍÎMÌÍNKŒMNMÌLMNNNŒNMŒÌLNLÌŒNNKÌŽMÍÍLŽL‹LMÍÍMÌÎLÌMMKMÌLŽMMŽÍËÌŽMÍÍLŽL‹LMÍÍMÌÎLÌMMKMÌLŽMMŽÍËÎKN‹N‹ÌŽLŽLŽÍÍÎM‹M‹˜[ÙKKKKVT’SQS•SÔÒQÕË˜[ÙKLÌŒÌKŒYŒ™XXMNLX˜ÍYL™ŽŒÍÙŽYM™™ÌŒ™NY™LY™˜YŒÙ™LŒ‚ŽŽØXŽLXŒLŽXXÍÍNYXÙY˜ŒÍÍLÍŒL™ŽŒXØÌYXÙXÍÍØÍLÌMŒ‹ÍŒÓŒÐÌÌÍŒÓŒÐÌÌŒÎXŒÙYXÎØÌÌMÎLÍØÌ˜Ì™ŒÙLŒM˜YX˜ÌŒÎXŒLÎYY™ÍYXX‹ÍKŒNLNMŽÎMŒŒËŽŒLNNMŒLLNNŽLŒ‹ŒËŒNÍÌÍNLMŒ‹NKŽNMŽMŒLÍÍLÍ‹ÌŒŒMLŒNËLŒÌLMŽŒÍLÎŒKŒŒŒŽLÍMÌÌŽŽNKÍNLLÍÍÌLÌŒÌŽŒŽNMLŽŒKMÌŒŒÌLÌŒMËÍNLLÍÍÌLÌŒÌŽŒŽNMLŽŒKMÌŒŒÌLÌŒMËMÍËNMNMÌNM‹LLÍÍLKM‹M‹˜[ÙKKKKVT’SQS•SÔÒQÕË˜[ÙKLÌŒÌ‹ŽYM˜ŽLY™XŒÌÙMØŽXMXÎNÍX™XMYMÍÎYNMÙ˜Y™MBŽŽØXŽLXŒLŽXXÍÍNYXÙY˜ŒÍÍLÍŒL™ŽŒXØÌYXÙXÍÍØÍLÌMŒËÍŒÓŒÐÌÍKÍŒÓŒÐÌÍKŒÎXŒÙYXÎØÌÌMÎLÍØÌ˜Ì™ŒÙLŒM˜YX˜ÌŒÎXŒLÎYY™ÍYXX‹Í‹ÍMÎMŒŽMÍÍÍLËŽŒLNLMÍÌNLÌKŒËŒNÌLŒMMÎKNKŽNMMŽŽŒÎÍKŒMÌÎLMÌMŒËLŒLÍMÍÍMÎLLKŒNMNÍLŒLÍÌKÎÌŒLÍLMLMLŽ‹ŽLÌMÍNN‹MÌÌŒLÌÍLMMLKÎÌŒLÍLMLMLŽ‹ŽLÌMÍNN‹MÌÌŒLÌÍLMMLKLM‹ŒKŒKÌÍMLŒLNKÍÍM‹M‹M‹˜[ÙKKKKVT’SQS•SÔÒQÕË˜[ÙKLÌŒÌËML™LLLM˜LXÍ˜ŒÌMM™MØ˜™Ž˜ŒLYÍ™YXLMŽXMYY˜ŒY˜ŽŒXŒ‚ŽŽØXŽLXŒLŽXXÍÍNYXÙY˜ŒÍÍLÍŒL™ŽŒXØÌYXÙXÍÍØÍLÌMÍŒÓŒÐÌÍŒÓŒÐÌŒÎXŒÙYXÎØÌÌMÎLÍØÌ˜Ì™ŒÙLŒM˜YX˜ÌŒÎXŒLÎYY™ÍYXX‹ÎŒŽNLÌMÌMNNŽŒLNLLLMLLŽM‹ŒËŒNNLŽÎKNKŽNMŒNMŽLŒÍŒMÎŒŒMLÎMMÍÌËLŒLŒÍLÍNNLŒNL‹ŒŒNNÌLLŒŒÌÎNKŽMŒŽLÍÎÍNLŽLLŒŒLLÌÌÌËMÍŒÍMLÌÍMMËŽMŒŽLÍÎÍNLŽLLŒŒLLÌÌÌËMÍŒÍMLÌÍMMËLÍLËŒŒŽMMŽKLMKLMKÍÍŒÌKM‹MË˜[ÙKKKKVT’SQS•SÔÒQÕË˜[ÙKLÌŒÍLXŽLÎNNXXMLŒNMYŒÍÍYLØŒNXŽMLÙYÌMØLLXYXÍŒXMÙYYLÌXY™˜Ì‚ŽŽØXŽLXŒLŽXXÍÍNYXÙY˜ŒÍÍLÍŒL™ŽŒXØÌYXÙXÍÍØÍLÌMKÍŒÓŒÐÌKÍŒÓŒÐÌKŒÎXŒÙYXÎØÌÌMÎLÍØÌ˜Ì™ŒÙLŒM˜YX˜ÌŒÎXŒLÎYY™ÍYXX‹ÎKŽŒÍMÌŒLNKŽŒLNÍLÌÌÎMÍËŒËŒNMLMMÍMÎLŒËNKŽNMMLLNLÍLÌ‹KŒŽNÌMNMKLŒMÍMÍÎLLŒNÍŒËŒŽLLLNLÍËŽÎŒŽŒMÎÌ‹ÌMNÎLÎLMÌŽMÍLŒŽMLŒÌŽMÍKŽÎŒŽŒMÎÌ‹ÌMNÎLÎLMÌŽMÍLŒŽMLŒÌŽMÍKMLÌÍËŒMKŒMKŽŽLLLLÍÍŽNMËM‹˜[ÙKKKKVT’SQS•SÔÒQÕË˜[ÙKLÌŒÍKÌ™YÍL˜XÙ˜™Í˜YLLLYŽÙM˜NÍÎ˜ÍLNÌ˜Œ˜YLMØÙ˜ŒMŒN‚ŽŽØXŽLXŒLŽXXÍÍNYXÙY˜ŒÍÍLÍŒL™ŽŒXØÌYXÙXÍÍØÍLÌM‹ÍŒÓŒÐÌLÍŒÓŒÐÌLŒÎXŒÙYXÎØÌÌMÎLÍØÌ˜Ì™ŒÙLŒM˜YX˜ÌŒÎXŒLÎYY™ÍYXX‹KLLLMLÎLMÍKŽŒLNMLÌMÌÌMMLËŒËŒNLMÍMÌMËNKŽNMMŽLŽMÌLÎMÍ‹LŒŽÌMÍLÍÍŒËLŒÎŽMÌÍÎŒŒKŒLÌMÍŒMŒNNKŽÌNMMÌLŽLKLŽLŽÍMNNMÍŒŽŒMŒÍMLNMKŽÌNMMÌLŽLKLŽLŽÍMNNMÍŒŽŒMŒÍMLNMKMÌLÍŒŒ‹ŒŒ‹ŽËLKLÍÍÍËMËMË˜[ÙKKKKVT’SQS•SÔÒQÕË˜[ÙKLÌŒÍ‹ŒÌYXÌÌLLM™LÌÍ˜MŽYMXŒLŒ™ŒÎ™MMØLMMÌLÌLÎLX™MÍØŽÍØ˜BŽŽØXŽLXŒLŽXXÍÍNYXÙY˜ŒÍÍLÍŒL™ŽŒXØÌYXÙXÍÍØÍLÌMËÍŒÓŒÐÌMKÍŒÓŒÐÌMKŒÎXŒÙYXÎØÌÌMÎLÍØÌ˜Ì™ŒÙLŒM˜YX˜ÌŒÎXŒLÎYY™ÍYXX‹ËŒNMŒÎÎNÌÎŽŒLMÍŽŒÍÎMÍŒŒËŒËŒNÌŒÌŽLMŒMNKŽNMLÌLÎMÌLKMKŒÎMMÍMŽKŒMŒÍLNMLŒËŒÌÌMÍŽNMŒÎÌLLËŽNMŽMNŒÍŒKŒÎŽMŽLÌMLŒKMÍÌÍNMMNMÍMÍKŽNMŽMNŒÍŒKŒÎŽMŽLÌMLŒKMÍÌÍNMMNMÍMÍKNLËŒŽKŒŽKLÍLNKNÍÎÍ‹MËMË˜[ÙKKKKVT’SQS•SÔÒQÕË˜[ÙKLÌŒÍËŽYŒ˜™Œ˜ÌMYY™MÙŽLÌ™˜ÙŒMÎYŒÌXÙ˜YÌNM™LLÍ‚ŽŽØXŽLXŒLŽXXÍÍNYXÙY˜ŒÍÍLÍŒL™ŽŒXØÌYXÙXÍÍØÍLÌMŽÍŒÓŒÐÌŒÍŒÓŒÐÌŒŒÎXŒÙYXÎØÌÌMÎLÍØÌ˜Ì™ŒÙLŒM˜YX˜ÌŒÎXŒLÎYY™ÍYXX‹ŽMÍLÎŒÌMÌŒLŽKŽŒLMÍMŒŽMÍKŒËŒNMÍŽNLÌŒÍŒŽKNKŽNMÌÌŒMLL‹ŒŒŽMŒÍŒÎNLÍËŒÎLLÍÌLLKŒÌÍMMÍŽLKŽLMMŒMÍMLÍŽ‹ŒÍŒÍÍMLÌLNLMŒÎMËMÎÍMLÌ‹ŽLMMŒMÍMLÍŽ‹ŒÍŒÍÍMLÌLNLMŒÎMËMÎÍMLÌ‹ŒMËŒÍ‹ŒÍKŒÍËL‹L‹ÍÎLMMË˜[ÙKKKKVT’SQS•SÔÒQÕË˜[ÙKLÌŒÎLŒŒØÍNLÙÙ™˜ØÍØÙÍŽMNYŒYYŒÌÌØÍÌMŒÙŽ™ŒMYXNMÌÌ‚ŽŽØXŽLXŒLŽXXÍÍNYXÙY˜ŒÍÍLÍŒL™ŽŒXØÌYXÙXÍÍØÍLÌMŽKÍŒÓŒÐÌKÍŒÓŒÐÌKŒÎXŒÙYXÎØÌÌMÎLÍØÌ˜Ì™ŒÙLŒM˜YX˜ÌŒÎXŒLÎYY™ÍYXX‹‹MÌNMÌÍÎLMËŽŒLMŒMNMMÍNNKŒËŒNÎMŒMLÌÎŒKNKŽNLÍLÍLÌMLŒÌL‹KŒÌÍNLŒŽŒÍLLŒŽMÌÌMKŒÍŒÍNÌLLL‹ŽMLNLÌMLÌÍLŒËŒÌÌMLLÌLLMÌËMÎMŒŒÌÍLŒNMŒKŽMLNLÌMLÌÍLŒËŒÌÌMLLÌLLMÌËMÎMŒŒÌÍLŒNMŒKŒŒÎKË‹ŒMÌŒKÍÎNMM˜[ÙKKKKVT’SQS•SÔÒQÕË˜[ÙKLÌŒÎK™MLÍÍÙY˜Y˜MÎLÍÍXŒŽYL™˜NX˜ØŽXŽLLYŒXNLÌØNNBŽŽØXŽLXŒLŽXXÍÍNYXÙY˜ŒÍÍLÍŒL™ŽŒXØÌYXÙXÍÍØÍLÌMÌÍŒÓŒÐÌÌÍŒÓŒÐÌÌŒÎXŒÙYXÎØÌÌMÎLÍØÌ˜Ì™ŒÙLŒM˜YX˜ÌŒÎXŒLÎYY™ÍYXX‹ŒŽLÍŒLËŽŒLMŒÍLMMLLÌŽŒËŒNNMMNLŒËNKŽNLÍÌMLLÍ‹ÌŒÌÍLÎMÍÍÌÎŒNLMLÌNÌŒML‹ŒÍMÍÎLÍÌÎÎMLŽNŽMÎMMŒÍMÌ‹ŒŽMÍÌŒLÍMLLLŽKNÌÍÌÍLMNMŽMÎMMŒÍMÌ‹ŒŽMÍÌŒLÍMLLLŽKNÌÍÌÍLMNMMKKNMLLÍ‹Í‹ÎNKMM˜[ÙKKKKVT’SQS•SÔÒQÕË˜[ÙKLÌØ™ŒMMMÙYŒÍLÌYLLMXYÍÎYYŒ˜˜MYXÙŽXMÍÌNMLØÌYXÎXMØÎŽŽØXŽLXŒLŽXXÍÍNYXÙY˜ŒÍÍLÍŒL™ŽŒXØÌYXÙXÍÍØÍLÌMKÍŒÓWÐÌKÍŒÓWÐÌKŒÎXŒÙYXÎØÌÌMÎLÍØÌ˜Ì™ŒÙLŒM˜YX˜ÌŒÎXŒLÎYY™ÍYXX‹ÍŒLLŒLÍNMÍŒÌMÌŽMÌËŽŒÌÌŽNMŒÌNLÌ‹ŽNNNNLÍLLÌÍÌNKKŒLNMŒMLÌÍNKLŒMLLMÌKŒLNLŽNLÎ‹MLÌMÌLŽÍŽŒÌŒLÍÌŒÍŒNLÌNMÌŒÌŒŒËMLÌMÌLŽÍŽŒÌŒLÍÌŒÍŒNLÌNMÌŒÌŒŒËŽËMËMËÎMÍŒKMMKMMNMNMN˜[ÙKKKKVT’SQS•SÔÒQÕË˜[ÙKLÌKMÌX˜Œ™˜NM˜MØNÍYMÍÌML™™ŒNMÎYXŒNXÙ™ÌÎMMÌXLM™XŒÂŽŽØXŽLXŒLŽXXÍÍNYXÙY˜ŒÍÍLÍŒL™ŽŒXØÌYXÙXÍÍØÍLÌM‹ÍŒÓWÐÌLÍŒÓWÐÌLŒÎXŒÙYXÎØÌÌMÎLÍØÌ˜Ì™ŒÙLŒM˜YX˜ÌŒÎXŒLÎYY™ÍYXX‹ÍKÌŒMMŒÍMMÎM‹ÍŒŒÍÌŒÍÌMLMMMËŽŒÌŽNNLŒÌLÍËŽNNLÍŒÌLLNLNNLKLŒMÎNNNLNMËLŒMMLŽLMÌŽNNNŒMÌÎLÎÍÍKŽÌLÌÎÌÎŒÌMKNMÎÌMMNŒÍLËŒŒMÌLÍLŒMŽLKŽÌLÌÎÌÎŒÌMKNMÎÌMMNŒÍLËŒŒMÌLÍLŒMŽLKLLKMÍ‹MÍ‹ÎMLËML‹ML‹KMNMNK˜[ÙKKKKVT’SQS•SÔÒQÕË˜[ÙKLÌ‹NYYL˜™˜NMLYŽY˜Ø˜YM™Œ™ŒÍÙ˜ÙXŽLÌLØÎMŒYLÍ˜ŒŒŒÌLŒÎNMŽŽØXŽLXŒLŽXXÍÍNYXÙY˜ŒÍÍLÍŒL™ŽŒXØÌYXÙXÍÍØÍLÌMËÍŒÓWÐÌMKÍŒÓWÐÌMKŒÎXŒÙYXÎØÌÌMÎLÍØÌ˜Ì™ŒÙLŒM˜YX˜ÌŒÎXŒLÎYY™ÍYXX‹ÍËŒŒÌÌŒÍÎMŒÎLKÍŒMMMŒÌÌMMKŽŒÌNMÌÍNNMKŽNNŒÍÌŒNMKMKŒMŒMŒLŒŒÍÎKLŒÍŽLŽLŽLŽ‹ŒMŒMMLNMMN‹ÌŒLÌLLMMLLLŒ‹NLÍLŒLÍÌŽNËŒŒLÍÍNMNMKÌŒLÌLLMMLLLŒ‹NLÍLŒLÍÌŽNËŒŒLÍÍNMNMKÌÌKNNÎNKMMŽNKMNMN˜[ÙKKKKVT’SQS•SÔÒQÕË˜[ÙKLÌËŒÍØÌŒNÍŒLNLØMÌLÍŒ™ŽNNLNMN™LŒM™LYMY™Œ˜Í˜‚ŽŽØXŽLXŒLŽXXÍÍNYXÙY˜ŒÍÍLÍŒL™ŽŒXØÌYXÙXÍÍØÍLÌMÍŒÓWÐÌŒÍŒÓWÐÌŒŒÎXŒÙYXÎØÌÌMÎLÍØÌ˜Ì™ŒÙLŒM˜YX˜ÌŒÎXŒLÎYY™ÍYXX‹ÎÎÍŒMÌŽNLŽ‹ÍŒLÍÌÌNÍLŽKŽŒÌNLLŒLŒŒŒLËŽNNMÌÎÍŒËŒŒMLLMMÌMÌKLŒŒÌNÌLÌÌÎÌÎNNMËŒMNLÌŒLŒŽNKÍLÌŽÎLÌÍÎMKMÍMÌÌLŒŽÍLNŽŒŒNLÎNLÍNMÌŒÍÍLÌŽÎLÌÍÎMKMÍMÌÌLŒŽÍLNŽŒŒNLÎNLÍNMÌŒÍLÍËNL‹NL‹ÍÌNM‹MKMKÍNKMNKMNK˜[ÙKKKKVT’SQS•SÔÒQÕË˜[ÙKLÌMÎXÌÍNYŒŒMØX˜LØLØXYNŒ˜NÌÍÍLØXMLÍÙ˜YYŽLŒLXLŒ™ŽÌÂŽŽØXŽLXŒLŽXXÍÍNYXÙY˜ŒÍÍLÍŒL™ŽŒXØÌYXÙXÍÍØÍLÌMKÍŒÓWÐÌKÍŒÓWÐÌKŒÎXŒÙYXÎØÌÌMÎLÍØÌ˜Ì™ŒÙLŒM˜YX˜ÌŒÎXŒLÎYY™ÍYXX‹ŒÎNMLNMLËÍŒÍLŒÌÍKŽŒÌMMŽNLMLÍ‹ŽNMÍÍMMÍËKŒNÌNÌÍNMŽKLŒMLMŒLMMMKŒNLMÎÍMMÍKÎLÌŒÎLÌÌÎKMLŽLÍŒŒŽÍMŒMKŒŒŽÍÎÌÍÌÌÌMÎLÌŒÎLÌÌÎKMLŽLÍŒŒŽÍMŒMKŒŒŽÍÎÌÍÌÌÌMLM‹ŒŒÍŒŒÍËMKMKŒMNKMNK˜[ÙKKKKVT’SQS•SÔÒQÕË˜[ÙKLÌKŽØÍL˜X™LXØ™ŒNXÌYYYŒŒLŒNXÙLÙ˜MÎMÍLMÌÌMŒN™XÌÙXLÙÍ˜YYŽŽØXŽLXŒLŽXXÍÍNYXÙY˜ŒÍÍLÍŒL™ŽŒXØÌYXÙXÍÍØÍLÌMLÍŒÓWÐÌÌÍŒÓWÐÌÌŒÎXŒÙYXÎØÌÌMÎLÍØÌ˜Ì™ŒÙLŒM˜YX˜ÌŒÎXŒLÎYY™ÍYXX‹‹ŒMÍÌÌÍÎLLKÍŒMMLŒÍÌMKŽŒÌMŒÌLŒMÍÌÍKŽNMÍŒLŽNŽŒÍËÌŒNŒŒÌŽKŒÍÌLNMÌLKŒNMÌÍNLŒMKŽMÍÍÌŽMLLÍ‹LÍÌÎÌMŒÎNŒŒÎMŒŒŒŒNLÍŽMÍÍÌŽMLLÍ‹LÍÌÎÌMŒÎNŒŒÎMŒŒŒŒNLÍLÌÎM‹ŒŒÍLŒMËLÍËLÍË‹MNKMNK˜[ÙKKKKVT’SQS•SÔÒQÕË˜[ÙKLÌ‹˜ØÍÌÙLØMÎXŒXÍÍ™ÌXMNXM˜ÍÎY˜LÌLÌÙÌ™ŒLØÌ™MÙŽŽØXŽLXŒLŽXXÍÍNYXÙY˜ŒÍÍLÍŒL™ŽŒXØÌYXÙXÍÍØÍLÌMLKÍŒÓWÐÌÍKÍŒÓWÐÌÍKŒÎXŒÙYXÎØÌÌMÎLÍØÌ˜Ì™ŒÙLŒM˜YX˜ÌŒÎXŒLÎYY™ÍYXX‹ËÌLÎÍŽNMŒÍËÍŒÍŒMMLÌŽŽŒŽMŒLLNÌŒMËŽNMŒÌÌNLÍŽKÍKŒŒMLŽMŒ‹LŒLNÌŽNÍŒLÎL‹ŒŒNNŽMÎNKŽÍLŒMLÌÌ‹LŒÍÎÍŽLŒLŽLŒËŒÎMŒŒŒŒÌLËŽÍLŒMLÌÌ‹LŒÍÎÍŽLŒLŽLŒËŒÎMŒŒŒŒÌLËMLÍËŒMKŒM‹ÍLŽKLÌËLÌËMËMNKMNK˜[ÙKKKKVT’SQS•SÔÒQÕË˜[ÙKLÌËÌLMÎLLØ™NMX™XÎYŒŽNNNLMMÌÎ™ŽLLL˜YLŒ™ŒLL˜MÍXÙÙBŽŽØXŽLXŒLŽXXÍÍNYXÙY˜ŒÍÍLÍŒL™ŽŒXØÌYXÙXÍÍØÍLÌML‹ÍŒÓWÐÌÍŒÓWÐÌŒÎXŒÙYXÎØÌÌMÎLÍØÌ˜Ì™ŒÙLŒM˜YX˜ÌŒÎXŒLÎYY™ÍYXX‹KÎLÌÎMÌLŒMKÍŒMÍÎÍÌMÎ‹ŽŒŽLŒMÍÍŒMÍKŽNMMÌNMÎNLMKŒLÍLÍNŽ‹ŒŽÌNNNNNŒMMÌÌÍÌŒŒKŽÌÍŒÌŽLMÎŽÍ‹LÌNÍÌÌÍÍNMËŒNÍÍNNMLËŽÌÍŒÌŽLMÎŽÍ‹LÌNÍÌÌÍÍNMËŒNÍÍNNMLËMÌL‹ŒŒËŒŒËÌŽMKLŽLŽLL‹MŒMNK˜[ÙKKKKVT’SQS•SÔÒQÕË˜[ÙKLÌÌÙNLŒŒNØXXLNNMØ˜ÍY˜ÍØ˜ÍØŒÍÍXŒYYLMÌŒLØØXÌ˜ÌÎÍYX˜X˜Ì‚ŽŽØXŽLXŒLŽXXÍÍNYXÙY˜ŒÍÍLÍŒL™ŽŒXØÌYXÙXÍÍØÍLÌMLËÍŒÓWÐÌKÍŒÓWÐÌKŒÎXŒÙYXÎØÌÌMÎLÍØÌ˜Ì™ŒÙLŒM˜YX˜ÌŒÎXŒLÎYY™ÍYXX‹ËŒŒLÍLŒLŒLŒŽKÍŒŒÌLŒÍÎŽŒŽŒŽNÍŒLLLÍËŽNMŒLÍÍŒÎŒÌM‹KŒLMÌŒŽNNÌKŒNNNLMÎLNNMËŒMÌŽLÌÎMMMKŽLŒŒMÎNLMMM‹ÎMMMÍLLŒNLLKŒŽLŒŒMMŒŒËŽLŒŒMÎNLMMM‹ÎMMMÍLLŒNLLKŒŽLŒŒMMŒŒËNLLËŒÌŒÌÌMÌM‹LŒËLLMŒMŒ˜[ÙKKKKVT’SQS•SÔÒQÕË˜[ÙKLÌKL™˜XÍLLŒY™˜˜ÎL™NY˜LÎØÍY˜ØÌÌØÌNY™MÍÙLN˜ÍÍYMÍÌÌ™XØ‚ŽŽØXŽLXŒLŽXXÍÍNYXÙY˜ŒÍÍLÍŒL™ŽŒXØÌYXÙXÍÍØÍLÌMMÍŒÓWÐÌLÍŒÓWÐÌLŒÎXŒÙYXÎØÌÌMÎLÍØÌ˜Ì™ŒÙLŒM˜YX˜ÌŒÎXŒLÎYY™ÍYXX‹KŒÌÌLÍŽNÌLKÍŒŒMNNNŒKŽŒŽŽLÍÌLLÎNKŽNMNLÎNMÍŒMÎMKLŒLŒMMŽMMÎL‹ŒMMLNMŒMŒMMŒÌÎMNMÍŽNKŽLÌÍŒLŽMLLNMKŒÌÍLÌÍMLŒŒÌNŒÎLŒMÍÍM‹ŽLÌÍŒLŽMLLNMKŒÌÍLÌÍMLŒŒÌNŒÎLŒMÍÍM‹ŒMÌKŒÍËŒÎÌÍ‹LNLNKLMLMŒMŒK˜[ÙKKKKVT’SQS•SÔÒQÕË˜[ÙKLÌLMŒÎÌÙ˜ÎYMÌŽNÍLNXMØÍÍLMX˜ÌXŽÌXÍÌNLÍXYMMØÙLÍMŽŽØXŽLXŒLŽXXÍÍNYXÙY˜ŒÍÍLÍŒL™ŽŒXØÌYXÙXÍÍØÍLÌMMKÍŒÓWÐÌMKÍŒÓWÐÌMKŒÎXŒÙYXÎØÌÌMÎLÍØÌ˜Ì™ŒÙLŒM˜YX˜ÌŒÎXŒLÎYY™ÍYXX‹LŽMÎMŒLMÎÎMŒKÍŒMÎÌMËŽŒÎÎLÍLLŒNLLL‹ŽNMÌÌNÎKMKŒŽMNMÎLMNËLŒLLÎMNÌÌMÎŒŽMLLÌLÍLÎNMNNKŽMNMÍÍMÌÎMŒËMNÌM‹ŒŽNŽŒÎÌÍŽMNMÍÍMÌÎMŒËMNÌM‹ŒŽNŽŒÎÌÍŒÎKŽMËLL‹LLËLŒŒMŒMŒ˜[ÙKKKKVT’SQS•SÔÒQÕË˜[ÙKLÌLKLÍNY˜YŒM™˜Ì™YLLØÌMNMXÌŒÙL˜M™˜LÎLÍŒNXŒÌ™ŽŽØXŽLXŒLŽXXÍÍNYXÙY˜ŒÍÍLÍŒL™ŽŒXØÌYXÙXÍÍØÍLÌMM‹ÍŒÓWÐÌŒÍŒÓWÐÌŒŒÎXŒÙYXÎØÌÌMÎLÍØÌ˜Ì™ŒÙLŒM˜YX˜ÌŒÎXŒLÎYY™ÍYXX‹L‹ŽLLÎLLMÎLŒKÍŒÎMÎMÌÎŽNŽŒŒÍÌLÎŒ‹ŽNMLÎLÍŒÍÍÍÎKŒŒÌŽLÌMÌÍMŒM‹ŒLÍLÌÎLNLLLMÍŒÌÌŒÍMMMÍLŽMËŽNMŒŒLÍMŒÍ‹MLLŒŒÌŒŽKŒÌÌŒÍŽLŽLLÍKŽNMŒŒLÍMŒÍ‹MLLŒŒÌŒŽKŒÌÌŒÍŽLŽLLÍKNLKL‹ÌŽKL‹L‹LŽL‹MŒKMŒK˜[ÙKKKKVT’SQS•SÔÒQÕË˜[ÙKLÌL‹XÌÎYÌ™ÎLXXÌÙ˜™˜ÍMXØØÍYMŒMØÍ˜ÌÍÎM˜ŒÌÍŽLXÌÍ˜ÍŒLÙNXØÂŽŽØXŽLXŒLŽXXÍÍNYXÙY˜ŒÍÍLÍŒL™ŽŒXØÌYXÙXÍÍØÍLÌLÍKÍŒÓÌÐÌKÍŒÓÌÐÌKŒÎXŒÙYXÎØÌÌMÎLÍØÌ˜Ì™ŒÙLŒM˜YX˜ÌŒÎXŒLÎYY™ÍYXX‹ŽLMLLÍÌL‹ÍLLMLLŽMÍMÌËNNÌÍLÍÍ‹ÌŒLŒÌÎŒNKKŒNMŽLMÍÌLÍŒÎÍŒÍŒNNKŒNMÌŒÍŒLLÍLÎLKÌÌMLÌÍŒÍNLÍŒÌÌÍMÍKÌMŒŒÍÌÍLÌŒMÍŒËÌÌMLÌÍŒÍNLÍŒÌÌÍMÍKÌMŒŒÍÌÍLÌŒMÍŒËŒÌÍËNNKÌNËMŽMŽMKMÌKMÌ‹˜[ÙKKKKVT’SQS•SÔÒQÕË˜[ÙKLÌLËYYMNMX™L™YMÎMNXÎLMMLLLL™˜˜ÌMÍŒNL˜ŒLMLÙMM‚ŽŽØXŽLXŒLŽXXÍÍNYXÙY˜ŒÍÍLÍŒL™ŽŒXØÌYXÙXÍÍØÍLÌLÍ‹ÍŒÓÌÐÌLÍŒÓÌÐÌLŒÎXŒÙYXÎØÌÌMÎLÍØÌ˜Ì™ŒÙLŒM˜YX˜ÌŒÎXŒLÎYY™ÍYXX‹‹MÎMŒÎNKÍŽMŒMÌÌÍNKÌËNNÌÍŽŒÍKŽKŽNNMLÎŒNMNKLŒLNÎMLMÍÍŒËLŒŒLNLM‹ŒLNLMLLÍŒÍLLŒNKÍNÌÌLMMÍŒMŒKŒÌŒLŽMLKÌLMÌÌÌÌÍÌŽÍNÌÌLMMÍŒMŒKŒÌŒLŽMLKÌLMÌÌÌÌÍÌŽŒNNKNKŒÍ‹MKMKÌËMÌKMÌ‹˜[ÙKKKKVT’SQS•SÔÒQÕË˜[ÙKLÌM™™˜YMÌÌŒÎØYLMÍØÙÍ˜ÌMÌY™YŒLÌŒÌ˜LX˜˜XŒNYŒLLŽŽŽØXŽLXŒLŽXXÍÍNYXÙY˜ŒÍÍLÍŒL™ŽŒXØÌYXÙXÍÍØÍLÌLÍËÍŒÓÌÐÌMKÍŒÓÌÐÌMKŒÎXŒÙYXÎØÌÌMÎLÍØÌ˜Ì™ŒÙLŒM˜YX˜ÌŒÎXŒLÎYY™ÍYXX‹ŒÎMMLŒŒŽŽKÍLMŒŒNLŒŒŒKÌËNNLŽMÌÌŽÍKŽKŽNNNŒMŒLL‹MKŒMLŒŽMÍLÌÍ‹ŒLÎLŒNŒKŒMNNNLÎÍLÌKÍÍMMŽLÌÌŒÌLMKŒÌÌÍLMÎLÌÍÌMKÌÍLŽLÍÍŽLM‹ÍÍMMŽLÌÌŒÌLMKŒÌÌÍLMÎLÌÍÌMKÌÍLŽLÍÍŽLM‹LKNNNNMLËMŒ‹MŒ‹LÌ‹MÌ‹MÌ‹˜[ÙKKKKVT’SQS•SÔÒQÕË˜[ÙKLÌMKXÍ˜NLLMNŒÍLÍÌM™ŒÎMŒÍ˜X™ŽX™™MŒXŒMMÍXLÍLNM˜ÌLM™ŽŽØXŽLXŒLŽXXÍÍNYXÙY˜ŒÍÍLÍŒL™ŽŒXØÌYXÙXÍÍØÍLÌLÎÍŒÓÌÐÌŒÍŒÓÌÐÌŒŒÎXŒÙYXÎØÌÌMÎLÍØÌ˜Ì™ŒÙLŒM˜YX˜ÌŒÎXŒLÎYY™ÍYXX‹KŽNŽLMŽ‹ÍÌLMÍÌÌŽLŒËÌËNNMŽLÍLÍMMMÌLKŽKŽNNÎÌÍÍKŒŒNŽMÎMÍŽLËLŒLÍŽMÎMLŒÌÎNNKŒNMMMLŽÎŽŒNLNLŽLMÍÍKŒNMNLÍÍNÌŽMKÍÍMŽMÌLÍŒËŽŒNLNLŽLMÍÍKŒNMNLÍÍNÌŽMKÍÍMŽMÌLÍŒËLŽMËŒ‹Œ‹NNKMNMNNLËMÌ‹MÌ‹˜[ÙKKKKVT’SQS•SÔÒQÕË˜[ÙKLÌM‹ÎŒYÌLÌMÙYÍÎÌÌXÌNŒMLŽY˜ÌÌÙŒŒØŒXLŒŒÙŒŽBŽŽØXŽLXŒLŽXXÍÍNYXÙY˜ŒÍÍLÍŒL™ŽŒXØÌYXÙXÍÍØÍLÌLÎKÍŒÓÌÐÌKÍŒÓÌÐÌKŒÎXŒÙYXÎØÌÌMÎLÍØÌ˜Ì™ŒÙLŒM˜YX˜ÌŒÎXŒLÎYY™ÍYXX‹ËÍÍŒLŒÎMLŒŒËÍŒÌÍNÍLLKÌËNMLÌNLÍÍNŽKŽNNÍLŒÍÍKKŒNNMLMÌMKŒŒÍMLŒLŒLŒLŒLNNNŒNLŒÌLLMÍÌËŽMŒÌNLÍÎ‹ŒÍŒMMMMLËÍLŒÌÌMÍÍŽMŒÌNLÍÎ‹ŒÍŒMMMMLËÍLŒÌÌMÍÍMLLKŒMŒMKÎMKMMMMKLËMÌ‹MÌË˜[ÙKKKKVT’SQS•SÔÒQÕË˜[ÙKLÌMËÍM™LLØÍ™ŒLLØLLŒŽM˜ÌŒÙXLØÍXÎLMÎÎXÎXYYŒŒØÎLYLX˜MÌŽŽØXŽLXŒLŽXXÍÍNYXÙY˜ŒÍÍLÍŒL™ŽŒXØÌYXÙXÍÍØÍLÌMÍŒÓÌÐÌÌÍŒÓÌÐÌÌŒÎXŒÙYXÎØÌÌMÎLÍØÌ˜Ì™ŒÙLŒM˜YX˜ÌŒÎXŒLÎYY™ÍYXX‹KŒÍÌMÍLÍÌŽÍMMÍÎÌLÍŒÌKÌËNMŒLÍŒNLMŒ‹ŽKŽNMÌÌŒŒŒÌÎKÌŒŒLÌLMN‹LŒLÍNÌMŒÎLŽNNM‹ŒŒLMŒLÌMŒŒÌNKŽÌLÌMÌLÍÌŽMNMŒÎLLÍNMKÍŒMMNNNNN‹ŽÌLÌMÌLÍÌŽMNMŒÎLLÍNMKÍŒMMNNNNN‹MÌ‹ŒŒ‹ŒŒ‹ÎŒ‹MLMLKÌNMÌ‹MÌË˜[ÙKKKKVT’SQS•SÔÒQÕË˜[ÙKLÌNLÙŽYLØŒØ™LÌÌYLÎM˜LÙŽ˜ŒŒLÙNŒÌYNÙMŒY™M™LXŒØÌBŽŽØXŽLXŒLŽXXÍÍNYXÙY˜ŒÍÍLÍŒL™ŽŒXØÌYXÙXÍÍØÍLÌMKÍŒÓÌÐÌÍKÍŒÓÌÐÌÍKŒÎXŒÙYXÎØÌÌMÎLÍØÌ˜Ì™ŒÙLŒM˜YX˜ÌŒÎXŒLÎYY™ÍYXX‹LKÍÍŒMÍMKÍLNLÌMKÌËNMMÌŒLÍMMŒÌËŽKŽNMŒÍÍMNNÍ‹ÍKŒŒŒŽLLÌÍKLŒLLŒÌLLÍNKŒLNMŒLŒNL‹ŽLMÌLŽÌŽÎMKMÌŽMNLŒLLLLËÍÌŒÌLMÍLÍŒMMŽLMÌLŽÌŽÎMKMÌŽMNLŒLLLLËÍÌŒÌLMÍLÍŒMMNLÎŒÌŒÌÍÍMKM‹M‹Î‹MÌËMÌË˜[ÙKKKKVT’SQS•SÔÒQÕË˜[ÙKLÌNKÍØÍXMXYY™MÌM˜MÌYXLXN™YLŽŒÍÌÙ˜ÙŽÌX™N˜BŽŽØXŽLXŒLŽXXÍÍNYXÙY˜ŒÍÍLÍŒL™ŽŒXØÌYXÙXÍÍØÍLÌM‹ÍŒÓÌÐÌÍŒÓÌÐÌŒÎXŒÙYXÎØÌÌMÎLÍØÌ˜Ì™ŒÙLŒM˜YX˜ÌŒÎXŒLÎYY™ÍYXX‹LËMÌÍÌNLÌL‹ÍÎNMÎLML‹ÌËNMLŒŒLÌNNLLÎKŽKŽNMŒNMLÌÌËŒÌŽLÌÍMLL‹LŒÌŒMÍÌŒMNMLNNMËŒŒÍLÎNÌÌLÍŽLÌLÍMNÌŒÍ‹MMMÍŒÍÌŒËÎŒLŒÌÍŒKŽLÌLÍMNÌŒÍ‹MMMÍŒÍÌŒËÎŒLŒÌÍŒKŒLÌKŒÍËŒÎÍËM‹M‹KMÌËMÌË˜[ÙKKKKVT’SQS•SÔÒQÕË˜[ÙKLÌŒÎMÌ™ŽLÌMMÙMÌNLÍXŒØÌXLŽXŒÌÎ˜ÙLLŒNLŽX˜Ù˜ŽMNÍÌÙML™X‚ŽŽØXŽLXŒLŽXXÍÍNYXÙY˜ŒÍÍLÍŒL™ŽŒXØÌYXÙXÍÍØÍLÌMËÍŒÓÌÐÌKÍŒÓÌÐÌKŒÎXŒÙYXÎØÌÌMÎLÍØÌ˜Ì™ŒÙLŒM˜YX˜ÌŒÎXŒLÎYY™ÍYXX‹MKŒÎLŒŒMÌŒÎÍÌÌLÍLÌÍŒKÌËNMLÌÍÍMMMŽM‹ŽKŽNMMÌMLŽMLMNMËKŒLÌŒLÌÌMLÍLŒMŒNMÍÍÌÍÌÌKŒMÌÍNŒMŽMŒMNMLMÍÎMÌŒM‹LÍÎNÎMÍÎMMÎLŽÌÎMÍ‹ŽMŒMNMLMÍÎMÌŒM‹LÍÎNÎMÍÎMMÎLŽÌÎMÍ‹ŒŽMLK‹ÍLMÎKLÍËLÍËLMËMÌËMÍ˜[ÙKKKKVT’SQS•SÔÒQÕË˜[ÙKLÌŒKŒŒYXMÍŽÍŒNN˜ÙXMÌMÙ˜LM™Ž˜ØXMXŒÍÍ™XMÌØÍY™MÙ‚ŽŽØXŽLXŒLŽXXÍÍNYXÙY˜ŒÍÍLÍŒL™ŽŒXØÌYXÙXÍÍØÍLÌMÍŒÓÌÐÌLÍŒÓÌÐÌLŒÎXŒÙYXÎØÌÌMÎLÍØÌ˜Ì™ŒÙLŒM˜YX˜ÌŒÎXŒLÎYY™ÍYXX‹MËLÍNNLNM‹ÍÍŒÎLLLŽMÌËNMMLÌÌMŽMÌKŽKŽNMNLÍŒÎMŒLLLŒŽŒNMMÌÌ‹LŒNLNÍLMŒLÎMNNNNKŒŽLLÍLÎMLLÍŽNKŽNMÍÎNŒMKLMÍÌÌLÌÌŽLŒŒKŽÌÍÌMMLMMÎMŽNMÍÎNŒMKLMÍÌÌLÌÌŽLŒŒKŽÌÍÌMMLMMÎMKL‹LËÌÎ‹LÌ‹LÌ‹N‹MÌËMÍ˜[ÙKKKKVT’SQS•SÔÒQÕË˜[ÙKLÌŒ‹˜˜ÎLLÌM™ŒYMMØM˜ÌÍØLXLLYYÙL˜MŒÎXŒŒ™ŽLŒŒLNYXNŽŽØXŽLXŒLŽXXÍÍNYXÙY˜ŒÍÍLÍŒL™ŽŒXØÌYXÙXÍÍØÍLÌLËÍŒÓÍWÐÌKÍŒÓÍWÐÌKŒÎXŒÙYXÎØÌÌMÎLÍØÌ˜Ì™ŒÙLŒM˜YX˜ÌŒÎXŒLÎYY™ÍYXX‹ŒÍÌÌÍŒÌŒÎKŒÎNNLÌÍNNŒÍKÎKŽÌŒLÍŒMÌNL‹ÍKŒLNÎLNLMKŒLNLLMNMŒŒLŒMÌNÌÌÍÎNM‹ŒLNŒMÍŒÌLÍŽKÍŒÍLNLMMÌŒ‹ÌLNLLÎNLLNKÌÍÎŒNÎNNKÍŒÍLNLMMÌŒ‹ÌLNLLÎNLLNKÌÍÎŒNÎNNKNM‹NMNMMN‹N‹ÍM‹NKNK˜[ÙKKKKVT’SQS•SÔÒQÕË˜[ÙKLÌŒËØM˜™LØÙŒNNYMÌ˜MŽ™LÌÙXXÌÙXÍÍMN™Œ˜ÙNMM™ŒÙYXLLŒÙŒÌLØMÂŽŽØXŽLXŒLŽXXÍÍNYXÙY˜ŒÍÍLÍŒL™ŽŒXØÌYXÙXÍÍØÍLÌLŽÍŒÓÍWÐÌLÍŒÓÍWÐÌLŒÎXŒÙYXÎØÌÌMÎLÍØÌ˜Ì™ŒÙLŒM˜YX˜ÌŒÎXŒLÎYY™ÍYXX‹LŒNŽLLÎŒNNŒÎÎLÎLËÎKŽŒÌNÎM‹ÍŽNNNNLŒNMLKLŒMLMNNÍKLŒMÌŒLŒMÎMÎLKŒMLMÍMNMLKÎMŒMÌÍÎNŽNLÌÍŒŒÌÌÌŽ‹ÌMÍÍÌÎÎÍ‹ÎMŒMÌÍÎNŽNLÌÍŒŒÌÌÌŽ‹ÌMÍÍÌÎÎÍ‹LŒMÍËŒËŒ‹NŽKMÎMÍËÍMMËNKN˜[ÙKKKKVT’SQS•SÔÒQÕË˜[ÙKLÌMØYNNLYLÍYXXÌÌÎXÍNNMMÎNYŒYLYÙLØLLÎÍNYM™YØMŽŽØXŽLXŒLŽXXÍÍNYXÙY˜ŒÍÍLÍŒL™ŽŒXØÌYXÙXÍÍØÍLÌLŽKÍŒÓÍWÐÌMKÍŒÓÍWÐÌMKŒÎXŒÙYXÎØÌÌMÎLÍØÌ˜Ì™ŒÙLŒM˜YX˜ÌŒÎXŒLÎYY™ÍYXX‹L‹ŒŒŒLÍÍŽMÍL‹ŒÍÎMLÌŒÎKŽÌÍÎMMÍMÎŒËÍŽNNLMÍÌÌŽMNMÌ‹MKŒMMÌÌMŒÌÌÍ‹ŒÌLÌMMÎÍLLLNNNŒMŒŒLŒÌMLLL‹ŽÌÎMŒÍËŽŒMÍMÍMŽLÌMLÌNŽMŽÌÎMŒÍËŽŒMÍMÍMŽLÌMLÌNŽMMKŒL‹ŒLKMŒËMÍKMÍKÍŒMNKNK˜[ÙKKKKVT’SQS•SÔÒQÕË˜[ÙKLÌK™ÍŒMMÍ˜XXŒLŒMÎXÌØÌYXÌÍXÍÍÎLNXŒŽLØMNLL™YYŒYXÎØ‚ŽŽØXŽLXŒLŽXXÍÍNYXÙY˜ŒÍÍLÍŒL™ŽŒXØÌYXÙXÍÍØÍLÌLÌÍŒÓÍWÐÌŒÍŒÓÍWÐÌŒŒÎXŒÙYXÎØÌÌMÎLÍØÌ˜Ì™ŒÙLŒM˜YX˜ÌŒÎXŒLÎYY™ÍYXX‹MŒŒÌÎMŒŽŒMŽKŒÍMÌNLŒŒ‹ÎKŽÍNÍŽLLÍŽKÍŽNNLŽŽLÌMLÍ‹ŒŒMÌLŒŽMÎÍËŒNMŽŒÎLŽNNKŒMŽÍNMLMMNŽŒÍÍŽNÍÎMÌÍMMÌŒŒLMÍÍLÌNL‹ÌÍŽLÍLŒÌÍLÍKŽŒÍÍŽNÍÎMÌÍMMÌŒŒLMÍÍLÌNL‹ÌÍŽLÍLŒÌÍLÍKMŒËŒŒŒNKLËMÌKMÌKÍÍ‹N‹NK˜[ÙKKKKVT’SQS•SÔÒQÕË˜[ÙKLÌ‹ŒYÍÍØNÍYXMŒ˜Ù˜Ì˜Ø˜ÌŒŒMÌN™Ž™™MŒŽLŽMÙMÍÎL˜ÎŒBŽŽØXŽLXŒLŽXXÍÍNYXÙY˜ŒÍÍLÍŒL™ŽŒXØÌYXÙXÍÍØÍLÌLÌKÍŒÓÍWÐÌKÍŒÓÍWÐÌKŒÎXŒÙYXÎØÌÌMÎLÍØÌ˜Ì™ŒÙLŒM˜YX˜ÌŒÎXŒLÎYY™ÍYXX‹M‹ŒLMNNLŒKŒÌÍÍŒLÍL‹ÎKŽMLÍNMÎM‹ÍŽNMÌLŒŒŽÍÍMËKŒŒMLŒNNLŽŒŒŒÌLŽLÌMNNNMKŒŒMÌÌNMŒÌÌNNKŽMŒMNLNMŽLL‹MÍMŽLMNNLLÍËÌŽÍNNÌKŽMŒMNLNMŽLL‹MÍMŽLMNNLLÍËÌŽÍNNÌKNÌÍKŒŽKŒŽÌMMŽMËÍÌÎN‹NK˜[ÙKKKKVT’SQS•SÔÒQÕË˜[ÙKLÌËX˜YŽY™ØMMŒÍLLMŒŒ˜ŒNM™LNXÌŽMŒŒMÙNLX˜Y˜™ŽLMÎXXØ™BŽŽØXŽLXŒLŽXXÍÍNYXÙY˜ŒÍÍLÍŒL™ŽŒXØÌYXÙXÍÍØÍLÌLÌ‹ÍŒÓÍWÐÌÌÍŒÓÍWÐÌÌŒÎXŒÙYXÎØÌÌMÎLÍØÌ˜Ì™ŒÙLŒM˜YX˜ÌŒÎXŒLÎYY™ÍYXX‹NŒLLMÍÍÍÎLMÎŒÍÌÍMŒÎLKÎKŽŽLÍÍŒÌŒÌŽÍŽNMÎLÍÎLML‹ÌŒNÌÍMŒËŒMÌMÎMŒŽÍÌLNLKŒNLLLMŽÍÍKŽLÎMÎMNÌÎMMKŒMMÍÌMLÍŒMÌŽMLLŽŒŒÍŽKŽLÎMÎMNÌÎMMKŒMMÍÌMLÍŒMÌŽMLLŽŒŒÍŽKŒLËŒÍËŒÍ‹ŒMMŒËÎ‹N‹NK˜[ÙKKKKVT’SQS•SÔÒQÕË˜[ÙKLÌŽLÍÍÍŒMXLÌŒŒÍÌŒXYŒŒÌMÌX™ŒNŒ˜ŽLÍŒLYŒNYŒÍŒ™˜ÌÂŽŽØXŽLXŒLŽXXÍÍNYXÙY˜ŒÍÍLÍŒL™ŽŒXØÌYXÙXÍÍØÍLÌLÌËÍŒÓÍWÐÌÍKÍŒÓÍWÐÌÍKŒÎXŒÙYXÎØÌÌMÎLÍØÌ˜Ì™ŒÙLŒM˜YX˜ÌŒÎXŒLÎYY™ÍYXX‹ŒŒLÍÍÍÍÍLMŒŒÌŽŽŽMŒ‹ÎKŽÍŒÍÌMÍMLŽKÍŽNMMŽÎŒLÍ‹ÍKŒLŽLÌMÌÍËLŒMÌLÍNMÍLÌÍKŒMMÌÎMNLLLÍÌËŽMNLMMNMMNŒNÌÍÍÍÍÌÍ‹ÌÌŒŒLMLŒÍŽÌMKŽMNLMMNMMNŒNÌÍÍÍÍÌÍ‹ÌÌŒŒLMLŒÍŽÌMKŒŽKKLMMŒMNKÎŽN‹N‹˜[ÙKKKKVT’SQS•SÔÒQÕË˜[ÙKLÌŽKØMM˜™XXŒŽM˜˜MÙYXÍŒŒŽXLMÍÍØÍ˜ÍŽYXLŽŒX™XÎÍNBŽŽØXŽLXŒLŽXXÍÍNYXÙY˜ŒÍÍLÍŒL™ŽŒXØÌYXÙXÍÍØÍLÌLÍÍŒÓÍWÐÌÍŒÓÍWÐÌŒÎXŒÙYXÎØÌÌMÎLÍØÌ˜Ì™ŒÙLŒM˜YX˜ÌŒÎXŒLÎYY™ÍYXX‹Œ‹ŒÍMÌMMÍMŒÌŒNNMŽMKÎKŽMÎÌÌLÌŒŽKÍŽNMŒŽLÍÌNMŒÍ‹ŒÌMLLÌÍKŒÍÌLMÍÎLŒŒÍÍLŽŒÍÌŽNNKŽNMLÌÍŒMŒŽŒMLÌŒMÎLNNÌÌMŒLÍŒMÍKŽNMLÌÍŒMŒŽŒMLÌŒMÎLNNÌÌMŒLÍŒMÍK‹L‹L‹ÎNKMMKMMKÎLÍNËN‹˜[ÙKKKKVT’SQS•SÔÒQÕË˜[ÙKLÌÌXXŒÍÙ˜NÙŒMÍ˜ŽXYMÙLNYMY™XÌØÌ˜Ù˜YY™˜ÙMÎMYM˜Ù™YXÙÍŽŽØXŽLXŒLŽXXÍÍNYXÙY˜ŒÍÍLÍŒL™ŽŒXØÌYXÙXÍÍØÍLÌLŒKÍŒÓÐÌKÍŒÓÐÌKŒÎXŒÙYXÎØÌÌMÎLÍØÌ˜Ì™ŒÙLŒM˜YX˜ÌŒÎXŒLÎYY™ÍYXX‹M‹ŒÍÌNLMÎÌËM‹ŽŽÍLŒNNÌÌN‹ÌÍNLMNMŽ‹ŒÌNMŒÍÎKKŒLMÌMNŒÎMŽÌLÍKŒŒMMLMMŽNNŒLNMÌNÍMŒLMÎNKŽMLMNLÌÌ‹ÍMŒÌÍMŒMÎÍKÍÎŒÍÌNNNLÌŒKŽMLMNLÌÌ‹ÍMŒÌÍMŒMÎÍKÍÎŒÍÌNNNLÌŒKLÍŒŒŒËLMÍNMKNMKLLŽNNKNN˜[ÙKT’U‘QT‘ÐŽL‹KKVT’SQS•SÔÒQÕË˜[ÙKLÌÌK˜ÌL™MŽMLLMYŒŒY˜ÎNYYXLÎŒŒYŒŒ™ÎYNXXYNNNŒYÙLÎYŒM˜Œ‚ŽŽØXŽLXŒLŽXXÍÍNYXÙY˜ŒÍÍLÍŒL™ŽŒXØÌYXÙXÍÍØÍLÌLŒ‹ÍŒÓÐÌLÍŒÓÐÌLŒÎXŒÙYXÎØÌÌMÎLÍØÌ˜Ì™ŒÙLŒM˜YX˜ÌŒÎXŒLÎYY™ÍYXX‹NŽMMŒNNLÌ‹M‹ŽŒLÌÌÍLÌÍ‹‹ÌÌNMMŽŒ‹ŒÌLMÌŒKLŒLÍÎNNNLÎMLŒÌ‹ŒLMNNNLŽŒMÌÌÌÍÌLKŽLLMLLLLLÌKÍLŽLLŒŒÌLÍŽLËÍÎMLLÍNMLMNNKŽLLMLLLLLÌKÍLŽLLŒŒÌLÍŽLËÍÎMLLÍNMLMNNKMMÎŒMËŒMËLÍ‹NL‹NL‹LLKNNKNNK˜[ÙKKKKVT’SQS•SÔÒQÕË˜[ÙKLÌÌ‹™NÙØYMX™MŒÌØ˜NLNMYŒMLÙ™LNMMNMNLŽLXÎLMNLMYL™ÂŽŽØXŽLXŒLŽXXÍÍNYXÙY˜ŒÍÍLÍŒL™ŽŒXØÌYXÙXÍÍØÍLÌLŒËÍŒÓÐÌMKÍŒÓÐÌMKŒÎXŒÙYXÎØÌÌMÎLÍØÌ˜Ì™ŒÙLŒM˜YX˜ÌŒÎXŒLÎYY™ÍYXX‹ŒÎMŒŒMŒŒŒŒKM‹ŽLÌŒLÍŒMË‹ÌÌŒŒÍÌÌÎMMNNKÎKŽNNLÍŒMNÍÌÌÌMMKŒMLLÌŽLÍŽLÍŒ‹ŒÍÌÌLŒŒKŒMLŽMNÌMŽNNNKŽŒÌÌÍÌMLËÌÎMŒMŽMMÍMËÎLÍLMÍŒÌÎKŽŒÌÌÍÌMLËÌÎMŒMŽMMÍMËÎLÍLMÍŒÌÎKN‹Œ‹Œ‹ÌNKNLLM‹NNKNNK˜[ÙKKKKVT’SQS•SÔÒQÕË˜[ÙKLÌÌËMŒ˜ÎXLÍ™™ÍML˜ÙNLÍÙØØMMLXM™ÌŒLÎMÍX™ŒX˜XŒMNNLÌÍ˜ØÙ‚ŽŽØXŽLXŒLŽXXÍÍNYXÙY˜ŒÍÍLÍŒL™ŽŒXØÌYXÙXÍÍØÍLÌLÍŒÓÐÌŒÍŒÓÐÌŒŒÎXŒÙYXÎØÌÌMÎLÍØÌ˜Ì™ŒÙLŒM˜YX˜ÌŒÎXŒLÎYY™ÍYXX‹Œ‹ŽMÍMÌŽÌÎMNNKM‹ÎMNLÎMMMÌŒLÌ‹‹ÌÌŽÍMÎLÍÎKŽNNLŒLÌÎMËŒŒMŒMÌŽLŒŽËŒMŒLNMMŽŽLNNNKŒMŒŒÌÍŽLŽLŽLÎNKŽLNNMMŒMŒÌÎKÌMNLLMŒÌLLŒMKÎLÎLLÌÍLÎÍÎŽLNNMMŒMŒÌÎKÌMNLLMŒÌLLŒMKÎLÎLLÌÍLÎÍÎŒŽKŒÍKŒÍÍMM‹NKNKLLŒNNKNNK˜[ÙKKKKVT’SQS•SÔÒQÕË˜[ÙKLÌÍXŒMLLŒÍÙLÍÌŽ™XŒLÍ˜ŒY˜ÍØÎ™X˜NMŽÙYŒNYL˜ÌÍBŽŽØXŽLXŒLŽXXÍÍNYXÙY˜ŒÍÍLÍŒL™ŽŒXØÌYXÙXÍÍØÍLÌLKÍŒÓÐÌKÍŒÓÐÌKŒÎXŒÙYXÎØÌÌMÎLÍØÌ˜Ì™ŒÙLŒM˜YX˜ÌŒÎXŒLÎYY™ÍYXX‹KŒMLNÍŽLMMŒ‹M‹ÍÎNMÍLŽNLK‹ÌÌMÍŽLÍÌL‹ÎKŽNNMÌNLŒÎKKŒNMÍÌÍÍÎMÎNŒÌLÍŒMŒMŒÍKŒŒNLMŒŒŽÌÍŒŒ‹ŽMLÌNMMŒŒMÍLMËÌLLMNNNÍÍ‹ÎŒÌÌŽLŒLLMKŽMLÌNMMŒŒMÍLMËÌLLMNNNÍÍ‹ÎŒÌÌŽLŒLLMKŒNKËËNM‹NKN‹LLÌNNKŒ˜[ÙKKKKVT’SQS•SÔÒQÕË˜[ÙKLÌÍKÎMŽÍÙŽNLÙŒÍÍMÌ˜™™YŽXŽŒÍÍLØ˜MÌLÌÍØÎLY™BŽŽØXŽLXŒLŽXXÍÍNYXÙY˜ŒÍÍLÍŒL™ŽŒXØÌYXÙXÍÍØÍLÌL‹ÍŒÓÐÌÌÍŒÓÐÌÌŒÎXŒÙYXÎØÌÌMÎLÍØÌ˜Ì™ŒÙLŒM˜YX˜ÌŒÎXŒLÎYY™ÍYXX‹ËMŒÍÍŒÌÌŒËM‹ÍŽÍŽŒLNÎK‹ÌÌLÌMŒËÎKŽNMÍLMLËÌŒŒNÌŽÌMÎKLŒÎLLMÌÌÌLŒLŒ‹ŒŒNNLMÎNNLŒKŽNMÌÌMÍŽŒŽMMŒLŒŒŒMÍÌÎÎÌÌÎLÎMLÌŒÎMÌKŽNMÌÌMÍŽŒŽMMŒLŒŒŒMÍÌÎÎÌÌÎLÎMLÌŒÎMÌKMÎLKLKMNËMÍËMÎLLÌÍ‹ŒŒ˜[ÙKKKKVT’SQS•SÔÒQÕË˜[ÙKLÌÍ‹ØXŽYNÍÍØÍNYLLMXÎYL˜ÙŒ™MŒÌÍØLŒŒÌÌŽŒYYØ˜X™˜™ŽŽØXŽLXŒLŽXXÍÍNYXÙY˜ŒÍÍLÍŒL™ŽŒXØÌYXÙXÍÍØÍLÌLMËÍŒÓWÐÌKÍŒÓWÐÌKŒÎXŒÙYXÎØÌÌMÎLÍØÌ˜Ì™ŒÙLŒM˜YX˜ÌŒÎXŒLÎYY™ÍYXX‹KŽMMŒÍÌÍLË‹ŒMÌŒLÌÍMKMŒMŒŒLMÎMÍMKŒLŒÍLÍNLKKŒLNÎLNŒL‹ŒMŒÍÌMNNÌŒLMŒŽNNMÍŒŽÌŒŒÌÍNLMÍLÎLËŽŒÍMLLÍŒÌMLÌÌËŽÌÌNLLMŒMLNŽÌŒŒÌÍNLMÍLÎLËŽŒÍMLLÍŒÌMLÌÌËŽÌÌNLLMŒMLNMÌÌŒŒ‹ŒŒ‹LÍÍKŒKŒKMŒËŒL‹ŒLË˜[ÙKT’U‘QT‘ÐŽLŒ‹‹KKVT’SQS•SÔÒQÕË˜[ÙKLÌÍËYÌMLÌŒÌLÎLÙMYÌÌ˜Œ˜ÌÌLÌX™Œ™LÎŒNYLŒXNMÌNÎY‚ŽŽØXŽLXŒLŽXXÍÍNYXÙY˜ŒÍÍLÍŒL™ŽŒXØÌYXÙXÍÍØÍLÌLNÍŒÓWÐÌLÍŒÓWÐÌLŒÎXŒÙYXÎØÌÌMÎLÍØÌ˜Ì™ŒÙLŒM˜YX˜ÌŒÎXŒLÎYY™ÍYXX‹ŽŒLLLŒÍMLŒÌK‹ŒÌŽMNMŒNMŒÌÌŒLŒ‹KŒLÌLÍÍŒŽKLŒMÎLLËŒMLÌMÌŽLŽLÌKŒMLÌÌLÌLÍMLÌKŽLÍÌÎNMŽLÌLËŽÌŒMŒÍLMNMÎËŽÍLÌMÌÍŒL‹ŽLÍÌÎNMŽLÌLËŽÌŒMŒÍLMNMÎËŽÍLÌMÌÍŒL‹NMKŒÌKŒÌ‹LŽLŒ‹Œ‹MŒ‹ŒLËŒLË˜[ÙKKKKVT’SQS•SÔÒQÕË˜[ÙKLÌÎ™YN˜™ØLÌL™™NYXÌX™L˜LXÙŒÍÌXY˜Œ™XÙŒŽYYŒYŽNY˜MÙLÌŽŽØXŽLXŒLŽXXÍÍNYXÙY˜ŒÍÍLÍŒL™ŽŒXØÌYXÙXÍÍØÍLÌLNKÍŒÓWÐÌMKÍŒÓWÐÌMKŒÎXŒÙYXÎØÌÌMÎLÍØÌ˜Ì™ŒÙLŒM˜YX˜ÌŒÎXŒLÎYY™ÍYXX‹ÌÌÍŽLLÌÌÍN‹ŒŒÌMNŽËMŒMLÌÎMKKŒŒÌNLŽLLËMKŒMŒMŒMLÌÌÍ‹ŒÌLŒŒLÎLLLÍŒNNNM‹ŒMLÍÎÌNMŒKŽMŒÍŽŽMLŒKÎLÎŽMNMÌŒLÎÌËŽÍLÍLÍNLMMMÍÍËŽMŒÍŽŽMLŒKÎLÎŽMNMÌŒLÎÌËŽÍLÍLÍNLMMMÍÍËŒMÍLKLŒŒËŒ‹ŒËMÌŒLËŒM˜[ÙKKKKVT’SQS•SÔÒQÕË˜[ÙKLÌÎKXŽMNXÌMNLÌNLÎYÙLNMÙLLÙ˜LØÌM™MLŒØMYLNX™LYŽLŒYLÂŽŽØXŽLXŒLŽXXÍÍNYXÙY˜ŒÍÍLÍŒL™ŽŒXØÌYXÙXÍÍØÍLÌLŒÍŒÓWÐÌŒÍŒÓWÐÌŒŒÎXŒÙYXÎØÌÌMÎLÍØÌ˜Ì™ŒÙLŒM˜YX˜ÌŒÎXŒLÎYY™ÍYXX‹Ì‹ŽLMŒÍK‹ŒŒNNLÍLKMŒMŒÌNÎNLKŽNNMÌMÍLÌÍKŒŒNMÌLÍLNMŒÍLKŒMNLLŒMŽNMNNNKŒNÌNNMMLÌÍÎNNKŽMÍÍŒÍÍÌŒŒÍÎNMMÌÌLÍÌMŽÍNNLLÎŒŽLÍŽKŽMÍÍŒÍÍÌŒŒÍÎNMMÌÌLÍÌMŽÍNNLLÎŒŽLÍŽKL‹KLLLLNNKNNKMÎËŒLËŒM˜[ÙKKKKVT’SQS•SÔÒQÕË˜[ÙKLÌŽMMŒ˜LMM˜ÎYXŽÍŽÌLYLLÎMÌØØÌLXÍ˜™Ž˜™ØÌŒÙYMÍ˜ŽXÂŽŽØXŽLXŒLŽXXÍÍNYXÙY˜ŒÍÍLÍŒL™ŽŒXØÌYXÙXÍÍØÍLÌLMKÍŒÓLÐÌKÍŒÓLÐÌKŒÎXŒÙYXÎØÌÌMÎLÍØÌ˜Ì™ŒÙLŒM˜YX˜ÌŒÎXŒLÎYY™ÍYXX‹ÍKŽNLÍŒMMLŒLÌKÍ‹ŒÌNLÍMNMËŒ‹ŽLLMMMŒÌÌÍLŒLLÍÍMNLLÌÍKKŒLŒŒNMNMÌMŒÌŒŒŒMÌŽNNŒLŽLMÍŽŒLKŽLNMŒÎLÍŽM‹ŽÍLLÎLŒLN‹ŽMMLMLM‹ŽLNMŒÎLÍŽM‹ŽÍLLÎLŒLN‹ŽMMLMLM‹ŒŽËŒÍ‹ŒÍËMÌÍL‹ŒŒËŒNŒKŒËŒË˜[ÙKT’U‘QT‘ÐŽLÌK‹KKVT’SQS•SÔÒQÕË˜[ÙKLÌŽKMÌŽMŒØÙXMMŽYÎL˜YŒÌLÍŒÌØX™LMLYMÌMÙŒÌM˜Í˜˜˜ÙMLŽŽØXŽLXŒLŽXXÍÍNYXÙY˜ŒÍÍLÍŒL™ŽŒXØÌYXÙXÍÍØÍLÌLM‹ÍŒÓLÐÌLÍŒÓLÐÌLŒÎXŒÙYXÎØÌÌMÎLÍØÌ˜Ì™ŒÙLŒM˜YX˜ÌŒÎXŒLÎYY™ÍYXX‹ÎÌŒNLÍÌÍ‹ŒÌLŒŒÍNLMKŒ‹ŽLLMŒÎMÍŒÍLŒMLÍLÍMÌMLŒLLÌÍŒM‹ŒMŒÍŽLŽNNKŒLÌŒŒÍŽMŒÌŒŒÍÍNNKŽMŒÌÎMMMLMŒLÎŽŒŒŒNMÍÍNMLKŽLÍŽÌMMŒMNMNKŽMŒÌÎMMMLMŒLÎŽŒŒŒNMÍÍNMLKŽLÍŽÌMMŒMNMNKŒÌLL‹‹‹MLKŒŒŒŒNŽKŒËŒË˜[ÙKKKKVT’SQS•SÔÒQÕË˜[ÙKLÌŽ‹ŒYNÍØLNYŽ˜ŒXÍÍÌÎL˜ÙYLŽYY™Œ˜MÎMMÎM˜XŒX˜ÌÎÌÍY